tid,mjd,candid,fid,pid,diffmaglim,isdiffpos,nid,distnr,magpsf,magpsf_corr,magap,sigmapsf,sigmapsf_corr,sigmapsf_corr_ext,sigmagap,ra,dec,rb,rbversion,drb,magapbig,sigmagapbig,rfid,has_stamp,corrected,dubious,step_id_corr,phase,oid
ztf,60693.57501159981,2939575013615015004,2,2939575013615,18.661541,1,2939,0.16662854,16.431253,14.621714,16.4012,0.08897877,100.0,0.01680624,0.0415,284.6253567,16.9783204,0.6642857,t17_f5_c3,0.9999701,16.4069,0.0528,1585120236,True,True,False,26.0.1,0.0,ZTF19adiqdzk
ztf,61058.573078699876,3304573073615010006,2,3304573073615,19.202415,-1,3304,0.1401157,15.890608,15.373532,15.9584,0.03505403,100.0,0.021772476,0.0201,284.6253622,16.9783431,0.8385714,t17_f5_c3,1.0,15.951,0.0252,1585120236,True,True,False,27.5.7a32.dev1,0.0,ZTF19adiqdzk
ztf,61058.57557869982,3304575573615010008,2,3304575573615,19.105652,-1,3304,0.13803677,15.868722,15.387352,15.9511,0.037786778,100.0,0.024254465,0.0227,284.6253612,16.9783296,0.7014286,t17_f5_c3,0.9999999,15.9558,0.0289,1585120236,True,True,False,27.5.7a32.dev1,0.0,ZTF19adiqdzk
ztf,61058.58099539997,3304580993615010006,2,3304580993615,18.403374,-1,3304,0.1660283,15.856582,15.395216,15.9264,0.051326126,100.0,0.03355771,0.0384,284.6253526,16.9783228,0.77428573,t17_f5_c3,0.9999286,15.9175,0.0487,1585120236,True,True,False,27.5.7a32.dev1,0.0,ZTF19adiqdzk
ztf,61059.5712731001,3305571273615010003,2,3305571273615,19.273178,-1,3305,0.13272195,15.906291,15.363904,16.001,0.03204356,100.0,0.019444022,0.018,284.6253637,16.9783339,0.79,t17_f5_c3,0.9999999,15.9889,0.0223,1585120236,True,True,False,27.5.7a32.dev1,0.0,ZTF19adiqdzk
ztf,61059.57572920015,3305575723615010006,2,3305575723615,18.992495,-1,3305,0.09533963,15.887768,15.3753,15.9404,0.025902163,100.0,0.016156564,0.0219,284.6253739,16.9783223,0.7828571,t17_f5_c3,0.99999994,15.9421,0.0278,1585120236,True,True,False,27.5.7a32.dev1,0.0,ZTF19adiqdzk
ztf,61059.581145800184,3305581143615010031,2,3305581143615,18.40365,-1,3305,0.1242007,15.757419,15.465319,15.8264,0.03152466,100.0,0.024088534,0.0338,284.6253653,16.9783295,0.7771429,t17_f5_c3,0.99999464,15.7911,0.0419,1585120236,True,True,False,27.5.7a32.dev1,0.0,ZTF19adiqdzk
