tid,mjd,candid,fid,pid,diffmaglim,isdiffpos,nid,distnr,magpsf,magpsf_corr,magap,sigmapsf,sigmapsf_corr,sigmapsf_corr_ext,sigmagap,ra,dec,rb,rbversion,magapbig,sigmagapbig,has_stamp,corrected,dubious,step_id_corr,phase,parent_candid,drb,rfid,oid
ztf,59904.55047449982,2150550475515015005,2,2150550475515,19.248,1,2150,0.391509,18.1339,15.99322,18.3629,0.160714,0.016143832,0.022375965,0.1586,217.7320867,21.0154088,0.904286,t17_f5_c3,18.4539,0.2189,False,True,False,1.1.6,0.0,2.16054172551501e+18,,,ZTF19acvfctv
ztf,59904.55291670002,2150552915515015035,2,2150552915515,19.0337,1,2150,0.914098,18.5929,16.046629,19.0509,0.204985,0.010999035,0.019643258,0.3465,217.7319264,21.0153897,0.698571,t17_f5_c3,19.1105,0.4667,False,True,False,1.1.6,0.0,2.16054172551501e+18,,,ZTF19acvfctv
ztf,59904.555370400194,2150555375515015072,2,2150555375515,18.7754,1,2150,0.658929,18.0423,15.979994,17.7636,0.089001,100.0,0.013319035,0.1387,217.7320033,21.0153816,0.664286,t17_f5_c3,17.8481,0.1917,False,True,False,1.1.6,0.0,2.16054172551501e+18,,,ZTF19acvfctv
ztf,59910.54853009991,2156548535515015005,2,2156548535515,19.583,1,2156,0.887388,18.2335,16.006552,18.5793,0.142008,0.009351426,0.01826138,0.13,217.7319955,21.0155439,0.797143,t17_f5_c3,18.5405,0.1577,False,True,False,1.1.6,0.0,2.16054172551501e+18,,,ZTF19acvfctv
ztf,59913.54317130009,2159543175515015002,2,2159543175515,19.8294,1,2159,0.931441,18.2644,16.010477,18.8786,0.15304,0.010986994,0.019197084,0.1347,217.731977,21.015542,0.59,t17_f5_c3,18.9456,0.1779,False,True,False,1.1.6,0.0,2.16054172551501e+18,,,ZTF19acvfctv
ztf,59913.547905100044,2159547905515015013,2,2159547905515,19.8598,1,2159,0.845719,18.4003,16.026619,18.8402,0.147058,0.0041982103,0.016520247,0.1354,217.7319475,21.0153704,0.765714,t17_f5_c3,19.143,0.2226,False,True,False,1.1.6,0.0,2.16054172551501e+18,,,ZTF19acvfctv
ztf,59914.54172449978,2160541725515010037,2,2160541725515,18.729784,-1,2160,0.57097936,17.56371,16.502872,17.5513,0.08353493,0.019361889,0.031443685,0.0977,217.7322402,21.0152287,0.8057143,t17_f5_c3,17.5702,0.1264,True,True,False,1.1.6,0.0,,0.9999615,580120255.0,ZTF19acvfctv
