tid,mjd,candid,fid,pid,diffmaglim,isdiffpos,nid,distnr,magpsf,magpsf_corr,magap,sigmapsf,sigmapsf_corr,sigmapsf_corr_ext,sigmagap,ra,dec,rb,rbversion,drb,magapbig,sigmagapbig,rfid,has_stamp,corrected,dubious,step_id_corr,phase,parent_candid,oid
ztf,60787.478506899904,3033478502715015080,2,3033478502715,19.829702,1,3033,0.14930089,18.211124,16.359324,18.1319,0.09966464,100.0,0.018105917,0.0896,276.1657351,-18.4584872,0.6785714,t17_f5_c3,0.9998919,18.1542,0.1194,333120227.0,True,True,False,26.0.1,0.0,,ZTF18adrvopu
ztf,60789.419733799994,3035419732715025097,2,3035419732715,19.8414,1,3035,0.436244,17.9892,16.315487,17.6731,0.078151,100.0,0.016728202,0.0561,276.1657857,-18.458557,0.592857,t17_f5_c3,,17.3869,0.0567,,False,True,False,27.5.6,0.0,3.063392552715015e+18,ZTF18adrvopu
ztf,60795.39359949995,3041393592715015076,2,3041393592715,19.743,1,3041,0.29672,17.5712,16.211494,17.4781,0.077514,100.0,0.022156334,0.05,276.1656951,-18.4585152,0.684286,t17_f5_c3,,17.1904,0.0504,,False,True,False,27.5.6,0.0,3.063392552715015e+18,ZTF18adrvopu
ztf,60803.49994210014,3049499942715015081,2,3049499942715,18.9746,1,3049,0.377412,17.5071,16.192781,17.4894,0.08953,0.013243937,0.026683435,0.0954,276.1656855,-18.4585415,0.708571,t17_f5_c3,,17.3483,0.1085,,False,True,False,27.5.6,0.0,3.063392552715015e+18,ZTF18adrvopu
ztf,60805.42021990009,3051420212715015049,2,3051420212715,19.4452,1,3051,0.500779,17.5453,16.204027,17.4292,0.076881,100.0,0.022351678,0.064,276.1657223,-18.4585831,0.718571,t17_f5_c3,,17.3906,0.0805,,False,True,False,27.5.6,0.0,3.063392552715015e+18,ZTF18adrvopu
ztf,60817.39255789993,3063392552715015038,2,3063392552715,20.21065,1,3063,0.1074852,17.576813,16.213095,17.8194,0.09311266,0.012086344,0.02651684,0.0546,276.1657224,-18.4584735,0.68142855,t17_f5_c3,0.9999999,18.0392,0.0897,333120227.0,True,True,False,27.5.6,0.0,,ZTF18adrvopu
ztf,60820.418530100025,3066418532715015056,2,3066418532715,20.3704,1,3066,0.300384,17.5952,16.2183,17.7621,0.074088,100.0,0.020844333,0.0473,276.1657452,-18.4585278,0.735714,t17_f5_c3,,17.8831,0.0724,,False,True,False,27.5.6,0.0,3.083293692715015e+18,ZTF18adrvopu
ztf,60837.29369209986,3083293692715015056,2,3083293692715,18.427643,1,3083,0.32859555,17.578003,16.213434,17.2931,0.10921607,0.020210337,0.031078426,0.129,276.1657928,-18.4585186,0.63714284,t17_f5_c3,0.92228377,16.857,0.1114,333120227.0,True,True,False,27.5.6,0.0,,ZTF18adrvopu
