tid,mjd,candid,fid,pid,diffmaglim,isdiffpos,nid,distnr,magpsf,magap,sigmapsf,sigmagap,ra,dec,rb,rbversion,magapbig,sigmagapbig,has_stamp,corrected,dubious,step_id_corr,phase,parent_candid,drb,rfid,oid
ztf,58426.53878469998,672538780515015017,2,672538780515,20.026,1,672,1.95415,19.9713,20.0769,0.247397,0.3889,157.9619687,9.3627911,0.6,t12_f5_c3,19.6924,0.3536,False,False,False,bulk_1.0.0,0.0,675522170515015012,,,ZTF18aceqrwc
ztf,58429.52217590017,675522170515015012,2,675522170515,20.221104,1,675,1.8239504,19.97131,20.2036,0.20015319,0.376,157.9620212,9.362761,0.75333333,t8_f5_c3,19.9218,0.3768,False,False,False,bulk_1.0.0,0.0,678538340515015024,0.0,521120205.0,ZTF18aceqrwc
ztf,58432.538344900124,678538340515015024,2,678538340515,20.043562,1,678,1.8938221,19.89624,20.1392,0.2106159,0.3983,157.9619367,9.3627835,0.7,t8_f5_c3,19.83,0.3882,False,False,False,bulk_1.0.0,0.0,707541140515015027,0.0,521120205.0,ZTF18aceqrwc
ztf,58447.480833299924,693480830515015011,2,693480830515,19.6173,1,693,1.774,19.8927,19.7966,0.247352,0.4237,157.962002,9.362858,0.566667,t12_f5_c3,19.4769,0.4072,False,False,False,bulk_1.0.0,0.0,707541140515015027,,,ZTF18aceqrwc
ztf,58461.54114580015,707541140515015027,2,707541140515,20.217548,1,707,1.8014688,20.10747,20.4895,0.20643172,0.538,157.9620215,9.3627755,0.64666665,t8_f5_c3,20.2386,0.5563,False,False,False,bulk_1.0.0,0.0,732499650515015017,0.0,521120205.0,ZTF18aceqrwc
ztf,58464.54221059987,710542210515015027,2,710542210515,20.5653,1,710,1.90256,20.0653,19.6531,0.166252,0.1803,157.9619973,9.3627591,0.48,t12_f5_c3,19.5559,0.2155,False,False,False,bulk_1.0.0,0.0,732499650515015017,,,ZTF18aceqrwc
ztf,58471.5232406999,717523240515015017,2,717523240515,20.0943,1,717,1.75348,19.9874,20.0946,0.250558,0.3285,157.961934,9.362843,0.64,t12_f5_c3,20.1853,0.462,False,False,False,bulk_1.0.0,0.0,732499650515015017,,,ZTF18aceqrwc
ztf,58481.47391200019,727473910515015019,2,727473910515,19.8674,1,727,1.79615,20.24,20.1192,0.233758,0.3876,157.962098,9.3626544,0.583333,t12_f5_c3,19.854,0.3931,False,False,False,bulk_1.0.0,0.0,732499650515015017,,,ZTF18aceqrwc
ztf,58486.49965280015,732499650515015017,2,732499650515,20.475357,1,732,1.6159468,20.334974,20.3184,0.19385977,0.3527,157.9620601,9.3628211,0.75333333,t8_f5_c3,20.0058,0.3459,True,False,False,bulk_1.0.0,0.0,0,0.0,521120205.0,ZTF18aceqrwc
