tid,mjd,candid,fid,pid,diffmaglim,isdiffpos,nid,distnr,magpsf,magpsf_corr,magap,sigmapsf,sigmapsf_corr,sigmapsf_corr_ext,sigmagap,ra,dec,rb,rbversion,drb,magapbig,sigmagapbig,rfid,has_stamp,corrected,dubious,step_id_corr,phase,parent_candid,oid
ztf,58455.30603010021,701306031115015003,2,701306031115,19.978355,1,701,0.6164585,18.46963,16.354097,18.6068,0.09269017,100.0,0.013207502,0.0938,36.2682704,8.4907761,0.79,t8_f5_c3,0.0,18.6524,0.1194,504120211,False,True,False,bulk_1.0.0,0.0,710276671115015006,ZTF18abrejjg
ztf,58461.260266200174,707260261115015012,2,707260261115,20.453947,1,707,0.1030408,18.441187,16.349998,18.561,0.09154775,100.0,0.013340503,0.0841,36.2682943,8.4909205,0.71666664,t8_f5_c3,0.0,18.5272,0.0989,504120211,False,True,False,bulk_1.0.0,0.0,710276671115015006,ZTF18abrejjg
ztf,58464.27667819988,710276671115015006,2,710276671115,20.177032,1,710,0.5749478,18.385345,16.34168,18.3334,0.06826662,100.0,0.010393031,0.0712,36.2682207,8.4908106,0.82666665,t8_f5_c3,0.0,18.2469,0.08,504120211,False,True,False,bulk_1.0.0,0.0,732125041115015017,ZTF18abrejjg
ztf,58481.31081019994,727310811115015011,2,727310811115,19.624285,1,727,0.5523046,18.917704,16.407711,18.8886,0.12878014,100.0,0.012760033,0.1447,36.2684387,8.491037,0.6766667,t8_f5_c3,0.0,18.8591,0.1751,504120211,False,True,False,bulk_1.0.0,0.0,732125041115015017,ZTF18abrejjg
ztf,58486.12504629977,732125041115015017,2,732125041115,20.371902,1,732,0.5797229,19.326923,16.44203,19.2493,0.13665685,100.0,0.009586803,0.1593,36.2681624,8.4910121,0.6933333,t8_f5_c3,0.0,19.1431,0.1763,504120211,False,True,False,bulk_1.0.0,0.0,739130091115015009,ZTF18abrejjg
ztf,58493.130092599895,739130091115015009,2,739130091115,20.199926,1,739,0.46031037,19.547005,16.456095,19.5581,0.18724991,100.0,0.010865702,0.2379,36.2682906,8.4908188,0.64857143,t8_f5_c3,0.0,19.5919,0.3021,504120211,True,True,False,bulk_1.0.0,0.0,0,ZTF18abrejjg
