tid,mjd,candid,fid,pid,diffmaglim,isdiffpos,nid,distnr,magpsf,magpsf_corr,magap,sigmapsf,sigmapsf_corr,sigmapsf_corr_ext,sigmagap,ra,dec,rb,rbversion,drb,magapbig,sigmagapbig,rfid,has_stamp,corrected,dubious,step_id_corr,phase,parent_candid,oid
ztf,58558.286921299994,804286922315015028,2,804286922315,19.340082,1,804,0.4162499,18.862938,17.835545,19.1481,0.19158241,0.0729061,0.07437005,0.212,240.0489274,42.3598833,0.61285716,t15_f5_c3,0.0,19.0105,0.2388,1760120223.0,False,True,False,bulk_1.0.0,0.0,826366972315010017,ZTF19aamqjtq
ztf,58580.36697919993,826366972315010017,2,826366972315,20.41897,-1,826,0.18445502,19.555914,18.812183,19.8683,0.111504786,0.043084934,0.05620844,0.2306,240.0487627,42.3598019,0.8457143,t15_f5_c3,0.0,19.4723,0.2046,1760120223.0,False,True,False,bulk_1.0.0,0.0,852281532315010014,ZTF19aamqjtq
ztf,58593.30590280006,839305902315010003,2,839305902315,19.7686,-1,839,0.28656,19.6901,18.750349,19.6459,0.253002,0.10086078,0.1064692,0.3802,240.0488684,42.3599002,0.595714,t15_f5_c3,,19.8766,0.6032,,False,True,False,bulk_1.0.0,0.0,852281532315010014,ZTF19aamqjtq
ztf,58602.30002309987,848300022315010019,2,848300022315,20.544764,-1,848,0.13298318,19.807125,18.70464,19.8978,0.12884179,0.033308316,0.046672672,0.2008,240.0487466,42.3598842,0.83,t15_f5_c3,0.0,19.8564,0.2459,1760120223.0,False,True,False,bulk_1.0.0,0.0,852281532315010014,ZTF19aamqjtq
ztf,58606.28153940011,852281532315010014,2,852281532315,20.609032,-1,852,0.10480676,19.747929,18.726906,19.7425,0.15463135,0.050319165,0.060379345,0.1816,240.0488079,42.359871,0.85714287,t15_f5_c3,0.0,19.6366,0.2097,1760120223.0,False,True,False,bulk_1.0.0,0.0,864220462315015015,ZTF19aamqjtq
ztf,58618.22046299977,864220462315015015,2,864220462315,20.112576,1,864,0.3462772,19.893858,18.130638,20.0037,0.17426634,0.028436037,0.034349892,0.403,240.0487246,42.3597636,0.7214286,t15_f5_c3,0.0,19.8614,0.4528,1760120223.0,True,True,False,bulk_1.0.0,0.0,0,ZTF19aamqjtq
