tid,mjd,candid,fid,pid,diffmaglim,isdiffpos,nid,distnr,magpsf,magpsf_corr,magap,sigmapsf,sigmapsf_corr,sigmapsf_corr_ext,sigmagap,ra,dec,rb,rbversion,magapbig,sigmagapbig,has_stamp,corrected,dubious,step_id_corr,phase,parent_candid,drb,rfid,oid
ztf,59977.56468749978,2223564682715015002,2,2223564682715,19.5306,1,2223,0.404681,18.5317,16.089043,18.3566,0.143203,100.0,0.01509695,0.1233,288.5710826,17.9242934,0.875714,t17_f5_c3,18.2455,0.1411,False,True,False,1.1.6,0.0,2.230546722715015e+18,,,ZTF19aaimtlm
ztf,59984.546724500135,2230546722715015002,2,2230546722715,18.872644,1,2230,1.2504989,17.46452,15.912757,17.4309,0.09542764,0.014709353,0.022854371,0.063,288.57133,17.9242143,0.67714286,t17_f5_c3,17.3718,0.0759,True,True,False,1.1.6,0.0,,0.9860655,590120227.0,ZTF19aaimtlm
ztf,59984.54921300011,2230549212715015002,2,2230549212715,19.0582,1,2230,0.903665,17.6648,15.957466,17.5695,0.103632,0.011414299,0.021506017,0.0694,288.571215,17.9242237,0.591429,t17_f5_c3,17.5519,0.0868,False,True,False,1.1.6,0.0,2.230554182715015e+18,,,ZTF19aaimtlm
ztf,59984.55170139996,2230551702715015002,2,2230551702715,19.1702,1,2230,0.420439,17.722,15.96909,17.6275,0.08124,100.0,0.016166134,0.0721,288.5710971,17.9243013,0.751429,t17_f5_c3,17.5939,0.0888,False,True,False,1.1.6,0.0,2.230554182715015e+18,,,ZTF19aaimtlm
ztf,59984.55418979982,2230554182715015003,2,2230554182715,18.989079,1,2230,1.0039432,17.803812,15.984888,17.6423,0.08282228,100.0,0.015508783,0.0727,288.5712522,17.9242251,0.67142856,t17_f5_c3,17.6109,0.0898,True,True,False,1.1.6,0.0,,0.9999343,590120227.0,ZTF19aaimtlm
ztf,60389.51527780015,2635515272715015006,2,2635515272715,20.573715,1,2635,1.3450315,18.243505,16.054794,18.1967,0.06419562,100.0,0.008551076,0.0518,288.5713935,17.9243084,0.55285716,t17_f5_c3,18.1345,0.0593,True,True,False,23.12.x,0.0,,0.91207397,590120227.0,ZTF19aaimtlm
ztf,61070.56650459999,3316566502715015003,2,3316566502715,18.8703,1,3316,0.543178,17.9549,16.011625,17.9033,0.16861,0.020632295,0.028156135,0.0939,288.5711415,17.9243013,0.614286,t17_f5_c3,17.96,0.1257,False,True,False,27.5.7a32.dev1,0.0,3.316568952715015e+18,,,ZTF19aaimtlm
ztf,61070.568958300166,3316568952715015002,2,3316568952715,19.051277,1,3316,1.5227897,18.332705,,18.225,0.11767242,,,0.1367,288.5714285,17.9242385,0.64857143,t17_f5_c3,18.1948,0.1694,True,False,True,27.5.7a32.dev1,0.0,,0.9945594,590120227.0,ZTF19aaimtlm
