tid,mjd,candid,fid,pid,diffmaglim,isdiffpos,nid,distnr,magpsf,magpsf_corr,magap,sigmapsf,sigmapsf_corr,sigmapsf_corr_ext,sigmagap,ra,dec,rb,rbversion,magapbig,sigmagapbig,has_stamp,corrected,dubious,step_id_corr,phase,parent_candid,drb,rfid,oid
ztf,60539.325671299826,2785325672615015059,2,2785325672615,18.7366,1,2785,0.304312,18.2262,15.7553215,18.4796,0.189174,100.0,0.019431671,0.2766,279.4252178,-11.6075816,0.574286,t17_f5_c3,18.1621,0.2643,False,True,False,24.5.1,0.0,2.791234172615015e+18,,,ZTF18adrwgjk
ztf,60545.2341781999,2791234172615015088,2,2791234172615,19.727371,1,2791,0.50850457,18.699867,15.795485,18.5719,0.09719203,100.0,0.0066969595,0.1387,279.4253775,-11.6077007,0.60714287,t17_f5_c3,18.5248,0.1676,True,True,False,24.5.1,0.0,,0.93255264,384120226.0,ZTF18adrwgjk
ztf,61080.56802080013,3326568024415015000,2,3326568024415,18.935143,1,3326,0.3818013,17.739088,15.937786,17.673,0.0743292,100.0,0.014146166,0.1159,279.425422,-11.6075754,0.7,t17_f5_c3,17.6742,0.1482,True,True,False,27.5.7a32.dev1,0.0,,1.0,1377120244.0,ZTF18adrwgjk
ztf,61080.56848380016,3326568484415015002,2,3326568484415,18.966734,1,3326,0.7000229,17.650324,15.920324,17.8219,0.14319104,0.023230167,0.029101545,0.1291,279.4255077,-11.6076119,0.55285716,t17_f5_c3,18.0008,0.1945,True,True,False,27.5.7a32.dev1,0.0,,0.99999994,1377120244.0,ZTF18adrwgjk
ztf,61083.56328700017,3329563284415015000,2,3329563284415,19.454422,1,3329,0.31503838,17.606598,15.911294,17.77,0.09115641,0.007980185,0.019127827,0.0824,279.425403,-11.6075675,0.6628571,t17_f5_c3,17.8852,0.1162,True,True,False,27.5.7a32.dev1,0.0,,0.99999994,1377120244.0,ZTF18adrwgjk
ztf,61096.5500115999,3342550014415015001,2,3342550014415,19.48725,1,3342,0.42559868,18.209084,16.012932,18.0522,0.09986912,100.0,0.013212058,0.1073,279.4253569,-11.6076815,0.64,t17_f5_c3,18.067,0.1375,True,True,False,27.5.7a32.dev1,0.0,,1.0,1377120244.0,ZTF18adrwgjk
ztf,61099.54688660009,3345546884415015000,2,3345546884415,19.820066,1,3345,0.3404167,18.244295,16.017525,18.3178,0.11550518,100.0,0.014855709,0.1059,279.4253951,-11.6076189,0.60142857,t17_f5_c3,18.3461,0.1371,True,True,False,27.5.7a32.dev1,0.0,,0.99999213,1377120244.0,ZTF18adrwgjk
ztf,61100.54565969994,3346545654415015004,2,3346545654415,19.49691,1,3346,0.5017738,17.868837,15.961314,17.9526,0.1259508,0.011879497,0.02173661,0.0911,279.4254406,-11.6076276,0.48,t17_f5_c3,17.9484,0.115,True,True,False,27.5.7a32.dev1,0.0,,0.9999716,1377120244.0,ZTF18adrwgjk
