tid,mjd,candid,fid,pid,diffmaglim,isdiffpos,nid,distnr,magpsf,magap,sigmapsf,sigmagap,ra,dec,rb,rbversion,drb,magapbig,sigmagapbig,rfid,has_stamp,corrected,dubious,step_id_corr,phase,parent_candid,oid
ztf,58376.52444439987,622524444815015007,2,622524444815,18.840689,1,622,2.352082,18.699768,18.7633,0.1556316,0.3231,134.3450601,22.27522,0.72333336,t8_f5_c3,0.0,18.6265,0.3651,568120248.0,False,False,False,bulk_1.0.0,0.0,629526784815015003,ZTF18abwlopg
ztf,58379.526203699876,625526204815015004,2,625526204815,19.034334,1,625,1.8647187,18.724342,19.1474,0.13957638,0.4214,134.3450809,22.2753763,0.73,t8_f5_c3,0.0,19.0824,0.5085,568120248.0,False,False,False,bulk_1.0.0,0.0,629526784815015003,ZTF18abwlopg
ztf,58383.526782399975,629526784815015003,2,629526784815,19.477468,1,629,1.9456275,18.586357,18.5905,0.1235194,0.1861,134.3451119,22.2753658,0.69,t8_f5_c3,0.0,18.7104,0.2651,568120248.0,False,False,False,bulk_1.0.0,0.0,633482804815015003,ZTF18abwlopg
ztf,58385.52627310017,631526276115015001,2,631526276115,19.129122,1,631,1.6820133,18.41185,18.7806,0.13872667,0.2596,134.3451261,22.2753828,0.73,t8_f5_c3,0.0,18.7527,0.3233,569120261.0,False,False,False,bulk_1.0.0,0.0,633482804815015003,ZTF18abwlopg
ztf,58387.482800900005,633482804815015003,2,633482804815,18.810633,1,633,2.1752362,18.318958,18.1843,0.1408494,0.1866,134.3450751,22.2752781,0.58666664,t8_f5_c3,0.0,18.014,0.2041,568120248.0,False,False,False,bulk_1.0.0,0.0,635529976115015003,ZTF18abwlopg
ztf,58389.5299769002,635529976115015003,2,635529976115,19.448788,1,635,1.8090138,18.71154,19.2539,0.12816328,0.3649,134.3451302,22.275344,0.69666666,t8_f5_c3,0.0,18.8964,0.3354,569120261.0,False,False,False,bulk_1.0.0,0.0,636501964815015004,ZTF18abwlopg
ztf,58390.50196760008,636501964815015004,2,636501964815,19.586258,1,636,2.1070995,18.658054,18.6716,0.09128044,0.1601,134.3450967,22.2753078,0.77,t8_f5_c3,0.0,18.5832,0.1874,568120248.0,True,False,False,bulk_1.0.0,0.0,0,ZTF18abwlopg
ztf,58428.51960649993,674519606115015011,2,674519606115,20.2413,1,674,1.79495,20.0353,20.628,0.225952,0.5278,134.3451416,22.2753539,0.693333,t12_f5_c3,,20.7434,0.7286,,False,False,False,bulk_1.0.0,0.0,676497544815015020,ZTF18abwlopg
ztf,58430.497546299826,676497544815015020,2,676497544815,20.29314,1,676,1.6442211,20.11494,20.4282,0.19860895,0.4392,134.3450031,22.2754132,0.79333335,t8_f5_c3,0.0,20.1649,0.4287,568120248.0,True,False,False,bulk_1.0.0,0.0,0,ZTF18abwlopg
