tid,mjd,candid,fid,pid,diffmaglim,isdiffpos,nid,distnr,magpsf,magpsf_corr,magap,sigmapsf,sigmapsf_corr,sigmapsf_corr_ext,sigmagap,ra,dec,rb,rbversion,magapbig,sigmagapbig,has_stamp,corrected,dubious,step_id_corr,phase,parent_candid,drb,rfid,oid
ztf,61024.5713657001,3270571362015015001,2,3270571362015,19.1114,1,3270,0.077712,18.1645,17.027666,18.1405,0.083011,0.024197556,0.029134152,0.1675,246.0581195,7.8053814,0.932857,t17_f5_c3,17.9545,0.181,False,True,False,27.5.7a32.dev1,0.0,3.276566722015015e+18,,,ZTF18adjrqlx
ztf,61024.571840300225,3270571842015015001,2,3270571842015,19.082,1,3270,0.132604,18.2179,17.04611,18.4319,0.1037,0.031139,0.035242204,0.2244,246.0580859,7.8054125,0.907143,t17_f5_c3,18.3395,0.2645,False,True,False,27.5.7a32.dev1,0.0,3.276566722015015e+18,,,ZTF18adjrqlx
ztf,61024.57623839984,3270576232015015001,2,3270576232015,18.58384,1,3270,0.34551364,18.200335,17.04011,18.1388,0.14366478,0.046537478,0.049346916,0.272,246.0581922,7.8053985,0.6185714,t17_f5_c3,17.9016,0.2807,True,True,False,27.5.7a32.dev1,0.0,,0.9999939,1528120220.0,ZTF18adjrqlx
ztf,61030.56672450015,3276566722015015003,2,3276566722015,19.400322,1,3276,0.6269473,18.88419,17.230085,18.9185,0.14880414,0.025876272,0.032431964,0.241,246.0582514,7.8052875,0.9442857,t17_f5_c3,19.3325,0.4517,True,True,False,27.5.7a32.dev1,0.0,,0.99994826,1528120220.0,ZTF18adjrqlx
ztf,61069.56040510023,3315560402015015001,2,3315560402015,20.1654,1,3315,0.090536,18.3123,17.07728,18.2156,0.055121,0.0048847725,0.017672954,0.0654,246.0580897,7.8053529,0.951429,t17_f5_c3,18.2654,0.0862,False,True,False,27.5.7a32.dev1,0.0,3.321555992015015e+18,,,ZTF18adjrqlx
ztf,61074.55646990007,3320556462015015001,2,3320556462015,19.5615,1,3320,0.132398,18.648,17.174051,18.5228,0.118464,0.024170859,0.030479392,0.1377,246.0580854,7.8054112,0.944286,t17_f5_c3,18.4389,0.1629,False,True,False,27.5.7a32.dev1,0.0,3.321555992015015e+18,,,ZTF18adjrqlx
ztf,61075.555995400064,3321555992015015004,2,3321555992015,19.734394,1,3321,0.55565387,19.355064,17.316721,19.6798,0.19185944,0.020326857,0.029352555,0.341,246.0581317,7.805528,0.91714287,t17_f5_c3,19.7811,0.4781,True,True,False,27.5.7a32.dev1,0.0,,0.9999865,1528120220.0,ZTF18adjrqlx
