tid,mjd,candid,fid,pid,diffmaglim,isdiffpos,nid,distnr,magpsf,magpsf_corr,magap,sigmapsf,sigmapsf_corr,sigmapsf_corr_ext,sigmagap,ra,dec,rb,rbversion,drb,magapbig,sigmagapbig,rfid,has_stamp,corrected,dubious,step_id_corr,phase,parent_candid,oid
ztf,61096.54857640015,3342548571915015024,2,3342548571915,19.483335,1,3342,0.431537,15.387917,13.245501,15.4537,0.047462694,100.0,0.0065975985,0.0127,281.3413299,-22.3888865,0.76428574,t17_f5_c3,0.9998864,15.4234,0.0143,1325120219.0,True,True,False,27.5.7a32.dev1,0.0,,ZTF18abogete
ztf,61099.54545139987,3345545451915015028,2,3345545451915,19.676918,1,3345,0.29995716,15.345512,13.239506,15.3321,0.037077673,100.0,0.005329787,0.0103,281.3412843,-22.388977,0.7128571,t17_f5_c3,0.9999999,15.3193,0.0116,1325120219.0,True,True,False,27.5.7a32.dev1,0.0,,ZTF18abogete
ztf,61100.54422450019,3346544221915015022,2,3346544221915,19.145958,1,3346,0.92970145,15.145273,13.208348,15.1784,0.06148051,100.0,0.010326842,0.0113,281.3414249,-22.389099,0.71428573,t17_f5_c3,0.9997852,15.1678,0.0133,1325120219.0,True,True,False,27.5.7a32.dev1,0.0,,ZTF18abogete
ztf,61100.54422450019,3346544221915025022,2,3346544221915,19.146,1,3346,0.929701,15.1453,13.208353,15.1784,0.061481,100.0,0.010326712,0.0113,281.3414249,-22.389099,0.714286,t17_f5_c3,,15.1678,0.0133,,False,True,False,27.5.7a32.dev1,0.0,3.354540021915015e+18,ZTF18abogete
ztf,61101.54349539988,3347543491915015112,2,3347543491915,17.936478,1,3347,0.27855796,14.824583,13.147424,15.3439,0.019383578,100.0,0.0041359034,0.0267,281.3412768,-22.3889764,0.52,t17_f5_c3,0.86544925,14.7695,0.0205,1325120219.0,True,True,False,27.5.7a32.dev1,0.0,,ZTF18abogete
ztf,61101.54349539988,3347543491915015113,2,3347543491915,17.936478,1,3347,0.1815349,14.819862,13.146415,14.7837,0.024247097,100.0,0.005191357,0.0163,281.3412405,-22.3889721,0.60571426,t17_f5_c3,0.86544925,14.7253,0.0192,1325120219.0,True,True,False,27.5.7a32.dev1,0.0,,ZTF18abogete
ztf,61105.53881940013,3351538811915015024,2,3351538811915,19.128338,1,3351,0.6581096,14.875355,13.15806,14.9305,0.05832968,100.0,0.01199421,0.0092,281.3412737,-22.3887561,0.6028572,t17_f5_c3,0.9999984,14.8409,0.0101,1325120219.0,True,True,False,27.5.7a32.dev1,0.0,,ZTF18abogete
ztf,61108.5400231001,3354540021915015031,2,3354540021915,19.09075,1,3354,0.46160054,14.726025,13.12563,14.8716,0.05992072,0.0060099596,0.013722065,0.0089,281.3412549,-22.3890533,0.7057143,t17_f5_c3,0.99993217,14.8602,0.0104,1325120219.0,True,True,False,27.5.7a32.dev1,0.0,,ZTF18abogete
