tid,mjd,candid,fid,pid,diffmaglim,isdiffpos,nid,distnr,magpsf,magpsf_corr,magap,sigmapsf,sigmapsf_corr,sigmapsf_corr_ext,sigmagap,ra,dec,rb,rbversion,drb,magapbig,sigmagapbig,rfid,has_stamp,corrected,dubious,step_id_corr,phase,parent_candid,oid
ztf,58450.37533560023,696375333615015012,2,696375333615,20.212835,1,696,0.3704089,19.62616,19.322466,19.5985,0.1406892,0.10473227,0.106361285,0.2246,80.6391091,-1.2489474,0.71,t8_f5_c3,0.0,19.3681,0.233,407120236.0,False,True,False,bulk_1.0.0,0.0,702274843615015010,ZTF18acrvahb
ztf,58456.27484950004,702274843615015010,2,702274843615,20.303707,1,702,0.2631996,19.652525,19.34234,19.61,0.14545847,0.107667334,0.10931126,0.1922,80.6391441,-1.2489155,0.7266667,t8_f5_c3,0.0,19.5378,0.2301,407120236.0,True,True,False,bulk_1.0.0,0.0,0,ZTF18acrvahb
ztf,58462.31278940011,708312783615015006,2,708312783615,19.7683,1,708,0.39657,19.8957,19.519812,19.9355,0.280747,0.19734168,0.19859093,0.4531,80.6391713,-1.2490469,0.653333,t12_f5_c3,,19.9848,0.6086,,False,True,False,bulk_1.0.0,0.0,736229163615015012,ZTF18acrvahb
ztf,58462.35212960001,708352123615015026,1,708352123615,20.3669,1,708,0.605838,20.9571,20.29167,20.7496,0.39815,0.2100665,0.21571223,0.4838,80.6391645,-1.2488631,0.503333,t12_f5_c3,,20.1703,0.3643,,False,True,False,bulk_1.0.0,0.0,736229163615015012,ZTF18acrvahb
ztf,58466.31645830022,712316453615015006,2,712316453615,19.3069,1,712,0.277384,19.8689,19.500786,19.4907,0.274204,0.19413029,0.19535649,0.4728,80.6391538,-1.2489962,0.623333,t12_f5_c3,,19.7233,0.7518,,False,True,False,bulk_1.0.0,0.0,739265393615015008,ZTF18acrvahb
ztf,58480.294375000056,726294373615015015,2,726294373615,19.9544,1,726,0.29672,20.1006,19.660646,19.9016,0.224618,0.1476276,0.1497833,0.2763,80.6391292,-1.2489479,0.583333,t12_f5_c3,,20.7119,0.7455,,False,True,False,bulk_1.0.0,0.0,739265393615015008,ZTF18acrvahb
ztf,58490.22916670004,736229163615015012,2,736229163615,20.256763,1,736,0.35330075,20.141644,19.687843,20.133,0.20385695,0.13168126,0.13421631,0.2852,80.6391132,-1.2489491,0.63,t8_f5_c3,0.0,20.1139,0.359,407120236.0,False,True,False,bulk_1.0.0,0.0,739265393615015008,ZTF18acrvahb
ztf,58493.265393500216,739265393615015008,2,739265393615,20.402552,1,739,0.3553488,20.094843,19.656805,20.2566,0.18443991,0.12059704,0.123208165,0.3231,80.6391137,-1.2489564,0.7942857,t8_f5_c3,0.0,20.3753,0.4615,407120236.0,True,True,False,bulk_1.0.0,0.0,0,ZTF18acrvahb
