tid,mjd,candid,fid,pid,diffmaglim,isdiffpos,nid,distnr,magpsf,magpsf_corr,magap,sigmapsf,sigmapsf_corr,sigmapsf_corr_ext,sigmagap,ra,dec,rb,rbversion,drb,magapbig,sigmagapbig,rfid,has_stamp,corrected,dubious,step_id_corr,phase,oid
ztf,60103.35657409998,2349356575915015053,2,2349356575915,19.209156,1,2349,0.056330144,17.702436,16.218493,18.0804,0.10974489,0.018641649,0.027977342,0.1148,264.7175626,-22.0875002,0.41428572,t17_f5_c3,0.9999943,18.1588,0.1577,281120259,True,True,False,1.2.0,0.0,ZTF19abhgpac
ztf,60117.33532410022,2363335325915015191,2,2363335325915,19.748161,1,2363,0.009565291,16.89751,15.950368,17.047,0.07813626,0.028301673,0.03265844,0.0335,264.7175576,-22.0875173,0.6528571,t17_f5_c3,0.9984594,17.0462,0.0421,281120259,True,True,False,1.2.0,0.0,ZTF19abhgpac
ztf,61080.55974540021,3326559742215015100,2,3326559742215,19.29372,1,3326,0.3868559,17.076435,16.029043,17.1238,0.045501284,100.0,0.017340718,0.0512,264.717654,-22.087575,0.73,t17_f5_c3,0.99999976,17.1609,0.0673,1323120222,True,True,False,27.5.7a32.dev1,0.0,ZTF19abhgpac
ztf,61081.55989579996,3327559892215015058,2,3327559892215,18.117268,1,3327,0.24358782,17.092537,16.035152,17.082,0.071396455,0.016704941,0.026960172,0.1344,264.717586,-22.0874741,0.7014286,t17_f5_c3,1.0,16.9227,0.149,1323120222,True,True,False,27.5.7a32.dev1,0.0,ZTF19abhgpac
ztf,61085.55582180014,3331555822215015039,2,3331555822215,19.679258,1,3331,0.18535516,17.078726,16.029917,17.2093,0.05846018,0.0071818545,0.022250319,0.0417,264.7175985,-22.0875163,0.7,t17_f5_c3,1.0,17.2246,0.0534,1323120222,True,True,False,27.5.7a32.dev1,0.0,ZTF19abhgpac
ztf,61099.541631899774,3345541632215015087,2,3345541632215,19.74718,1,3345,0.13485585,17.112476,16.042639,17.2365,0.068315975,0.01401344,0.025502753,0.0399,264.7175849,-22.087525,0.70714283,t17_f5_c3,0.9999976,17.2345,0.0503,1323120222,True,True,False,27.5.7a32.dev1,0.0,ZTF19abhgpac
ztf,61100.54039350012,3346540392215015060,2,3346540392215,19.336884,1,3346,0.16041952,17.219986,16.081537,17.3865,0.05608694,100.0,0.019655427,0.0617,264.7175936,-22.0875396,0.7228571,t17_f5_c3,1.0,17.3539,0.0763,1323120222,True,True,False,27.5.7a32.dev1,0.0,ZTF19abhgpac
ztf,61101.53968749987,3347539682215015129,2,3347539682215,18.462545,1,3347,0.31220064,17.236568,16.08732,17.2057,0.059330843,100.0,0.020586442,0.1069,264.7176186,-22.0875906,0.61142856,t17_f5_c3,0.9999999,17.1753,0.1332,1323120222,True,True,False,27.5.7a32.dev1,0.0,ZTF19abhgpac
