tid,mjd,candid,fid,pid,diffmaglim,isdiffpos,nid,distnr,magpsf,magap,sigmapsf,sigmagap,ra,dec,rb,rbversion,drb,magapbig,sigmagapbig,rfid,has_stamp,corrected,dubious,step_id_corr,phase,parent_candid,magpsf_corr,sigmapsf_corr,sigmapsf_corr_ext,oid
ztf,59193.529953700025,1439529953615015002,2,1439529953615,20.067755,1,1439,1.6543188,19.85128,20.3058,0.21225223,0.4683,229.2428592,35.0424632,0.91571426,t17_f5_c3,0.9999969,19.9064,0.412,677120236.0,True,False,False,bulk_1.0.0,0.0,0,,,,ZTF18aavabfl
ztf,59202.53490740014,1448534903615015001,2,1448534903615,19.855,1,1448,1.1266,19.9086,19.6624,0.25546,0.2271,229.2426964,35.042558,0.585714,t17_f5_c3,,19.8951,0.3557,,False,True,True,bulk_1.0.0,0.0,1478514993615015001,17.958908,100.0,0.04240783,ZTF18aavabfl
ztf,59204.51649310021,1450516493615015001,2,1450516493615,20.3404,1,1450,2.00927,20.0685,19.5043,0.242695,0.1964,229.2427532,35.0423084,0.614286,t17_f5_c3,,19.3885,0.2232,,False,False,False,bulk_1.0.0,0.0,1478514993615015001,,,,ZTF18aavabfl
ztf,59219.511377300136,1465511373615015003,2,1465511373615,19.9489,1,1465,1.74228,19.8185,19.4121,0.193943,0.2182,229.2429024,35.0424569,0.731429,t17_f5_c3,,19.3843,0.2704,,False,False,False,bulk_1.0.0,0.0,1478514993615015001,,,,ZTF18aavabfl
ztf,59228.4864236,1474486423615015001,2,1474486423615,20.4769,1,1474,1.52723,20.0345,20.8192,0.171188,0.5817,229.2428224,35.0424885,0.851429,t17_f5_c3,,20.6145,0.6084,,False,False,False,bulk_1.0.0,0.0,1478514993615015001,,,,ZTF18aavabfl
ztf,59230.55559029989,1476555593615015002,2,1476555593615,20.5581,1,1476,1.48232,20.089,20.075,0.19211,0.2629,229.2428181,35.0424988,0.937143,t17_f5_c3,,20.2574,0.39,,False,False,False,bulk_1.0.0,0.0,1478514993615015001,,,,ZTF18aavabfl
ztf,59232.51500000013,1478514993615015001,2,1478514993615,20.632456,1,1478,1.7100986,20.085764,20.2852,0.15749574,0.3247,229.2428048,35.0424192,0.93714285,t17_f5_c3,0.99923706,20.1255,0.3521,677120236.0,True,False,False,bulk_1.0.0,0.0,0,,,,ZTF18aavabfl
