tid,mjd,candid,fid,pid,diffmaglim,isdiffpos,nid,distnr,magpsf,magpsf_corr,magap,sigmapsf,sigmapsf_corr,sigmapsf_corr_ext,sigmagap,ra,dec,rb,rbversion,drb,magapbig,sigmagapbig,rfid,has_stamp,corrected,dubious,step_id_corr,phase,parent_candid,oid
ztf,60368.54399310006,2614543993015010040,2,2614543993015,19.298294,-1,2614,0.3810653,19.155779,17.410273,19.2926,0.1752767,0.023148606,0.03511736,0.3353,310.8501859,27.9842702,0.8314286,t17_f5_c3,0.9998951,19.4597,0.501,1686120230.0,True,True,False,23.12.x,0.0,,ZTF18abobkrp
ztf,60368.54446760006,2614544463015010044,2,2614544463015,19.3545,-1,2614,0.526016,19.1915,17.403255,18.9901,0.188768,0.02517294,0.03636057,0.2599,310.8500262,27.9844496,0.848571,t17_f5_c3,,19.4181,0.4939,,False,True,False,23.12.x,0.0,2.6145449330150103e+18,ZTF18abobkrp
ztf,60368.544930600096,2614544933015010057,2,2614544933015,19.270369,-1,2614,0.7291902,19.030907,17.437117,18.9848,0.18812115,0.033851393,0.043343253,0.2571,310.8501313,27.984174,0.70428574,t17_f5_c3,0.99996865,19.394,0.4803,1686120230.0,True,True,False,23.12.x,0.0,,ZTF18abobkrp
ztf,60733.53847219981,2979538473015015021,2,2979538473015,19.145226,1,2979,0.46355116,18.074493,16.80719,18.2421,0.10969971,0.03059469,0.03414159,0.0917,310.8503091,27.9844266,0.56714284,t17_f5_c3,0.9634127,18.2025,0.1124,1686120230.0,True,True,False,26.0.1,0.0,,ZTF18abobkrp
