tid,mjd,candid,fid,pid,diffmaglim,isdiffpos,nid,distnr,magpsf,magpsf_corr,magap,sigmapsf,sigmapsf_corr,sigmapsf_corr_ext,sigmagap,ra,dec,rb,rbversion,drb,magapbig,sigmagapbig,rfid,has_stamp,corrected,dubious,step_id_corr,phase,oid
ztf,60446.48037040001,2692480372215015005,2,2692480372215,19.672287,1,2692,0.68780166,19.488092,16.671684,19.2108,0.16926676,100.0,0.0126476,0.241,20.4613992,56.7403225,0.86714286,t17_f5_c3,0.99996495,19.1919,0.3016,1810120222,True,True,False,24.4.1,0.0,ZTF18actytdg
ztf,60455.47402779991,2701474022215010009,2,2701474022215,18.770487,-1,2701,0.08502292,18.45893,17.009691,18.7757,0.1716778,0.03746509,0.045187544,0.2198,20.4610354,56.7404129,0.6085714,t17_f5_c3,0.9933028,18.62,0.2438,1810120222,True,True,False,24.4.1,0.0,ZTF18actytdg
ztf,60455.47798610013,2701477982215010006,2,2701477982215,18.82914,-1,2701,0.45670325,18.442646,17.014017,18.4803,0.17097571,0.038212884,0.045865163,0.1718,20.4609987,56.7402901,0.61,t17_f5_c3,0.99986494,18.4506,0.214,1810120222,True,True,False,24.4.1,0.0,ZTF18actytdg
ztf,60456.466851899866,2702466852215010010,2,2702466852215,19.504519,-1,2702,0.22210197,18.969692,16.90742,18.8832,0.16227706,0.007816993,0.02428555,0.2125,20.4610623,56.7404669,0.86285716,t17_f5_c3,0.9945371,18.5745,0.2045,1810120222,True,True,False,24.4.1,0.0,ZTF18actytdg
ztf,60456.470821800176,2702470822215010011,2,2702470822215,19.472082,-1,2702,0.2891557,18.966246,16.907936,18.8543,0.12130333,100.0,0.018220019,0.2074,20.4612047,56.7403773,0.9128571,t17_f5_c3,0.9999975,18.6996,0.2302,1810120222,True,True,False,24.4.1,0.0,ZTF18actytdg
ztf,60456.47478009993,2702474782215010011,2,2702474782215,19.438345,-1,2702,0.09966182,18.873852,16.92252,19.0322,0.1415954,0.00269336,0.023470154,0.2531,20.4611148,56.7404276,0.92,t17_f5_c3,0.999987,18.9195,0.2923,1810120222,True,True,False,24.4.1,0.0,ZTF18actytdg
ztf,60457.46961810021,2703469612215010012,2,2703469612215,19.837236,-1,2703,0.24097355,19.230877,16.873222,19.2901,0.13529399,100.0,0.015424693,0.2709,20.4611043,56.7404729,0.62142855,t17_f5_c3,0.980289,19.4362,0.396,1810120222,True,True,False,24.4.1,0.0,ZTF18actytdg
ztf,60457.47313660011,2703473132215010022,2,2703473132215,19.877697,-1,2703,0.3011566,19.065744,16.89375,19.0155,0.1283556,100.0,0.01736267,0.2066,20.4611918,56.740463,0.51,t17_f5_c3,0.99626684,18.8332,0.223,1810120222,True,True,False,24.4.1,0.0,ZTF18actytdg
