tid,mjd,candid,fid,pid,diffmaglim,isdiffpos,nid,distnr,magpsf,magpsf_corr,magap,sigmapsf,sigmapsf_corr,sigmapsf_corr_ext,sigmagap,ra,dec,rb,rbversion,drb,magapbig,sigmagapbig,rfid,has_stamp,corrected,dubious,step_id_corr,phase,parent_candid,oid
ztf,61025.56837960007,3271568372215015006,2,3271568372215,18.841404,1,3271,0.35184598,18.314966,16.72001,18.6954,0.10826535,0.020172693,0.024917647,0.2723,245.1877678,6.3467342,0.7871429,t17_f5_c3,0.9922114,18.2207,0.2255,1528120222.0,True,True,False,27.5.7a32.dev1,0.0,,ZTF18adjrqnk
ztf,61025.57354169991,3271573542215015026,2,3271573542215,18.226572,1,3271,0.7654641,18.612768,16.781672,18.6096,0.1855948,0.03068104,0.034365878,0.4682,245.1876872,6.3468257,0.48,t17_f5_c3,0.33425713,18.1259,0.3854,1528120222.0,True,True,False,27.5.7a32.dev1,0.0,,ZTF18adjrqnk
ztf,61026.568715299945,3272568712215015043,2,3272568712215,18.302591,1,3272,0.1700125,17.454836,16.45361,17.395,0.06884065,0.024867924,0.027374996,0.1557,245.1877491,6.34665,0.83285713,t17_f5_c3,0.9999614,17.3003,0.1832,1528120222.0,True,True,False,27.5.7a32.dev1,0.0,,ZTF18adjrqnk
ztf,61054.56609949982,3300566092215010000,2,3300566092215,19.859617,-1,3300,0.49752092,18.953503,17.20113,18.7937,0.12373064,0.009368159,0.02463361,0.1192,245.1876655,6.3465985,0.8485714,t17_f5_c3,0.9993562,18.7144,0.1405,1528120222.0,True,True,False,27.5.7a32.dev1,0.0,,ZTF18adjrqnk
ztf,61060.56608799985,3306566082215010014,2,3306566082215,20.33,-1,3306,0.368026,19.6308,17.105177,19.5396,0.132439,100.0,0.012935003,0.2229,245.1877204,6.346569,0.777143,t17_f5_c3,,19.3673,0.2409,,False,True,False,27.5.7a32.dev1,0.0,3.32155599221501e+18,ZTF18adjrqnk
ztf,61074.55646990007,3320556462215010002,2,3320556462215,19.6483,-1,3320,0.281807,18.8949,17.213184,18.705,0.10174,100.0,0.021617515,0.1559,245.1878594,6.346591,0.925714,t17_f5_c3,,18.7234,0.2025,,False,True,False,27.5.7a32.dev1,0.0,3.32155599221501e+18,ZTF18adjrqnk
ztf,61075.555995400064,3321555992215010003,2,3321555992215,19.81201,-1,3321,0.08092648,19.003468,17.19145,18.8817,0.10187983,100.0,0.01919913,0.1569,245.1877973,6.3466619,0.93,t17_f5_c3,0.9994138,18.9893,0.2208,1528120222.0,True,True,False,27.5.7a32.dev1,0.0,,ZTF18adjrqnk
