tid,mjd,candid,fid,pid,diffmaglim,isdiffpos,nid,distnr,magpsf,magpsf_corr,magap,sigmapsf,sigmapsf_corr,sigmapsf_corr_ext,sigmagap,ra,dec,rb,rbversion,drb,magapbig,sigmagapbig,rfid,has_stamp,corrected,dubious,step_id_corr,phase,parent_candid,oid
ztf,59220.43792819977,1466437923215015001,2,1466437923215,19.060707,1,1466,0.6859016,18.637861,15.978912,18.6081,0.16913259,100.0,0.0146099115,0.2082,146.8039356,-15.4212171,0.86714286,t17_f5_c3,0.9511357,18.8407,0.3245,314120232.0,False,True,False,bulk_1.0.0,0.0,1.472413923215015e+18,ZTF18acrhbzg
ztf,59224.37265049992,1470372653215015003,2,1470372653215,19.8043,1,1470,1.25312,18.8571,17.639135,18.3497,0.128543,100.0,0.041866153,0.0879,146.8039658,-15.4215134,0.534286,t17_f5_c3,,18.3191,0.1038,,False,True,False,bulk_1.0.0,0.0,1.472413923215015e+18,ZTF18acrhbzg
ztf,59226.41392360022,1472413923215015001,2,1472413923215,19.889164,1,1472,1.291381,18.912472,17.705692,18.5716,0.1251488,100.0,0.04118273,0.1063,146.8041034,-15.4214393,0.6185714,t17_f5_c3,0.9726303,18.5441,0.1256,314120232.0,True,True,False,bulk_1.0.0,0.0,0.0,ZTF18acrhbzg
ztf,59903.48203699989,2149482033215015002,2,2149482033215,19.83791,1,2149,1.0650718,18.721056,15.985852,18.3636,0.1574061,100.0,0.012674768,0.099,146.8040429,-15.4211073,0.6042857,t17_f5_c3,0.92015386,18.3211,0.1166,314120232.0,True,True,False,1.1.6,0.0,,ZTF18acrhbzg
ztf,60695.32503469987,2941325033215015000,2,2941325033215,19.702066,1,2941,1.1659956,19.126356,16.013435,19.131,0.13406385,100.0,0.007623313,0.2104,146.8039623,-15.4214249,0.7457143,t17_f5_c3,0.66873,18.9972,0.2296,314120232.0,True,True,True,26.0.1,0.0,,ZTF18acrhbzg
ztf,60755.27287039999,3001272873215015000,2,3001272873215,19.562307,1,3001,0.7291423,18.712843,15.9851885,18.6147,0.12539105,100.0,0.01016728,0.15,146.8039512,-15.4212017,0.86714286,t17_f5_c3,0.98696053,18.5024,0.1676,314120232.0,True,True,True,26.0.1,0.0,,ZTF18acrhbzg
ztf,61085.37835650006,3331378353215010003,3,3331378353215,19.7375,-1,3331,0.582674,18.8418,15.642574,19.3503,0.171275,100.0,0.008995043,0.3385,146.8035907,-15.4213116,0.567143,t17_f5_c3,,18.9122,0.2738,,False,True,False,27.5.7a32.dev1,0.0,3.353371083215015e+18,ZTF18acrhbzg
ztf,61107.371088000014,3353371083215015000,2,3353371083215,19.056755,1,3353,0.9673599,18.744581,15.987728,18.5991,0.15713006,100.0,0.012402747,0.1676,146.8038777,-15.4214129,0.6542857,t17_f5_c3,0.5897492,18.7161,0.234,314120232.0,True,True,True,27.5.7a32.dev1,0.0,,ZTF18acrhbzg
