tid,mjd,candid,fid,pid,diffmaglim,isdiffpos,nid,distnr,magpsf,magap,sigmapsf,sigmagap,ra,dec,rb,rbversion,drb,magapbig,sigmagapbig,rfid,has_stamp,corrected,dubious,step_id_corr,phase,parent_candid,oid
ztf,58700.41097219987,946410970315015013,2,946410970315,20.546488,1,946,1.8242987,19.907196,19.9566,0.1794246,0.2522,319.1653854,58.8881177,0.49,t17_f5_c3,0.9998367,20.091,0.3616,829120203,True,False,False,bulk_1.0.0,0.0,0.0,ZTF19abnqmgp
ztf,59113.3336920999,1359333690315015007,2,1359333690315,20.202475,1,1359,1.8963165,19.446287,19.1835,0.1511271,0.1597,319.1653126,58.8880873,0.75857145,t17_f5_c3,0.99396193,19.1342,0.1942,829120203,False,False,False,bulk_1.0.0,0.0,1.362324540315015e+18,ZTF19abnqmgp
ztf,59116.324548599776,1362324540315015012,2,1362324540315,20.442188,1,1362,1.7909952,19.752491,19.5215,0.119490065,0.1888,319.1654003,58.8881048,0.6,t17_f5_c3,0.99982363,19.3235,0.2002,829120203,True,False,False,bulk_1.0.0,0.0,0.0,ZTF19abnqmgp
ztf,59718.39188659983,1964391880315015005,2,1964391880315,19.941517,1,1964,1.7973511,19.99414,20.0938,0.21399876,0.4826,319.1654544,58.8881626,0.58,t17_f5_c3,0.999966,20.0833,0.6123,829120203,True,False,False,correction_1.0.6,0.0,,ZTF19abnqmgp
ztf,59718.44789349986,1964447890315015002,2,1964447890315,19.997297,1,1964,1.77278,19.868198,20.0453,0.19714718,0.4337,319.1654673,58.8881595,0.6028572,t17_f5_c3,0.99999833,19.9638,0.5146,829120203,True,False,False,correction_1.0.6,0.0,,ZTF19abnqmgp
ztf,59721.41908559995,1967419080315015002,2,1967419080315,20.070253,1,1967,1.949006,20.033806,20.0175,0.17411864,0.3459,319.1653538,58.8881557,0.7814286,t17_f5_c3,0.9999995,19.944,0.4129,829120203,True,False,False,correction_1.0.6,0.0,,ZTF19abnqmgp
ztf,59721.457013899926,1967457010315015004,2,1967457010315,20.346422,1,1967,1.928341,20.211267,19.8776,0.19383512,0.2685,319.1653246,58.8881163,0.61714286,t17_f5_c3,0.9999765,20.0945,0.4175,829120203,True,False,False,correction_1.0.6,0.0,,ZTF19abnqmgp
