tid,mjd,candid,fid,pid,diffmaglim,isdiffpos,nid,distnr,magpsf,magpsf_corr,magap,sigmapsf,sigmapsf_corr,sigmapsf_corr_ext,sigmagap,ra,dec,rb,rbversion,magapbig,sigmagapbig,has_stamp,corrected,dubious,step_id_corr,phase,parent_candid,drb,rfid,oid
ztf,60877.48664350016,3123486644115015017,2,3123486644115,19.8217,1,3123,0.832142,19.0925,16.781431,19.8589,0.191272,0.013261189,0.022762705,0.4659,66.2295662,23.8219445,0.422857,t17_f5_c3,19.6783,0.5035,False,True,False,27.5.6,0.0,3.130483324115015e+18,,,ZTF19aaengyh
ztf,60878.481932899915,3124481934115015017,2,3124481934115,19.7471,1,3124,0.403516,18.9823,16.767715,19.6195,0.254221,0.027560817,0.033065695,0.284,66.2297411,23.8220757,0.758571,t17_f5_c3,19.3788,0.289,False,True,False,27.5.6,0.0,3.130483324115015e+18,,,ZTF19aaengyh
ztf,60878.4896644,3124489664115015009,2,3124489664115,19.572481,1,3124,0.5492248,19.082829,16.780275,19.4142,0.2007786,0.015440192,0.02408222,0.2953,66.2298916,23.8218472,0.8757143,t17_f5_c3,19.3551,0.3565,True,True,False,27.5.6,0.0,,0.9999697,1605120241.0,ZTF19aaengyh
ztf,60879.48140050005,3125481404115015016,2,3125481404115,19.701952,1,3125,0.3052288,19.252802,16.799314,19.7928,0.18534893,0.004531003,0.019346163,0.3371,66.2298555,23.8220648,0.88,t17_f5_c3,19.7161,0.3988,True,True,False,27.5.6,0.0,,0.9999651,1605120241.0,ZTF19aaengyh
ztf,60880.483009300195,3126483004115015016,2,3126483004115,19.966026,1,3126,0.5263529,19.06188,16.777742,19.7169,0.20656894,0.017178593,0.025200538,0.3166,66.2296607,23.8220169,0.6357143,t17_f5_c3,19.717,0.4018,True,True,False,27.5.6,0.0,,0.99395245,1605120241.0,ZTF19aaengyh
ztf,60880.48688660003,3126486884115015016,2,3126486884115,19.810942,1,3126,0.5961741,19.168737,16.790228,19.7113,0.2102183,0.014313754,0.023510782,0.3423,66.2296342,23.8219789,0.82857144,t17_f5_c3,19.7345,0.4454,True,True,False,27.5.6,0.0,,0.9997227,1605120241.0,ZTF19aaengyh
ztf,60880.49076389987,3126490764115015032,2,3126490764115,19.818977,1,3126,0.32314238,19.041723,16.775263,19.284,0.19742066,0.016150795,0.024479834,0.2548,66.2297263,23.8220151,0.8414286,t17_f5_c3,19.4824,0.3895,True,True,False,27.5.6,0.0,,0.9997464,1605120241.0,ZTF19aaengyh
ztf,60884.4833217999,3130483324115015018,2,3130483324115,20.096363,1,3130,0.6730733,18.994787,16.769331,19.6731,0.1993452,0.018005695,0.025669862,0.2615,66.2296101,23.8219725,0.5371429,t17_f5_c3,19.879,0.3994,True,True,False,27.5.6,0.0,,0.9868299,1605120241.0,ZTF19aaengyh
