tid,mjd,candid,fid,pid,diffmaglim,isdiffpos,nid,distnr,magpsf,magpsf_corr,magap,sigmapsf,sigmapsf_corr,sigmapsf_corr_ext,sigmagap,ra,dec,rb,rbversion,drb,magapbig,sigmagapbig,rfid,has_stamp,corrected,dubious,step_id_corr,phase,parent_candid,oid
ztf,60708.55748840002,2954557480015015030,2,2954557480015,19.413723,1,2954,0.39703777,16.14605,15.794809,16.2015,0.04265211,0.024266247,0.030863455,0.0203,293.8334887,12.87039,0.7828571,t17_f5_c3,0.9999999,16.178,0.0249,1586120200.0,True,True,False,26.0.1,0.0,,ZTF18adrrndy
ztf,60708.561423600186,2954561420015015031,2,2954561420015,19.35126,1,2954,0.30847847,16.206945,15.83853,16.2709,0.042904317,0.023229914,0.030558696,0.0228,293.8334561,12.8703947,0.78571427,t17_f5_c3,0.9999999,16.2639,0.0286,1586120200.0,True,True,False,26.0.1,0.0,,ZTF18adrrndy
ztf,60708.56537039997,2954565370015015008,2,2954565370015,19.291374,1,2954,0.2803336,16.138294,15.789192,16.2551,0.04916751,0.03018004,0.035648182,0.0245,293.8334516,12.8704013,0.8214286,t17_f5_c3,0.9999999,16.2567,0.0311,1586120200.0,True,True,False,26.0.1,0.0,,ZTF18adrrndy
ztf,61072.56576390006,3318565760015010018,2,3318565760015,18.529165,-1,3318,0.58602476,18.205229,17.732893,18.0426,0.13807528,100.0,0.089367844,0.2175,293.8332373,12.8704878,0.60571426,t17_f5_c3,0.99999654,18.1485,0.308,1586120200.0,True,True,False,27.5.7a32.dev1,0.0,,ZTF18adrrndy
ztf,61072.56912040012,3318569120015010014,2,3318569120015,18.4158,-1,3318,0.362304,18.3327,17.657711,17.8978,0.166949,100.0,0.08965773,0.2002,293.8333547,12.8705549,0.448571,t17_f5_c3,,17.717,0.218,,False,True,False,27.5.7a32.dev1,0.0,3.31956929001501e+18,ZTF18adrrndy
ztf,61072.573437499814,3318573430015010025,2,3318573430015,18.249664,-1,3318,0.5277811,18.287619,17.682716,18.0291,0.15587312,100.0,0.08929157,0.2814,293.8332764,12.8705417,0.6628571,t17_f5_c3,0.9989949,18.0274,0.3611,1586120200.0,True,True,False,27.5.7a32.dev1,0.0,,ZTF18adrrndy
ztf,61073.569294000044,3319569290015010019,2,3319569290015,18.440811,-1,3319,0.6138606,18.172686,17.754488,18.4041,0.17475645,0.026318118,0.11889238,0.3638,293.8332254,12.8704841,0.70285714,t17_f5_c3,0.9999988,18.3268,0.4355,1586120200.0,True,True,False,27.5.7a32.dev1,0.0,,ZTF18adrrndy
