tid,mjd,candid,fid,pid,diffmaglim,isdiffpos,nid,distnr,magpsf,magpsf_corr,magap,sigmapsf,sigmapsf_corr,sigmapsf_corr_ext,sigmagap,ra,dec,rb,rbversion,magapbig,sigmagapbig,has_stamp,corrected,dubious,step_id_corr,phase,parent_candid,drb,rfid,oid
ztf,60666.56966440007,2912569665715010010,2,2912569665715,17.5477,-1,2912,0.5555,17.9028,17.163757,17.9354,0.232094,0.11500443,0.11750253,0.4823,254.3110672,19.0516037,0.474286,t17_f5_c3,17.9599,0.6336,False,True,False,26.0.1,0.0,2.91956238571501e+18,,,ZTF18aabpxcx
ztf,60667.56583329989,2913565835715015002,2,2913565835715,18.039,1,2913,0.461415,17.0644,16.125448,17.1055,0.117016,0.048401076,0.049279273,0.1116,254.3112868,19.0517661,0.608571,t17_f5_c3,17.0532,0.1361,False,True,False,26.0.1,0.0,2.91956238571501e+18,,,ZTF18aabpxcx
ztf,60667.56630790001,2913566305715015017,2,2913566305715,18.2585,1,2913,0.221039,17.0651,16.125742,17.0852,0.087932,0.03583917,0.037017226,0.0943,254.3111196,19.0517912,0.592857,t17_f5_c3,17.1216,0.1245,False,True,False,26.0.1,0.0,2.91956238571501e+18,,,ZTF18aabpxcx
ztf,60667.566770799924,2913566775715015000,2,2913566775715,18.2141,1,2913,0.20979,17.4573,16.273993,17.6178,0.112623,0.03635126,0.037870765,0.167,254.3111341,19.0517938,0.612857,t17_f5_c3,17.5351,0.198,False,True,False,26.0.1,0.0,2.91956238571501e+18,,,ZTF18aabpxcx
ztf,60673.55949069979,2919559495715010000,2,2919559495715,19.832922,-1,2919,0.26432705,18.680347,16.913788,18.527,0.12070523,0.014003891,0.023719305,0.1064,254.311081,19.0517192,0.88285714,t17_f5_c3,18.5789,0.1409,True,True,False,26.0.1,0.0,,0.99942833,1581120257.0,ZTF18aabpxcx
ztf,60673.562384299934,2919562385715010000,2,2919562385715,19.893744,-1,2919,0.773264,18.670462,16.915741,18.5282,0.14292522,0.020937491,0.02839359,0.1063,254.3109923,19.0515814,0.79571426,t17_f5_c3,18.6149,0.1455,True,True,False,26.0.1,0.0,,0.99782073,1581120257.0,ZTF18aabpxcx
ztf,61031.56905090017,3277569055715010040,2,3277569055715,16.5247,-1,3277,0.096251,17.0822,18.08449,16.4024,0.261071,0.6547521,0.65716606,0.2998,254.3111301,19.0517207,0.487143,t17_f5_c3,16.4552,0.4044,False,True,False,27.5.7a32.dev1,0.0,3.27757108571501e+18,,,ZTF18aabpxcx
ztf,61031.5710880002,3277571085715010020,2,3277571085715,17.656796,-1,3277,0.00875736,17.693874,17.287146,17.8144,0.21551658,0.14569913,0.1481799,0.394,254.3111529,19.051735,0.75714284,t17_f5_c3,17.868,0.5315,True,True,False,27.5.7a32.dev1,0.0,,0.98740995,1581120257.0,ZTF18aabpxcx
