tid,mjd,candid,fid,pid,diffmaglim,isdiffpos,nid,distnr,magpsf,magpsf_corr,magap,sigmapsf,sigmapsf_corr,sigmapsf_corr_ext,sigmagap,ra,dec,rb,rbversion,magapbig,sigmagapbig,has_stamp,corrected,dubious,step_id_corr,phase,parent_candid,drb,rfid,oid
ztf,58427.47737269988,673477370615015067,2,673477370615,19.5686,1,673,0.449078,19.7849,18.31251,19.8609,0.305825,0.05923609,0.07879826,0.393,165.492918,8.3046285,0.706667,t12_f5_c3,19.6579,0.4166,False,True,False,bulk_1.0.0,0.0,676482180615015028,,,ZTF18aajihiz
ztf,58430.48218750022,676482180615015028,2,676482180615,20.115469,1,676,0.9626525,19.904385,18.34206,19.8945,0.20452511,100.0,0.048508417,0.3197,165.4931124,8.3045504,0.7133333,t8_f5_c3,19.8406,0.3878,False,True,False,bulk_1.0.0,0.0,686523280615015038,0.0,522120206.0,ZTF18aajihiz
ztf,58440.523287000135,686523280615015038,2,686523280615,20.325161,1,686,0.72199595,19.965126,18.356163,20.0227,0.19497533,100.0,0.044299044,0.3201,165.4930583,8.3045966,0.78,t8_f5_c3,19.6865,0.299,False,True,False,bulk_1.0.0,0.0,710543120615015053,0.0,522120206.0,ZTF18aajihiz
ztf,58443.455069399904,689455060615015017,2,689455060615,19.6994,1,689,0.725473,19.8124,18.319529,19.3843,0.279625,0.047573935,0.07070128,0.3345,165.4930382,8.3045803,0.556667,t12_f5_c3,18.8969,0.2738,False,True,False,bulk_1.0.0,0.0,710543120615015053,,,ZTF18aajihiz
ztf,58447.48129629996,693481290615015031,2,693481290615,19.4409,1,693,0.990562,19.7784,18.310831,19.8211,0.330219,0.06791084,0.08546226,0.4729,165.4929246,8.3044731,0.76,t12_f5_c3,20.2044,0.8627,False,True,False,bulk_1.0.0,0.0,710543120615015053,,,ZTF18aajihiz
ztf,58449.46476850007,695464760615015012,2,695464760615,19.7146,1,695,0.856548,20.1486,18.39521,19.675,0.278174,100.0,0.055330034,0.4031,165.4930509,8.304543,0.686667,t12_f5_c3,19.6078,0.4854,False,True,False,bulk_1.0.0,0.0,710543120615015053,,,ZTF18aajihiz
ztf,58461.54348379979,707543480615015064,2,707543480615,20.2241,1,707,0.583409,20.3806,18.437574,20.2959,0.272527,100.0,0.04551973,0.4546,165.4930529,8.3046447,0.673333,t12_f5_c3,20.3544,0.6106,False,True,False,bulk_1.0.0,0.0,710543120615015053,,,ZTF18aajihiz
ztf,58464.54312499985,710543120615015053,2,710543120615,20.41903,1,710,0.9264757,20.131586,18.391806,20.2906,0.20952952,100.0,0.042201985,0.3423,165.4930241,8.3045131,0.82,t8_f5_c3,20.2165,0.405,True,True,False,bulk_1.0.0,0.0,0,0.0,522120206.0,ZTF18aajihiz
