tid,mjd,candid,fid,pid,diffmaglim,isdiffpos,nid,distnr,magpsf,magap,sigmapsf,sigmagap,ra,dec,rb,rbversion,magapbig,sigmagapbig,has_stamp,corrected,dubious,step_id_corr,phase,parent_candid,drb,rfid,oid
ztf,60318.53302079998,2564533020815015002,2,2564533020815,20.2843,1,2564,6.71024,19.9051,19.8705,0.168574,0.2579,128.044567,67.0837153,0.758571,t17_f5_c3,19.7889,0.3069,False,False,True,23.12.x,0.0,2.564534430815015e+18,,,ZTF24aabezeo
ztf,60318.53348380001,2564533480815015004,2,2564533480815,20.2554,1,2564,6.62999,19.8264,19.7065,0.144819,0.2242,128.0441014,67.0836889,0.757143,t17_f5_c3,19.6787,0.2802,False,False,True,23.12.x,0.0,2.564534430815015e+18,,,ZTF24aabezeo
ztf,60318.53395830002,2564533950815015007,2,2564533950815,20.321295,1,2564,6.6547637,20.052322,20.3206,0.20826516,0.385,128.0438194,67.0836609,0.67,t17_f5_c3,20.5459,0.608,True,False,True,23.12.x,0.0,,0.9999848,840120208.0,ZTF24aabezeo
ztf,60318.53443290014,2564534430815015004,2,2564534430815,20.345533,1,2564,6.463021,19.95655,20.113,0.2157244,0.3118,128.0435554,67.0837018,0.7985714,t17_f5_c3,20.215,0.4397,True,False,True,23.12.x,0.0,,0.9999747,840120208.0,ZTF24aabezeo
ztf,60318.535370400175,2564535370815015005,2,2564535370815,20.250986,1,2564,6.110294,19.998625,20.028,0.16179578,0.3,128.0431362,67.0837911,0.8,t17_f5_c3,20.091,0.408,True,False,True,23.12.x,0.0,,0.9999881,840120208.0,ZTF24aabezeo
ztf,60318.536319400184,2564536310815015004,2,2564536310815,20.25987,1,2564,6.107723,20.035212,20.1103,0.17892268,0.3235,128.0425313,67.0838041,0.56142855,t17_f5_c3,20.1369,0.4256,True,False,True,23.12.x,0.0,,0.9990397,840120208.0,ZTF24aabezeo
