tid,mjd,candid,fid,pid,diffmaglim,isdiffpos,nid,distnr,magpsf,magap,sigmapsf,sigmagap,ra,dec,rb,rbversion,magapbig,sigmagapbig,has_stamp,corrected,dubious,step_id_corr,phase,parent_candid,drb,rfid,oid
ztf,60319.42193289986,2565421931415015019,2,2565421931415,19.6905,1,2565,5.11274,17.3159,17.3489,0.05187,0.0362,84.8816642,15.5604633,0.887143,t17_f5_c3,17.3169,0.0444,False,False,True,23.12.x,0.0,2.565423341415015e+18,,,ZTF24aablrru
ztf,60319.42240739986,2565422401415015010,2,2565422401415,19.6315,1,2565,5.17383,17.3159,17.2951,0.048997,0.0346,84.8815716,15.5605428,0.855714,t17_f5_c3,17.296,0.0437,False,False,True,23.12.x,0.0,2.565423811415015e+18,,,ZTF24aablrru
ztf,60319.422870399896,2565422871415015012,2,2565422871415,19.6486,1,2565,5.33122,17.312,17.3185,0.053985,0.0357,84.8814794,15.5605891,0.862857,t17_f5_c3,17.2779,0.0435,False,False,True,23.12.x,0.0,2.565423811415015e+18,,,ZTF24aablrru
ztf,60319.4233448999,2565423341415015014,2,2565423341415,19.660194,1,2565,5.500808,17.328417,17.2913,0.047007922,0.0348,84.8813728,15.5606636,0.83428574,t17_f5_c3,17.205,0.0408,True,False,True,23.12.x,0.0,,0.99988896,562120214.0,ZTF24aablrru
ztf,60319.423819399904,2565423811415015010,2,2565423811415,19.645397,1,2565,5.6528215,17.32527,17.2707,0.052655697,0.0344,84.8812824,15.5607365,0.8585714,t17_f5_c3,17.2498,0.0426,True,False,True,23.12.x,0.0,,0.9999796,562120214.0,ZTF24aablrru
ztf,60319.42428239994,2565424281415015010,2,2565424281415,19.663086,1,2565,5.9346037,17.319353,17.3831,0.052591715,0.0376,84.8811605,15.5608104,0.87285715,t17_f5_c3,17.39,0.0479,True,False,True,23.12.x,0.0,,0.9996324,562120214.0,ZTF24aablrru
ztf,60319.42475689994,2565424751415015012,2,2565424751415,19.5631,1,2565,6.08108,17.3823,17.3369,0.055386,0.0362,84.8810838,15.5608885,0.787143,t17_f5_c3,17.2952,0.0442,False,False,True,23.12.x,0.0,2.565425211415015e+18,,,ZTF24aablrru
ztf,60319.425219899975,2565425211415015015,2,2565425211415,19.600222,1,2565,6.345502,17.334936,17.327,0.052771274,0.0362,84.8809818,15.56095,0.8485714,t17_f5_c3,17.2636,0.0433,True,False,True,23.12.x,0.0,,0.9998209,562120214.0,ZTF24aablrru
