tid,mjd,candid,fid,pid,diffmaglim,isdiffpos,nid,distnr,magpsf,magap,sigmapsf,sigmagap,ra,dec,rb,rbversion,magapbig,sigmagapbig,has_stamp,corrected,dubious,step_id_corr,phase,parent_candid,drb,rfid,oid
ztf,60317.457893500105,2563457895815015015,2,2563457895815,19.4867,1,2563,7.53129,17.7726,17.7153,0.081098,0.0495,93.6721189,21.4535022,0.592857,t17_f5_c3,17.7077,0.0625,False,False,True,23.12.x,0.0,2.563459785815015e+18,,,ZTF24aabbomz
ztf,60317.458368100226,2563458365815015014,2,2563458365815,19.5542,1,2563,7.84714,17.7503,17.7232,0.057773,0.05,93.6720266,21.4534461,0.668571,t17_f5_c3,17.6297,0.0584,False,False,True,23.12.x,0.0,2.563460255815015e+18,,,ZTF24aabbomz
ztf,60317.45884260023,2563458845815015021,2,2563458845815,19.4813,1,2563,8.17112,17.7421,17.7916,0.078379,0.0539,93.671924,21.4535197,0.681429,t17_f5_c3,17.7445,0.0658,False,False,True,23.12.x,0.0,2.563460255815015e+18,,,ZTF24aabbomz
ztf,60317.4593055998,2563459305815015017,2,2563459305815,19.516,1,2563,8.55108,17.7732,17.7739,0.08035,0.0528,93.6718117,21.4535139,0.687143,t17_f5_c3,17.7086,0.0634,False,False,True,23.12.x,0.0,2.563460255815015e+18,,,ZTF24aabbomz
ztf,60317.4597800998,2563459785815015014,2,2563459785815,19.5487,1,2563,8.76845,17.7776,17.7169,0.054502,0.0504,93.6717457,21.4535071,0.695714,t17_f5_c3,17.738,0.0654,False,False,True,23.12.x,0.0,2.563461195815015e+18,,,ZTF24aabbomz
ztf,60317.460254599806,2563460255815015012,2,2563460255815,19.540945,1,2563,9.19731,17.78525,17.7574,0.06937332,0.0526,93.6716149,21.4534983,0.6471428,t17_f5_c3,17.7061,0.0638,True,False,True,23.12.x,0.0,,0.9999826,563120258.0,ZTF24aabbomz
ztf,60317.46071759984,2563460715815015011,2,2563460715815,19.632261,1,2563,9.52956,17.751036,17.7998,0.058598064,0.0548,93.6715136,21.4534902,0.82285714,t17_f5_c3,17.7658,0.0677,True,False,True,23.12.x,0.0,,0.9999998,563120258.0,ZTF24aabbomz
ztf,60317.46119209984,2563461195815015014,2,2563461195815,19.5736,1,2563,9.751956,17.77672,17.7271,0.05889184,0.0513,93.6714487,21.4535029,0.74857146,t17_f5_c3,17.6803,0.0625,True,False,True,23.12.x,0.0,,0.9999999,563120258.0,ZTF24aabbomz
ztf,60317.461666699965,2563461665815015015,2,2563461665815,19.575764,1,2563,10.182623,17.78053,17.6963,0.06385187,0.0503,93.6713167,21.4535041,0.73285717,t17_f5_c3,17.7114,0.0648,True,False,True,23.12.x,0.0,,0.9999999,563120258.0,ZTF24aabbomz
