tid,mjd,candid,fid,pid,diffmaglim,isdiffpos,nid,distnr,magpsf,magap,sigmapsf,sigmagap,ra,dec,rb,rbversion,magapbig,sigmagapbig,has_stamp,corrected,dubious,step_id_corr,phase,parent_candid,drb,rfid,oid
ztf,60319.17268519988,2565172683915015008,2,2565172683915,19.8843,1,2565,4.24584,19.9864,20.2053,0.267588,0.4108,90.1282458,19.7395132,0.471429,t17_f5_c3,20.1527,0.5025,False,False,False,23.12.x,0.0,2.565174573915015e+18,,,ZTF24aabhfym
ztf,60319.17315969989,2565173153915015006,2,2565173153915,19.895,1,2565,4.4869,20.1163,19.727,0.22704,0.2655,90.1283229,19.7395107,0.298571,t17_f5_c3,19.4905,0.274,False,False,False,23.12.x,0.0,2.565174573915015e+18,,,ZTF24aabhfym
ztf,60319.17363430001,2565173633915015009,2,2565173633915,19.9996,1,2565,4.10847,19.8475,19.7004,0.176282,0.259,90.1281958,19.7395263,0.598571,t17_f5_c3,19.7554,0.3494,False,False,False,23.12.x,0.0,2.565175503915015e+18,,,ZTF24aabhfym
ztf,60319.174097199924,2565174093915015010,2,2565174093915,20.1391,1,2565,3.71637,19.7591,19.8495,0.135818,0.2749,90.1280321,19.7395813,0.734286,t17_f5_c3,19.6911,0.3047,False,False,False,23.12.x,0.0,2.565175503915015e+18,,,ZTF24aabhfym
ztf,60319.174571800046,2565174573915015008,2,2565174573915,20.13755,1,2565,3.5793364,19.89621,19.962,0.16090976,0.3037,90.127976,19.7395876,0.66571426,t17_f5_c3,20.1235,0.4517,True,False,False,23.12.x,0.0,,0.99951416,562120239.0,ZTF24aabhfym
ztf,60319.17504630005,2565175043915015007,2,2565175043915,20.151554,1,2565,3.4404483,19.752172,19.9889,0.16063179,0.3107,90.1279003,19.7396192,0.68142855,t17_f5_c3,19.519,0.2588,True,False,False,23.12.x,0.0,,0.99752635,562120239.0,ZTF24aabhfym
ztf,60319.17550930008,2565175503915015008,2,2565175503915,20.158659,1,2565,3.3350666,19.8225,20.1491,0.16009639,0.3628,90.1278106,19.7396765,0.63,t17_f5_c3,20.2965,0.5329,True,False,False,23.12.x,0.0,,0.96807563,562120239.0,ZTF24aabhfym
ztf,60319.17598380009,2565175983915015009,2,2565175983915,20.105713,1,2565,2.9877799,19.711649,19.9524,0.16536719,0.3162,90.1276684,19.739674,0.5957143,t17_f5_c3,19.7013,0.3224,True,False,False,23.12.x,0.0,,0.99918157,562120239.0,ZTF24aabhfym
