tid,mjd,candid,fid,pid,diffmaglim,isdiffpos,nid,distnr,magpsf,magap,sigmapsf,sigmagap,ra,dec,rb,rbversion,magapbig,sigmagapbig,has_stamp,corrected,dubious,step_id_corr,phase,parent_candid,drb,rfid,oid
ztf,60317.29348379979,2563293483115015026,2,2563293483115,20.0946,1,2563,5.81256,17.7167,17.7269,0.028739,0.0405,92.7360049,17.5404316,0.958571,t17_f5_c3,17.698,0.0499,False,False,True,23.12.x,0.0,2.563294903115015e+18,,,ZTF24aaaxwam
ztf,60317.29395829979,2563293953115015039,2,2563293953115,20.0855,1,2563,5.88898,17.7218,17.7385,0.023236,0.0406,92.735873,17.5404601,0.968571,t17_f5_c3,17.7512,0.0519,False,False,True,23.12.x,0.0,2.563295373115015e+18,,,ZTF24aaaxwam
ztf,60317.294432899915,2563294433115015031,2,2563294433115,20.0649,1,2563,5.91816,17.7527,17.7468,0.023648,0.0408,92.7357547,17.5404704,0.965714,t17_f5_c3,17.7326,0.0509,False,False,True,23.12.x,0.0,2.563295373115015e+18,,,ZTF24aaaxwam
ztf,60317.29490739992,2563294903115015030,2,2563294903115,20.1045,1,2563,6.03137,17.7143,17.7422,0.025817,0.0405,92.7356287,17.5404962,0.968571,t17_f5_c3,17.7611,0.0521,False,False,True,23.12.x,0.0,2.563295373115015e+18,,,ZTF24aaaxwam
ztf,60317.29537039995,2563295373115015025,2,2563295373115,20.1331,1,2563,6.1581,17.7143,17.7314,0.023561,0.0399,92.7355018,17.5405159,0.971429,t17_f5_c3,17.7386,0.0507,False,False,True,23.12.x,0.0,2.563295843115015e+18,,,ZTF24aaaxwam
ztf,60317.295844899956,2563295843115015028,2,2563295843115,20.132982,1,2563,6.3157406,17.735786,17.7547,0.024663884,0.0408,92.7353825,17.5405377,0.9671429,t17_f5_c3,17.7116,0.0496,True,False,True,23.12.x,0.0,,0.9999999,563120231.0,ZTF24aaaxwam
ztf,60317.29631939996,2563296313115015027,2,2563296313115,20.152811,1,2563,6.511757,17.74115,17.7954,0.027367147,0.0419,92.7352391,17.5405582,0.9714286,t17_f5_c3,17.7842,0.0524,True,False,True,23.12.x,0.0,,0.99999964,563120231.0,ZTF24aaaxwam
ztf,60317.29679400008,2563296793115015028,2,2563296793115,20.137072,1,2563,6.720802,17.708616,17.7537,0.024246726,0.0407,92.7351408,17.5405897,0.97,t17_f5_c3,17.7574,0.0516,True,False,True,23.12.x,0.0,,1.0,563120231.0,ZTF24aaaxwam
