tid,mjd,candid,fid,pid,diffmaglim,isdiffpos,nid,distnr,magpsf,magap,sigmapsf,sigmagap,ra,dec,rb,rbversion,magapbig,sigmagapbig,has_stamp,corrected,dubious,step_id_corr,phase,parent_candid,drb,rfid,oid
ztf,60319.34371529985,2565343712615015040,2,2565343712615,20.17,1,2565,5.05924,19.491,19.4886,0.115291,0.1927,87.2014576,17.3670469,0.854286,t17_f5_c3,19.4525,0.2388,False,False,False,23.12.x,0.0,2.565345602615015e+18,,,ZTF24aabkmav
ztf,60319.34418979986,2565344182615015046,2,2565344182615,20.2122,1,2565,4.82537,19.6555,19.7578,0.134002,0.2422,87.2013904,17.3669755,0.75,t17_f5_c3,19.6939,0.2929,False,False,False,23.12.x,0.0,2.565345602615015e+18,,,ZTF24aabkmav
ztf,60319.34465279989,2565344652615015042,2,2565344652615,20.0247,1,2565,4.27976,19.6583,19.6519,0.158565,0.226,87.2012349,17.3669454,0.635714,t17_f5_c3,19.818,0.3377,False,False,False,23.12.x,0.0,2.565346072615015e+18,,,ZTF24aabkmav
ztf,60319.345127299894,2565345122615015042,2,2565345122615,20.1464,1,2565,4.07815,19.4664,19.3385,0.120003,0.1667,87.2011754,17.3669346,0.657143,t17_f5_c3,19.376,0.221,False,False,False,23.12.x,0.0,2.565346072615015e+18,,,ZTF24aabkmav
ztf,60319.345601900015,2565345602615015051,2,2565345602615,20.179987,1,2565,3.8150766,19.611578,19.6534,0.10632212,0.2235,87.2011082,17.3668836,0.7814286,t17_f5_c3,19.5512,0.2607,True,False,False,23.12.x,0.0,,0.9999993,562120226.0,ZTF24aabkmav
ztf,60319.34607640002,2565346072615015043,2,2565346072615,20.265486,1,2565,3.2224681,19.622683,19.6753,0.11182565,0.2271,87.2009358,17.3668512,0.8042857,t17_f5_c3,19.7387,0.3083,True,False,False,23.12.x,0.0,,0.99995553,562120226.0,ZTF24aabkmav
ztf,60319.34653940005,2565346532615015049,2,2565346532615,20.269516,1,2565,2.8827896,19.492811,19.3751,0.10007716,0.1679,87.2008456,17.3667688,0.8057143,t17_f5_c3,19.2137,0.1853,True,False,False,23.12.x,0.0,,0.9999411,562120226.0,ZTF24aabkmav
ztf,60319.34701390006,2565347012615015045,2,2565347012615,20.214012,1,2565,2.5302365,19.808868,19.7843,0.16053979,0.2524,87.2007438,17.3667482,0.68857145,t17_f5_c3,19.7442,0.3117,True,False,False,23.12.x,0.0,,0.9843821,562120226.0,ZTF24aabkmav
ztf,60319.34748840006,2565347482615015056,2,2565347482615,20.205805,1,2565,2.094831,19.54576,19.9606,0.14125317,0.2921,87.2006159,17.3667306,0.70428574,t17_f5_c3,19.8733,0.3458,True,False,False,23.12.x,0.0,,0.9999944,562120226.0,ZTF24aabkmav
