tid,mjd,candid,fid,pid,diffmaglim,isdiffpos,nid,distnr,magpsf,magap,sigmapsf,sigmagap,ra,dec,rb,rbversion,magapbig,sigmagapbig,has_stamp,corrected,dubious,step_id_corr,phase,parent_candid,drb,rfid,oid
ztf,60318.28618060006,2564286183315015008,2,2564286183315,20.1009,1,2564,4.13043,19.4806,19.6223,0.168933,0.214,136.1420257,70.4234771,0.838571,t17_f5_c3,19.4305,0.23,False,False,True,23.12.x,0.0,2.564287593315015e+18,,,ZTF24aabechm
ztf,60318.28665510006,2564286653315015009,2,2564286653315,20.0658,1,2564,3.94729,19.3776,19.3765,0.157974,0.1747,136.1416832,70.4234906,0.764286,t17_f5_c3,19.453,0.24,False,False,True,23.12.x,0.0,2.564287593315015e+18,,,ZTF24aabechm
ztf,60318.287118100096,2564287113315015009,2,2564287113315,20.0644,1,2564,3.96098,19.5783,19.6044,0.179914,0.2139,136.1415116,70.4235268,0.775714,t17_f5_c3,19.7579,0.3154,False,False,True,23.12.x,0.0,2.564287593315015e+18,,,ZTF24aabechm
ztf,60318.2875926001,2564287593315015004,2,2564287593315,20.058569,1,2564,3.801613,19.420927,19.2717,0.13801561,0.1568,136.1409456,70.4235557,0.63857144,t17_f5_c3,19.1066,0.1726,True,False,True,23.12.x,0.0,,0.9998839,840120233.0,ZTF24aabechm
ztf,60318.288067100104,2564288063315015010,2,2564288063315,20.071867,1,2564,3.9842353,19.458078,19.5544,0.13496502,0.2016,136.140988,70.4236051,0.83428574,t17_f5_c3,19.465,0.238,True,False,True,23.12.x,0.0,,0.99993813,840120233.0,ZTF24aabechm
ztf,60318.288541700225,2564288543315015006,2,2564288543315,20.056803,1,2564,3.72681,19.736658,19.6725,0.19076544,0.2282,136.1406353,70.4235609,0.62857145,t17_f5_c3,19.3635,0.2205,True,False,True,23.12.x,0.0,,0.99933803,840120233.0,ZTF24aabechm
ztf,60318.2894791998,2564289473315015012,2,2564289473315,20.059225,1,2564,4.0158525,19.657957,19.8889,0.1620046,0.2823,136.1400248,70.4236641,0.80714285,t17_f5_c3,20.0449,0.4177,True,False,True,23.12.x,0.0,,0.99999094,840120233.0,ZTF24aabechm
ztf,60318.2899536998,2564289953315015011,2,2564289953315,20.107714,1,2564,3.7521365,19.614786,19.4049,0.15257572,0.1773,136.140056,70.4235899,0.61142856,t17_f5_c3,19.632,0.28,True,False,True,23.12.x,0.0,,0.99936557,840120233.0,ZTF24aabechm
ztf,60318.290416699834,2564290413315015008,2,2564290413315,20.167955,1,2564,3.7048676,19.470573,19.705,0.13473056,0.2259,136.1397647,70.4235738,0.82857144,t17_f5_c3,19.482,0.236,True,False,True,23.12.x,0.0,,0.9998697,840120233.0,ZTF24aabechm
