tid,mjd,candid,fid,pid,diffmaglim,isdiffpos,nid,distnr,magpsf,magap,sigmapsf,sigmagap,ra,dec,rb,rbversion,magapbig,sigmagapbig,has_stamp,corrected,dubious,step_id_corr,phase,parent_candid,drb,rfid,oid
ztf,60317.30809029983,2563308092315015015,2,2563308092315,19.9558,1,2563,9.46183,19.0752,19.0845,0.1134,0.1315,97.0285157,17.5788404,0.672857,t17_f5_c3,19.0734,0.1667,False,False,True,23.12.x,0.0,2.563309512315015e+18,,,ZTF24aaayedd
ztf,60317.30856479984,2563308562315015019,2,2563308562315,19.931,1,2563,9.83439,19.2046,19.2857,0.126229,0.1499,97.0284041,17.5788477,0.61,t17_f5_c3,19.1391,0.1678,False,False,True,23.12.x,0.0,2.563309972315015e+18,,,ZTF24aaayedd
ztf,60317.30903939996,2563309032315015015,2,2563309032315,19.8725,1,2563,10.192,19.1348,19.2935,0.131489,0.1498,97.0283095,17.5789025,0.558571,t17_f5_c3,19.2549,0.1853,False,False,True,23.12.x,0.0,2.563309972315015e+18,,,ZTF24aaayedd
ztf,60317.30951389996,2563309512315015019,2,2563309512315,19.9302,1,2563,10.8734,19.2463,19.3186,0.135496,0.1518,97.0281182,17.5789635,0.557143,t17_f5_c3,19.2748,0.1868,False,False,True,23.12.x,0.0,2.563310452315015e+18,,,ZTF24aaayedd
ztf,60317.3099769,2563309972315015017,2,2563309972315,19.959976,1,2563,11.268447,19.194328,19.2783,0.13708735,0.1421,97.0280077,17.5789813,0.5714286,t17_f5_c3,19.2232,0.1729,True,False,True,23.12.x,0.0,,0.9999549,563120223.0,ZTF24aaayedd
ztf,60317.3104514,2563310452315015021,2,2563310452315,19.932783,1,2563,11.750979,19.081627,19.0831,0.112731375,0.129,97.0278743,17.5790516,0.56714284,t17_f5_c3,18.9712,0.1489,True,False,True,23.12.x,0.0,,0.9999957,563120223.0,ZTF24aaayedd
ztf,60317.310914400034,2563310912315015020,2,2563310912315,19.999584,1,2563,12.097402,19.080061,19.1403,0.10306368,0.1308,97.027779,17.5790911,0.74142855,t17_f5_c3,19.2724,0.1888,True,False,True,23.12.x,0.0,,0.9999995,563120223.0,ZTF24aaayedd
ztf,60317.31138890004,2563311382315015018,2,2563311382315,20.0539,1,2563,12.6617,19.2769,19.2418,0.119288,0.1433,97.0276119,17.5791113,0.677143,t17_f5_c3,19.1675,0.1714,False,False,True,23.12.x,0.0,2.563311862315015e+18,,,ZTF24aaayedd
ztf,60317.31186340004,2563311862315015018,2,2563311862315,19.991493,1,2563,13.095827,19.202982,19.1879,0.13044013,0.1431,97.0274887,17.5791414,0.67285717,t17_f5_c3,19.1419,0.1756,True,False,True,23.12.x,0.0,,0.9999993,563120223.0,ZTF24aaayedd
