tid,mjd,candid,fid,pid,diffmaglim,isdiffpos,nid,distnr,magpsf,magap,sigmapsf,sigmagap,ra,dec,rb,rbversion,magapbig,sigmagapbig,has_stamp,corrected,dubious,step_id_corr,phase,parent_candid,drb,rfid,oid
ztf,60319.132638900075,2565132633915015000,2,2565132633915,19.4966,1,2565,6.70904,18.8422,18.8489,0.132321,0.1568,89.7312312,19.8388537,0.66,t17_f5_c3,18.8627,0.2035,False,False,False,23.12.x,0.0,2.565134513915015e+18,,,ZTF24aabghoi
ztf,60319.13310190011,2565133103915015000,2,2565133103915,19.7615,1,2565,6.40739,18.9772,18.9951,0.128276,0.1536,89.7311406,19.8388625,0.775714,t17_f5_c3,18.8509,0.1723,False,False,False,23.12.x,0.0,2.565134513915015e+18,,,ZTF24aabghoi
ztf,60319.13357640011,2565133573915015000,2,2565133573915,19.7894,1,2565,6.07468,18.9817,19.1866,0.102481,0.1811,89.7310217,19.8388255,0.757143,t17_f5_c3,19.3427,0.2678,False,False,False,23.12.x,0.0,2.565134513915015e+18,,,ZTF24aabghoi
ztf,60319.13405090012,2565134053915015000,2,2565134053915,19.6452,1,2565,5.88049,19.0355,19.2243,0.110741,0.2177,89.7309568,19.8388339,0.741429,t17_f5_c3,19.2693,0.2909,False,False,False,23.12.x,0.0,2.565134513915015e+18,,,ZTF24aabghoi
ztf,60319.13451390015,2565134513915015001,2,2565134513915,19.431284,1,2565,5.3240414,19.017963,18.8145,0.1279929,0.1666,89.7307887,19.8388625,0.49285713,t17_f5_c3,18.9326,0.2381,True,False,False,23.12.x,0.0,,0.99993616,562120239.0,ZTF24aabghoi
ztf,60319.134988400154,2565134983915015000,2,2565134983915,19.313353,1,2565,5.163945,18.942924,18.8019,0.16936329,0.2027,89.7306915,19.8387913,0.53571427,t17_f5_c3,18.8824,0.28,True,False,False,23.12.x,0.0,,0.9998598,562120239.0,ZTF24aabghoi
