tid,mjd,candid,fid,pid,diffmaglim,isdiffpos,nid,distnr,magpsf,magap,sigmapsf,sigmagap,ra,dec,rb,rbversion,magapbig,sigmagapbig,has_stamp,corrected,dubious,step_id_corr,phase,parent_candid,drb,rfid,oid
ztf,60319.28954860009,2565289543515015011,2,2565289543515,20.3477,1,2565,8.10013,19.0987,19.172,0.103876,0.1267,91.5308234,19.5074817,0.957143,t17_f5_c3,19.2914,0.1808,False,False,True,23.12.x,0.0,2.565290963515015e+18,,,ZTF24aabjlas
ztf,60319.290011600126,2565290013515015011,2,2565290013515,20.3271,1,2565,7.8426,19.108,19.1553,0.090942,0.122,91.5307055,19.507498,0.917143,t17_f5_c3,19.1596,0.1565,False,False,True,23.12.x,0.0,2.565291423515015e+18,,,ZTF24aabjlas
ztf,60319.29048610013,2565290483515015008,2,2565290483515,20.2754,1,2565,7.4284,19.0679,18.9873,0.110272,0.1088,91.5305654,19.5075582,0.875714,t17_f5_c3,19.091,0.1529,False,False,True,23.12.x,0.0,2.565291423515015e+18,,,ZTF24aabjlas
ztf,60319.290960600134,2565290963515015007,2,2565290963515,20.391932,1,2565,7.106375,19.075432,19.1126,0.110963725,0.1154,91.530459,19.5076075,0.94857144,t17_f5_c3,19.0238,0.1361,True,False,True,23.12.x,0.0,,0.99999946,562120235.0,ZTF24aabjlas
ztf,60319.29142360017,2565291423515015011,2,2565291423515,20.296326,1,2565,6.7374053,19.189953,19.327,0.11313424,0.1467,91.5303376,19.5076426,0.94,t17_f5_c3,19.438,0.2078,True,False,True,23.12.x,0.0,,0.9999999,562120235.0,ZTF24aabjlas
ztf,60319.29189810017,2565291893515015011,2,2565291893515,20.338736,1,2565,6.385736,19.040749,19.0007,0.10272348,0.1076,91.5302248,19.5076656,0.88285714,t17_f5_c3,18.8637,0.1213,True,False,True,23.12.x,0.0,,0.99999857,562120235.0,ZTF24aabjlas
ztf,60319.29237269983,2565292373515015014,2,2565292373515,20.342878,1,2565,6.1094356,19.091389,19.1733,0.10157972,0.1259,91.5301267,19.5077172,0.96,t17_f5_c3,19.1718,0.1607,True,False,True,23.12.x,0.0,,0.9999997,562120235.0,ZTF24aabjlas
ztf,60319.29283560021,2565292833515015009,2,2565292833515,20.344648,1,2565,5.5923047,19.114029,19.0887,0.12754385,0.1164,91.5299664,19.5077198,0.9185714,t17_f5_c3,19.0582,0.1447,True,False,True,23.12.x,0.0,,0.999998,562120235.0,ZTF24aabjlas
