tid,mjd,candid,fid,pid,diffmaglim,isdiffpos,nid,distnr,magpsf,magap,sigmapsf,sigmagap,ra,dec,rb,rbversion,magapbig,sigmagapbig,has_stamp,corrected,dubious,step_id_corr,phase,parent_candid,drb,rfid,oid
ztf,60319.39413189981,2565394135415015028,2,2565394135415,19.99,1,2565,9.05081,19.264,19.4372,0.107031,0.2017,88.9696756,21.2737698,0.894286,t17_f5_c3,19.5484,0.2866,False,False,True,23.12.x,0.0,2.565395545415015e+18,,,ZTF24aablian
ztf,60319.39460649993,2565394605415015029,2,2565394605415,19.9368,1,2565,8.68453,19.2476,19.0468,0.121743,0.1485,88.9695148,21.2737645,0.76,t17_f5_c3,19.075,0.1953,False,False,True,23.12.x,0.0,2.565395545415015e+18,,,ZTF24aablian
ztf,60319.39506939985,2565395065415015031,2,2565395065415,19.9464,1,2565,8.50002,19.1153,19.1907,0.131559,0.1625,88.9694081,21.2737826,0.867143,t17_f5_c3,19.1852,0.2071,False,False,True,23.12.x,0.0,2.565396495415015e+18,,,ZTF24aablian
ztf,60319.39554399997,2565395545415015024,2,2565395545415,19.848158,1,2565,8.317348,19.198563,19.3063,0.14063117,0.2085,88.9693102,21.2737883,0.86142856,t17_f5_c3,19.6593,0.3699,True,False,True,23.12.x,0.0,,0.99972445,562120254.0,ZTF24aablian
ztf,60319.396018499974,2565396015415015028,2,2565396015415,20.002228,1,2565,8.064432,19.201838,18.9764,0.11765438,0.1338,88.9692171,21.2737618,0.77428573,t17_f5_c3,19.0297,0.18,True,False,True,23.12.x,0.0,,0.99992824,562120254.0,ZTF24aablian
ztf,60319.396493100096,2565396495415015035,2,2565396495415,19.945513,1,2565,7.7982545,19.153088,19.227,0.12072895,0.1653,88.9690448,21.2737787,0.7828571,t17_f5_c3,19.4154,0.2518,True,False,True,23.12.x,0.0,,0.99998873,562120254.0,ZTF24aablian
ztf,60319.3969676001,2565396965415015037,2,2565396965415,19.98049,1,2565,7.717601,19.119274,19.0959,0.10850315,0.1468,88.9689761,21.2737928,0.91,t17_f5_c3,19.0405,0.1787,True,False,True,23.12.x,0.0,,0.99989194,562120254.0,ZTF24aablian
ztf,60319.39743060013,2565397435415015022,2,2565397435415,19.81318,1,2565,7.721825,19.147404,19.0855,0.1334986,0.1565,88.9688702,21.2738486,0.8542857,t17_f5_c3,18.9988,0.1853,True,False,True,23.12.x,0.0,,0.99999446,562120254.0,ZTF24aablian
ztf,60319.39790510014,2565397905415015031,2,2565397905415,19.733213,1,2565,7.416067,19.10405,19.1335,0.13383487,0.1682,88.9687436,21.2738088,0.76857144,t17_f5_c3,19.0244,0.1951,True,False,True,23.12.x,0.0,,0.99996924,562120254.0,ZTF24aablian
