tid,mjd,candid,fid,pid,diffmaglim,isdiffpos,nid,distnr,magpsf,magpsf_corr,magap,sigmapsf,sigmapsf_corr,sigmapsf_corr_ext,sigmagap,ra,dec,rb,rbversion,drb,magapbig,sigmagapbig,rfid,has_stamp,corrected,dubious,step_id_corr,phase,parent_candid,oid
ztf,61070.5674883998,3316567481715015005,2,3316567481715,18.566221,1,3316,1.2931385,17.366938,15.846651,17.6111,0.10238721,0.020790368,0.025242433,0.0877,276.1646586,-10.2040656,0.55,t17_f5_c3,0.9999846,17.5946,0.1099,383120217.0,True,True,False,27.5.7a32.dev1,0.0,,ZTF26aaeishf
ztf,61070.57298609987,3316572981715015003,2,3316572981715,18.258274,1,3316,0.9076925,17.463724,15.869724,17.4328,0.105625555,0.019446926,0.024331499,0.1087,276.1645582,-10.2040176,0.6571429,t17_f5_c3,0.99999726,17.4994,0.1478,383120217.0,True,True,False,27.5.7a32.dev1,0.0,,ZTF26aaeishf
ztf,61071.565844899975,3317565841715015004,2,3317565841715,18.297392,1,3317,0.8375752,17.644402,15.908759,17.6384,0.1404137,0.024003383,0.028389147,0.128,276.1645409,-10.2040074,0.6542857,t17_f5_c3,0.99987376,17.6599,0.1671,383120217.0,True,True,False,27.5.7a32.dev1,0.0,,ZTF26aaeishf
ztf,61100.543750000186,3346543745215010038,2,3346543745215,19.6222,-1,3346,0.326941,18.5933,16.171864,18.807,0.163329,100.0,0.01755857,0.1904,276.1643099,-10.2039546,0.751429,t17_f5_c3,,18.707,0.2209,,False,True,False,27.5.7a32.dev1,0.0,3.3525370452150103e+18,ZTF26aaeishf
ztf,61105.538344900124,3351538345215010022,2,3351538345215,19.5591,-1,3351,0.159459,18.0392,16.252506,18.0741,0.085412,100.0,0.016475623,0.1003,276.1643235,-10.2039082,0.884286,t17_f5_c3,,18.181,0.1407,,False,True,False,27.5.7a32.dev1,0.0,3.3525370452150103e+18,ZTF26aaeishf
ztf,61106.53704860015,3352537045215010050,2,3352537045215,18.969471,-1,3352,0.79709685,17.842918,16.29482,18.0231,0.09006762,100.0,0.021643616,0.1016,276.1644915,-10.2040561,0.68285716,t17_f5_c3,0.99935544,18.0621,0.1339,1376120252.0,True,True,False,27.5.7a32.dev1,0.0,,ZTF26aaeishf
