tid,mjd,candid,fid,pid,diffmaglim,isdiffpos,nid,distnr,magpsf,magap,sigmapsf,sigmagap,ra,dec,rb,rbversion,magapbig,sigmagapbig,has_stamp,corrected,dubious,step_id_corr,phase,parent_candid,drb,rfid,oid
ztf,60319.14818290016,2565148183115015005,2,2565148183115,19.9912,1,2565,14.149,18.44,18.452,0.07167,0.0806,85.9173201,17.7675777,0.932857,t17_f5_c3,18.4182,0.0997,False,False,True,23.12.x,0.0,2.565150063115015e+18,,,ZTF24aabguhq
ztf,60319.14865740016,2565148653115015006,2,2565148653115,20.0752,1,2565,14.4087,18.4615,18.5194,0.071788,0.0836,85.9172309,17.7675621,0.945714,t17_f5_c3,18.6305,0.118,False,False,True,23.12.x,0.0,2.565150063115015e+18,,,ZTF24aabguhq
ztf,60319.149131900165,2565149133115015005,2,2565149133115,19.8755,1,2565,14.7035,18.4995,18.5592,0.080182,0.0893,85.9171546,17.7676061,0.797143,t17_f5_c3,18.5537,0.1135,False,False,True,23.12.x,0.0,2.565150063115015e+18,,,ZTF24aabguhq
ztf,60319.1495949002,2565149593115015003,2,2565149593115,19.8348,1,2565,15.1488,18.5122,18.6262,0.074951,0.0976,85.9170283,17.7676388,0.804286,t17_f5_c3,18.6984,0.1331,False,False,True,23.12.x,0.0,2.565151013115015e+18,,,ZTF24aabguhq
ztf,60319.1500694002,2565150063115015007,2,2565150063115,19.8324,1,2565,15.5134,18.4422,18.4549,0.075172,0.0838,85.9169391,17.7677062,0.78,t17_f5_c3,18.5097,0.1123,False,False,True,23.12.x,0.0,2.565151013115015e+18,,,ZTF24aabguhq
ztf,60319.15054399986,2565150543115015006,2,2565150543115,19.93166,1,2565,15.90032,18.492367,18.4959,0.06945894,0.0865,85.9168281,17.7677343,0.9185714,t17_f5_c3,18.4325,0.1042,True,False,True,23.12.x,0.0,,0.9999999,562120231.0,ZTF24aabguhq
ztf,60319.15101849986,2565151013115015002,2,2565151013115,19.897247,1,2565,16.189589,18.517778,18.4917,0.08219448,0.0878,85.9167452,17.7677557,0.8428571,t17_f5_c3,18.4825,0.1111,True,False,True,23.12.x,0.0,,0.9999998,562120231.0,ZTF24aabguhq
ztf,60319.151481499895,2565151483115015003,2,2565151483115,19.786879,1,2565,16.52493,18.526335,18.593,0.087595336,0.1044,85.9166354,17.7678058,0.9057143,t17_f5_c3,18.6086,0.1354,True,False,True,23.12.x,0.0,,1.0,562120231.0,ZTF24aabguhq
ztf,60319.1519559999,2565151953115015005,2,2565151953115,19.426798,1,2565,16.590591,18.506237,18.4431,0.08997256,0.1335,85.9165613,17.7678596,0.8814286,t17_f5_c3,18.4648,0.1743,True,False,True,23.12.x,0.0,,0.9999999,562120231.0,ZTF24aabguhq
