tid,mjd,candid,fid,pid,diffmaglim,isdiffpos,nid,distnr,magpsf,magap,sigmapsf,sigmagap,ra,dec,rb,rbversion,magapbig,sigmagapbig,has_stamp,corrected,dubious,step_id_corr,phase,parent_candid,drb,rfid,oid
ztf,60317.284548600204,2563284541415015018,2,2563284541415,20.2052,1,2563,8.5554,18.0493,18.0436,0.064165,0.0489,92.5658038,15.7004915,0.977143,t17_f5_c3,17.9942,0.059,False,False,True,23.12.x,0.0,2.563286431415015e+18,,,ZTF24aaaxqfn
ztf,60317.28501159977,2563285011415015013,2,2563285011415,20.1959,1,2563,8.69827,18.0352,17.9952,0.060456,0.0469,92.5656781,15.7005178,0.982857,t17_f5_c3,17.9836,0.0586,False,False,True,23.12.x,0.0,2.563286431415015e+18,,,ZTF24aaaxqfn
ztf,60317.285486099776,2563285481415015017,2,2563285481415,20.1694,1,2563,8.8323,18.0328,18.1157,0.064286,0.0526,92.5655979,15.7005427,0.984286,t17_f5_c3,18.1038,0.0658,False,False,True,23.12.x,0.0,2.563286431415015e+18,,,ZTF24aaaxqfn
ztf,60317.28596059978,2563285961415015012,2,2563285961415,20.1199,1,2563,8.88651,18.0257,17.997,0.055615,0.0483,92.565486,15.7005324,0.974286,t17_f5_c3,17.9452,0.0582,False,False,True,23.12.x,0.0,2.563287371415015e+18,,,ZTF24aaaxqfn
ztf,60317.2864351999,2563286431415015019,2,2563286431415,20.093174,1,2563,9.062978,18.071657,18.088,0.075919874,0.0529,92.5653869,15.7005633,0.9671429,t17_f5_c3,18.1101,0.0683,True,False,True,23.12.x,0.0,,0.9999965,563120214.0,ZTF24aaaxqfn
ztf,60317.28689809982,2563286891415015011,2,2563286891415,20.019344,1,2563,9.20274,18.008587,18.0131,0.074130364,0.0506,92.5652812,15.7005749,0.95285714,t17_f5_c3,17.9746,0.0618,True,False,True,23.12.x,0.0,,0.99999905,563120214.0,ZTF24aaaxqfn
ztf,60317.28737269994,2563287371415015014,2,2563287371415,20.07817,1,2563,9.281248,18.005306,18.1084,0.06390759,0.0546,92.5651562,15.7005595,0.98285717,t17_f5_c3,18.1311,0.0706,True,False,True,23.12.x,0.0,,1.0,563120214.0,ZTF24aaaxqfn
ztf,60317.28784719994,2563287841415015018,2,2563287841415,20.08666,1,2563,9.303727,18.030746,18.0386,0.06273735,0.0509,92.5650616,15.7005838,0.9557143,t17_f5_c3,18.0357,0.0642,True,False,True,23.12.x,0.0,,0.99999964,563120214.0,ZTF24aaaxqfn
ztf,60317.288310199976,2563288311415015014,2,2563288311415,20.078087,1,2563,9.155457,18.01732,18.0274,0.06661648,0.0502,92.5649737,15.7006093,0.96,t17_f5_c3,17.9773,0.0607,True,False,True,23.12.x,0.0,,0.99999976,563120214.0,ZTF24aaaxqfn
