tid,mjd,candid,fid,pid,diffmaglim,isdiffpos,nid,distnr,magpsf,magap,sigmapsf,sigmagap,ra,dec,rb,rbversion,magapbig,sigmagapbig,has_stamp,corrected,dubious,step_id_corr,phase,parent_candid,drb,rfid,oid
ztf,60319.26690969989,2565266903015015055,2,2565266903015,20.157,1,2565,5.06868,19.9078,20.0224,0.195823,0.2813,85.1580403,17.3079214,0.554286,t17_f5_c3,20.0769,0.3808,False,False,False,23.12.x,0.0,2.565267843015015e+18,,,ZTF24aabivel
ztf,60319.26737269992,2565267373015015044,2,2565267373015,20.214,1,2565,5.45792,19.9756,20.1412,0.183254,0.3098,85.157851,17.3080108,0.622857,t17_f5_c3,20.5033,0.5564,False,False,False,23.12.x,0.0,2.565269253015015e+18,,,ZTF24aabivel
ztf,60319.267847199924,2565267843015015039,2,2565267843015,20.189457,1,2565,5.7446637,19.891262,19.9713,0.2041977,0.269,85.1577518,17.3080237,0.51285714,t17_f5_c3,19.9096,0.3272,True,False,False,23.12.x,0.0,,0.9899874,562120230.0,ZTF24aabivel
ztf,60319.26879630005,2565268793015015034,2,2565268793015,20.1825,1,2565,4.8732,20.1568,20.0234,0.248286,0.2813,85.1574802,17.3079541,0.401429,t17_f5_c3,19.9203,0.3292,False,False,False,23.12.x,0.0,2.565269733015015e+18,,,ZTF24aabivel
ztf,60319.26925930008,2565269253015015037,2,2565269253015,20.200333,1,2565,4.9247923,19.982826,19.8786,0.18579106,0.2494,85.157485,17.3080149,0.68285716,t17_f5_c3,19.9111,0.3302,True,False,False,23.12.x,0.0,,0.99895746,562120230.0,ZTF24aabivel
ztf,60319.26973380009,2565269733015015053,2,2565269733015,20.317629,1,2565,4.30675,19.975653,20.006,0.17923851,0.2647,85.1573034,17.3080019,0.6628571,t17_f5_c3,20.4305,0.5018,True,False,False,23.12.x,0.0,,0.9981861,562120230.0,ZTF24aabivel
ztf,60319.27020830009,2565270203015015032,2,2565270203015,20.318197,1,2565,4.292893,20.029907,20.4302,0.18458861,0.3879,85.1573021,17.3079806,0.73142856,t17_f5_c3,20.2276,0.4139,True,False,False,23.12.x,0.0,,0.9602494,562120230.0,ZTF24aabivel
ztf,60319.27068290021,2565270683015015048,2,2565270683015,20.403343,1,2565,4.0313993,19.984072,20.2412,0.16440298,0.3154,85.1572188,17.3080253,0.7171429,t17_f5_c3,20.2743,0.4175,True,False,False,23.12.x,0.0,,0.9949168,562120230.0,ZTF24aabivel
