tid,mjd,candid,fid,pid,diffmaglim,isdiffpos,nid,distnr,magpsf,magap,sigmapsf,sigmagap,ra,dec,rb,rbversion,magapbig,sigmagapbig,has_stamp,corrected,dubious,step_id_corr,phase,parent_candid,drb,rfid,oid
ztf,60319.26596060023,2565265965215015008,2,2565265965215,19.884,1,2565,9.56001,19.6857,19.5647,0.188239,0.2503,89.4046135,22.4385377,0.445714,t17_f5_c3,19.3519,0.2645,False,False,True,23.12.x,0.0,2.565267845215015e+18,,,ZTF24aabixed
ztf,60319.26643519988,2565266435215015010,2,2565266435215,20.1101,1,2565,9.59059,19.7547,19.5083,0.209479,0.2041,89.4045588,22.4385964,0.521429,t17_f5_c3,19.3881,0.2346,False,False,True,23.12.x,0.0,2.565267845215015e+18,,,ZTF24aabixed
ztf,60319.26690969989,2565266905215015010,2,2565266905215,20.0512,1,2565,9.11918,19.6891,19.8102,0.190948,0.2723,89.404409,22.4385463,0.737143,t17_f5_c3,19.7187,0.3213,False,False,True,23.12.x,0.0,2.565267845215015e+18,,,ZTF24aabixed
ztf,60319.267847199924,2565267845215015007,2,2565267845215,20.206978,1,2565,8.565012,19.610188,19.352,0.17094088,0.1646,89.4042623,22.4384547,0.43571427,t17_f5_c3,19.2339,0.1893,True,False,True,23.12.x,0.0,,0.92762774,562120252.0,ZTF24aabixed
