tid,mjd,candid,fid,pid,diffmaglim,isdiffpos,nid,distnr,magpsf,magap,sigmapsf,sigmagap,ra,dec,rb,rbversion,magapbig,sigmagapbig,has_stamp,corrected,dubious,step_id_corr,phase,parent_candid,drb,rfid,oid
ztf,60319.35644679982,2565356446315015035,2,2565356446315,20.0525,1,2565,5.87286,18.9244,18.8085,0.091051,0.1044,85.7648097,21.0286464,0.758571,t17_f5_c3,18.848,0.1381,False,False,False,23.12.x,0.0,2.565357856315015e+18,,,ZTF24aabkrhw
ztf,60319.356921299826,2565356926315015030,2,2565356926315,20.0751,1,2565,5.90121,18.8794,18.879,0.073561,0.1122,85.764753,21.0286457,0.845714,t17_f5_c3,18.8295,0.1368,False,False,False,23.12.x,0.0,2.565357856315015e+18,,,ZTF24aabkrhw
ztf,60319.35738429986,2565357386315015033,2,2565357386315,20.1397,1,2565,5.5736,18.925,19.0438,0.079592,0.1295,85.764647,21.0287622,0.928571,t17_f5_c3,19.1121,0.1759,False,False,False,23.12.x,0.0,2.565357856315015e+18,,,ZTF24aabkrhw
ztf,60319.35785879986,2565357856315015029,2,2565357856315,20.125736,1,2565,5.6716447,18.964872,19.0319,0.07260059,0.1284,85.7644779,21.028775,0.92,t17_f5_c3,19.0626,0.1686,True,False,False,23.12.x,0.0,,0.99998987,562120263.0,ZTF24aabkrhw
ztf,60319.35833329987,2565358336315015029,2,2565358336315,20.135958,1,2565,5.3874183,18.933458,18.8828,0.08503979,0.1124,85.7644174,21.0288858,0.83428574,t17_f5_c3,18.8049,0.1336,True,False,False,23.12.x,0.0,,0.9999937,562120263.0,ZTF24aabkrhw
ztf,60319.3587962999,2565358796315015044,2,2565358796315,20.120113,1,2565,5.3957896,18.909466,18.8019,0.081303895,0.1049,85.7643047,21.0289312,0.86285716,t17_f5_c3,18.8204,0.1361,True,False,False,23.12.x,0.0,,0.9999641,562120263.0,ZTF24aabkrhw
ztf,60319.359270799905,2565359276315015033,2,2565359276315,20.143208,1,2565,5.4240336,18.912737,18.8263,0.07235891,0.1071,85.7641942,21.0289796,0.9342857,t17_f5_c3,18.8124,0.1348,True,False,False,23.12.x,0.0,,0.99999976,562120263.0,ZTF24aabkrhw
