tid,mjd,candid,fid,pid,diffmaglim,isdiffpos,nid,distnr,magpsf,magap,sigmapsf,sigmagap,ra,dec,rb,rbversion,magapbig,sigmagapbig,has_stamp,corrected,dubious,step_id_corr,phase,parent_candid,drb,rfid,oid
ztf,60317.186550899874,2563186553515015038,2,2563186553515,19.8147,1,2563,3.13329,17.8117,17.8455,0.053001,0.0488,98.9373296,19.3105411,0.881429,t17_f5_c3,17.8481,0.0621,False,False,True,23.12.x,0.0,2.563187963515015e+18,,,ZTF24aaautap
ztf,60317.187025499996,2563187023515015034,2,2563187023515,19.8342,1,2563,3.10011,17.8194,17.875,0.051348,0.0499,98.9371885,19.3105237,0.905714,t17_f5_c3,17.8589,0.0625,False,False,True,23.12.x,0.0,2.563187963515015e+18,,,ZTF24aaautap
ztf,60317.18748839991,2563187483515015038,2,2563187483515,19.8502,1,2563,3.12172,17.809,17.8101,0.060533,0.0466,98.9370412,19.3104969,0.904286,t17_f5_c3,17.7962,0.0584,False,False,True,23.12.x,0.0,2.563188903515015e+18,,,ZTF24aaautap
ztf,60317.18796300003,2563187963515015045,2,2563187963515,19.8562,1,2563,3.23763,17.8087,17.8292,0.054108,0.0469,98.9368943,19.3104774,0.91,t17_f5_c3,17.8691,0.0616,False,False,True,23.12.x,0.0,2.563188433515015e+18,,,ZTF24aaautap
ztf,60317.18843750004,2563188433515015034,2,2563188433515,19.83225,1,2563,3.4199395,17.802284,17.7284,0.055554938,0.0442,98.9367497,19.3104575,0.88,t17_f5_c3,17.6767,0.0535,True,False,True,23.12.x,0.0,,1.0,563120235.0,ZTF24aaautap
ztf,60317.18890050007,2563188903515015043,2,2563188903515,19.893438,1,2563,3.7148604,17.846003,17.7839,0.059480716,0.0443,98.9366458,19.3104881,0.87714285,t17_f5_c3,17.8292,0.0586,True,False,True,23.12.x,0.0,,1.0,563120235.0,ZTF24aaautap
ztf,60317.189375000075,2563189373515015034,2,2563189373515,19.894512,1,2563,3.99657,17.804768,17.7024,0.062646456,0.0414,98.9364818,19.3104593,0.8914286,t17_f5_c3,17.6775,0.0513,True,False,True,23.12.x,0.0,,1.0,563120235.0,ZTF24aaautap
