tid,mjd,candid,fid,pid,diffmaglim,isdiffpos,nid,distnr,magpsf,magap,sigmapsf,sigmagap,ra,dec,rb,rbversion,magapbig,sigmagapbig,has_stamp,corrected,dubious,step_id_corr,phase,parent_candid,drb,rfid,oid
ztf,60318.525011599995,2564525010815015004,2,2564525010815,20.3288,1,2564,10.7781,19.9264,20.1006,0.174966,0.3112,128.0486766,67.0834098,0.738571,t17_f5_c3,20.2504,0.4579,False,False,True,23.12.x,0.0,2.564526890815015e+18,,,ZTF24aabevve
ztf,60318.5254861,2564525480815015003,2,2564525480815,20.3191,1,2564,10.4577,19.9433,20.0586,0.175697,0.3015,128.0484736,67.0834569,0.521429,t17_f5_c3,20.0262,0.3754,False,False,True,23.12.x,0.0,2.564527360815015e+18,,,ZTF24aabevve
ztf,60318.52594910003,2564525940815015003,2,2564525940815,20.3111,1,2564,10.1599,19.8886,19.8575,0.132269,0.2507,128.0483068,67.0835105,0.811429,t17_f5_c3,19.7318,0.2862,False,False,True,23.12.x,0.0,2.564527360815015e+18,,,ZTF24aabevve
ztf,60318.52642360004,2564526420815015004,2,2564526420815,20.279,1,2564,10.1347,20.0685,19.6981,0.188523,0.2179,128.048127,67.0834507,0.454286,t17_f5_c3,19.4505,0.2225,False,False,True,23.12.x,0.0,2.564527360815015e+18,,,ZTF24aabevve
ztf,60318.52689810004,2564526890815015004,2,2564526890815,20.308697,1,2564,9.677601,19.999743,19.8643,0.18582082,0.2539,128.0476632,67.0834597,0.76428574,t17_f5_c3,20.0518,0.3867,True,False,True,23.12.x,0.0,,0.9996912,840120208.0,ZTF24aabevve
ztf,60318.527361100074,2564527360815015006,2,2564527360815,20.275417,1,2564,9.4143505,19.909288,19.8727,0.14036366,0.2566,128.047547,67.0835186,0.7128571,t17_f5_c3,19.5845,0.2527,True,False,True,23.12.x,0.0,,0.9999939,840120208.0,ZTF24aabevve
ztf,60318.52783560008,2564527830815015004,2,2564527830815,20.279665,1,2564,9.061001,19.895252,19.7362,0.16763201,0.226,128.0471768,67.0835274,0.7442857,t17_f5_c3,19.8431,0.3195,True,False,True,23.12.x,0.0,,0.99923575,840120208.0,ZTF24aabevve
ztf,60318.5283102002,2564528310815015004,2,2564528310815,20.280794,1,2564,8.829865,20.143332,19.8436,0.14567797,0.2488,128.0469397,67.0835372,0.61714286,t17_f5_c3,19.9002,0.3358,True,False,True,23.12.x,0.0,,0.99967825,840120208.0,ZTF24aabevve
