tid,mjd,candid,fid,pid,diffmaglim,isdiffpos,nid,distnr,magpsf,magap,sigmapsf,sigmagap,ra,dec,rb,rbversion,magapbig,sigmagapbig,has_stamp,corrected,dubious,step_id_corr,phase,parent_candid,drb,rfid,oid
ztf,60319.42993059987,2565429935215015032,2,2565429935215,19.7892,1,2565,3.59282,18.8902,18.9855,0.100707,0.1669,90.1134408,22.0043063,0.912857,t17_f5_c3,19.0686,0.2308,False,False,True,23.12.x,0.0,2.565431345215015e+18,,,ZTF24aablvdz
ztf,60319.430405099876,2565430405215015038,2,2565430405215,19.8322,1,2565,3.99821,18.8937,18.8084,0.079299,0.1384,90.1133164,22.004338,0.938571,t17_f5_c3,18.8078,0.1771,False,False,True,23.12.x,0.0,2.565431815215015e+18,,,ZTF24aablvdz
ztf,60319.43087959988,2565430875215015029,2,2565430875215,19.8604,1,2565,4.57207,18.9226,19.1162,0.121182,0.1735,90.1131407,22.0043384,0.917143,t17_f5_c3,18.9512,0.1911,False,False,True,23.12.x,0.0,2.565432755215015e+18,,,ZTF24aablvdz
ztf,60319.43134259991,2565431345215015045,2,2565431345215,19.70551,1,2565,4.9144173,18.869547,18.6819,0.11502561,0.1304,90.1130397,22.0043036,0.7614286,t17_f5_c3,18.6382,0.1604,True,False,True,23.12.x,0.0,,0.9999999,562120252.0,ZTF24aablvdz
ztf,60319.43181709992,2565431815215015047,2,2565431815215,19.856846,1,2565,5.2195716,18.87934,18.9615,0.09063603,0.1514,90.1129493,22.0042741,0.9357143,t17_f5_c3,18.9482,0.1915,True,False,True,23.12.x,0.0,,0.9999997,562120252.0,ZTF24aablvdz
ztf,60319.43228009995,2565432285215015043,2,2565432285215,19.79887,1,2565,5.4994297,18.846115,18.9025,0.1114413,0.1525,90.11286,22.0043066,0.8742857,t17_f5_c3,18.7209,0.1653,True,False,True,23.12.x,0.0,,0.9999988,562120252.0,ZTF24aablvdz
ztf,60319.432754599955,2565432755215015028,2,2565432755215,19.754879,1,2565,5.929708,18.991486,19.0836,0.11663095,0.1861,90.1127277,22.0043114,0.9014286,t17_f5_c3,18.9212,0.2056,True,False,True,23.12.x,0.0,,0.9999999,562120252.0,ZTF24aablvdz
ztf,60319.433229200076,2565433225215015033,2,2565433225215,19.74192,1,2565,6.354515,18.871672,19.0341,0.12752858,0.1801,90.1126007,22.0043096,0.8742857,t17_f5_c3,19.037,0.2315,True,False,True,23.12.x,0.0,,0.9999995,562120252.0,ZTF24aablvdz
