tid,mjd,candid,fid,pid,diffmaglim,isdiffpos,nid,distnr,magpsf,magap,sigmapsf,sigmagap,ra,dec,rb,rbversion,magapbig,sigmagapbig,has_stamp,corrected,dubious,step_id_corr,phase,parent_candid,drb,rfid,oid
ztf,60319.26361110015,2565263612615015035,2,2565263612615,20.3965,1,2565,5.24049,19.0479,19.0732,0.092892,0.117,86.7229325,17.4748889,0.94,t17_f5_c3,19.0063,0.1406,False,False,True,23.12.x,0.0,2.565265962615015e+18,,,ZTF24aabivbo
ztf,60319.26408560015,2565264082615015038,2,2565264082615,20.427,1,2565,5.50628,19.1092,19.1604,0.082548,0.124,86.7228475,17.4748935,0.942857,t17_f5_c3,19.1348,0.1548,False,False,True,23.12.x,0.0,2.565265962615015e+18,,,ZTF24aabivbo
ztf,60319.264548600186,2565264542615015031,2,2565264542615,20.4053,1,2565,5.75958,19.0445,19.019,0.09116,0.1126,86.7227757,17.4749166,0.945714,t17_f5_c3,19.0929,0.154,False,False,True,23.12.x,0.0,2.565265962615015e+18,,,ZTF24aabivbo
ztf,60319.26502310019,2565265022615015036,2,2565265022615,20.3868,1,2565,6.00495,19.115,19.2101,0.095244,0.1322,86.7227027,17.4749276,0.942857,t17_f5_c3,19.415,0.2038,False,False,True,23.12.x,0.0,2.565265962615015e+18,,,ZTF24aabivbo
ztf,60319.265497699846,2565265492615015035,2,2565265492615,20.3224,1,2565,6.3858166,19.099407,19.1452,0.0852243,0.1298,86.7225891,17.4749503,0.9285714,t17_f5_c3,19.1607,0.1683,True,False,True,23.12.x,0.0,,0.9999981,562120226.0,ZTF24aabivbo
ztf,60319.26596060023,2565265962615015058,2,2565265962615,20.204144,1,2565,6.6713824,19.168962,19.2231,0.087904714,0.1437,86.7225203,17.4749981,0.8314286,t17_f5_c3,19.2682,0.1916,True,False,True,23.12.x,0.0,,0.9999851,562120226.0,ZTF24aabivbo
ztf,60319.26643519988,2565266432615015049,2,2565266432615,20.276758,1,2565,6.9510193,19.062876,19.0828,0.08412457,0.122,86.7224084,17.47495,0.93,t17_f5_c3,19.1523,0.1662,True,False,True,23.12.x,0.0,,0.9999974,562120226.0,ZTF24aabivbo
ztf,60319.26690969989,2565266902615015029,2,2565266902615,20.18256,1,2565,7.309259,19.152533,19.1475,0.10726327,0.1333,86.7223136,17.474991,0.89428574,t17_f5_c3,19.1332,0.1684,True,False,True,23.12.x,0.0,,0.9999989,562120226.0,ZTF24aabivbo
ztf,60319.26737269992,2565267372615015036,2,2565267372615,20.259068,1,2565,7.636541,19.124674,19.1505,0.0836971,0.1296,86.7222151,17.4750063,0.9,t17_f5_c3,19.0272,0.1483,True,False,True,23.12.x,0.0,,0.9999994,562120226.0,ZTF24aabivbo
