tid,mjd,candid,fid,pid,diffmaglim,isdiffpos,nid,distnr,magpsf,magap,sigmapsf,sigmagap,ra,dec,rb,rbversion,magapbig,sigmagapbig,has_stamp,corrected,dubious,step_id_corr,phase,parent_candid,drb,rfid,oid
ztf,60319.34089120012,2565340891815015009,2,2565340891815,20.2301,1,2565,4.46242,19.0443,18.8403,0.112536,0.0981,90.7510093,17.7009661,0.66,t17_f5_c3,18.6869,0.109,False,False,True,23.12.x,0.0,2.565342771815015e+18,,,ZTF24aabkjlc
ztf,60319.34136570012,2565341361815015011,2,2565341361815,20.0909,1,2565,4.66457,18.9972,19.2436,0.108909,0.1517,90.7509504,17.7010231,0.925714,t17_f5_c3,19.084,0.1678,False,False,True,23.12.x,0.0,2.565343241815015e+18,,,ZTF24aabkjlc
ztf,60319.341828700155,2565341821815015012,2,2565341821815,20.186,1,2565,4.97107,18.9938,18.9787,0.105298,0.1142,90.7508277,17.7011063,0.938571,t17_f5_c3,18.9214,0.1384,False,False,True,23.12.x,0.0,2.565343241815015e+18,,,ZTF24aabkjlc
ztf,60319.34230320016,2565342301815015010,2,2565342301815,20.1669,1,2565,4.83814,19.0116,18.8581,0.115962,0.1083,90.7507237,17.7010535,0.861429,t17_f5_c3,18.8082,0.1323,False,False,True,23.12.x,0.0,2.565344181815015e+18,,,ZTF24aabkjlc
ztf,60319.342777799815,2565342771815015013,2,2565342771815,20.081331,1,2565,5.2524133,19.028606,19.0317,0.12268305,0.1276,90.7506281,17.7011549,0.9057143,t17_f5_c3,19.0384,0.1642,True,False,True,23.12.x,0.0,,0.9999968,562120218.0,ZTF24aabkjlc
ztf,60319.3432407002,2565343241815015007,2,2565343241815,20.307116,1,2565,5.308007,19.009134,19.0065,0.11339847,0.1109,90.750536,17.7011497,0.94714284,t17_f5_c3,19.0084,0.1418,True,False,True,23.12.x,0.0,,0.99999934,562120218.0,ZTF24aabkjlc
ztf,60319.34371529985,2565343711815015009,2,2565343711815,20.22834,1,2565,5.5501237,19.001265,18.9604,0.09083677,0.1105,90.7503966,17.7011774,0.93142855,t17_f5_c3,18.9189,0.1359,True,False,True,23.12.x,0.0,,0.99999976,562120218.0,ZTF24aabkjlc
ztf,60319.34418979986,2565344181815015007,2,2565344181815,20.284775,1,2565,5.744901,18.95287,18.9086,0.09909849,0.1024,90.7503327,17.7012123,0.94142854,t17_f5_c3,18.8378,0.1225,True,False,True,23.12.x,0.0,,0.999997,562120218.0,ZTF24aabkjlc
