tid,mjd,candid,fid,pid,diffmaglim,isdiffpos,nid,distnr,magpsf,magap,sigmapsf,sigmagap,ra,dec,rb,rbversion,magapbig,sigmagapbig,has_stamp,corrected,dubious,step_id_corr,phase,parent_candid,drb,rfid,oid
ztf,60319.13641199982,2565136415115015020,2,2565136415115,19.1686,1,2565,4.62994,17.9442,17.9353,0.123528,0.0991,91.4691444,21.1861868,0.765714,t17_f5_c3,17.8613,0.1184,False,False,False,23.12.x,0.0,2.565137825115015e+18,,,ZTF24aabglfz
ztf,60319.13687499985,2565136875115015040,2,2565136875115,19.3691,1,2565,4.3816,17.9197,17.8888,0.092469,0.0827,91.4690644,21.1861815,0.891429,t17_f5_c3,17.8471,0.1017,False,False,False,23.12.x,0.0,2.565138285115015e+18,,,ZTF24aabglfz
ztf,60319.137349499855,2565137345115015020,2,2565137345115,19.2397,1,2565,3.9362,18.0225,17.9937,0.08353,0.0983,91.4689208,21.1861233,0.837143,t17_f5_c3,18.0153,0.1282,False,False,False,23.12.x,0.0,2.565138285115015e+18,,,ZTF24aabglfz
ztf,60319.13782409998,2565137825115015045,2,2565137825115,19.086334,1,2565,3.583014,17.939787,18.0093,0.09018897,0.118,91.4688067,21.1861255,0.8528572,t17_f5_c3,17.9954,0.1491,True,False,False,23.12.x,0.0,,0.9999995,562120251.0,ZTF24aabglfz
ztf,60319.13828699989,2565138285115015013,2,2565138285115,18.773695,1,2565,3.2306933,18.085945,18.0231,0.1272275,0.1533,91.468686,21.1860772,0.76,t17_f5_c3,18.0162,0.1953,True,False,False,23.12.x,0.0,,0.99996096,562120251.0,ZTF24aabglfz
ztf,60319.138761600014,2565138765115015017,2,2565138765115,18.615767,1,2565,2.9530804,18.003752,18.0824,0.115165144,0.1804,91.4685786,21.1860336,0.79,t17_f5_c3,18.0459,0.2237,True,False,False,23.12.x,0.0,,0.999998,562120251.0,ZTF24aabglfz
ztf,60319.13923610002,2565139235115015019,2,2565139235115,18.748571,1,2565,2.5307405,18.117754,18.3172,0.14474256,0.1737,91.4684323,21.1860247,0.6185714,t17_f5_c3,18.3263,0.2245,True,False,False,23.12.x,0.0,,0.99982876,562120251.0,ZTF24aabglfz
