tid,mjd,candid,fid,pid,diffmaglim,isdiffpos,nid,distnr,magpsf,magpsf_corr,magap,sigmapsf,sigmapsf_corr,sigmapsf_corr_ext,sigmagap,ra,dec,rb,rbversion,drb,magapbig,sigmagapbig,rfid,has_stamp,corrected,dubious,step_id_corr,phase,oid
ztf,61079.560080999974,3325560084515010021,2,3325560084515,18.921463,-1,3325,0.45016912,17.79586,17.0447,17.9079,0.10886777,0.04645238,0.05450486,0.094,260.5777607,-19.1423114,0.62857145,t17_f5_c3,0.99845755,17.8558,0.1148,1323120245,True,True,False,27.5.7a32.dev1,0.0,ZTF26aaftpwl
ztf,61080.55974540021,3326559744515010046,2,3326559744515,19.629034,-1,3326,0.23780903,17.80833,17.03851,18.0387,0.08806172,0.032777395,0.043337017,0.0814,260.5777781,-19.1422216,0.73285717,t17_f5_c3,0.99935794,17.9552,0.0965,1323120245,True,True,False,27.5.7a32.dev1,0.0,ZTF26aaftpwl
ztf,61081.55989579996,3327559894515010022,2,3327559894515,18.488668,-1,3327,0.19728595,17.811344,17.03703,18.1916,0.13724405,0.061013006,0.06726171,0.2509,260.5778185,-19.1422635,0.70285714,t17_f5_c3,0.9999932,18.0882,0.2931,1323120245,True,True,False,27.5.7a32.dev1,0.0,ZTF26aaftpwl
ztf,61093.56766200019,3339567664515010040,2,3339567664515,18.880726,-1,3339,0.047105696,17.33505,17.378534,17.445,0.084053755,0.078425914,0.08748848,0.0924,260.5778346,-19.1422163,0.79285717,t17_f5_c3,0.9966649,17.3606,0.1097,1323120245,True,True,False,27.5.7a32.dev1,0.0,ZTF26aaftpwl
ztf,61096.54516200023,3342545164515010030,2,3342545164515,19.43149,-1,3342,0.085194975,17.264418,17.457287,17.3175,0.0842239,0.0915495,0.10059651,0.0527,260.5778349,-19.1422373,0.87142855,t17_f5_c3,0.9693363,17.2224,0.0618,1323120245,True,True,False,27.5.7a32.dev1,0.0,ZTF26aaftpwl
ztf,61099.541631899774,3345541634515010046,2,3345541634515,19.946356,-1,3345,0.11491773,17.206812,17.530354,17.3654,0.06399923,0.07378697,0.086216636,0.0342,260.5778292,-19.1422411,0.8685714,t17_f5_c3,0.9990792,17.342,0.0428,1323120245,True,True,False,27.5.7a32.dev1,0.0,ZTF26aaftpwl
ztf,61100.54039350012,3346540394515010028,2,3346540394515,19.798292,-1,3346,0.10862895,17.18669,17.558064,17.2535,0.06376531,0.077238746,0.08977066,0.0357,260.5778375,-19.1422439,0.8642857,t17_f5_c3,0.99956834,17.2559,0.0457,1323120245,True,True,False,27.5.7a32.dev1,0.0,ZTF26aaftpwl
ztf,61101.53968749987,3347539684515010019,2,3347539684515,18.69408,-1,3347,0.12183399,17.142857,17.622936,17.3568,0.06407911,0.08708565,0.09971218,0.0956,260.5778334,-19.1422464,0.87857145,t17_f5_c3,0.9997863,17.3369,0.1205,1323120245,True,True,False,27.5.7a32.dev1,0.0,ZTF26aaftpwl
