tid,mjd,candid,fid,pid,diffmaglim,isdiffpos,nid,distnr,magpsf,magpsf_corr,magap,sigmapsf,sigmapsf_corr,sigmapsf_corr_ext,sigmagap,ra,dec,rb,rbversion,drb,magapbig,sigmagapbig,rfid,has_stamp,corrected,dubious,step_id_corr,phase,parent_candid,oid
ztf,61020.56682869978,3266566825215015001,2,3266566825215,19.029648,1,3266,0.107352965,15.275489,13.591318,15.2177,0.055123217,100.0,0.0116860075,0.014,224.7846884,-2.7072728,0.68714285,t17_f5_c3,0.9942143,15.211,0.0171,1421120252.0,True,True,False,27.5.7a32.dev1,0.0,,ZTF25aawkirt
ztf,61024.56400460005,3270564005215010000,2,3270564005215,19.7431,-1,3270,0.60271,15.3719,14.156821,15.5006,0.033146,100.0,0.010824298,0.0108,224.7846125,-2.7073919,0.462857,t17_f5_c3,,15.4575,0.0122,,False,True,False,27.5.7a32.dev1,0.0,3.297562705215015e+18,ZTF25aawkirt
ztf,61024.566400500014,3270566405215010000,2,3270566405215,19.6324,-1,3270,0.552067,15.6137,14.088244,15.6872,0.06576,100.0,0.016135398,0.0133,224.7846025,-2.7073687,0.568571,t17_f5_c3,,15.6209,0.0149,,False,True,False,27.5.7a32.dev1,0.0,3.297562705215015e+18,ZTF25aawkirt
ztf,61025.56586810015,3271565865215015001,2,3271565865215,19.2637,1,3271,0.353632,14.8888,13.497057,14.9677,0.038678,100.0,0.010734131,0.0085,224.784715,-2.7073419,0.7,t17_f5_c3,,14.9118,0.0094,,False,True,False,27.5.7a32.dev1,0.0,3.297562705215015e+18,ZTF25aawkirt
ztf,61025.56982639991,3271569825215015000,2,3271569825215,19.0263,1,3271,0.337402,15.0611,13.542199,15.061,0.066105,100.0,0.01631826,0.0104,224.7846765,-2.7073364,0.577143,t17_f5_c3,,14.9941,0.0118,,False,True,False,27.5.7a32.dev1,0.0,3.297562705215015e+18,ZTF25aawkirt
ztf,61025.57603010023,3271576035215015017,2,3271576035215,18.250664,1,3271,0.08432582,15.257263,13.587428,15.2395,0.04952584,100.0,0.010638929,0.0214,224.7846707,-2.707248,0.7185714,t17_f5_c3,0.99961233,15.2025,0.0261,1421120252.0,True,True,False,27.5.7a32.dev1,0.0,,ZTF25aawkirt
ztf,61051.56270830007,3297562705215015014,2,3297562705215,19.262615,1,3297,0.45376375,15.641779,13.659314,15.6813,0.04008179,100.0,0.006455965,0.0135,224.7847443,-2.7073604,0.8471429,t17_f5_c3,0.99648356,15.647,0.0151,1421120252.0,True,True,False,27.5.7a32.dev1,0.0,,ZTF25aawkirt
