tid,mjd,candid,fid,pid,diffmaglim,isdiffpos,nid,distnr,magpsf,magpsf_corr,magap,sigmapsf,sigmapsf_corr,sigmapsf_corr_ext,sigmagap,ra,dec,rb,rbversion,drb,magapbig,sigmagapbig,rfid,has_stamp,corrected,dubious,step_id_corr,phase,parent_candid,oid
ztf,61083.56328700017,3329563284415015039,2,3329563284415,19.454422,1,3329,0.32688203,18.187597,16.207802,18.0539,0.13730198,100.0,0.022169633,0.1056,279.8727314,-11.8119754,0.58428574,t17_f5_c3,0.9999981,18.3381,0.1752,1377120244.0,True,True,False,27.5.7a32.dev1,0.0,,ZTF22abjlfeo
ztf,61099.54688660009,3345546884415010092,2,3345546884415,19.820066,-1,3345,0.10762928,17.933296,16.701803,18.1908,0.07742655,100.0,0.024905348,0.0917,279.8726784,-11.8119109,0.67285717,t17_f5_c3,0.99945986,18.5252,0.1597,1377120244.0,True,True,False,27.5.7a32.dev1,0.0,,ZTF22abjlfeo
ztf,61099.54688660009,3345546884415020092,2,3345546884415,19.8201,-1,3345,0.107629,17.9333,16.701801,18.1908,0.077427,100.0,0.024905378,0.0917,279.8726784,-11.8119109,0.672857,t17_f5_c3,,18.5252,0.1597,,False,True,False,27.5.7a32.dev1,0.0,3.36352590441501e+18,ZTF22abjlfeo
ztf,61100.54565969994,3346545654415010027,2,3346545654415,19.49691,-1,3346,0.23602502,17.950838,16.69622,18.1292,0.07106941,100.0,0.022378735,0.1049,279.8726349,-11.8118609,0.7057143,t17_f5_c3,0.99999976,18.0183,0.1214,1377120244.0,True,True,False,27.5.7a32.dev1,0.0,,ZTF22abjlfeo
ztf,61113.5306712999,3359530674415010024,2,3359530674415,19.974854,-1,3359,0.07117446,17.98813,16.684738,18.2522,0.06284624,100.0,0.018920043,0.0834,279.8726967,-11.8118666,0.70857143,t17_f5_c3,0.9999658,18.1033,0.0929,1377120244.0,True,True,False,27.5.7a32.dev1,0.0,,ZTF22abjlfeo
ztf,61113.5306712999,3359530674415020024,2,3359530674415,19.9749,-1,3359,0.071174,17.9881,16.684746,18.2522,0.062846,100.0,0.01892066,0.0834,279.8726967,-11.8118666,0.708571,t17_f5_c3,,18.1033,0.0929,,False,True,False,27.5.7a32.dev1,0.0,3.36352590441501e+18,ZTF22abjlfeo
ztf,61116.525891200174,3362525894415010033,2,3362525894415,18.8858,-1,3362,0.19269381,17.320292,17.005585,17.6467,0.09122185,0.047581103,0.068267815,0.0905,279.8726433,-11.8119003,0.5642857,t17_f5_c3,0.9986627,17.9399,0.1521,1377120244.0,True,True,False,27.5.7a32.dev1,0.0,,ZTF22abjlfeo
ztf,61117.525902799796,3363525904415010023,2,3363525904415,19.969152,-1,3363,0.07732378,17.353376,16.981468,17.4586,0.042726427,100.0,0.030334244,0.0388,279.8726731,-11.8118752,0.7714286,t17_f5_c3,1.0,17.4124,0.0475,1377120244.0,True,True,False,27.5.7a32.dev1,0.0,,ZTF22abjlfeo
