tid,mjd,candid,fid,pid,diffmaglim,isdiffpos,nid,distnr,magpsf,magap,sigmapsf,sigmagap,ra,dec,rb,rbversion,magapbig,sigmagapbig,has_stamp,corrected,dubious,step_id_corr,phase,parent_candid,drb,rfid,oid
ztf,60319.29708330007,2565297082215015011,2,2565297082215,20.2372,1,2565,5.70248,19.2932,19.2171,0.089548,0.137,89.2128338,17.4239948,0.858571,t17_f5_c3,19.1331,0.1637,False,False,False,23.12.x,0.0,2.565298492215015e+18,,,ZTF24aabjlvr
ztf,60319.297557900194,2565297552215015017,2,2565297552215,20.2693,1,2565,5.56475,19.291,19.1424,0.102655,0.1275,89.2127609,17.424015,0.83,t17_f5_c3,18.982,0.1419,False,False,False,23.12.x,0.0,2.565298492215015e+18,,,ZTF24aabjlvr
ztf,60319.29802080011,2565298022215015013,2,2565298022215,20.2735,1,2565,5.23346,19.3726,19.1768,0.101049,0.1354,89.2126423,17.4240356,0.79,t17_f5_c3,18.9531,0.1426,False,False,False,23.12.x,0.0,2.565299902215015e+18,,,ZTF24aabjlvr
ztf,60319.29849540023,2565298492215015020,2,2565298492215,20.32537,1,2565,4.7947774,19.273521,19.2399,0.070443906,0.1394,89.2125126,17.4240065,0.9042857,t17_f5_c3,19.1597,0.1679,True,False,False,23.12.x,0.0,,0.999991,562120222.0,ZTF24aabjlvr
ztf,60319.29896989977,2565298962215015015,2,2565298962215,20.317415,1,2565,4.674321,19.309536,19.4118,0.09390363,0.1615,89.2124297,17.4240761,0.9,t17_f5_c3,19.3709,0.2031,True,False,False,23.12.x,0.0,,0.9999985,562120222.0,ZTF24aabjlvr
ztf,60319.2994328998,2565299432215015016,2,2565299432215,20.293356,1,2565,4.5120363,19.397375,19.366,0.10462563,0.1578,89.2123283,17.4241285,0.8757143,t17_f5_c3,19.264,0.1884,True,False,False,23.12.x,0.0,,0.9999552,562120222.0,ZTF24aabjlvr
ztf,60319.29990739981,2565299902215015017,2,2565299902215,20.209368,1,2565,4.138618,19.370232,19.16,0.10634951,0.1305,89.2122367,17.4240739,0.7171429,t17_f5_c3,18.9679,0.1432,True,False,False,23.12.x,0.0,,0.9999994,562120222.0,ZTF24aabjlvr
ztf,60319.30037039984,2565300372215015016,2,2565300372215,20.265814,1,2565,3.907093,19.381756,19.2258,0.100415766,0.1381,89.2121071,17.4241212,0.7657143,t17_f5_c3,19.0903,0.1603,True,False,False,23.12.x,0.0,,0.99998033,562120222.0,ZTF24aabjlvr
