tid,mjd,candid,fid,pid,diffmaglim,isdiffpos,nid,distnr,magpsf,magpsf_corr,magap,sigmapsf,sigmapsf_corr,sigmapsf_corr_ext,sigmagap,ra,dec,rb,rbversion,drb,magapbig,sigmagapbig,rfid,has_stamp,corrected,dubious,step_id_corr,phase,parent_candid,oid
ztf,61024.56400460005,3270564003415010000,2,3270564003415,19.715227,-1,3270,0.2709255,19.280548,18.45125,19.3298,0.12633847,0.04356546,0.058859527,0.2779,225.6504735,-5.4781211,0.94285715,t17_f5_c3,0.9999988,19.4207,0.3874,1421120234.0,True,True,False,27.5.7a32.dev1,0.0,,ZTF21abbxhgg
ztf,61024.566400500014,3270566403415010001,2,3270566403415,19.596424,-1,3270,0.43032417,19.239918,18.470713,19.1501,0.12589926,0.04711084,0.061992753,0.255,225.6504557,-5.4781617,0.95428574,t17_f5_c3,0.9999885,18.9989,0.2844,1421120234.0,True,True,False,27.5.7a32.dev1,0.0,,ZTF21abbxhgg
ztf,61024.570833299775,3270570833415010004,2,3270570833415,19.372179,-1,3270,0.16956434,19.345182,18.422403,19.703,0.1647439,0.058937207,0.07042032,0.5166,225.6504909,-5.4780977,0.92142856,t17_f5_c3,0.9999986,19.098,0.3799,1421120234.0,True,True,False,27.5.7a32.dev1,0.0,,ZTF21abbxhgg
ztf,61025.56586810015,3271565863415010001,2,3271565863415,19.307201,-1,3271,0.3739763,19.239853,18.470743,19.4672,0.1891948,0.08400278,0.09316777,0.3666,225.6506197,-5.4780132,0.88714284,t17_f5_c3,0.99868834,19.3909,0.4386,1421120234.0,True,True,False,27.5.7a32.dev1,0.0,,ZTF21abbxhgg
ztf,61025.56982639991,3271569823415010002,2,3271569823415,19.0417,-1,3271,0.467651,19.0793,18.559483,19.4942,0.226701,0.13347094,0.14045143,0.4876,225.6504912,-5.477942,0.87,t17_f5_c3,,19.4435,0.5976,,False,True,False,27.5.7a32.dev1,0.0,3.29756270341501e+18,ZTF21abbxhgg
ztf,61026.56520830002,3272565203415010000,2,3272565203415,19.252638,-1,3272,0.18026227,19.355797,18.417898,19.2033,0.20338218,0.076662794,0.085734084,0.3606,225.650498,-5.4781055,0.8742857,t17_f5_c3,0.99983346,19.3303,0.5201,1421120234.0,True,True,False,27.5.7a32.dev1,0.0,,ZTF21abbxhgg
ztf,61051.56270830007,3297562703415010001,2,3297562703415,19.45845,-1,3297,0.31755048,19.191158,18.49555,19.2752,0.20217937,0.0982349,0.10653535,0.2162,225.6505559,-5.4781533,0.6514286,t17_f5_c3,0.9987478,19.4103,0.3136,1421120234.0,True,True,False,27.5.7a32.dev1,0.0,,ZTF21abbxhgg
