tid,mjd,candid,fid,pid,diffmaglim,isdiffpos,nid,distnr,magpsf,magpsf_corr,magap,sigmapsf,sigmapsf_corr,sigmapsf_corr_ext,sigmagap,ra,dec,rb,rbversion,magapbig,sigmagapbig,has_stamp,corrected,dubious,step_id_corr,phase,parent_candid,drb,rfid,oid
ztf,61078.5636574002,3324563654615015009,2,3324563654615,19.0828,1,3324,1.18857,16.5907,14.279455,16.8306,0.096708,100.0,0.011507057,0.0386,281.1883374,-2.1487005,0.602857,t17_f5_c3,16.7853,0.045,False,True,False,27.5.7a32.dev1,0.0,3.352538471015015e+18,,,ZTF24aaxbgai
ztf,61079.563229199965,3325563224615015010,2,3325563224615,19.2903,1,3325,0.856739,17.0856,14.327808,17.0965,0.068543,100.0,0.005405632,0.046,281.1881934,-2.1487005,0.805714,t17_f5_c3,17.0806,0.0548,False,True,False,27.5.7a32.dev1,0.0,3.352538471015015e+18,,,ZTF24aaxbgai
ztf,61080.56896989979,3326568961015015002,2,3326568961015,19.0309,1,3326,0.135386,16.865,14.327675,16.7868,0.052941,100.0,0.0051151956,0.0483,281.1881004,-2.1484832,0.86,t17_f5_c3,16.8005,0.0608,False,True,False,27.5.7a32.dev1,0.0,3.352538471015015e+18,,,ZTF24aaxbgai
ztf,61099.546400499996,3345546401015015008,2,3345546401015,20.2516,1,3345,0.146509,16.779,14.319062,16.8061,0.103226,100.0,0.010710608,0.0268,281.1881255,-2.1485062,0.702857,t17_f5_c3,16.7685,0.0295,False,True,False,27.5.7a32.dev1,0.0,3.352538471015015e+18,,,ZTF24aaxbgai
ztf,61100.54517359985,3346545171015025006,2,3346545171015,19.7236,1,3346,0.132498,16.8244,14.323686,16.6996,0.130217,100.0,0.013013133,0.0301,281.1880951,-2.1484815,0.791429,t17_f5_c3,16.6951,0.0358,False,True,False,27.5.7a32.dev1,0.0,3.352538471015015e+18,,,ZTF24aaxbgai
ztf,61101.544455999974,3347544451015025001,2,3347544451015,18.653,1,3347,0.606588,16.8342,14.32466,16.7288,0.113534,100.0,0.011254088,0.0604,281.1882064,-2.1486321,0.67,t17_f5_c3,16.669,0.0716,False,True,False,27.5.7a32.dev1,0.0,3.352538471015015e+18,,,ZTF24aaxbgai
ztf,61105.53976849979,3351539761015015006,2,3351539761015,19.7651,1,3351,0.49828,16.9623,14.336705,16.8064,0.060929,100.0,0.00542733,0.0326,281.1881796,-2.1486192,0.852857,t17_f5_c3,16.7944,0.0385,False,True,False,27.5.7a32.dev1,0.0,3.352538471015015e+18,,,ZTF24aaxbgai
ztf,61106.53847219981,3352538471015015017,2,3352538471015,19.114502,1,3352,1.2269065,16.400295,14.273033,16.6185,0.095506646,100.0,0.0134625975,0.0294,281.1884218,-2.1485927,0.5371429,t17_f5_c3,16.582,0.0342,True,True,False,27.5.7a32.dev1,0.0,,0.5806727,1481120210.0,ZTF24aaxbgai
