tid,mjd,candid,fid,pid,diffmaglim,isdiffpos,nid,distnr,magpsf,magap,sigmapsf,sigmagap,ra,dec,rb,rbversion,magapbig,sigmagapbig,has_stamp,corrected,dubious,step_id_corr,phase,parent_candid,drb,rfid,oid
ztf,60319.166562499944,2565166566315015020,2,2565166566315,19.9671,1,2565,4.81245,19.1396,19.1199,0.111947,0.1403,86.1583038,21.0535279,0.744286,t17_f5_c3,19.084,0.1738,False,False,True,23.12.x,0.0,2.565167986315015e+18,,,ZTF24aabhbls
ztf,60319.16703699995,2565167036315015017,2,2565167036315,19.8727,1,2565,5.08286,19.0746,19.1232,0.116799,0.1407,86.1581618,21.0534731,0.682857,t17_f5_c3,19.2985,0.2114,False,False,True,23.12.x,0.0,2.565167986315015e+18,,,ZTF24aabhbls
ztf,60319.16751160007,2565167516315015018,2,2565167516315,19.838503,1,2565,5.353811,19.221973,19.0565,0.1501041,0.1341,86.1580337,21.053423,0.43285716,t17_f5_c3,18.9973,0.1625,True,False,True,23.12.x,0.0,,0.51349664,562120263.0,ZTF24aabhbls
ztf,60319.167986100074,2565167986315015021,2,2565167986315,19.927738,1,2565,5.8052354,19.312578,18.9788,0.15066533,0.1221,86.1579068,21.0534673,0.43285716,t17_f5_c3,18.9458,0.1515,True,False,True,23.12.x,0.0,,0.6105458,562120263.0,ZTF24aabhbls
ztf,60319.16844910011,2565168446315015020,2,2565168446315,19.826468,1,2565,5.802819,19.021152,18.8566,0.123477444,0.1111,86.1579638,21.0535551,0.52428573,t17_f5_c3,18.8106,0.1362,True,False,True,23.12.x,0.0,,0.96309346,562120263.0,ZTF24aabhbls
ztf,60319.16892360011,2565168926315015036,2,2565168926315,19.886091,1,2565,6.289656,19.040688,18.8433,0.12336833,0.1141,86.1578058,21.0535803,0.62285715,t17_f5_c3,18.825,0.1434,True,False,True,23.12.x,0.0,,0.9632994,562120263.0,ZTF24aabhbls
