tid,mjd,candid,fid,pid,diffmaglim,isdiffpos,nid,distnr,magpsf,magpsf_corr,magap,sigmapsf,sigmapsf_corr,sigmapsf_corr_ext,sigmagap,ra,dec,rb,rbversion,drb,magapbig,sigmagapbig,rfid,has_stamp,corrected,dubious,step_id_corr,phase,oid
ztf,61100.54709490016,3346547095215015004,2,3346547095215,19.147268,1,3346,0.3544421,14.792187,13.273219,14.8606,0.041903794,100.0,0.010343474,0.0085,290.1405003,-9.8547403,0.7714286,t17_f5_c3,0.999328,14.8379,0.0098,1378120252,True,True,False,27.5.7a32.dev1,0.0,ZTF22abiwatr
ztf,61101.5463657002,3347546365215015007,2,3347546365215,17.217522,1,3347,0.20497759,14.726739,13.256694,14.8844,0.024923706,100.0,0.006435683,0.0339,290.1404803,-9.8547016,0.69142854,t17_f5_c3,0.99794364,14.8739,0.0425,1378120252,True,True,False,27.5.7a32.dev1,0.0,ZTF22abiwatr
ztf,61108.542928200215,3354542925215010005,2,3354542925215,19.278992,-1,3354,0.93566895,16.750418,13.641249,16.7871,0.12525062,100.0,0.0071468097,0.0447,290.1401826,-9.8547322,0.4157143,t17_f5_c3,0.55760527,16.7722,0.0527,1378120252,True,True,False,27.5.7a32.dev1,0.0,ZTF22abiwatr
ztf,61110.53449069988,3356534495215010003,2,3356534495215,19.246256,-1,3356,0.70357054,16.060366,13.69771,15.9058,0.08218178,100.0,0.009326384,0.018,290.1402413,-9.8546915,0.68,t17_f5_c3,0.9494612,15.8861,0.0209,1378120252,True,True,False,27.5.7a32.dev1,0.0,ZTF22abiwatr
ztf,61111.534571799915,3357534575215010004,2,3357534575215,19.824478,-1,3357,0.2253674,15.431555,13.798953,15.5187,0.08464441,100.0,0.01881731,0.0113,290.1403923,-9.8547062,0.6471428,t17_f5_c3,0.96411395,15.5047,0.0128,1378120252,True,True,False,27.5.7a32.dev1,0.0,ZTF22abiwatr
ztf,61113.532627299894,3359532625215010009,2,3359532625215,19.726734,-1,3359,0.354706,15.158914,13.870136,15.1857,0.038057253,100.0,0.011612521,0.0085,290.1403527,-9.8547078,0.7457143,t17_f5_c3,0.9984074,15.1525,0.0095,1378120252,True,True,False,27.5.7a32.dev1,0.0,ZTF22abiwatr
ztf,61116.52783560008,3362527835215010003,2,3362527835215,18.940292,-1,3362,0.38976166,14.87949,13.972007,14.9436,0.019488549,100.0,0.0084486315,0.0085,290.1403283,-9.8546612,0.79,t17_f5_c3,0.9990283,14.9295,0.01,1378120252,True,True,False,27.5.7a32.dev1,0.0,ZTF22abiwatr
