tid,mjd,candid,fid,pid,diffmaglim,isdiffpos,nid,distnr,magpsf,magap,sigmapsf,sigmagap,ra,dec,rb,rbversion,magapbig,sigmagapbig,has_stamp,corrected,dubious,step_id_corr,phase,parent_candid,drb,rfid,oid
ztf,60319.15336810006,2565153364615015011,2,2565153364615,18.9142,1,2565,4.00368,17.5567,17.5843,0.070656,0.0902,85.0292432,19.2397194,0.901429,t17_f5_c3,17.5899,0.1161,False,False,False,23.12.x,0.0,2.565155724615015e+18,,,ZTF24aabgwjt
ztf,60319.15384260006,2565153844615015019,2,2565153844615,18.7032,1,2565,3.88065,17.4899,17.4435,0.069692,0.0959,85.0291951,19.239744,0.768571,t17_f5_c3,17.4473,0.1232,False,False,False,23.12.x,0.0,2.565155724615015e+18,,,ZTF24aabgwjt
ztf,60319.154305600096,2565154304615015012,2,2565154304615,19.1199,1,2565,3.5069,17.4878,17.5596,0.05262,0.0739,85.0290862,19.2397155,0.892857,t17_f5_c3,17.5318,0.092,False,False,False,23.12.x,0.0,2.565155724615015e+18,,,ZTF24aabgwjt
ztf,60319.15479170019,2565154794615015011,2,2565154794615,19.2327,1,2565,3.27448,17.476,17.5805,0.056442,0.0695,85.0289974,19.2397309,0.9,t17_f5_c3,17.6196,0.0919,False,False,False,23.12.x,0.0,2.565156664615015e+18,,,ZTF24aabgwjt
ztf,60319.155254600104,2565155254615015025,2,2565155254615,19.361824,1,2565,2.9856277,17.45502,17.5297,0.07072138,0.0584,85.0289007,19.2397267,0.9028571,t17_f5_c3,17.4477,0.069,True,False,False,23.12.x,0.0,,0.99999964,562120246.0,ZTF24aabgwjt
ztf,60319.155729200225,2565155724615015015,2,2565155724615,19.629051,1,2565,2.682351,17.504257,17.4699,0.050106786,0.0424,85.0288141,19.2397004,0.8585714,t17_f5_c3,17.4015,0.0505,True,False,False,23.12.x,0.0,,0.999995,562120246.0,ZTF24aabgwjt
ztf,60319.15620370023,2565156204615015014,2,2565156204615,19.796988,1,2565,2.3973563,17.491196,17.5421,0.046551537,0.0422,85.028703,19.2397128,0.9114286,t17_f5_c3,17.5367,0.0533,True,False,False,23.12.x,0.0,,0.99999815,562120246.0,ZTF24aabgwjt
ztf,60319.1566666998,2565156664615015014,2,2565156664615,19.728273,1,2565,2.1279263,17.462496,17.5032,0.06306537,0.0421,85.0286049,19.2397092,0.89857143,t17_f5_c3,17.4496,0.0508,True,False,False,23.12.x,0.0,,0.999997,562120246.0,ZTF24aabgwjt
ztf,60319.1571411998,2565157144615015014,2,2565157144615,19.826216,1,2565,1.9348038,17.460613,17.4798,0.053034846,0.0385,85.0285205,19.2397121,0.88285714,t17_f5_c3,17.4629,0.0479,True,False,False,23.12.x,0.0,,0.9999808,562120246.0,ZTF24aabgwjt
