tid,mjd,candid,fid,pid,diffmaglim,isdiffpos,nid,distnr,magpsf,magap,sigmapsf,sigmagap,ra,dec,rb,rbversion,magapbig,sigmagapbig,has_stamp,corrected,dubious,step_id_corr,phase,parent_candid,drb,rfid,oid
ztf,60319.255601900164,2565255601415015007,2,2565255601415,20.1636,1,2565,12.1196,19.2043,19.0996,0.105799,0.1327,84.6363305,15.7708983,0.832857,t17_f5_c3,19.0467,0.1616,False,False,True,23.12.x,0.0,2.565257481415015e+18,,,ZTF24aabiqgm
ztf,60319.25607640017,2565256071415015012,2,2565256071415,20.2768,1,2565,11.8895,19.0959,19.2108,0.091488,0.1388,84.6362576,15.7709304,0.861429,t17_f5_c3,19.077,0.1568,False,False,True,23.12.x,0.0,2.565257961415015e+18,,,ZTF24aabiqgm
ztf,60319.25655090017,2565256551415015013,2,2565256551415,20.1811,1,2565,11.903,19.107,18.8909,0.118553,0.1085,84.6361728,15.7708778,0.684286,t17_f5_c3,18.7237,0.119,False,False,True,23.12.x,0.0,2.565257961415015e+18,,,ZTF24aabiqgm
ztf,60319.257013900205,2565257011415015010,2,2565257011415,20.192049,1,2565,11.630561,19.15621,19.1405,0.09545823,0.132,84.6360308,15.7708909,0.87,t17_f5_c3,19.1981,0.1779,True,False,True,23.12.x,0.0,,0.9999962,562120214.0,ZTF24aabiqgm
ztf,60319.25748840021,2565257481415015008,2,2565257481415,20.177061,1,2565,11.4269495,19.147629,19.0237,0.117465675,0.1199,84.6359714,15.7709279,0.7014286,t17_f5_c3,19.0159,0.1523,True,False,True,23.12.x,0.0,,0.99999547,562120214.0,ZTF24aabiqgm
ztf,60319.257962999865,2565257961415015010,2,2565257961415,20.136976,1,2565,11.471261,19.157112,19.2109,0.118197374,0.1431,84.6358913,15.7708731,0.78,t17_f5_c3,19.2315,0.1865,True,False,True,23.12.x,0.0,,0.9999544,562120214.0,ZTF24aabiqgm
ztf,60319.25842589978,2565258421415015008,2,2565258421415,20.148212,1,2565,11.370615,19.22918,19.0337,0.12977558,0.122,84.6357654,15.7708492,0.6614286,t17_f5_c3,19.0558,0.1591,True,False,True,23.12.x,0.0,,0.99998605,562120214.0,ZTF24aabiqgm
ztf,60319.2589004999,2565258901415015010,2,2565258901415,20.199825,1,2565,11.096522,19.09494,19.0044,0.11351719,0.1165,84.6356457,15.7708875,0.8,t17_f5_c3,18.9427,0.1409,True,False,True,23.12.x,0.0,,0.9999969,562120214.0,ZTF24aabiqgm
ztf,60319.25937499991,2565259371415015014,2,2565259371415,20.194529,1,2565,11.086763,19.16034,19.4235,0.10330045,0.1725,84.6355192,15.7708423,0.8214286,t17_f5_c3,19.3253,0.2019,True,False,True,23.12.x,0.0,,0.9999987,562120214.0,ZTF24aabiqgm
