tid,mjd,candid,fid,pid,diffmaglim,isdiffpos,nid,distnr,magpsf,magpsf_corr,magap,sigmapsf,sigmapsf_corr,sigmapsf_corr_ext,sigmagap,ra,dec,rb,rbversion,magapbig,sigmagapbig,has_stamp,corrected,dubious,step_id_corr,phase,parent_candid,drb,rfid,oid
ztf,59217.494259300176,1463494254015015003,2,1463494254015,19.7782,1,1463,0.168522,19.948,19.17575,19.4551,0.30272,0.14686665,0.14864188,0.2797,245.3834267,56.5921694,0.565714,t17_f5_c3,19.2541,0.2985,False,True,False,bulk_1.0.0,0.0,1.477534084015015e+18,,,ZTF21aafdtxc
ztf,59221.53503469983,1467535034015015004,2,1467535034015,19.7378,1,1467,0.752169,20.1999,19.292162,20.1557,0.264249,0.111655675,0.11452969,0.6485,245.38353,56.592017,0.734286,t17_f5_c3,19.5832,0.4918,False,True,False,bulk_1.0.0,0.0,1.477534084015015e+18,,,ZTF21aafdtxc
ztf,59223.506215299945,1469506214015015001,2,1469506214015,19.8511,1,1469,0.542645,20.2494,19.31334,20.2462,0.383126,0.15967456,0.16177727,0.3977,245.3836463,56.5921579,0.708571,t17_f5_c3,20.0247,0.416,False,True,False,bulk_1.0.0,0.0,1.477534084015015e+18,,,ZTF21aafdtxc
ztf,59231.53408560017,1477534084015015001,2,1477534084015,20.267893,1,1477,0.70060915,20.261236,19.318321,20.3589,0.20770305,0.08314628,0.08715192,0.3528,245.3835967,56.5920506,0.8914286,t17_f5_c3,20.0825,0.3504,True,True,False,bulk_1.0.0,0.0,0.0,0.99986887,795120240.0,ZTF21aafdtxc
ztf,59248.52810190013,1494528104015015002,2,1494528104015,20.4888,1,1494,0.728631,20.6781,19.474253,20.887,0.247629,0.07594075,0.08170758,0.6247,245.3835255,56.5920235,0.715714,t17_f5_c3,21.1004,0.9748,False,True,False,correction_0.0.1,0.0,,,,ZTF21aafdtxc
ztf,59250.53364579985,1496533644015015005,2,1496533644015,20.367317,1,1496,0.4900177,20.287508,19.329268,20.0984,0.1978225,0.07747366,0.08184263,0.2852,245.3832614,56.5920974,0.8957143,t17_f5_c3,19.878,0.2982,True,True,False,correction_0.0.1,0.0,,0.9997057,795120240.0,ZTF21aafdtxc
