tid,mjd,candid,fid,pid,diffmaglim,isdiffpos,nid,distnr,magpsf,magpsf_corr,magap,sigmapsf,sigmapsf_corr,sigmapsf_corr_ext,sigmagap,ra,dec,rb,rbversion,drb,magapbig,sigmagapbig,rfid,has_stamp,corrected,dubious,step_id_corr,phase,parent_candid,oid
ztf,61096.54857640015,3342548571915015026,2,3342548571915,19.483335,1,3342,0.27622125,15.829917,14.674556,15.8731,0.037080232,100.0,0.012793748,0.0148,281.3151156,-22.3543668,0.7842857,t17_f5_c3,0.999966,15.8725,0.018,1325120219.0,True,True,False,27.5.7a32.dev1,0.0,,ZTF25abbdjfo
ztf,61099.54545139987,3345545451915015029,2,3345545451915,19.676918,1,3345,0.27012318,15.852512,14.682299,15.8986,0.030833011,100.0,0.010493741,0.0132,281.3151589,-22.3544408,0.74857146,t17_f5_c3,0.9999988,15.9018,0.016,1325120219.0,True,True,False,27.5.7a32.dev1,0.0,,ZTF25abbdjfo
ztf,61100.54422450019,3346544221915015024,2,3346544221915,19.145958,1,3346,0.18661717,15.878273,14.690997,15.9064,0.05600622,0.009868817,0.018764025,0.0186,281.3151322,-22.3544475,0.7757143,t17_f5_c3,0.99999475,15.9093,0.0233,1325120219.0,True,True,False,27.5.7a32.dev1,0.0,,ZTF25abbdjfo
ztf,61100.54422450019,3346544221915025024,2,3346544221915,19.146,1,3346,0.186617,15.8783,14.691007,15.9064,0.056006,0.009867881,0.018763645,0.0186,281.3151322,-22.3544475,0.775714,t17_f5_c3,,15.9093,0.0233,,False,True,False,27.5.7a32.dev1,0.0,3.354540021915015e+18,ZTF25abbdjfo
ztf,61101.54349539988,3347543491915015121,2,3347543491915,17.936478,1,3347,0.23230767,15.781862,14.657734,15.916,0.032147836,100.0,0.011415641,0.043,281.3151475,-22.3544386,0.6142857,t17_f5_c3,0.98672193,15.9704,0.0575,1325120219.0,True,True,False,27.5.7a32.dev1,0.0,,ZTF25abbdjfo
ztf,61105.53881940013,3351538811915015037,2,3351538811915,19.128338,1,3351,0.1939728,16.101355,14.760753,16.0675,0.050935775,100.0,0.014817745,0.0218,281.3151343,-22.3544481,0.76428574,t17_f5_c3,0.9999958,16.0273,0.0262,1325120219.0,True,True,False,27.5.7a32.dev1,0.0,,ZTF25abbdjfo
ztf,61108.5400231001,3354540021915015033,2,3354540021915,19.09075,1,3354,0.3711427,16.047026,14.744665,16.1532,0.046605006,100.0,0.014043924,0.0239,281.3151554,-22.3545108,0.78571427,t17_f5_c3,0.99999905,16.1628,0.0301,1325120219.0,True,True,False,27.5.7a32.dev1,0.0,,ZTF25abbdjfo
