tid,mjd,candid,fid,pid,diffmaglim,isdiffpos,nid,distnr,magpsf,magap,sigmapsf,sigmagap,ra,dec,rb,rbversion,magapbig,sigmagapbig,has_stamp,corrected,dubious,step_id_corr,phase,parent_candid,drb,rfid,oid
ztf,60319.32817129977,2565328173015015028,2,2565328173015,20.4548,1,2565,10.588,19.6558,19.8582,0.128434,0.2235,84.741722,17.3820219,0.831429,t17_f5_c3,19.7724,0.2644,False,False,True,23.12.x,0.0,2.565330053015015e+18,,,ZTF24aabkfql
ztf,60319.3286342998,2565328633015015033,2,2565328633015,20.4577,1,2565,10.2744,19.5277,19.6301,0.114631,0.1812,84.7416246,17.382058,0.86,t17_f5_c3,19.4804,0.2022,False,False,True,23.12.x,0.0,2.565330053015015e+18,,,ZTF24aabkfql
ztf,60319.32910879981,2565329103015015033,2,2565329103015,20.3213,1,2565,10.0143,19.6602,19.9097,0.133065,0.2507,84.7414889,17.3820434,0.762857,t17_f5_c3,19.5979,0.2412,False,False,True,23.12.x,0.0,2.565330053015015e+18,,,ZTF24aabkfql
ztf,60319.32958329981,2565329583015015031,2,2565329583015,20.327269,1,2565,9.983583,19.534887,19.9549,0.14492314,0.2611,84.7413963,17.3819846,0.73285717,t17_f5_c3,20.0756,0.3738,True,False,True,23.12.x,0.0,,0.9992106,562120230.0,ZTF24aabkfql
ztf,60319.33005789993,2565330053015015028,2,2565330053015,20.260563,1,2565,9.916829,19.639269,19.4262,0.15161152,0.1663,84.7413135,17.3819478,0.5442857,t17_f5_c3,19.2552,0.1821,True,False,True,23.12.x,0.0,,0.999737,562120230.0,ZTF24aabkfql
ztf,60319.33053239994,2565330533015015043,2,2565330533015,20.161522,1,2565,9.772401,19.711157,19.5735,0.16358101,0.1959,84.7411771,17.381909,0.6457143,t17_f5_c3,19.4567,0.2254,True,False,True,23.12.x,0.0,,0.99985135,562120230.0,ZTF24aabkfql
ztf,60319.33099539997,2565330993015015038,2,2565330993015,20.230991,1,2565,9.399343,19.588654,19.6873,0.1467694,0.2123,84.7410537,17.3819617,0.7157143,t17_f5_c3,19.9458,0.3446,True,False,True,23.12.x,0.0,,0.99987066,562120230.0,ZTF24aabkfql
ztf,60319.331469899975,2565331463015015038,2,2565331463015,20.212448,1,2565,9.401846,19.690874,19.5136,0.15167554,0.1817,84.7409821,17.3819206,0.6542857,t17_f5_c3,19.928,0.3406,True,False,True,23.12.x,0.0,,0.99984264,562120230.0,ZTF24aabkfql
