tid,mjd,candid,fid,pid,diffmaglim,isdiffpos,nid,distnr,magpsf,magap,sigmapsf,sigmagap,ra,dec,rb,rbversion,magapbig,sigmagapbig,has_stamp,corrected,dubious,step_id_corr,phase,parent_candid,drb,rfid,oid
ztf,60319.29708330007,2565297080115015017,2,2565297080115,20.2832,1,2565,5.54034,18.9403,18.9576,0.112473,0.1052,90.9110635,16.1808141,0.937143,t17_f5_c3,18.9859,0.1378,False,False,False,23.12.x,0.0,2.565298490115015e+18,,,ZTF24aabjmiz
ztf,60319.297557900194,2565297550115015033,2,2565297550115,20.2599,1,2565,5.38535,19.06,19.0398,0.10119,0.1152,90.910949,16.1808116,0.915714,t17_f5_c3,18.9692,0.138,False,False,False,23.12.x,0.0,2.565298960115015e+18,,,ZTF24aabjmiz
ztf,60319.29802080011,2565298020115015026,2,2565298020115,20.2978,1,2565,5.21823,18.9564,19.0241,0.100667,0.1131,90.9108662,16.180832,0.957143,t17_f5_c3,19.0681,0.1502,False,False,False,23.12.x,0.0,2.565298960115015e+18,,,ZTF24aabjmiz
ztf,60319.29849540023,2565298490115015034,2,2565298490115,20.318222,1,2565,4.9843974,19.003292,19.053,0.081098445,0.1145,90.9107194,16.1808506,0.98142856,t17_f5_c3,19.1706,0.1627,True,False,False,23.12.x,0.0,,0.9999995,562120201.0,ZTF24aabjmiz
ztf,60319.29896989977,2565298960115015024,2,2565298960115,20.292166,1,2565,4.8111176,18.970407,18.9133,0.09272057,0.1021,90.9106049,16.1808737,0.97,t17_f5_c3,18.8546,0.1236,True,False,False,23.12.x,0.0,,1.0,562120201.0,ZTF24aabjmiz
ztf,60319.2994328998,2565299430115015025,2,2565299430115,20.266958,1,2565,4.768458,18.914131,19.0983,0.08717781,0.1226,90.9104704,16.1808645,0.9714286,t17_f5_c3,19.0097,0.1445,True,False,False,23.12.x,0.0,,1.0,562120201.0,ZTF24aabjmiz
