tid,mjd,candid,fid,pid,diffmaglim,isdiffpos,nid,distnr,magpsf,magap,sigmapsf,sigmagap,ra,dec,rb,rbversion,magapbig,sigmagapbig,has_stamp,corrected,dubious,step_id_corr,phase,parent_candid,drb,rfid,oid
ztf,60319.141597200185,2565141591315015038,2,2565141591315,19.1825,1,2565,7.40506,18.3192,18.3785,0.08838,0.1356,85.0770967,16.0839916,0.695714,t17_f5_c3,18.3199,0.1648,False,False,True,23.12.x,0.0,2.565143481315015e+18,,,ZTF24aabgmkf
ztf,60319.14207179984,2565142071315015042,2,2565142071315,19.0519,1,2565,7.41019,18.523,18.4456,0.130186,0.1481,85.0771051,16.0839907,0.362857,t17_f5_c3,18.361,0.1758,False,False,True,23.12.x,0.0,2.565143001315015e+18,,,ZTF24aabgmkf
ztf,60319.14253470022,2565142531315015044,2,2565142531315,19.0482,1,2565,7.26365,18.2265,18.3495,0.085791,0.1436,85.0769898,16.0840017,0.664286,t17_f5_c3,18.3864,0.1906,False,False,True,23.12.x,0.0,2.565143001315015e+18,,,ZTF24aabgmkf
ztf,60319.14300929988,2565143001315015051,2,2565143001315,19.307957,1,2565,7.145815,18.372482,18.3716,0.084507436,0.1269,85.0768476,16.0840409,0.52,t17_f5_c3,18.3585,0.1606,True,False,True,23.12.x,0.0,,0.99982387,562120213.0,ZTF24aabgmkf
ztf,60319.14348379988,2565143481315015021,2,2565143481315,19.487314,1,2565,7.1325765,18.285192,18.5528,0.081630595,0.1285,85.0767209,16.0840921,0.7828571,t17_f5_c3,18.5408,0.1629,True,False,True,23.12.x,0.0,,0.99985445,562120213.0,ZTF24aabgmkf
ztf,60319.14395829989,2565143951315015014,2,2565143951315,19.555746,1,2565,7.243675,18.410011,18.5014,0.081947304,0.1124,85.0766348,16.0841525,0.79142857,t17_f5_c3,18.5417,0.1493,True,False,True,23.12.x,0.0,,0.9997313,562120213.0,ZTF24aabgmkf
ztf,60319.14442129992,2565144421315015008,2,2565144421315,19.47568,1,2565,7.195871,18.31881,18.4621,0.10603178,0.1256,85.0765006,16.084177,0.80714285,t17_f5_c3,18.4669,0.1617,True,False,True,23.12.x,0.0,,0.9999866,562120213.0,ZTF24aabgmkf
ztf,60319.144895799924,2565144891315015007,2,2565144891315,19.596643,1,2565,7.288433,18.40687,18.4379,0.07571255,0.1076,85.0763988,16.0842335,0.7385714,t17_f5_c3,18.3744,0.1302,True,False,True,23.12.x,0.0,,0.99997026,562120213.0,ZTF24aabgmkf
