tid,mjd,candid,fid,pid,diffmaglim,isdiffpos,nid,distnr,magpsf,magap,sigmapsf,sigmagap,ra,dec,rb,rbversion,magapbig,sigmagapbig,has_stamp,corrected,dubious,step_id_corr,phase,parent_candid,drb,rfid,oid
ztf,60317.18796300003,2563187966115015025,2,2563187966115,19.904,1,2563,3.8346,18.9175,18.7978,0.116539,0.1104,91.9812956,21.986959,0.808571,t17_f5_c3,18.7938,0.1405,False,False,False,23.12.x,0.0,2.563189846115015e+18,,,ZTF24aaauumc
ztf,60317.18843750004,2563188436115015024,2,2563188436115,19.9532,1,2563,3.52312,19.0019,18.94,0.1158,0.1241,91.9812286,21.9868906,0.878571,t17_f5_c3,18.8398,0.1448,False,False,False,23.12.x,0.0,2.563189846115015e+18,,,ZTF24aaauumc
ztf,60317.18890050007,2563188906115015018,2,2563188906115,19.9146,1,2563,3.08484,19.0205,19.3182,0.110088,0.1765,91.9810497,21.9869568,0.855714,t17_f5_c3,19.3821,0.2396,False,False,False,23.12.x,0.0,2.563189846115015e+18,,,ZTF24aaauumc
ztf,60317.189375000075,2563189376115015036,2,2563189376115,19.9034,1,2563,2.83826,19.0995,19.1535,0.134319,0.1502,91.9809526,21.9869698,0.752857,t17_f5_c3,19.2116,0.2028,False,False,False,23.12.x,0.0,2.563190316115015e+18,,,ZTF24aaauumc
ztf,60317.18984950008,2563189846115015026,2,2563189846115,20.0026,1,2563,2.68444,19.0003,19.0348,0.118933,0.1319,91.9808876,21.9869822,0.871429,t17_f5_c3,19.0277,0.1677,False,False,False,23.12.x,0.0,2.563190316115015e+18,,,ZTF24aaauumc
ztf,60317.19031250011,2563190316115015025,2,2563190316115,19.943167,1,2563,2.3601763,18.945002,18.9391,0.12762615,0.1234,91.9807627,21.9869801,0.85571426,t17_f5_c3,18.9928,0.1658,True,False,False,23.12.x,0.0,,1.0,563120261.0,ZTF24aaauumc
ztf,60317.190787000116,2563190786115015030,2,2563190786115,19.9984,1,2563,2.13093,18.9997,19.1695,0.114309,0.1493,91.980651,21.9869936,0.881429,t17_f5_c3,19.4835,0.2547,False,False,False,23.12.x,0.0,2.563191266115015e+18,,,ZTF24aaauumc
ztf,60317.19126159977,2563191266115015030,2,2563191266115,20.052486,1,2563,1.9042938,19.06422,19.0963,0.1076048,0.137,91.9805336,21.9869953,0.92142856,t17_f5_c3,19.0619,0.1698,True,False,False,23.12.x,0.0,,1.0,563120261.0,ZTF24aaauumc
ztf,60317.19172450015,2563191726115015020,2,2563191726115,20.045185,1,2563,1.8411944,19.061647,19.292,0.12184861,0.164,91.9804552,21.9870141,0.8857143,t17_f5_c3,19.2865,0.2089,True,False,False,23.12.x,0.0,,1.0,563120261.0,ZTF24aaauumc
