tid,mjd,candid,fid,pid,diffmaglim,isdiffpos,nid,distnr,magpsf,magap,sigmapsf,sigmagap,ra,dec,rb,rbversion,magapbig,sigmagapbig,has_stamp,corrected,dubious,step_id_corr,phase,parent_candid,drb,rfid,oid
ztf,60317.446608799975,2563446600115015013,2,2563446600115,19.862,1,2563,11.0419,18.7857,18.8847,0.096832,0.1304,98.1560591,16.4442397,0.928571,t17_f5_c3,18.805,0.155,False,False,True,23.12.x,0.0,2.563448000115015e+18,,,ZTF24aabbiis
ztf,60317.44707180001,2563447070115015020,2,2563447070115,19.806,1,2563,11.4796,18.8529,18.997,0.124902,0.1444,98.1559172,16.4442332,0.877143,t17_f5_c3,18.9786,0.1817,False,False,True,23.12.x,0.0,2.563448000115015e+18,,,ZTF24aabbiis
ztf,60317.44754630001,2563447540115015021,2,2563447540115,19.7895,1,2563,11.7552,18.8095,18.9134,0.106194,0.1341,98.1558138,16.4442491,0.75,t17_f5_c3,18.7812,0.152,False,False,True,23.12.x,0.0,2.563448000115015e+18,,,ZTF24aabbiis
ztf,60317.448009300046,2563448000115015041,2,2563448000115,19.756483,1,2563,12.002068,18.722795,18.8365,0.094205186,0.1237,98.1556932,16.4443232,0.75857145,t17_f5_c3,18.932,0.1728,True,False,True,23.12.x,0.0,,0.99999565,563120201.0,ZTF24aabbiis
ztf,60317.44848380005,2563448480115015014,2,2563448480115,19.74087,1,2563,12.320076,18.801329,18.7616,0.13471462,0.1153,98.1556038,16.444295,0.5214286,t17_f5_c3,18.8211,0.1555,True,False,True,23.12.x,0.0,,0.99953437,563120201.0,ZTF24aabbiis
ztf,60317.448958300054,2563448950115015029,2,2563448950115,19.644217,1,2563,12.384213,18.766237,18.8631,0.12724659,0.1273,98.1555415,16.4443817,0.6342857,t17_f5_c3,18.7947,0.153,True,False,True,23.12.x,0.0,,0.9999974,563120201.0,ZTF24aabbiis
ztf,60317.449432900175,2563449430115015017,2,2563449430115,19.643526,1,2563,12.812579,18.781569,18.8297,0.11237816,0.1228,98.15539,16.4444135,0.6028572,t17_f5_c3,18.8389,0.1584,True,False,True,23.12.x,0.0,,0.9987043,563120201.0,ZTF24aabbiis
