tid,mjd,candid,fid,pid,diffmaglim,isdiffpos,nid,distnr,magpsf,magap,sigmapsf,sigmagap,ra,dec,rb,rbversion,magapbig,sigmagapbig,has_stamp,corrected,dubious,step_id_corr,phase,parent_candid,drb,rfid,oid
ztf,60319.1599653,2565159962715015025,2,2565159962715,20.0693,1,2565,3.65463,18.883,18.9571,0.102759,0.1227,88.1148979,17.2034396,0.891429,t17_f5_c3,18.9562,0.1561,False,False,False,23.12.x,0.0,2.565160912715015e+18,,,ZTF24aabgyrp
ztf,60319.160439800005,2565160432715015019,2,2565160432715,20.0846,1,2565,3.78903,18.8142,18.9671,0.088555,0.1213,88.1147616,17.2034379,0.895714,t17_f5_c3,18.9136,0.1471,False,False,False,23.12.x,0.0,2.565162322715015e+18,,,ZTF24aabgyrp
ztf,60319.16091440013,2565160912715015025,2,2565160912715,20.02464,1,2565,3.888202,18.829063,18.9018,0.08538753,0.1155,88.1146759,17.2034381,0.8528572,t17_f5_c3,18.8613,0.1418,True,False,False,23.12.x,0.0,,0.9999979,562120227.0,ZTF24aabgyrp
ztf,60319.16137730004,2565161372715015025,2,2565161372715,20.07789,1,2565,4.146041,18.819998,18.7937,0.077558905,0.1048,88.1145365,17.203423,0.88857144,t17_f5_c3,18.8328,0.1384,True,False,False,23.12.x,0.0,,0.9999962,562120227.0,ZTF24aabgyrp
ztf,60319.161851900164,2565161852715015033,2,2565161852715,20.10544,1,2565,4.1369157,18.863007,19.0168,0.10022031,0.1249,88.1144246,17.2034839,0.92,t17_f5_c3,19.0949,0.1709,True,False,False,23.12.x,0.0,,0.99999976,562120227.0,ZTF24aabgyrp
ztf,60319.16232640017,2565162322715015023,2,2565162322715,20.1523,1,2565,3.80442,18.7986,18.9566,0.076543,0.1167,88.1143282,17.2034493,0.922857,t17_f5_c3,19.1592,0.1792,False,False,False,23.12.x,0.0,2.565162782715015e+18,,,ZTF24aabgyrp
ztf,60319.1627894002,2565162782715015020,2,2565162782715,20.05244,1,2565,3.4193068,18.82268,18.9124,0.08516594,0.1156,88.1141724,17.2034356,0.8971428,t17_f5_c3,18.9178,0.1482,True,False,False,23.12.x,0.0,,0.9999982,562120227.0,ZTF24aabgyrp
