tid,mjd,candid,fid,pid,diffmaglim,isdiffpos,nid,distnr,magpsf,magap,sigmapsf,sigmagap,ra,dec,rb,rbversion,magapbig,sigmagapbig,has_stamp,corrected,dubious,step_id_corr,phase,parent_candid,drb,rfid,oid
ztf,60319.25655090017,2565256551515015015,2,2565256551515,20.2971,1,2565,4.68266,18.7323,18.7554,0.080707,0.0901,85.9935197,15.6595767,0.945714,t17_f5_c3,18.7819,0.1177,False,False,True,23.12.x,0.0,2.565258421515015e+18,,,ZTF24aabirah
ztf,60319.257013900205,2565257011515015014,2,2565257011515,20.265,1,2565,5.03219,18.6325,18.6081,0.068311,0.0792,85.9934064,15.6596053,0.944286,t17_f5_c3,18.68,0.1077,False,False,True,23.12.x,0.0,2.565258421515015e+18,,,ZTF24aabirah
ztf,60319.25748840021,2565257481515015008,2,2565257481515,20.2686,1,2565,5.2554,18.6948,18.803,0.055805,0.0945,85.9933314,15.6596162,0.947143,t17_f5_c3,18.7867,0.1187,False,False,True,23.12.x,0.0,2.565258901515015e+18,,,ZTF24aabirah
ztf,60319.257962999865,2565257961515015008,2,2565257961515,20.2266,1,2565,5.63975,18.65,18.6216,0.074013,0.0797,85.9932294,15.6596693,0.925714,t17_f5_c3,18.6258,0.1018,False,False,True,23.12.x,0.0,2.565258901515015e+18,,,ZTF24aabirah
ztf,60319.25842589978,2565258421515015015,2,2565258421515,20.237535,1,2565,6.030497,18.726717,18.772,0.07175163,0.0915,85.9931183,15.6597122,0.94285715,t17_f5_c3,18.7961,0.1193,True,False,True,23.12.x,0.0,,0.99999744,562120215.0,ZTF24aabirah
ztf,60319.2589004999,2565258901515015014,2,2565258901515,20.28581,1,2565,6.443078,18.65854,18.63,0.08437102,0.0806,85.9929936,15.6597451,0.9357143,t17_f5_c3,18.6937,0.1088,True,False,True,23.12.x,0.0,,0.9999981,562120215.0,ZTF24aabirah
ztf,60319.25937499991,2565259371515015016,2,2565259371515,20.291,1,2565,6.79214,18.6701,18.6842,0.070309,0.0845,85.9928936,15.659779,0.942857,t17_f5_c3,18.7608,0.1154,False,False,True,23.12.x,0.0,2.565260311515015e+18,,,ZTF24aabirah
ztf,60319.25983799994,2565259831515015009,2,2565259831515,20.3018,1,2565,7.17789,18.6246,18.5981,0.060087,0.0787,85.9927888,15.6598247,0.938571,t17_f5_c3,18.5821,0.0987,False,False,True,23.12.x,0.0,2.565260311515015e+18,,,ZTF24aabirah
ztf,60319.260312499944,2565260311515015018,2,2565260311515,20.304434,1,2565,7.4871144,18.62348,18.7094,0.061338983,0.0871,85.9926816,15.6598525,0.94714284,t17_f5_c3,18.7202,0.1119,True,False,True,23.12.x,0.0,,0.9999758,562120215.0,ZTF24aabirah
