tid,mjd,candid,fid,pid,diffmaglim,isdiffpos,nid,distnr,magpsf,magap,sigmapsf,sigmagap,ra,dec,rb,rbversion,magapbig,sigmagapbig,has_stamp,corrected,dubious,step_id_corr,phase,parent_candid,drb,rfid,oid
ztf,60319.16420139978,2565164203515015034,2,2565164203515,20.0322,1,2565,14.3209,19.2273,19.1514,0.137307,0.1492,92.0749549,19.1457128,0.841429,t17_f5_c3,19.1006,0.1823,False,False,True,23.12.x,0.0,2.565165153515015e+18,,,ZTF24aabhemz
ztf,60319.16467589978,2565164673515015027,2,2565164673515,20.0225,1,2565,14.7015,19.2201,19.2231,0.124082,0.1579,92.0748475,19.1456836,0.854286,t17_f5_c3,19.2108,0.2001,False,False,True,23.12.x,0.0,2.565165153515015e+18,,,ZTF24aabhemz
ztf,60319.1651504999,2565165153515015023,2,2565165153515,19.534567,1,2565,15.335119,19.123764,19.2845,0.1791955,0.2593,92.0746426,19.1457035,0.7842857,t17_f5_c3,19.5593,0.4279,True,False,True,23.12.x,0.0,,0.9999796,562120235.0,ZTF24aabhemz
ztf,60319.16561339982,2565165613515015031,2,2565165613515,19.582138,1,2565,15.420087,19.18821,19.1954,0.16888079,0.2241,92.0746269,19.1456668,0.7128571,t17_f5_c3,18.9958,0.2392,True,False,True,23.12.x,0.0,,0.9997355,562120235.0,ZTF24aabhemz
ztf,60319.16608799994,2565166083515015027,2,2565166083515,19.96334,1,2565,15.165336,19.189594,19.0169,0.11195709,0.135,92.0744854,19.1457358,0.84,t17_f5_c3,18.9004,0.1554,True,False,True,23.12.x,0.0,,0.99995047,562120235.0,ZTF24aabhemz
