tid,mjd,candid,fid,pid,diffmaglim,isdiffpos,nid,distnr,magpsf,magap,sigmapsf,sigmagap,ra,dec,rb,rbversion,magapbig,sigmagapbig,has_stamp,corrected,dubious,step_id_corr,phase,parent_candid,drb,rfid,oid
ztf,60319.14865740016,2565148651815015007,2,2565148651815,20.0411,1,2565,14.5885,18.0728,18.0894,0.056121,0.0573,90.8223714,17.8116501,0.968571,t17_f5_c3,18.0673,0.0714,False,False,True,23.12.x,0.0,2.565150541815015e+18,,,ZTF24aabgtpm
ztf,60319.149131900165,2565149131815015004,2,2565149131815,19.8595,1,2565,14.4369,18.0835,18.0593,0.079743,0.0576,90.8223149,17.8116294,0.914286,t17_f5_c3,18.0001,0.0695,False,False,True,23.12.x,0.0,2.565150541815015e+18,,,ZTF24aabgtpm
ztf,60319.1495949002,2565149591815015005,2,2565149591815,19.7462,1,2565,14.0483,18.0885,18.1073,0.084031,0.0661,90.8222061,17.8116722,0.901429,t17_f5_c3,18.1363,0.0865,False,False,True,23.12.x,0.0,2.565150541815015e+18,,,ZTF24aabgtpm
ztf,60319.1500694002,2565150061815015005,2,2565150061815,19.746,1,2565,13.8746,17.9953,18.0121,0.09977,0.0603,90.8221233,17.8116134,0.895714,t17_f5_c3,17.9714,0.0739,False,False,True,23.12.x,0.0,2.565150541815015e+18,,,ZTF24aabgtpm
ztf,60319.15054399986,2565150541815015006,2,2565150541815,19.882874,1,2565,13.5658455,18.066292,17.9863,0.08760926,0.0564,90.8220325,17.8116268,0.92714286,t17_f5_c3,17.9597,0.0701,True,False,True,23.12.x,0.0,,1.0,562120218.0,ZTF24aabgtpm
ztf,60319.15101849986,2565151011815015005,2,2565151011815,19.819841,1,2565,13.249449,18.069391,17.9982,0.06914544,0.0595,90.8219422,17.8116521,0.91714287,t17_f5_c3,17.9343,0.0714,True,False,True,23.12.x,0.0,,1.0,562120218.0,ZTF24aabgtpm
ztf,60319.151481499895,2565151481815015006,2,2565151481815,19.782452,1,2565,12.998108,18.08419,18.1871,0.078467995,0.0725,90.8218531,17.8116359,0.94285715,t17_f5_c3,18.1573,0.09,True,False,True,23.12.x,0.0,,0.99999976,562120218.0,ZTF24aabgtpm
