tid,mjd,candid,fid,pid,diffmaglim,isdiffpos,nid,distnr,magpsf,magap,sigmapsf,sigmagap,ra,dec,rb,rbversion,magapbig,sigmagapbig,has_stamp,corrected,dubious,step_id_corr,phase,parent_candid,drb,rfid,oid
ztf,60319.14865740016,2565148655415015019,2,2565148655415,19.9672,1,2565,7.59614,18.2807,18.3815,0.077659,0.0787,88.9117254,21.0964562,0.928571,t17_f5_c3,18.314,0.0945,False,False,True,23.12.x,0.0,2.565150065415015e+18,,,ZTF24aabguhj
ztf,60319.149131900165,2565149135415015024,2,2565149135415,19.6987,1,2565,7.86121,18.3259,18.4868,0.07932,0.0955,88.9116047,21.0964568,0.815714,t17_f5_c3,18.4703,0.1203,False,False,True,23.12.x,0.0,2.565150065415015e+18,,,ZTF24aabguhj
ztf,60319.1495949002,2565149595415015021,2,2565149595415,19.6768,1,2565,8.14712,18.2686,18.3954,0.095822,0.0891,88.9115079,21.0964382,0.751429,t17_f5_c3,18.445,0.1192,False,False,True,23.12.x,0.0,2.565150065415015e+18,,,ZTF24aabguhj
ztf,60319.1500694002,2565150065415015014,2,2565150065415,19.695318,1,2565,8.49885,18.320478,18.4194,0.08318756,0.0899,88.9113558,21.0964453,0.80142856,t17_f5_c3,18.4751,0.1209,True,False,True,23.12.x,0.0,,0.9999997,562120254.0,ZTF24aabguhj
ztf,60319.15054399986,2565150545415015033,2,2565150545415,19.76836,1,2565,8.745143,18.32478,18.3843,0.08390706,0.0878,88.9112603,21.0964361,0.89,t17_f5_c3,18.4167,0.1155,True,False,True,23.12.x,0.0,,0.99999845,562120254.0,ZTF24aabguhj
ztf,60319.15101849986,2565151015415015025,2,2565151015415,19.672905,1,2565,8.826288,18.336931,18.2678,0.07632662,0.086,88.9111653,21.0964091,0.8685714,t17_f5_c3,18.1777,0.1012,True,False,True,23.12.x,0.0,,0.99999523,562120254.0,ZTF24aabguhj
ztf,60319.151481499895,2565151485415015039,2,2565151485415,19.493391,1,2565,8.806325,18.317146,18.3517,0.087404005,0.1072,88.9109712,21.0963873,0.8528572,t17_f5_c3,18.4327,0.1477,True,False,True,23.12.x,0.0,,0.99986845,562120254.0,ZTF24aabguhj
