tid,mjd,candid,fid,pid,diffmaglim,isdiffpos,nid,distnr,magpsf,magap,sigmapsf,sigmagap,ra,dec,rb,rbversion,magapbig,sigmagapbig,has_stamp,corrected,dubious,step_id_corr,phase,parent_candid,drb,rfid,oid
ztf,60319.312615700066,2565312616215015019,2,2565312616215,20.2458,1,2565,10.696,19.1268,18.9677,0.099423,0.1116,84.789184,21.0481783,0.81,t17_f5_c3,18.727,0.115,False,False,True,23.12.x,0.0,2.565314026215015e+18,,,ZTF24aabjtss
ztf,60319.31309030019,2565313096215015026,2,2565313096215,20.233,1,2565,10.4343,19.0426,18.9544,0.094309,0.1099,84.7891138,21.0482777,0.925714,t17_f5_c3,18.7222,0.114,False,False,True,23.12.x,0.0,2.565314026215015e+18,,,ZTF24aabjtss
ztf,60319.31356480019,2565313566215015025,2,2565313566215,20.1856,1,2565,10.3762,19.1541,19.46,0.10185,0.1776,84.7890134,21.0483245,0.891429,t17_f5_c3,19.4118,0.218,False,False,True,23.12.x,0.0,2.565314026215015e+18,,,ZTF24aabjtss
ztf,60319.314027800225,2565314026215015027,2,2565314026215,20.116314,1,2565,10.546698,19.189316,18.9192,0.12681562,0.1107,84.7888019,21.0483483,0.7157143,t17_f5_c3,18.9343,0.1437,True,False,True,23.12.x,0.0,,0.99985874,562120262.0,ZTF24aabjtss
ztf,60319.31450230023,2565314506215015022,2,2565314506215,20.138144,1,2565,10.262815,19.098133,19.082,0.10602818,0.1277,84.788714,21.0484734,0.91,t17_f5_c3,19.1155,0.1687,True,False,True,23.12.x,0.0,,0.9999981,562120262.0,ZTF24aabjtss
ztf,60319.314976899885,2565314976215015031,2,2565314976215,20.18569,1,2565,10.399546,19.206238,19.0361,0.14373495,0.121,84.7885526,21.0485075,0.6957143,t17_f5_c3,18.9596,0.1443,True,False,True,23.12.x,0.0,,0.9998528,562120262.0,ZTF24aabjtss
ztf,60319.31545139989,2565315456215015030,2,2565315456215,20.198236,1,2565,10.305769,19.221672,19.1513,0.101247996,0.1332,84.7884438,21.0485947,0.88857144,t17_f5_c3,19.2376,0.1844,True,False,True,23.12.x,0.0,,0.9999982,562120262.0,ZTF24aabjtss
ztf,60319.31592589989,2565315926215015032,2,2565315926215,20.219759,1,2565,10.278072,19.174171,19.2345,0.08482289,0.144,84.7883624,21.0486552,0.9028571,t17_f5_c3,19.1456,0.1698,True,False,True,23.12.x,0.0,,0.99997234,562120262.0,ZTF24aabjtss
ztf,60319.316400500014,2565316406215015028,2,2565316406215,20.1912,1,2565,10.23159,19.188501,19.1597,0.123755015,0.1354,84.788232,21.0487584,0.6542857,t17_f5_c3,19.1911,0.1782,True,False,True,23.12.x,0.0,,0.9999657,562120262.0,ZTF24aabjtss
