tid,mjd,candid,fid,pid,diffmaglim,isdiffpos,nid,distnr,magpsf,magap,sigmapsf,sigmagap,ra,dec,rb,rbversion,magapbig,sigmagapbig,has_stamp,corrected,dubious,step_id_corr,phase,parent_candid,drb,rfid,oid
ztf,60317.18890050007,2563188905915015021,2,2563188905915,20.0185,1,2563,8.97009,18.9516,19.1858,0.109137,0.145,94.7794818,21.0062669,0.802857,t17_f5_c3,19.2796,0.2022,False,False,True,23.12.x,0.0,2.563190315915015e+18,,,ZTF24aaautyn
ztf,60317.189375000075,2563189375915015017,2,2563189375915,19.9795,1,2563,9.2984,18.9561,18.9603,0.108259,0.1189,94.7793808,21.0062489,0.76,t17_f5_c3,18.9876,0.1558,False,False,True,23.12.x,0.0,2.563190315915015e+18,,,ZTF24aaautyn
ztf,60317.18984950008,2563189845915015028,2,2563189845915,20.0021,1,2563,9.41419,19.0349,19.1286,0.121057,0.1381,94.7793129,21.0062823,0.825714,t17_f5_c3,19.1574,0.1814,False,False,True,23.12.x,0.0,2.563190315915015e+18,,,ZTF24aaautyn
ztf,60317.19031250011,2563190315915015025,2,2563190315915,19.961147,1,2563,9.826666,19.172335,19.1137,0.1306715,0.1422,94.7791539,21.0063266,0.71,t17_f5_c3,19.1582,0.1896,True,False,True,23.12.x,0.0,,0.9999602,563120259.0,ZTF24aaautyn
ztf,60317.190787000116,2563190785915015022,2,2563190785915,20.015,1,2563,10.0438,18.9583,19.004,0.109631,0.1243,94.7790752,21.0063372,0.822857,t17_f5_c3,19.0557,0.1665,False,False,True,23.12.x,0.0,2.563191265915015e+18,,,ZTF24aaautyn
ztf,60317.19126159977,2563191265915015026,2,2563191265915,20.115625,1,2563,10.380785,18.98347,18.8133,0.10597145,0.098,94.7789702,21.0063091,0.5757143,t17_f5_c3,18.9177,0.1378,True,False,True,23.12.x,0.0,,0.99997944,563120259.0,ZTF24aaautyn
ztf,60317.19172450015,2563191725915015021,2,2563191725915,20.07545,1,2563,10.700868,18.979372,18.9949,0.112011306,0.1183,94.778858,21.006347,0.8,t17_f5_c3,18.9369,0.1435,True,False,True,23.12.x,0.0,,0.9999844,563120259.0,ZTF24aaautyn
ztf,60317.19219909981,2563192195915015023,2,2563192195915,20.06461,1,2563,10.817953,19.009136,19.0608,0.09822818,0.1294,94.7787923,21.0063915,0.8857143,t17_f5_c3,19.1436,0.1785,True,False,True,23.12.x,0.0,,0.9999986,563120259.0,ZTF24aaautyn
ztf,60317.19267359981,2563192675915015024,2,2563192675915,20.072882,1,2563,11.237928,19.078157,18.9328,0.12848148,0.1137,94.7786526,21.0063965,0.43142858,t17_f5_c3,19.0143,0.1566,True,False,True,23.12.x,0.0,,0.9999575,563120259.0,ZTF24aaautyn
