tid,mjd,candid,fid,pid,diffmaglim,isdiffpos,nid,distnr,magpsf,magap,sigmapsf,sigmagap,ra,dec,rb,rbversion,magapbig,sigmagapbig,has_stamp,corrected,dubious,step_id_corr,phase,parent_candid,drb,rfid,oid
ztf,60317.3104514,2563310450315015016,2,2563310450315,19.8389,1,2563,3.37716,19.3788,19.6421,0.13955,0.2383,99.2688847,15.6215033,0.702857,t17_f5_c3,19.3797,0.2401,False,False,False,23.12.x,0.0,2.563311860315015e+18,,,ZTF24aaaygco
ztf,60317.310914400034,2563310910315015022,2,2563310910315,19.836,1,2563,3.49109,19.5592,19.4908,0.180344,0.2102,99.2687869,15.6215135,0.56,t17_f5_c3,19.6115,0.301,False,False,False,23.12.x,0.0,2.563312800315015e+18,,,ZTF24aaaygco
ztf,60317.31138890004,2563311380315015016,2,2563311380315,19.9502,1,2563,3.5139,19.4056,19.7618,0.194972,0.2563,99.2687625,15.621513,0.764286,t17_f5_c3,20.1065,0.451,False,False,False,23.12.x,0.0,2.563312800315015e+18,,,ZTF24aaaygco
ztf,60317.31186340004,2563311860315015016,2,2563311860315,19.9014,1,2563,3.71622,19.4702,19.4387,0.152537,0.1962,99.2685812,15.6215045,0.705714,t17_f5_c3,19.3848,0.2393,False,False,False,23.12.x,0.0,2.563312800315015e+18,,,ZTF24aaaygco
ztf,60317.312326400075,2563312320315015018,2,2563312320315,19.8909,1,2563,4.0445,19.6324,19.8179,0.178221,0.2837,99.2684705,15.621552,0.682857,t17_f5_c3,19.7303,0.3356,False,False,False,23.12.x,0.0,2.563312800315015e+18,,,ZTF24aaaygco
ztf,60317.31280090008,2563312800315015016,2,2563312800315,19.944134,1,2563,3.9630775,19.525385,19.5501,0.15942721,0.2102,99.2684443,15.6215071,0.73285717,t17_f5_c3,19.3439,0.2232,True,False,False,23.12.x,0.0,,0.9996389,563120203.0,ZTF24aaaygco
ztf,60317.3132755002,2563313270315015018,2,2563313270315,19.931278,1,2563,4.4205036,19.404493,19.3935,0.17644547,0.189,99.2683054,15.6215741,0.69857144,t17_f5_c3,19.2808,0.2185,True,False,False,23.12.x,0.0,,0.9999964,563120203.0,ZTF24aaaygco
ztf,60317.31373840012,2563313730315015016,2,2563313730315,19.905043,1,2563,4.3895683,19.307442,18.9853,0.1273327,0.1291,99.2682198,15.621496,0.47,t17_f5_c3,18.7905,0.1383,True,False,False,23.12.x,0.0,,0.99997544,563120203.0,ZTF24aaaygco
