tid,mjd,candid,fid,pid,diffmaglim,isdiffpos,nid,distnr,magpsf,magap,sigmapsf,sigmagap,ra,dec,rb,rbversion,magapbig,sigmagapbig,has_stamp,corrected,dubious,step_id_corr,phase,parent_candid,drb,rfid,oid
ztf,60317.40184029983,2563401842515015018,2,2563401842515,20.1123,1,2563,13.1188,19.2514,19.2734,0.117125,0.1508,94.1253134,18.5897307,0.831429,t17_f5_c3,19.303,0.1982,False,False,True,23.12.x,0.0,2.563403262515015e+18,,,ZTF24aabaind
ztf,60317.40231479984,2563402312515015010,2,2563402312515,20.174,1,2563,12.9739,19.2493,19.4549,0.133271,0.1724,94.1251937,18.5897472,0.842857,t17_f5_c3,19.3561,0.2017,False,False,True,23.12.x,0.0,2.563403722515015e+18,,,ZTF24aabaind
ztf,60317.40278939996,2563402782515015013,2,2563402782515,20.1632,1,2563,12.8506,19.2538,19.2968,0.138576,0.15,94.1250971,18.5897579,0.84,t17_f5_c3,19.4153,0.2139,False,False,True,23.12.x,0.0,2.563404202515015e+18,,,ZTF24aabaind
ztf,60317.40326389996,2563403262515015010,2,2563403262515,20.0978,1,2563,12.6541,19.2366,19.1558,0.110586,0.1382,94.1249014,18.5897827,0.812857,t17_f5_c3,19.0953,0.1673,False,False,True,23.12.x,0.0,2.563404202515015e+18,,,ZTF24aabaind
ztf,60317.4037269,2563403722515015010,2,2563403722515,20.218666,1,2563,12.5641575,19.185951,19.1115,0.11546858,0.1225,94.1248599,18.5897722,0.85714287,t17_f5_c3,19.1846,0.1674,True,False,True,23.12.x,0.0,,0.9997722,563120225.0,ZTF24aabaind
ztf,60317.4042014,2563404202515015009,2,2563404202515,20.162529,1,2563,12.444573,19.42587,19.383,0.15334547,0.1621,94.1247099,18.5897953,0.7185714,t17_f5_c3,19.6036,0.2543,True,False,True,23.12.x,0.0,,0.99940825,563120225.0,ZTF24aabaind
ztf,60317.404675900005,2563404672515015006,2,2563404672515,20.014076,1,2563,12.226368,19.352709,19.4799,0.12607442,0.1907,94.1246491,18.5897482,0.77,t17_f5_c3,19.3993,0.227,True,False,True,23.12.x,0.0,,0.9999072,563120225.0,ZTF24aabaind
ztf,60317.405150500126,2563405152515015010,2,2563405152515,20.045408,1,2563,12.22228,19.413555,19.8159,0.1374522,0.257,94.1245236,18.5897908,0.6742857,t17_f5_c3,19.8274,0.3333,True,False,True,23.12.x,0.0,,0.9997599,563120225.0,ZTF24aabaind
