tid,mjd,candid,fid,pid,diffmaglim,isdiffpos,nid,distnr,magpsf,magap,sigmapsf,sigmagap,ra,dec,rb,rbversion,magapbig,sigmagapbig,has_stamp,corrected,dubious,step_id_corr,phase,parent_candid,drb,rfid,oid
ztf,60319.2537153,2565253713315015020,2,2565253713315,20.1696,1,2565,7.35578,19.7203,19.7739,0.155558,0.2284,90.7507038,20.3762087,0.744286,t17_f5_c3,19.7112,0.2767,False,False,True,23.12.x,0.0,2.565255133315015e+18,,,ZTF24aabioxn
ztf,60319.254189800005,2565254183315015025,2,2565254183315,20.1575,1,2565,7.51538,19.7572,20.0337,0.186353,0.2933,90.7505796,20.3762879,0.67,t17_f5_c3,19.8768,0.3264,False,False,True,23.12.x,0.0,2.565255603315015e+18,,,ZTF24aabioxn
ztf,60319.25466440013,2565254663315015023,2,2565254663315,20.1706,1,2565,7.65388,19.6221,19.512,0.163031,0.1819,90.750574,20.3763303,0.678571,t17_f5_c3,19.1744,0.1714,False,False,True,23.12.x,0.0,2.565255603315015e+18,,,ZTF24aabioxn
ztf,60319.25513890013,2565255133315015021,2,2565255133315,20.217247,1,2565,7.8634005,19.67224,19.7257,0.14957295,0.2146,90.7503678,20.3764258,0.74285716,t17_f5_c3,19.4669,0.2175,True,False,True,23.12.x,0.0,,0.9999908,562120233.0,ZTF24aabioxn
ztf,60319.255601900164,2565255603315015024,2,2565255603315,20.293657,1,2565,8.164849,19.74256,19.6598,0.15133028,0.1982,90.7502391,20.3765244,0.67285717,t17_f5_c3,19.4394,0.2078,True,False,True,23.12.x,0.0,,0.99995565,562120233.0,ZTF24aabioxn
ztf,60319.25607640017,2565256073315015026,2,2565256073315,20.33277,1,2565,7.9000673,19.590515,19.4568,0.12872972,0.163,90.7501284,20.3766173,0.74857146,t17_f5_c3,19.7166,0.2656,True,False,True,23.12.x,0.0,,0.99994034,562120233.0,ZTF24aabioxn
ztf,60319.25655090017,2565256553315015031,2,2565256553315,20.22588,1,2565,7.7915096,19.689053,19.3772,0.15673102,0.1564,90.7500946,20.3766499,0.5042857,t17_f5_c3,19.4914,0.223,True,False,True,23.12.x,0.0,,0.99826264,562120233.0,ZTF24aabioxn
ztf,60319.257013900205,2565257013315015029,2,2565257013315,20.227055,1,2565,7.2380605,19.684597,19.5729,0.14117166,0.1851,90.7499257,20.3767681,0.69857144,t17_f5_c3,19.5116,0.2248,True,False,True,23.12.x,0.0,,0.9999893,562120233.0,ZTF24aabioxn
