tid,mjd,candid,fid,pid,diffmaglim,isdiffpos,nid,distnr,magpsf,magap,sigmapsf,sigmagap,ra,dec,rb,rbversion,magapbig,sigmagapbig,has_stamp,corrected,dubious,step_id_corr,phase,parent_candid,drb,rfid,oid
ztf,60319.28859949997,2565288595115015017,2,2565288595115,20.1592,1,2565,3.10031,19.1593,19.3181,0.153328,0.1712,91.4153649,21.4390744,0.898571,t17_f5_c3,19.2386,0.202,False,False,False,23.12.x,0.0,2.565290015115015e+18,,,ZTF24aabjkpz
ztf,60319.28907410009,2565289075115015019,2,2565289075115,20.2625,1,2565,3.13278,18.9211,19.0082,0.091406,0.1232,91.4152878,21.43907,0.95,t17_f5_c3,19.058,0.1633,False,False,False,23.12.x,0.0,2.565290015115015e+18,,,ZTF24aabjkpz
ztf,60319.28954860009,2565289545115015017,2,2565289545115,20.2373,1,2565,3.13943,19.0174,19.2534,0.126513,0.159,91.4151678,21.4390835,0.921429,t17_f5_c3,19.2992,0.2105,False,False,False,23.12.x,0.0,2.565290015115015e+18,,,ZTF24aabjkpz
ztf,60319.290011600126,2565290015115015017,2,2565290015115,20.207764,1,2565,3.217287,19.060505,18.8709,0.09144645,0.11,91.415036,21.4390967,0.7614286,t17_f5_c3,18.957,0.1508,True,False,False,23.12.x,0.0,,0.9998522,562120251.0,ZTF24aabjkpz
ztf,60319.29048610013,2565290485115015014,2,2565290485115,20.070673,1,2565,3.3121126,18.929754,18.9285,0.09814811,0.129,91.4149189,21.4391131,0.93285716,t17_f5_c3,18.8807,0.157,True,False,False,23.12.x,0.0,,0.9999964,562120251.0,ZTF24aabjkpz
ztf,60319.290960600134,2565290965115015020,2,2565290965115,20.250156,1,2565,3.2694325,18.99175,18.8938,0.09277681,0.1135,91.4148564,21.4391565,0.9242857,t17_f5_c3,18.8514,0.1386,True,False,False,23.12.x,0.0,,0.99998796,562120251.0,ZTF24aabjkpz
ztf,60319.29142360017,2565291425115015011,2,2565291425115,20.185928,1,2565,3.4894516,18.999063,18.9036,0.10568943,0.1152,91.4146882,21.4391982,0.8642857,t17_f5_c3,18.719,0.1235,True,False,False,23.12.x,0.0,,0.9999554,562120251.0,ZTF24aabjkpz
ztf,60319.29189810017,2565291895115015019,2,2565291895115,20.2033,1,2565,3.74337,19.0464,19.2525,0.085848,0.1623,91.4145848,21.4391863,0.942857,t17_f5_c3,19.2884,0.214,False,False,False,23.12.x,0.0,2.565292375115015e+18,,,ZTF24aabjkpz
ztf,60319.29237269983,2565292375115015017,2,2565292375115,20.255482,1,2565,3.8525302,19.0131,19.1028,0.11291332,0.1376,91.4144967,21.4392267,0.9442857,t17_f5_c3,19.2047,0.1924,True,False,False,23.12.x,0.0,,0.99997425,562120251.0,ZTF24aabjkpz
