tid,mjd,candid,fid,pid,diffmaglim,isdiffpos,nid,distnr,magpsf,magap,sigmapsf,sigmagap,ra,dec,rb,rbversion,magapbig,sigmagapbig,has_stamp,corrected,dubious,step_id_corr,phase,parent_candid,drb,rfid,oid
ztf,60317.38252309989,2563382521915015019,2,2563382521915,20.0831,1,2563,10.3513,19.6706,19.6048,0.146789,0.2093,98.5736925,17.290957,0.724286,t17_f5_c3,19.8781,0.3445,False,False,True,23.12.x,0.0,2.563384391915015e+18,,,ZTF24aaaztdj
ztf,60317.382986099925,2563382981915015023,2,2563382981915,20.0663,1,2563,10.6931,19.6219,19.4137,0.167902,0.1792,98.5735624,17.2910027,0.597143,t17_f5_c3,19.3634,0.2192,False,False,True,23.12.x,0.0,2.563384871915015e+18,,,ZTF24aaaztdj
ztf,60317.38346059993,2563383461915015024,2,2563383461915,20.0837,1,2563,11.0625,19.8847,19.9018,0.153269,0.2727,98.5734876,17.2909046,0.667143,t17_f5_c3,19.8348,0.3288,False,False,True,23.12.x,0.0,2.563384871915015e+18,,,ZTF24aaaztdj
ztf,60317.384398099966,2563384391915015019,2,2563384391915,20.093086,1,2563,11.546809,19.675425,19.5247,0.15676066,0.1927,98.5732903,17.2910125,0.67285717,t17_f5_c3,19.568,0.2569,True,False,True,23.12.x,0.0,,0.9999987,563120219.0,ZTF24aaaztdj
ztf,60317.38487270009,2563384871915015018,2,2563384871915,19.991524,1,2563,11.842194,19.669771,19.5717,0.15522149,0.2107,98.5732003,17.2910018,0.64428574,t17_f5_c3,19.6901,0.301,True,False,True,23.12.x,0.0,,0.9999998,563120219.0,ZTF24aaaztdj
ztf,60317.38534720009,2563385341915015019,2,2563385341915,20.095034,1,2563,12.239664,19.776573,19.4343,0.21025796,0.1787,98.5730913,17.2909681,0.48285714,t17_f5_c3,19.3696,0.2157,True,False,True,23.12.x,0.0,,0.99999976,563120219.0,ZTF24aaaztdj
ztf,60317.38582180021,2563385821915015019,2,2563385821915,19.9757,1,2563,12.4308,19.6971,19.8887,0.160098,0.2939,98.5730371,17.2909561,0.685714,t17_f5_c3,19.8971,0.3798,False,False,True,23.12.x,0.0,2.563386281915015e+18,,,ZTF24aaaztdj
ztf,60317.38628470013,2563386281915015011,2,2563386281915,20.103918,1,2563,12.949391,19.78122,19.7153,0.19027571,0.2305,98.5728485,17.2910337,0.68857145,t17_f5_c3,19.4421,0.23,True,False,True,23.12.x,0.0,,0.99999523,563120219.0,ZTF24aaaztdj
