tid,mjd,candid,fid,pid,diffmaglim,isdiffpos,nid,distnr,magpsf,magap,sigmapsf,sigmagap,ra,dec,rb,rbversion,magapbig,sigmagapbig,has_stamp,corrected,dubious,step_id_corr,phase,parent_candid,drb,rfid,oid
ztf,60319.16703699995,2565167032815010008,2,2565167032815,19.8872,-1,2565,7.71035,20.686,20.5119,0.367567,0.5337,86.3189951,18.6899632,0.292857,t17_f5_c3,19.9955,0.427,False,False,True,23.12.x,0.0,2.565201892815015e+18,,,ZTF24aabhrdl
ztf,60319.19953700015,2565199532815015002,2,2565199532815,20.0576,1,2565,7.42878,17.6992,17.7629,0.035739,0.0424,86.3189988,18.6898178,0.894286,t17_f5_c3,17.834,0.0573,False,False,False,23.12.x,0.0,2.565201892815015e+18,,,ZTF24aabhrdl
ztf,60319.20001159981,2565200012815015002,2,2565200012815,20.0256,1,2565,7.22979,17.7136,17.7694,0.038025,0.0428,86.3189249,18.6898256,0.885714,t17_f5_c3,17.7774,0.0547,False,False,False,23.12.x,0.0,2.565201892815015e+18,,,ZTF24aabhrdl
ztf,60319.20047450019,2565200472815015003,2,2565200472815,19.9994,1,2565,7.00971,17.6952,17.7434,0.038516,0.0414,86.3188256,18.6898476,0.85,t17_f5_c3,17.7807,0.0542,False,False,False,23.12.x,0.0,2.565202362815015e+18,,,ZTF24aabhrdl
ztf,60319.200949099846,2565200942815015004,2,2565200942815,20.0568,1,2565,6.81142,17.7022,17.8187,0.03221,0.0443,86.3187499,18.6898598,0.875714,t17_f5_c3,17.8316,0.0568,False,False,False,23.12.x,0.0,2.565202362815015e+18,,,ZTF24aabhrdl
ztf,60319.20142359985,2565201422815015002,2,2565201422815,20.1086,1,2565,6.61254,17.7187,17.7955,0.033962,0.0435,86.318657,18.6898744,0.888571,t17_f5_c3,17.8082,0.0558,False,False,False,23.12.x,0.0,2.565202362815015e+18,,,ZTF24aabhrdl
ztf,60319.201898099855,2565201892815015001,2,2565201892815,20.051981,1,2565,6.419869,17.712105,17.8158,0.03627818,0.0442,86.3185788,18.6898736,0.88,t17_f5_c3,17.8134,0.0559,True,False,False,23.12.x,0.0,,0.9996742,562120228.0,ZTF24aabhrdl
ztf,60319.20236109989,2565202362815015002,2,2565202362815,20.060318,1,2565,6.207988,17.692305,17.7413,0.03570221,0.0414,86.3184826,18.6898912,0.88714284,t17_f5_c3,17.7187,0.0514,True,False,False,23.12.x,0.0,,0.99962026,562120228.0,ZTF24aabhrdl
