tid,mjd,candid,fid,pid,diffmaglim,isdiffpos,nid,distnr,magpsf,magap,sigmapsf,sigmagap,ra,dec,rb,rbversion,magapbig,sigmagapbig,has_stamp,corrected,dubious,step_id_corr,phase,parent_candid,drb,rfid,oid
ztf,60319.154305600096,2565154300415015000,2,2565154300415,18.7819,1,2565,9.72417,18.0247,18.4091,0.118589,0.2232,90.0178308,16.8844327,0.668571,t17_f5_c3,18.1603,0.2278,False,False,True,23.12.x,0.0,2.565155720415015e+18,,,ZTF24aabgxhb
ztf,60319.15479170019,2565154790415015000,2,2565154790415,19.0558,1,2565,9.59363,18.0746,17.9613,0.101817,0.1162,90.0177164,16.8844251,0.838571,t17_f5_c3,17.7976,0.1282,False,False,True,23.12.x,0.0,2.565156200415015e+18,,,ZTF24aabgxhb
ztf,60319.155254600104,2565155250415015000,2,2565155250415,19.0604,1,2565,9.24646,18.0455,18.0295,0.116423,0.1241,90.0176017,16.8843533,0.88,t17_f5_c3,18.0101,0.1562,False,False,True,23.12.x,0.0,2.565156200415015e+18,,,ZTF24aabgxhb
ztf,60319.155729200225,2565155720415015000,2,2565155720415,19.05848,1,2565,9.183136,18.020452,18.1038,0.086252704,0.128,90.0174694,16.8843622,0.8357143,t17_f5_c3,18.3325,0.2021,True,False,True,23.12.x,0.0,,0.99849105,562120204.0,ZTF24aabgxhb
ztf,60319.15620370023,2565156200415015000,2,2565156200415,19.71054,1,2565,8.936888,18.087444,17.975,0.06117633,0.0725,90.0173754,16.8843044,0.93285716,t17_f5_c3,17.8622,0.0835,True,False,True,23.12.x,0.0,,0.99893296,562120204.0,ZTF24aabgxhb
ztf,60319.1566666998,2565156660415015000,2,2565156660415,19.761244,1,2565,8.917102,18.018566,18.0096,0.05417416,0.0685,90.0172783,16.8843118,0.9357143,t17_f5_c3,18.1052,0.0953,True,False,True,23.12.x,0.0,,0.9999261,562120204.0,ZTF24aabgxhb
ztf,60319.1571411998,2565157140415015000,2,2565157140415,19.839342,1,2565,8.711788,18.0826,17.9877,0.055124715,0.0633,90.0171767,16.884265,0.93714285,t17_f5_c3,17.8841,0.0733,True,False,True,23.12.x,0.0,,0.99135375,562120204.0,ZTF24aabgxhb
ztf,60319.157615699805,2565157610415015000,2,2565157610415,19.8357,1,2565,8.63865,18.0382,18.1392,0.075928,0.0704,90.0170455,16.8842517,0.937143,t17_f5_c3,18.136,0.0895,False,False,True,23.12.x,0.0,2.565158070415015e+18,,,ZTF24aabgxhb
ztf,60319.15807869984,2565158070415015000,2,2565158070415,19.932615,1,2565,8.490156,18.00551,18.0151,0.056821465,0.0579,90.0169219,16.8842099,0.94,t17_f5_c3,17.8901,0.0658,True,False,True,23.12.x,0.0,,0.9998648,562120204.0,ZTF24aabgxhb
