tid,mjd,candid,fid,pid,diffmaglim,isdiffpos,nid,distnr,magpsf,magap,sigmapsf,sigmagap,ra,dec,rb,rbversion,magapbig,sigmagapbig,has_stamp,corrected,dubious,step_id_corr,phase,parent_candid,drb,rfid,oid
ztf,60319.384710600134,2565384715215015046,2,2565384715215,20.0705,1,2565,8.83363,19.6237,19.6483,0.153722,0.2446,89.6987828,22.0106173,0.74,t17_f5_c3,19.7696,0.3518,False,False,True,23.12.x,0.0,2.565386595215015e+18,,,ZTF24aableou
ztf,60319.38518519979,2565385185215015017,2,2565385185215,19.959,1,2565,8.30749,19.551,19.6268,0.170515,0.2569,89.6986133,22.0105722,0.827143,t17_f5_c3,19.6406,0.3345,False,False,True,23.12.x,0.0,2.565386595215015e+18,,,ZTF24aableou
ztf,60319.38564810017,2565385645215015030,2,2565385645215,19.8636,1,2565,8.03475,19.5858,19.7532,0.183127,0.3046,89.6985344,22.010601,0.691429,t17_f5_c3,19.841,0.4248,False,False,True,23.12.x,0.0,2.565387535215015e+18,,,ZTF24aableou
ztf,60319.38612269983,2565386125215015033,2,2565386125215,19.96,1,2565,7.61736,19.5478,19.7535,0.168606,0.2946,89.6984186,22.0106726,0.768571,t17_f5_c3,19.8385,0.4098,False,False,True,23.12.x,0.0,2.565388005215015e+18,,,ZTF24aableou
ztf,60319.38659719983,2565386595215015022,2,2565386595215,19.981367,1,2565,7.3841662,19.723888,19.4486,0.13329674,0.2114,89.6983421,22.0106369,0.5042857,t17_f5_c3,19.5542,0.2995,True,False,True,23.12.x,0.0,,0.9999561,562120252.0,ZTF24aableou
ztf,60319.38753469987,2565387535215015042,2,2565387535215,19.995682,1,2565,6.629929,19.699184,19.4072,0.16620809,0.2091,89.6981008,22.0105884,0.54285717,t17_f5_c3,19.3407,0.2528,True,False,True,23.12.x,0.0,,0.9997691,562120252.0,ZTF24aableou
ztf,60319.38800929999,2565388005215015032,2,2565388005215,19.900118,1,2565,6.291568,19.601688,19.8802,0.16572632,0.3318,89.6980115,22.0106741,0.73571426,t17_f5_c3,19.7941,0.3945,True,False,True,23.12.x,0.0,,0.9999551,562120252.0,ZTF24aableou
ztf,60319.388472199906,2565388475215015038,2,2565388475215,20.06868,1,2565,5.7866316,19.701923,20.0881,0.20228393,0.3683,89.6978636,22.0107126,0.62285715,t17_f5_c3,19.8421,0.3781,True,False,True,23.12.x,0.0,,0.9993685,562120252.0,ZTF24aableou
ztf,60319.38894680003,2565388945215015025,2,2565388945215,19.942198,1,2565,5.549801,19.707565,19.7336,0.17532654,0.2777,89.6977892,22.0107033,0.71,t17_f5_c3,19.769,0.369,True,False,True,23.12.x,0.0,,0.9974506,562120252.0,ZTF24aableou
