tid,mjd,candid,fid,pid,diffmaglim,isdiffpos,nid,distnr,magpsf,magap,sigmapsf,sigmagap,ra,dec,rb,rbversion,magapbig,sigmagapbig,has_stamp,corrected,dubious,step_id_corr,phase,parent_candid,drb,rfid,oid
ztf,60319.14253470022,2565142533415015075,2,2565142533415,19.0524,1,2565,5.21878,18.7621,18.7948,0.135281,0.2461,90.4566374,19.529345,0.67,t17_f5_c3,18.8186,0.3227,False,False,False,23.12.x,0.0,2.565144423415015e+18,,,ZTF24aabgrgn
ztf,60319.14300929988,2565143003415015080,2,2565143003415,19.1221,1,2565,5.25872,18.8698,18.8479,0.158854,0.2544,90.4565304,19.5294394,0.714286,t17_f5_c3,18.6426,0.2704,False,False,False,23.12.x,0.0,2.565144423415015e+18,,,ZTF24aabgrgn
ztf,60319.14348379988,2565143483415015041,2,2565143483415,19.7636,1,2565,5.0688353,18.75962,18.6554,0.10428229,0.1224,90.456436,19.5294387,0.8914286,t17_f5_c3,18.6552,0.1567,True,False,False,23.12.x,0.0,,0.9999677,562120234.0,ZTF24aabgrgn
ztf,60319.14395829989,2565143953415015005,2,2565143953415,19.8427,1,2565,4.89618,18.8579,18.8975,0.101134,0.1408,90.4563063,19.5294579,0.95,t17_f5_c3,18.9492,0.189,False,False,False,23.12.x,0.0,2.565144423415015e+18,,,ZTF24aabgrgn
ztf,60319.14442129992,2565144423415015009,2,2565144423415,19.786695,1,2565,4.759888,18.84334,19.0571,0.097813085,0.1784,90.4562395,19.5294468,0.9257143,t17_f5_c3,19.0996,0.2377,True,False,False,23.12.x,0.0,,0.9999998,562120234.0,ZTF24aabgrgn
ztf,60319.144895799924,2565144893415015014,2,2565144893415,19.963846,1,2565,4.5823345,18.955269,18.7637,0.09825601,0.1184,90.4560984,19.5294499,0.87857145,t17_f5_c3,18.8305,0.1611,True,False,False,23.12.x,0.0,,0.99999744,562120234.0,ZTF24aabgrgn
