tid,mjd,candid,fid,pid,diffmaglim,isdiffpos,nid,distnr,magpsf,magap,sigmapsf,sigmagap,ra,dec,rb,rbversion,magapbig,sigmagapbig,has_stamp,corrected,dubious,step_id_corr,phase,parent_candid,drb,rfid,oid
ztf,60317.18843750004,2563188433115015013,2,2563188433115,19.9434,1,2563,5.31629,19.4131,19.5345,0.100121,0.2241,93.275192,17.8388877,0.772857,t17_f5_c3,19.2574,0.2228,False,False,False,23.12.x,0.0,2.563189843115015e+18,,,ZTF24aaauupk
ztf,60317.18890050007,2563188903115015012,2,2563188903115,19.9005,1,2563,5.03923,19.5875,19.5744,0.13652,0.2312,93.2750388,17.8389792,0.667143,t17_f5_c3,19.3203,0.2349,False,False,False,23.12.x,0.0,2.563189843115015e+18,,,ZTF24aaauupk
ztf,60317.189375000075,2563189373115015014,2,2563189373115,19.8868,1,2563,4.91842,19.5297,19.3861,0.113271,0.1955,93.2749673,17.8390182,0.557143,t17_f5_c3,19.2689,0.2251,False,False,False,23.12.x,0.0,2.563189843115015e+18,,,ZTF24aaauupk
ztf,60317.18984950008,2563189843115015013,2,2563189843115,19.9326,1,2563,4.51215,19.856,19.7634,0.145626,0.2769,93.2747902,17.8390504,0.572857,t17_f5_c3,19.9086,0.4059,False,False,False,23.12.x,0.0,2.563190783115015e+18,,,ZTF24aaauupk
ztf,60317.19031250011,2563190313115015014,2,2563190313115,19.9371,1,2563,4.17124,19.5616,19.5949,0.099213,0.2349,93.2746353,17.8390661,0.704286,t17_f5_c3,19.701,0.3321,False,False,False,23.12.x,0.0,2.563190783115015e+18,,,ZTF24aaauupk
ztf,60317.190787000116,2563190783115015017,2,2563190783115,19.962511,1,2563,4.1004753,19.529463,19.5624,0.094449356,0.2272,93.2745388,17.8391201,0.76714283,t17_f5_c3,19.4224,0.2562,True,False,False,23.12.x,0.0,,0.99999714,563120231.0,ZTF24aaauupk
ztf,60317.19126159977,2563191263115015015,2,2563191263115,20.024614,1,2563,4.135819,19.575687,19.5561,0.10038411,0.2241,93.2744563,17.8391883,0.6857143,t17_f5_c3,19.3234,0.2321,True,False,False,23.12.x,0.0,,0.9999856,563120231.0,ZTF24aaauupk
ztf,60317.19172450015,2563191723115015012,2,2563191723115,19.9788,1,2563,3.78321,19.6936,19.4261,0.130486,0.1997,93.2743301,17.8391443,0.287143,t17_f5_c3,19.3768,0.2447,False,False,False,23.12.x,0.0,2.563192193115015e+18,,,ZTF24aaauupk
ztf,60317.19219909981,2563192193115015013,2,2563192193115,19.983942,1,2563,3.7504208,19.593767,19.5572,0.10850526,0.2264,93.2742107,17.8391887,0.67285717,t17_f5_c3,19.4618,0.2661,True,False,False,23.12.x,0.0,,0.99998546,563120231.0,ZTF24aaauupk
