tid,mjd,candid,fid,pid,diffmaglim,isdiffpos,nid,distnr,magpsf,magap,sigmapsf,sigmagap,ra,dec,rb,rbversion,magapbig,sigmagapbig,has_stamp,corrected,dubious,step_id_corr,phase,parent_candid,drb,rfid,oid
ztf,60317.179016199894,2563179013615015024,2,2563179013615,19.9725,1,2563,6.82573,18.3229,18.3316,0.077645,0.0715,96.8901888,19.9896063,0.891429,t17_f5_c3,18.4223,0.0991,False,False,True,23.12.x,0.0,2.563180423615015e+18,,,ZTF24aaauncx
ztf,60317.1794906999,2563179493615015016,2,2563179493615,19.8604,1,2563,6.99445,18.3865,18.2581,0.09589,0.07,96.8900665,19.9896194,0.715714,t17_f5_c3,18.2032,0.0851,False,False,True,23.12.x,0.0,2.563180423615015e+18,,,ZTF24aaauncx
ztf,60317.17995369993,2563179953615015018,2,2563179953615,19.7556,1,2563,7.22802,18.4027,18.3962,0.10227,0.0833,96.8899441,19.9896471,0.714286,t17_f5_c3,18.3636,0.1034,False,False,True,23.12.x,0.0,2.563180423615015e+18,,,ZTF24aaauncx
ztf,60317.180428199936,2563180423615015027,2,2563180423615,19.808668,1,2563,7.5394015,18.307098,18.3654,0.106123745,0.0791,96.8898533,19.9897062,0.79142857,t17_f5_c3,18.4258,0.1068,True,False,True,23.12.x,0.0,,0.9999999,563120236.0,ZTF24aaauncx
ztf,60317.18090280006,2563180903615015019,2,2563180903615,19.87249,1,2563,7.7690516,18.322823,18.3337,0.090259366,0.0737,96.8897201,19.9897173,0.8242857,t17_f5_c3,18.2634,0.0882,True,False,True,23.12.x,0.0,,0.999999,563120236.0,ZTF24aaauncx
ztf,60317.18136569997,2563181363615015019,2,2563181363615,19.918636,1,2563,7.946176,18.344019,18.2995,0.072648205,0.0704,96.8896368,19.9897388,0.8971428,t17_f5_c3,18.4124,0.0995,True,False,True,23.12.x,0.0,,1.0,563120236.0,ZTF24aaauncx
ztf,60317.181840300094,2563181843615015023,2,2563181843615,19.905298,1,2563,8.433313,18.316252,18.3326,0.0735647,0.073,96.8894897,19.9898144,0.9014286,t17_f5_c3,18.3514,0.0948,True,False,True,23.12.x,0.0,,1.0,563120236.0,ZTF24aaauncx
