tid,mjd,candid,fid,pid,diffmaglim,isdiffpos,nid,distnr,magpsf,magap,sigmapsf,sigmagap,ra,dec,rb,rbversion,drb,magapbig,sigmagapbig,rfid,has_stamp,corrected,dubious,step_id_corr,phase,parent_candid,oid
ztf,60319.13782409998,2565137823115015011,2,2565137823115,19.638763,1,2565,9.426684,18.783356,18.7306,0.115277864,0.1448,85.7191593,17.4897908,0.8214286,t17_f5_c3,0.9999454,18.719,0.1835,562120231.0,True,False,True,23.12.x,0.0,,ZTF24aabgkge
ztf,60319.13828699989,2565138283115015037,2,2565138283115,19.25923,1,2565,9.540737,18.860737,19.0386,0.15813015,0.2588,85.719124,17.4897772,0.8057143,t17_f5_c3,0.9999726,19.3146,0.4283,562120231.0,True,False,True,23.12.x,0.0,,ZTF24aabgkge
ztf,60319.138761600014,2565138763115015024,2,2565138763115,18.98639,1,2565,10.200959,18.851913,19.0465,0.2089172,0.3306,85.7189274,17.4897654,0.60142857,t17_f5_c3,0.99799097,19.1487,0.4662,562120231.0,True,False,True,23.12.x,0.0,,ZTF24aabgkge
ztf,60319.13923610002,2565139233115015041,2,2565139233115,18.7024,1,2565,10.5448,18.7734,18.656,0.254291,0.2684,85.7188132,17.4896978,0.53,t17_f5_c3,,18.6863,0.3545,,False,False,True,23.12.x,0.0,2.565139713115015e+18,ZTF24aabgkge
ztf,60319.13971060002,2565139713115015051,2,2565139713115,19.215366,1,2565,10.565421,18.652443,18.6536,0.10748896,0.1704,85.7188059,17.489683,0.72,t17_f5_c3,0.9997916,18.4402,0.1796,562120231.0,True,False,True,23.12.x,0.0,,ZTF24aabgkge
ztf,60319.140173600055,2565140173115015021,2,2565140173115,19.292343,1,2565,11.210034,18.751352,18.6552,0.12764901,0.1728,85.718621,17.4897322,0.8157143,t17_f5_c3,0.99988616,18.5621,0.2033,562120231.0,True,False,True,23.12.x,0.0,,ZTF24aabgkge
