tid,mjd,candid,fid,pid,diffmaglim,isdiffpos,nid,distnr,magpsf,magap,sigmapsf,sigmagap,ra,dec,rb,rbversion,magapbig,sigmagapbig,has_stamp,corrected,dubious,step_id_corr,phase,parent_candid,drb,rfid,oid
ztf,60319.42099539982,2565420994815015036,2,2565420994815,19.7611,1,2565,10.2801,19.1031,19.2474,0.125135,0.2103,91.5639759,21.8870497,0.83,t17_f5_c3,19.5181,0.346,False,False,True,23.12.x,0.0,2.565422404815015e+18,,,ZTF24aablvck
ztf,60319.4214583002,2565421454815015035,2,2565421454815,19.7014,1,2565,10.5844,19.0203,19.2547,0.13311,0.2071,91.563839,21.8870849,0.775714,t17_f5_c3,19.3886,0.3001,False,False,True,23.12.x,0.0,2.565422874815015e+18,,,ZTF24aablvck
ztf,60319.42193289986,2565421934815015032,2,2565421934815,19.6834,1,2565,10.6843,19.0933,19.0985,0.138641,0.1856,91.5637976,21.8870872,0.822857,t17_f5_c3,19.2081,0.2631,False,False,True,23.12.x,0.0,2.565422874815015e+18,,,ZTF24aablvck
ztf,60319.42240739986,2565422404815015038,2,2565422404815,19.636108,1,2565,10.21588,19.056181,19.158,0.13600157,0.1945,91.5635671,21.8870774,0.75857145,t17_f5_c3,19.2017,0.2594,True,False,True,23.12.x,0.0,,0.9999966,562120248.0,ZTF24aablvck
ztf,60319.422870399896,2565422874815015046,2,2565422874815,19.659573,1,2565,10.05408,19.050375,19.2286,0.13431478,0.2074,91.5634436,21.8870944,0.75857145,t17_f5_c3,19.1643,0.2508,True,False,True,23.12.x,0.0,,0.9999999,562120248.0,ZTF24aablvck
ztf,60319.4233448999,2565423344815015041,2,2565423344815,19.575617,1,2565,10.068114,19.039461,19.017,0.13914655,0.1789,91.5633473,21.8871578,0.7385714,t17_f5_c3,18.8224,0.1919,True,False,True,23.12.x,0.0,,0.999823,562120248.0,ZTF24aablvck
ztf,60319.423819399904,2565423814815015032,2,2565423814815,19.638893,1,2565,9.672269,19.221046,19.1895,0.1440638,0.2129,91.5631665,21.8871248,0.7985714,t17_f5_c3,19.1143,0.2549,True,False,True,23.12.x,0.0,,0.9999996,562120248.0,ZTF24aablvck
ztf,60319.42428239994,2565424284815015025,2,2565424284815,19.681074,1,2565,9.608691,19.018654,19.1914,0.1293928,0.2001,91.5630982,21.8871384,0.83,t17_f5_c3,19.3104,0.286,True,False,True,23.12.x,0.0,,0.9999998,562120248.0,ZTF24aablvck
ztf,60319.42475689994,2565424754815015034,2,2565424754815,19.575958,1,2565,9.505201,18.973412,19.0383,0.12311446,0.1766,91.5629972,21.8871491,0.71,t17_f5_c3,19.0614,0.231,True,False,True,23.12.x,0.0,,0.9999913,562120248.0,ZTF24aablvck
