tid,mjd,candid,fid,pid,diffmaglim,isdiffpos,nid,distnr,magpsf,magap,sigmapsf,sigmagap,ra,dec,rb,rbversion,magapbig,sigmagapbig,has_stamp,corrected,dubious,step_id_corr,phase,parent_candid,drb,rfid,oid
ztf,60317.303379599936,2563303375415015008,2,2563303375415,19.886,1,2563,9.86045,18.5522,18.455,0.090912,0.0798,96.5006389,21.5819941,0.722857,t17_f5_c3,18.2162,0.083,False,False,True,23.12.x,0.0,2.563304805415015e+18,,,ZTF24aaaycje
ztf,60317.30385420006,2563303855415015007,2,2563303855415,19.8589,1,2563,9.69444,18.5993,18.7435,0.097496,0.0984,96.5005066,21.5819838,0.584286,t17_f5_c3,18.7452,0.1289,False,False,True,23.12.x,0.0,2.563305265415015e+18,,,ZTF24aaaycje
ztf,60317.30432870006,2563304325415015013,2,2563304325415,19.9268,1,2563,9.34368,18.5524,18.4278,0.08583,0.0748,96.5003734,21.5819747,0.585714,t17_f5_c3,18.1437,0.0759,False,False,True,23.12.x,0.0,2.563305745415015e+18,,,ZTF24aaaycje
ztf,60317.304803200066,2563304805415015013,2,2563304805415,19.9495,1,2563,8.87615,18.5443,18.5134,0.087296,0.0785,96.5002316,21.5820167,0.635714,t17_f5_c3,18.277,0.084,False,False,True,23.12.x,0.0,2.563305745415015e+18,,,ZTF24aaaycje
ztf,60317.3052662001,2563305265415015022,2,2563305265415,20.0107,1,2563,8.57501,18.533,18.3621,0.073663,0.0689,96.5000738,21.5819616,0.582857,t17_f5_c3,18.1436,0.0759,False,False,True,23.12.x,0.0,2.563305745415015e+18,,,ZTF24aaaycje
ztf,60317.3057407001,2563305745415015009,2,2563305745415,19.938892,1,2563,8.167063,18.567501,18.5667,0.089143686,0.0878,96.4999505,21.5819987,0.5642857,t17_f5_c3,18.966,0.1727,True,False,True,23.12.x,0.0,,0.9998636,563120254.0,ZTF24aaaycje
ztf,60317.306215300225,2563306215415015010,2,2563306215415,19.934711,1,2563,7.883045,18.57699,18.4722,0.07798576,0.0816,96.4998177,21.5819761,0.6757143,t17_f5_c3,18.2287,0.0901,True,False,True,23.12.x,0.0,,0.98380923,563120254.0,ZTF24aaaycje
