tid,mjd,candid,fid,pid,diffmaglim,isdiffpos,nid,distnr,magpsf,magap,sigmapsf,sigmagap,ra,dec,rb,rbversion,drb,magapbig,sigmagapbig,rfid,has_stamp,corrected,dubious,step_id_corr,phase,parent_candid,oid
ztf,59731.454421299975,1977454422315015013,2,1977454422315,20.320194,1,1977,2.2358963,19.816956,19.6734,0.1662262,0.2143,338.9371802,2.9590258,0.9085714,t17_f5_c3,0.99984276,19.6662,0.2714,495120223.0,True,False,False,1.1.2,0.0,,ZTF22aamhctz
ztf,59734.4577314998,1980457732315015014,2,1980457732315,20.154404,1,1980,2.2551925,19.901405,19.7384,0.1508423,0.2548,338.937143,2.959008,0.75285715,t17_f5_c3,0.955816,19.7352,0.324,495120223.0,True,False,False,1.1.2,0.0,,ZTF22aamhctz
ztf,59737.45655089989,1983456552315015014,2,1983456552315,20.689907,1,1983,2.233581,19.852268,19.6519,0.12950025,0.1736,338.9371684,2.9590214,0.7785714,t17_f5_c3,0.9994314,19.4951,0.191,495120223.0,True,False,False,1.1.2,0.0,,ZTF22aamhctz
ztf,59740.45733800018,1986457332315015010,2,1986457332315,20.641941,1,1986,2.1368375,19.86934,19.8918,0.10721816,0.232,338.9371506,2.9590452,0.89428574,t17_f5_c3,0.9752524,19.8261,0.2779,495120223.0,True,False,False,1.1.2,0.0,,ZTF22aamhctz
ztf,59753.45348379994,1999453482315015019,2,1999453482315,20.646847,1,1999,2.210371,20.158655,20.3728,0.14057323,0.3739,338.9371642,2.9590279,0.8157143,t17_f5_c3,0.9998714,20.3286,0.4574,495120223.0,True,False,False,1.1.2,0.0,,ZTF22aamhctz
ztf,59756.38659719983,2002386592315015017,2,2002386592315,20.6428,1,2002,2.19059,20.6353,20.7671,0.24853,0.5197,338.9371526,2.9590299,0.637143,t17_f5_c3,,20.5583,0.5473,,False,False,False,dev,0.0,2.009421432315015e+18,ZTF22aamhctz
ztf,59763.42143520014,2009421432315015011,2,2009421432315,20.649054,1,2009,2.4013648,20.493858,20.1449,0.18829222,0.2723,338.9370622,2.9589485,0.6157143,t17_f5_c3,0.9451135,20.083,0.3271,495120223.0,True,False,False,dev,0.0,,ZTF22aamhctz
