tid,mjd,candid,fid,pid,diffmaglim,isdiffpos,nid,distnr,magpsf,magap,sigmapsf,sigmagap,ra,dec,rb,rbversion,magapbig,sigmagapbig,has_stamp,corrected,dubious,step_id_corr,phase,parent_candid,drb,rfid,oid
ztf,60319.157615699805,2565157612715015020,2,2565157612715,19.9481,1,2565,2.92772,18.8863,18.9741,0.080916,0.1361,88.1154872,17.203373,0.894286,t17_f5_c3,19.0716,0.1898,False,False,False,23.12.x,0.0,2.565159022715015e+18,,,ZTF24aabgzjw
ztf,60319.15807869984,2565158072715015058,2,2565158072715,19.8324,1,2565,3.13239,18.7785,18.8317,0.102231,0.1332,88.1153811,17.2034246,0.745714,t17_f5_c3,18.8071,0.1662,False,False,False,23.12.x,0.0,2.565159022715015e+18,,,ZTF24aabgzjw
ztf,60319.15855319984,2565158552715015025,2,2565158552715,19.9304,1,2565,3.43902,18.8111,18.834,0.081789,0.1181,88.1152767,17.2034266,0.858571,t17_f5_c3,18.8214,0.1488,False,False,False,23.12.x,0.0,2.565159962715015e+18,,,ZTF24aabgzjw
ztf,60319.159027799964,2565159022715015019,2,2565159022715,20.001017,1,2565,3.689986,18.798237,18.8357,0.087048784,0.1082,88.1151265,17.203409,0.8742857,t17_f5_c3,18.8613,0.1412,True,False,False,23.12.x,0.0,,0.99999976,562120227.0,ZTF24aabgzjw
ztf,60319.15949069988,2565159492715015019,2,2565159492715,20.03636,1,2565,3.6539862,18.813465,18.8383,0.0997248,0.1061,88.1149944,17.2034259,0.85142857,t17_f5_c3,18.8253,0.1334,True,False,False,23.12.x,0.0,,0.9999993,562120227.0,ZTF24aabgzjw
ztf,60319.1599653,2565159962715015025,2,2565159962715,20.069319,1,2565,3.654631,18.883001,18.9571,0.10275867,0.1227,88.1148979,17.2034396,0.8914286,t17_f5_c3,18.9562,0.1561,True,False,False,23.12.x,0.0,,0.9999968,562120227.0,ZTF24aabgzjw
ztf,60319.160439800005,2565160432715015019,2,2565160432715,20.084648,1,2565,3.7890315,18.81416,18.9671,0.08855509,0.1213,88.1147616,17.2034379,0.8957143,t17_f5_c3,18.9136,0.1471,True,False,False,23.12.x,0.0,,0.99999964,562120227.0,ZTF24aabgzjw
