tid,mjd,candid,fid,pid,diffmaglim,isdiffpos,nid,distnr,magpsf,magap,sigmapsf,sigmagap,ra,dec,rb,rbversion,magapbig,sigmagapbig,has_stamp,corrected,dubious,step_id_corr,phase,parent_candid,drb,rfid,oid
ztf,60319.27633100003,2565276330215015035,2,2565276330215,20.2347,1,2565,4.33835,19.7006,19.7018,0.166413,0.2174,90.9552566,15.4120182,0.697143,t17_f5_c3,19.7593,0.2937,False,False,False,23.12.x,0.0,2.565278210215015e+18,,,ZTF24aabjbuw
ztf,60319.27679400006,2565276790215015024,2,2565276790215,20.2243,1,2565,4.54673,19.627,19.6894,0.14496,0.2147,90.9551468,15.4120055,0.857143,t17_f5_c3,19.4917,0.23,False,False,False,23.12.x,0.0,2.565278210215015e+18,,,ZTF24aabjbuw
ztf,60319.27726850007,2565277260215015031,2,2565277260215,20.2576,1,2565,4.7427,19.5414,19.771,0.146088,0.232,90.9550588,15.4120003,0.85,t17_f5_c3,19.7292,0.2871,False,False,False,23.12.x,0.0,2.565279150215015e+18,,,ZTF24aabjbuw
ztf,60319.27774310019,2565277740215015041,2,2565277740215,20.206001,1,2565,4.829305,19.547436,19.6464,0.14025663,0.2081,90.9549783,15.4119466,0.81,t17_f5_c3,19.5831,0.2522,True,False,False,23.12.x,0.0,,0.9999996,562120202.0,ZTF24aabjbuw
ztf,60319.27821760019,2565278210215015027,2,2565278210215,20.205658,1,2565,5.169451,19.689713,19.5809,0.15199645,0.196,90.9549036,15.4120081,0.7757143,t17_f5_c3,19.7379,0.2906,True,False,False,23.12.x,0.0,,0.9999999,562120202.0,ZTF24aabjbuw
ztf,60319.278680600226,2565278680215015018,2,2565278680215,20.155548,1,2565,5.267485,19.601055,19.5051,0.16512084,0.1856,90.9548267,15.4119629,0.73142856,t17_f5_c3,19.4874,0.2348,True,False,False,23.12.x,0.0,,0.9999987,562120202.0,ZTF24aabjbuw
ztf,60319.27915510023,2565279150215015025,2,2565279150215,20.212015,1,2565,5.783013,19.679298,19.5339,0.14768259,0.1881,90.9546989,15.4120396,0.7114286,t17_f5_c3,19.3975,0.2133,True,False,False,23.12.x,0.0,,1.0,562120202.0,ZTF24aabjbuw
ztf,60319.27962959977,2565279620215015036,2,2565279620215,20.208122,1,2565,6.0476627,19.706987,19.6658,0.14396082,0.2132,90.9545849,15.4120141,0.7942857,t17_f5_c3,19.6904,0.2802,True,False,True,23.12.x,0.0,,0.99999976,562120202.0,ZTF24aabjbuw
ztf,60319.28010419989,2565280100215015026,2,2565280100215,20.306482,1,2565,6.2175717,19.655254,19.5116,0.13853286,0.1785,90.954517,15.4120006,0.70428574,t17_f5_c3,19.4653,0.2197,True,False,False,23.12.x,0.0,,1.0,562120202.0,ZTF24aabjbuw
