tid,mjd,candid,fid,pid,diffmaglim,isdiffpos,nid,distnr,magpsf,magap,sigmapsf,sigmagap,ra,dec,rb,rbversion,magapbig,sigmagapbig,has_stamp,corrected,dubious,step_id_corr,phase,parent_candid,drb,rfid,oid
ztf,60319.33005789993,2565330054815015048,2,2565330054815,19.934,1,2565,9.42104,18.6832,18.5573,0.082201,0.0989,91.7268237,21.9461651,0.94,t17_f5_c3,18.5106,0.1212,False,False,True,23.12.x,0.0,2.565331944815015e+18,,,ZTF24aabkkcg
ztf,60319.33053239994,2565330534815015047,2,2565330534815,19.9227,1,2565,9.52279,18.7188,18.631,0.102924,0.1044,91.7267462,21.9461444,0.912857,t17_f5_c3,18.6573,0.1366,False,False,True,23.12.x,0.0,2.565332404815015e+18,,,ZTF24aabkkcg
ztf,60319.33099539997,2565330994815015049,2,2565330994815,20.0,1,2565,9.38188,18.6662,18.5549,0.081965,0.0941,91.7266461,21.9461871,0.948571,t17_f5_c3,18.509,0.1152,False,False,True,23.12.x,0.0,2.565332884815015e+18,,,ZTF24aabkkcg
ztf,60319.331469899975,2565331464815015043,2,2565331464815,19.9971,1,2565,9.3395,18.7102,18.7641,0.083101,0.1118,91.7265453,21.9462103,0.948571,t17_f5_c3,18.6674,0.1308,False,False,True,23.12.x,0.0,2.565332884815015e+18,,,ZTF24aabkkcg
ztf,60319.33194439998,2565331944815015058,2,2565331944815,19.96498,1,2565,9.39013,18.696943,18.6676,0.08319878,0.1052,91.7264494,21.94621,0.93714285,t17_f5_c3,18.7059,0.1393,True,False,True,23.12.x,0.0,,0.9999987,562120248.0,ZTF24aabkkcg
ztf,60319.33240740001,2565332404815015051,2,2565332404815,19.989595,1,2565,9.396583,18.670708,18.6923,0.080898054,0.1054,91.726351,21.9462242,0.93714285,t17_f5_c3,18.5279,0.116,True,False,True,23.12.x,0.0,,0.99998915,562120248.0,ZTF24aabkkcg
ztf,60319.332881900016,2565332884815015054,2,2565332884815,20.052586,1,2565,9.2276945,18.706163,18.8153,0.08813572,0.1176,91.7262557,21.9462265,0.9557143,t17_f5_c3,18.8781,0.1591,True,False,True,23.12.x,0.0,,0.99999994,562120248.0,ZTF24aabkkcg
ztf,60319.33335650014,2565333354815015056,2,2565333354815,19.914574,1,2565,8.908942,18.708773,18.6667,0.08531297,0.1083,91.726139,21.94622,0.8957143,t17_f5_c3,18.6101,0.1313,True,False,True,23.12.x,0.0,,0.9999994,562120248.0,ZTF24aabkkcg
ztf,60319.33381940005,2565333814815015061,2,2565333814815,20.00913,1,2565,8.766086,18.787825,18.6448,0.08536031,0.0996,91.7260991,21.9462354,0.88,t17_f5_c3,18.6096,0.1233,True,False,True,23.12.x,0.0,,0.9999995,562120248.0,ZTF24aabkkcg
