tid,mjd,candid,fid,pid,diffmaglim,isdiffpos,nid,distnr,magpsf,magap,sigmapsf,sigmagap,ra,dec,rb,rbversion,magapbig,sigmagapbig,has_stamp,corrected,dubious,step_id_corr,phase,parent_candid,drb,rfid,oid
ztf,60319.31121530011,2565311216015015008,2,2565311216015,20.1258,1,2565,4.38369,18.9283,19.0834,0.078214,0.1368,86.2545942,22.4546679,0.892857,t17_f5_c3,19.1463,0.1851,False,False,True,23.12.x,0.0,2.565313096015015e+18,,,ZTF24aabjtyn
ztf,60319.31167820003,2565311676015015006,2,2565311676015,20.0967,1,2565,4.49213,18.8676,18.8272,0.100796,0.1084,86.2544757,22.4546768,0.917143,t17_f5_c3,18.7747,0.1319,False,False,True,23.12.x,0.0,2.565313566015015e+18,,,ZTF24aabjtyn
ztf,60319.31215280015,2565312156015015006,2,2565312156015,20.0438,1,2565,4.65281,18.9569,19.0528,0.100347,0.1336,86.2544054,22.4547056,0.858571,t17_f5_c3,19.0487,0.1701,False,False,True,23.12.x,0.0,2.565313566015015e+18,,,ZTF24aabjtyn
ztf,60319.312615700066,2565312616015015007,2,2565312616015,20.1722,1,2565,4.56296,18.8583,18.8218,0.098775,0.1074,86.2542668,22.4546333,0.922857,t17_f5_c3,18.8075,0.1352,False,False,True,23.12.x,0.0,2.565313566015015e+18,,,ZTF24aabjtyn
ztf,60319.31309030019,2565313096015015006,2,2565313096015,20.159868,1,2565,4.795233,18.920763,19.0286,0.108010866,0.1295,86.254171,22.4546687,0.9042857,t17_f5_c3,18.9715,0.1571,True,False,True,23.12.x,0.0,,0.9999994,562120260.0,ZTF24aabjtyn
ztf,60319.31356480019,2565313566015015009,2,2565313566015,20.135834,1,2565,4.8208947,18.893587,18.9267,0.08864269,0.1183,86.2540769,22.4546334,0.92,t17_f5_c3,18.8295,0.1383,True,False,True,23.12.x,0.0,,0.99999124,562120260.0,ZTF24aabjtyn
ztf,60319.314027800225,2565314026015015005,2,2565314026015,20.073948,1,2565,4.991295,18.893969,18.8064,0.07745311,0.107,86.2539834,22.4546413,0.85142857,t17_f5_c3,18.7747,0.1327,True,False,True,23.12.x,0.0,,0.9999677,562120260.0,ZTF24aabjtyn
ztf,60319.31450230023,2565314506015015006,2,2565314506015,20.085453,1,2565,5.2123384,18.855059,18.8097,0.09174571,0.1078,86.2538927,22.4546617,0.92714286,t17_f5_c3,18.8861,0.1475,True,False,True,23.12.x,0.0,,0.99999833,562120260.0,ZTF24aabjtyn
ztf,60319.314976899885,2565314976015015002,2,2565314976015,20.138012,1,2565,5.305722,18.865854,18.9634,0.08343459,0.1231,86.2537908,22.4546258,0.93,t17_f5_c3,18.9435,0.1546,True,False,True,23.12.x,0.0,,0.99999845,562120260.0,ZTF24aabjtyn
