tid,mjd,candid,fid,pid,diffmaglim,isdiffpos,nid,distnr,magpsf,magap,sigmapsf,sigmagap,ra,dec,rb,rbversion,magapbig,sigmagapbig,has_stamp,corrected,dubious,step_id_corr,phase,parent_candid,drb,rfid,oid
ztf,60319.48762729997,2565487624215015019,2,2565487624215,20.3232,1,2565,10.7162,19.8228,19.677,0.14464,0.2095,149.9033202,4.8400025,0.655714,t17_f5_c3,20.041,0.3754,False,False,True,23.12.x,0.0,2.565489514215015e+18,,,ZTF24aabmqgv
ztf,60319.48810190009,2565488104215015019,2,2565488104215,20.21,1,2565,10.3662,19.7675,19.8242,0.174867,0.2495,149.9032177,4.8399633,0.728571,t17_f5_c3,20.055,0.3959,False,False,True,23.12.x,0.0,2.565489514215015e+18,,,ZTF24aabmqgv
ztf,60319.488576400094,2565488574215015019,2,2565488574215,20.1502,1,2565,10.5158,19.9229,20.0806,0.184288,0.3207,149.9032353,4.8400064,0.747143,t17_f5_c3,20.1319,0.4318,False,False,True,23.12.x,0.0,2.565489514215015e+18,,,ZTF24aabmqgv
ztf,60319.48903940013,2565489034215015033,2,2565489034215,20.2857,1,2565,10.0279,20.0358,20.0766,0.169414,0.3077,149.9031108,4.8399346,0.667143,t17_f5_c3,20.5169,0.5921,False,False,True,23.12.x,0.0,2.565489514215015e+18,,,ZTF24aabmqgv
ztf,60319.48951390013,2565489514215015026,2,2565489514215,20.22476,1,2565,10.006432,19.82319,19.8308,0.17946647,0.2508,149.9030288,4.8400004,0.5957143,t17_f5_c3,19.7071,0.2875,True,False,True,23.12.x,0.0,,0.9996647,468120242.0,ZTF24aabmqgv
ztf,60319.489988400135,2565489984215015019,2,2565489984215,20.155287,1,2565,9.781018,19.806458,20.0615,0.18459216,0.3165,149.9029784,4.8399602,0.6471428,t17_f5_c3,20.4355,0.573,True,False,True,23.12.x,0.0,,0.99993885,468120242.0,ZTF24aabmqgv
ztf,60319.490937499795,2565490934215015016,2,2565490934215,20.066038,1,2565,9.398327,19.786533,19.6923,0.15556306,0.233,149.9027959,4.8399695,0.66,t17_f5_c3,20.2338,0.4918,True,False,True,23.12.x,0.0,,0.9997227,468120242.0,ZTF24aabmqgv
ztf,60319.49140049983,2565491404215015017,2,2565491404215,20.161007,1,2565,9.325151,19.829224,19.7328,0.14614688,0.2307,149.9027524,4.8399766,0.7228571,t17_f5_c3,20.0405,0.3925,True,False,True,23.12.x,0.0,,0.99987316,468120242.0,ZTF24aabmqgv
