tid,mjd,candid,fid,pid,diffmaglim,isdiffpos,nid,distnr,magpsf,magap,sigmapsf,sigmagap,ra,dec,rb,rbversion,magapbig,sigmagapbig,has_stamp,corrected,dubious,step_id_corr,phase,parent_candid,drb,rfid,oid
ztf,60319.17363430001,2565173634415015022,2,2565173634415,20.0717,1,2565,5.08441,18.2218,18.1727,0.055809,0.0583,85.6059217,20.2001648,0.897143,t17_f5_c3,18.103,0.0696,False,False,False,23.12.x,0.0,2.565174574415015e+18,,,ZTF24aabhfvk
ztf,60319.174571800046,2565174574415015024,2,2565174574415,20.113256,1,2565,4.3233867,18.25085,18.1543,0.0425044,0.0565,85.6056644,20.2002482,0.88857144,t17_f5_c3,18.107,0.0688,True,False,False,23.12.x,0.0,,0.9999407,562120244.0,ZTF24aabhfvk
ztf,60319.17504630005,2565175044415015022,2,2565175044415,20.131691,1,2565,4.0536923,18.247267,18.2163,0.06672368,0.0596,85.6055703,20.2002724,0.8757143,t17_f5_c3,18.1831,0.0734,True,False,False,23.12.x,0.0,,0.99992716,562120244.0,ZTF24aabhfvk
ztf,60319.17550930008,2565175504415015029,2,2565175504415,20.149136,1,2565,3.8057866,18.233425,18.1559,0.05550933,0.0564,85.605469,20.2003287,0.91714287,t17_f5_c3,18.0694,0.0663,True,False,False,23.12.x,0.0,,0.9986017,562120244.0,ZTF24aabhfvk
ztf,60319.17598380009,2565175984415015021,2,2565175984415,20.148838,1,2565,3.592402,18.297031,18.3529,0.05761506,0.0674,85.605363,20.2003951,0.91,t17_f5_c3,18.3141,0.0828,True,False,False,23.12.x,0.0,,0.99999416,562120244.0,ZTF24aabhfvk
ztf,60319.17645830009,2565176454415015024,2,2565176454415,20.170311,1,2565,3.3910458,18.251507,18.2702,0.069716826,0.0626,85.6052548,20.2004457,0.9028571,t17_f5_c3,18.1999,0.0747,True,False,False,23.12.x,0.0,,0.99988043,562120244.0,ZTF24aabhfvk
ztf,60319.17693290021,2565176934415015020,2,2565176934415,20.15301,1,2565,3.1770818,18.207672,18.2257,0.05579002,0.0599,85.6051427,20.2004847,0.93,t17_f5_c3,18.2466,0.0776,True,False,False,23.12.x,0.0,,0.9999791,562120244.0,ZTF24aabhfvk
ztf,60319.17739580013,2565177394415015020,2,2565177394415,20.15997,1,2565,3.07082,18.225546,18.1624,0.046051744,0.0567,85.6050426,20.2005401,0.93142855,t17_f5_c3,18.1265,0.0698,True,False,False,23.12.x,0.0,,0.9999814,562120244.0,ZTF24aabhfvk
