tid,mjd,candid,fid,pid,diffmaglim,isdiffpos,nid,distnr,magpsf,magap,sigmapsf,sigmagap,ra,dec,rb,rbversion,magapbig,sigmagapbig,has_stamp,corrected,dubious,step_id_corr,phase,parent_candid,drb,rfid,oid
ztf,60317.215752299875,2563215755615015032,2,2563215755615,20.3959,1,2563,14.0255,17.5789,17.5861,0.044016,0.0283,95.4675882,22.2037785,0.962857,t17_f5_c3,17.5816,0.0352,False,False,True,23.12.x,0.0,2.563217165615015e+18,,,ZTF24aaavpth
ztf,60317.2162269,2563216225615015033,2,2563216225615,20.2655,1,2563,13.633,17.5643,17.6111,0.048689,0.0312,95.4674432,22.2037943,0.954286,t17_f5_c3,17.6188,0.0394,False,False,True,23.12.x,0.0,2.563217165615015e+18,,,ZTF24aaavpth
ztf,60317.2167014,2563216705615015034,2,2563216705615,20.1612,1,2563,13.3061,17.5634,17.5992,0.050086,0.033,95.4673176,22.2038128,0.925714,t17_f5_c3,17.5978,0.0413,False,False,True,23.12.x,0.0,2.563217165615015e+18,,,ZTF24aaavpth
ztf,60317.217164400034,2563217165615015035,2,2563217165615,20.23584,1,2563,13.01866,17.595251,17.6315,0.05364901,0.0323,95.4671914,22.2038433,0.93142855,t17_f5_c3,17.6151,0.0399,True,False,True,23.12.x,0.0,,0.99999964,563120256.0,ZTF24aaavpth
ztf,60317.21763890004,2563217635615015032,2,2563217635615,20.3116,1,2563,12.6567,17.5957,17.6482,0.045446,0.0314,95.4670559,22.2038582,0.958571,t17_f5_c3,17.6475,0.0393,False,False,True,23.12.x,0.0,2.563218585615015e+18,,,ZTF24aaavpth
ztf,60317.21811340004,2563218115615015029,2,2563218115615,20.2712,1,2563,12.3349,17.5812,17.5868,0.047204,0.0304,95.4669196,22.2038853,0.955714,t17_f5_c3,17.6051,0.0387,False,False,True,23.12.x,0.0,2.563218585615015e+18,,,ZTF24aaavpth
ztf,60317.21858800016,2563218585615015036,2,2563218585615,20.250551,1,2563,11.964445,17.568506,17.5739,0.04977835,0.0304,95.4667642,22.2039046,0.94285715,t17_f5_c3,17.5552,0.0374,True,False,True,23.12.x,0.0,,0.99999845,563120256.0,ZTF24aaavpth
ztf,60317.21905090008,2563219055615015031,2,2563219055615,20.249374,1,2563,11.718856,17.565004,17.5926,0.046446983,0.031,95.4666562,22.2039253,0.95857143,t17_f5_c3,17.5923,0.0388,True,False,True,23.12.x,0.0,,0.99999547,563120256.0,ZTF24aaavpth
