tid,mjd,candid,fid,pid,diffmaglim,isdiffpos,nid,distnr,magpsf,magap,sigmapsf,sigmagap,ra,dec,rb,rbversion,magapbig,sigmagapbig,has_stamp,corrected,dubious,step_id_corr,phase,parent_candid,drb,rfid,oid
ztf,60317.19126159977,2563191265515015001,2,2563191265515,20.1264,1,2563,12.3592,18.6704,18.6582,0.065361,0.0859,97.1521106,21.6932356,0.898571,t17_f5_c3,18.6175,0.1055,False,False,True,23.12.x,0.0,2.563193145515015e+18,,,ZTF24aaauukt
ztf,60317.19172450015,2563191725515015001,2,2563191725515,20.0445,1,2563,12.8018,18.6801,18.6492,0.075868,0.0898,97.1519661,21.693219,0.877143,t17_f5_c3,18.7502,0.1256,False,False,True,23.12.x,0.0,2.563193145515015e+18,,,ZTF24aaauukt
ztf,60317.19219909981,2563192195515015003,2,2563192195515,20.0604,1,2563,12.9252,18.6386,18.599,0.071055,0.0854,97.1519024,21.6932535,0.892857,t17_f5_c3,18.5414,0.1034,False,False,True,23.12.x,0.0,2.563193145515015e+18,,,ZTF24aaauukt
ztf,60317.19267359981,2563192675515015005,2,2563192675515,20.0643,1,2563,12.9546,18.6829,18.5566,0.087625,0.0815,97.1517587,21.6932551,0.83,t17_f5_c3,18.5532,0.1035,False,False,True,23.12.x,0.0,2.563193145515015e+18,,,ZTF24aaauukt
ztf,60317.19314809982,2563193145515015003,2,2563193145515,20.11891,1,2563,12.946998,18.652687,18.5696,0.07700044,0.0815,97.1516752,21.6932484,0.8214286,t17_f5_c3,18.5516,0.1022,True,False,True,23.12.x,0.0,,0.9999956,563120255.0,ZTF24aaauukt
ztf,60317.19361109985,2563193615515015004,2,2563193615515,20.204561,1,2563,13.133884,18.605469,18.747,0.07222086,0.0892,97.1515428,21.6932882,0.9028571,t17_f5_c3,18.7348,0.1126,True,False,True,23.12.x,0.0,,0.9999462,563120255.0,ZTF24aaauukt
ztf,60317.194085599855,2563194085515015001,2,2563194085515,20.121891,1,2563,13.208941,18.698051,18.7711,0.09274607,0.0948,97.1514287,21.693297,0.81,t17_f5_c3,18.7641,0.1202,True,False,True,23.12.x,0.0,,0.99993384,563120255.0,ZTF24aaauukt
ztf,60317.19454859989,2563194545515015000,2,2563194545515,20.093718,1,2563,13.323653,18.569689,18.7246,0.08208016,0.0941,97.1513186,21.6933131,0.8657143,t17_f5_c3,18.7249,0.1201,True,False,True,23.12.x,0.0,,0.99999857,563120255.0,ZTF24aaauukt
