tid,mjd,candid,fid,pid,diffmaglim,isdiffpos,nid,distnr,magpsf,magpsf_corr,magap,sigmapsf,sigmapsf_corr,sigmapsf_corr_ext,sigmagap,ra,dec,rb,rbversion,drb,magapbig,sigmagapbig,rfid,has_stamp,corrected,dubious,step_id_corr,phase,oid
ztf,61065.56664349977,3311566643315015001,2,3311566643315,19.347872,1,3311,0.77090484,17.525238,15.201175,17.6207,0.12676342,100.0,0.014906255,0.0644,267.386526,-4.4562799,0.66571426,t17_f5_c3,0.9999987,17.5708,0.0765,1427120233,True,True,False,27.5.7a32.dev1,0.0,ZTF25aapeyoc
ztf,61065.569513900205,3311569513315015001,2,3311569513315,19.248217,1,3311,0.6339419,17.512701,15.199693,17.8775,0.14168955,0.0076746014,0.016831953,0.091,267.3862072,-4.4560533,0.6528571,t17_f5_c3,0.9997721,17.8579,0.112,1427120233,True,True,False,27.5.7a32.dev1,0.0,ZTF25aapeyoc
ztf,61079.55960649997,3325559603315015000,2,3325559603315,19.375402,1,3325,0.3446363,17.449533,15.191994,17.8408,0.14917974,0.011251301,0.018650647,0.0708,267.386427,-4.4562082,0.5985714,t17_f5_c3,0.9999935,17.765,0.0817,1427120233,True,True,False,27.5.7a32.dev1,0.0,ZTF25aapeyoc
ztf,61093.5671759001,3339567173315010000,2,3339567173315,19.192226,-1,3339,0.402016,17.714613,15.465884,18.1159,0.10880994,100.0,0.013714412,0.1437,267.3862974,-4.4562861,0.76714283,t17_f5_c3,0.99998164,18.211,0.1992,1427120233,True,True,False,27.5.7a32.dev1,0.0,ZTF25aapeyoc
ztf,61096.544675900135,3342544673315010000,2,3342544673315,19.029251,-1,3342,0.39888164,17.545406,15.489212,17.7463,0.1000719,100.0,0.015060324,0.1306,267.3862946,-4.4562828,0.86,t17_f5_c3,0.9999987,17.7877,0.1716,1427120233,True,True,False,27.5.7a32.dev1,0.0,ZTF25aapeyoc
ztf,61099.542118099984,3345542113315010000,2,3345542113315,20.121614,-1,3345,0.43616107,17.480177,15.499377,17.5615,0.099398606,100.0,0.016034678,0.0418,267.386246,-4.4562632,0.6042857,t17_f5_c3,0.9994129,17.6035,0.053,1427120233,True,True,False,27.5.7a32.dev1,0.0,ZTF25aapeyoc
ztf,61100.540879600216,3346540873315010000,2,3346540873315,19.729885,-1,3346,0.33801585,17.399416,15.512986,17.6987,0.0929716,100.0,0.016359821,0.0587,267.3863315,-4.4562745,0.80714285,t17_f5_c3,0.99999535,17.6941,0.0726,1427120233,True,True,False,27.5.7a32.dev1,0.0,ZTF25aapeyoc
ztf,61101.54017359996,3347540173315010001,2,3347540173315,19.134699,-1,3347,0.39224648,17.48483,15.498628,17.5733,0.09710753,100.0,0.01558733,0.0824,267.3863035,-4.4562839,0.8957143,t17_f5_c3,0.9999994,17.5049,0.098,1427120233,True,True,False,27.5.7a32.dev1,0.0,ZTF25aapeyoc
