tid,mjd,candid,fid,pid,diffmaglim,isdiffpos,nid,distnr,magpsf,magap,sigmapsf,sigmagap,ra,dec,rb,rbversion,magapbig,sigmagapbig,has_stamp,corrected,dubious,step_id_corr,phase,parent_candid,drb,rfid,oid
ztf,60319.297557900194,2565297555715015000,2,2565297555715,20.1385,1,2565,13.5956,19.4174,19.8803,0.116688,0.2736,86.9628864,22.6273179,0.681429,t17_f5_c3,19.8726,0.3484,False,False,False,23.12.x,0.0,2.565298965715015e+18,,,ZTF24aabjmpr
ztf,60319.29802080011,2565298025715015000,2,2565298025715,20.0911,1,2565,13.3195,19.3903,19.0951,0.180603,0.1415,86.9628168,22.6272572,0.588571,t17_f5_c3,19.1202,0.1851,False,False,False,23.12.x,0.0,2.565298965715015e+18,,,ZTF24aabjmpr
ztf,60319.29849540023,2565298495715015000,2,2565298495715,20.1624,1,2565,12.8871,19.4341,19.5167,0.155254,0.1973,86.9626492,22.6273518,0.721429,t17_f5_c3,19.6921,0.2969,False,False,False,23.12.x,0.0,2.565298965715015e+18,,,ZTF24aabjmpr
ztf,60319.29896989977,2565298965715015000,2,2565298965715,20.165693,1,2565,12.4993305,19.476519,19.3487,0.11636987,0.1693,86.9625272,22.6273437,0.8057143,t17_f5_c3,19.3093,0.2092,True,False,False,23.12.x,0.0,,0.9999992,562120257.0,ZTF24aabjmpr
ztf,60319.2994328998,2565299435715015000,2,2565299435715,20.170471,1,2565,12.194546,19.363892,19.5219,0.12304132,0.1982,86.9624088,22.6273981,0.85142857,t17_f5_c3,19.5297,0.2556,True,False,False,23.12.x,0.0,,0.99999875,562120257.0,ZTF24aabjmpr
ztf,60319.29990739981,2565299905715015000,2,2565299905715,19.986444,1,2565,11.959092,19.36157,19.2777,0.14235958,0.16,86.962358,22.6273414,0.6157143,t17_f5_c3,19.3154,0.2119,True,False,False,23.12.x,0.0,,0.9999789,562120257.0,ZTF24aabjmpr
ztf,60319.30037039984,2565300375715015000,2,2565300375715,20.077473,1,2565,11.368974,19.55423,19.9008,0.14666843,0.2862,86.9621529,22.6273665,0.58428574,t17_f5_c3,20.0507,0.4214,True,False,False,23.12.x,0.0,,0.999962,562120257.0,ZTF24aabjmpr
ztf,60319.300844899844,2565300845715015000,2,2565300845715,20.120352,1,2565,11.302149,19.513678,19.4852,0.1501432,0.1934,86.962135,22.6273594,0.7128571,t17_f5_c3,19.5098,0.2534,True,False,False,23.12.x,0.0,,0.99985033,562120257.0,ZTF24aabjmpr
