tid,mjd,candid,fid,pid,diffmaglim,isdiffpos,nid,distnr,magpsf,magpsf_corr,magap,sigmapsf,sigmapsf_corr,sigmapsf_corr_ext,sigmagap,ra,dec,rb,rbversion,drb,magapbig,sigmagapbig,rfid,has_stamp,corrected,dubious,step_id_corr,phase,oid
ztf,61085.55776620004,3331557760715015019,2,3331557760715,19.689072,1,3331,0.22215876,17.797298,16.343119,17.5474,0.108308494,0.022172976,0.028378554,0.0559,272.5070448,-23.7897708,0.7842857,t17_f5_c3,0.99996996,17.5205,0.0688,1324120207,True,True,False,27.5.7a32.dev1,0.0,ZTF26aagsggu
ztf,61096.547106499784,3342547100715015011,2,3342547100715,19.317871,1,3342,0.17704855,17.408598,16.227083,17.2248,0.053639542,0.008548387,0.01806672,0.0552,272.5070193,-23.7897307,0.7771429,t17_f5_c3,0.9999989,17.1884,0.0676,1324120207,True,True,False,27.5.7a32.dev1,0.0,ZTF26aagsggu
ztf,61099.54354170011,3345543540715015016,2,3345543540715,19.680243,1,3345,0.18081897,17.301346,16.189764,17.2467,0.056774624,0.013395912,0.020394888,0.0425,272.5070292,-23.7897535,0.8657143,t17_f5_c3,0.9999998,17.2342,0.053,1324120207,True,True,False,27.5.7a32.dev1,0.0,ZTF26aagsggu
ztf,61100.54230319988,3346542300715015013,2,3346542300715,19.323288,1,3346,0.1425832,17.314032,16.194304,17.3208,0.051621776,0.010013293,0.01840525,0.0589,272.5070199,-23.789771,0.8471429,t17_f5_c3,1.0,17.2463,0.0699,1324120207,True,True,False,27.5.7a32.dev1,0.0,ZTF26aagsggu
ztf,61101.54159720009,3347541590715015019,2,3347541590715,17.983541,1,3347,0.2660479,17.189848,16.14838,17.0403,0.08138727,0.027449373,0.031186707,0.1136,272.5070498,-23.7897967,0.6614286,t17_f5_c3,0.9993919,17.0315,0.1445,1324120207,True,True,False,27.5.7a32.dev1,0.0,ZTF26aagsggu
ztf,61105.53689809982,3351536890715015020,2,3351536890715,19.213081,1,3351,0.48368827,17.266928,16.177273,17.1894,0.055480156,0.013507443,0.020336494,0.0532,272.5070134,-23.789894,0.82714283,t17_f5_c3,0.9999998,17.1632,0.0661,1324120207,True,True,False,27.5.7a32.dev1,0.0,ZTF26aagsggu
ztf,61106.53560189996,3352535600715015017,2,3352535600715,18.741964,1,3352,0.42055368,17.24858,16.170513,17.2519,0.0612374,0.016925361,0.022687644,0.0587,272.5070827,-23.7898308,0.62,t17_f5_c3,0.9876692,17.3036,0.0784,1324120207,True,True,False,27.5.7a32.dev1,0.0,ZTF26aagsggu
ztf,61107.53432870004,3353534320715015015,2,3353534320715,18.310438,1,3353,0.25762272,17.198584,16.15172,17.2218,0.078562714,0.026015649,0.02995511,0.0655,272.5069731,-23.7898347,0.40714285,t17_f5_c3,0.79229677,17.1411,0.0777,1324120207,True,True,False,27.5.7a32.dev1,0.0,ZTF26aagsggu
