tid,mjd,candid,fid,pid,diffmaglim,isdiffpos,nid,distnr,magpsf,magap,sigmapsf,sigmagap,ra,dec,rb,rbversion,magapbig,sigmagapbig,has_stamp,corrected,dubious,step_id_corr,phase,parent_candid,drb,rfid,oid
ztf,60319.21413190011,2565214133415015026,2,2565214133415,20.2318,1,2565,12.7227,19.5855,19.4128,0.136727,0.161,90.9836281,19.3838748,0.727143,t17_f5_c3,19.3598,0.1964,False,False,True,23.12.x,0.0,2.565216953415015e+18,,,ZTF24aabhzam
ztf,60319.21460650023,2565214603415015021,2,2565214603415,20.2445,1,2565,12.7584,19.5225,19.3475,0.144119,0.1497,90.9835649,19.3838754,0.754286,t17_f5_c3,19.3463,0.1915,False,False,True,23.12.x,0.0,2.565216953415015e+18,,,ZTF24aabhzam
ztf,60319.21508099977,2565215083415015029,2,2565215083415,20.1943,1,2565,12.5308,19.5404,19.6239,0.161746,0.1951,90.983475,19.3838376,0.805714,t17_f5_c3,19.6803,0.2633,False,False,True,23.12.x,0.0,2.565216953415015e+18,,,ZTF24aabhzam
ztf,60319.216955999844,2565216953415015019,2,2565216953415,20.207682,1,2565,12.001307,19.489683,19.4722,0.16574441,0.1741,90.9832184,19.3838623,0.7871429,t17_f5_c3,19.5576,0.2413,True,False,True,23.12.x,0.0,,0.99823546,562120234.0,ZTF24aabhzam
