tid,mjd,candid,fid,pid,diffmaglim,isdiffpos,nid,distnr,magpsf,magap,sigmapsf,sigmagap,ra,dec,rb,rbversion,magapbig,sigmagapbig,has_stamp,corrected,dubious,step_id_corr,phase,parent_candid,drb,rfid,oid
ztf,60319.14348379988,2565143482315015009,2,2565143482315,19.4726,1,2565,3.36302,17.6936,17.5232,0.043937,0.0588,89.659295,17.6525564,0.884286,t17_f5_c3,17.3421,0.0666,False,False,False,23.12.x,0.0,2.565144892315015e+18,,,ZTF24aabgpem
ztf,60319.14395829989,2565143952315015011,2,2565143952315,19.7803,1,2565,3.46336,17.7096,17.7495,0.041969,0.0541,89.6592164,17.6526356,0.945714,t17_f5_c3,17.6518,0.067,False,False,False,23.12.x,0.0,2.565144892315015e+18,,,ZTF24aabgpem
ztf,60319.14442129992,2565144422315015007,2,2565144422315,19.8047,1,2565,3.62324,17.7158,17.7255,0.049867,0.0552,89.6591276,17.652719,0.958571,t17_f5_c3,17.6157,0.0663,False,False,False,23.12.x,0.0,2.565144892315015e+18,,,ZTF24aabgpem
ztf,60319.144895799924,2565144892315015012,2,2565144892315,19.743895,1,2565,3.7815452,17.69325,17.6706,0.051228087,0.0559,89.6590543,17.6527979,0.9628571,t17_f5_c3,17.5027,0.0631,True,False,False,23.12.x,0.0,,0.9999996,562120223.0,ZTF24aabgpem
ztf,60319.145370400045,2565145372315015006,2,2565145372315,19.790096,1,2565,4.0519233,17.70937,17.8609,0.05607864,0.0614,89.6589545,17.6528784,0.95285714,t17_f5_c3,17.8555,0.08,True,False,False,23.12.x,0.0,,0.99998486,562120223.0,ZTF24aabgpem
ztf,60319.14583329996,2565145832315015003,2,2565145832315,19.9344,1,2565,4.3210464,17.713371,17.7022,0.041252334,0.0441,89.6588661,17.6529481,0.92,t17_f5_c3,17.6031,0.0527,True,False,False,23.12.x,0.0,,0.99998367,562120223.0,ZTF24aabgpem
ztf,60319.14630790008,2565146302315015006,2,2565146302315,19.917036,1,2565,4.6462045,17.715527,17.6997,0.03915165,0.046,89.6587649,17.6530399,0.9457143,t17_f5_c3,17.5857,0.0537,True,False,False,23.12.x,0.0,,0.999998,562120223.0,ZTF24aabgpem
ztf,60319.14678240009,2565146782315015004,2,2565146782315,19.903494,1,2565,4.86486,17.753452,17.7619,0.049647547,0.0454,89.6587019,17.6531145,0.9057143,t17_f5_c3,17.6884,0.0549,True,False,False,23.12.x,0.0,,0.999968,562120223.0,ZTF24aabgpem
