tid,mjd,candid,fid,pid,diffmaglim,isdiffpos,nid,distnr,magpsf,magap,sigmapsf,sigmagap,ra,dec,rb,rbversion,magapbig,sigmagapbig,has_stamp,corrected,dubious,step_id_corr,phase,parent_candid,drb,rfid,oid
ztf,60318.53348380001,2564533481915015000,2,2564533481915,20.3931,1,2564,12.9982,17.2811,17.2769,0.039406,0.024,137.7944712,68.0261767,0.962857,t17_f5_c3,17.2867,0.0301,False,False,True,23.12.x,0.0,2.564534891915015e+18,,,ZTF24aabezkx
ztf,60318.53395830002,2564533951915015000,2,2564533951915,20.4296,1,2564,12.5844,17.2643,17.2544,0.035957,0.0234,137.7941823,68.0262301,0.962857,t17_f5_c3,17.2733,0.0296,False,False,True,23.12.x,0.0,2.564534891915015e+18,,,ZTF24aabezkx
ztf,60318.53443290014,2564534431915015000,2,2564534431915,20.4301,1,2564,12.1989,17.2316,17.2452,0.046149,0.0233,137.7939126,68.0262653,0.955714,t17_f5_c3,17.2256,0.0285,False,False,True,23.12.x,0.0,2.564534891915015e+18,,,ZTF24aabezkx
ztf,60318.534895800054,2564534891915015000,2,2564534891915,20.423962,1,2564,11.83506,17.25599,17.2808,0.04123851,0.024,137.793636,68.026301,0.9614286,t17_f5_c3,17.2568,0.0292,True,False,True,23.12.x,0.0,,0.9999924,840120219.0,ZTF24aabezkx
ztf,60318.535370400175,2564535371915015000,2,2564535371915,20.417631,1,2564,11.451295,17.252983,17.2859,0.03371382,0.0243,137.7933718,68.0263459,0.9685714,t17_f5_c3,17.2742,0.0298,True,False,True,23.12.x,0.0,,0.99999964,840120219.0,ZTF24aabezkx
ztf,60318.53584490018,2564535841915015000,2,2564535841915,20.394188,1,2564,11.077794,17.22418,17.2711,0.042976595,0.0241,137.7930834,68.0263782,0.96,t17_f5_c3,17.2481,0.0294,True,False,True,23.12.x,0.0,,0.9999995,840120219.0,ZTF24aabezkx
ztf,60318.536319400184,2564536311915015000,2,2564536311915,20.42046,1,2564,10.692737,17.231867,17.2704,0.05365081,0.0239,137.7927969,68.0264191,0.9514286,t17_f5_c3,17.2395,0.0289,True,False,True,23.12.x,0.0,,0.99913055,840120219.0,ZTF24aabezkx
ztf,60318.53679399984,2564536791915015000,2,2564536791915,20.424772,1,2564,10.344203,17.236263,17.2142,0.032533288,0.0228,137.7925147,68.0264374,0.95428574,t17_f5_c3,17.1887,0.0277,True,False,True,23.12.x,0.0,,0.99999976,840120219.0,ZTF24aabezkx
ztf,60318.53725690022,2564537251915015000,2,2564537251915,20.319695,1,2564,9.972614,17.225359,17.2014,0.040848907,0.0243,137.7922452,68.026476,0.95714283,t17_f5_c3,17.1953,0.0302,True,False,True,23.12.x,0.0,,0.99999976,840120219.0,ZTF24aabezkx
