tid,mjd,candid,fid,pid,diffmaglim,isdiffpos,nid,distnr,magpsf,magap,sigmapsf,sigmagap,ra,dec,rb,rbversion,magapbig,sigmagapbig,has_stamp,corrected,dubious,step_id_corr,phase,parent_candid,drb,rfid,oid
ztf,60317.20679400023,2563206794315015019,2,2563206794315,19.9798,1,2563,5.25799,19.2082,19.3909,0.111905,0.1765,94.9955309,19.409602,0.682857,t17_f5_c3,19.4988,0.25,False,False,False,23.12.x,0.0,2.563208684315015e+18,,,ZTF24aaavdzm
ztf,60317.20726849977,2563207264315015007,2,2563207264315,19.8953,1,2563,5.12155,19.28,19.2046,0.133515,0.157,94.9954835,19.4095997,0.608571,t17_f5_c3,19.2497,0.2097,False,False,False,23.12.x,0.0,2.563208684315015e+18,,,ZTF24aaavdzm
ztf,60317.20774309989,2563207744315015034,2,2563207744315,20.2737,1,2563,4.78816,19.1759,19.2186,0.118305,0.1269,94.9953748,19.409593,0.818571,t17_f5_c3,19.1736,0.1557,False,False,False,23.12.x,0.0,2.563209154315015e+18,,,ZTF24aaavdzm
ztf,60317.208217599895,2563208214315015022,2,2563208214315,20.202368,1,2563,4.388218,19.1835,19.0854,0.10335975,0.1179,94.9952351,19.4095828,0.8371429,t17_f5_c3,19.0916,0.1516,True,False,False,23.12.x,0.0,,0.999992,563120243.0,ZTF24aaavdzm
ztf,60317.20868059993,2563208684315015016,2,2563208684315,20.108498,1,2563,4.22786,19.15347,19.1912,0.103520066,0.1384,94.9951672,19.4095569,0.80857146,t17_f5_c3,18.9923,0.1477,True,False,False,23.12.x,0.0,,0.9999665,563120243.0,ZTF24aaavdzm
ztf,60317.20915509993,2563209154315015021,2,2563209154315,20.088083,1,2563,3.968297,19.207384,19.2446,0.09332147,0.1475,94.9950401,19.4095051,0.76857144,t17_f5_c3,19.0999,0.1657,True,False,False,23.12.x,0.0,,0.9999963,563120243.0,ZTF24aaavdzm
ztf,60317.209629599936,2563209624315015029,2,2563209624315,20.172,1,2563,3.61276,19.3003,19.2683,0.121638,0.1431,94.9949221,19.4095184,0.755714,t17_f5_c3,19.2262,0.1765,False,False,False,23.12.x,0.0,2.563210564315015e+18,,,ZTF24aaavdzm
ztf,60317.21009259997,2563210094315015012,2,2563210094315,20.2095,1,2563,3.31501,19.2781,19.3072,0.09608,0.1445,94.9948152,19.4095266,0.812857,t17_f5_c3,19.2874,0.1819,False,False,False,23.12.x,0.0,2.563210564315015e+18,,,ZTF24aaavdzm
ztf,60317.21056709997,2563210564315015029,2,2563210564315,20.27409,1,2563,3.2896411,19.223845,19.079,0.12814678,0.1129,94.9947582,19.4094798,0.77,t17_f5_c3,19.0794,0.1448,True,False,False,23.12.x,0.0,,0.99999,563120243.0,ZTF24aaavdzm
