tid,mjd,candid,fid,pid,diffmaglim,isdiffpos,nid,distnr,magpsf,magap,sigmapsf,sigmagap,ra,dec,rb,rbversion,magapbig,sigmagapbig,has_stamp,corrected,dubious,step_id_corr,phase,parent_candid,magpsf_corr,sigmapsf_corr,sigmapsf_corr_ext,drb,rfid,oid
ztf,60317.470613399986,2563470613415015011,2,2563470613415,19.5693,1,2563,2.09911,18.0534,18.0369,0.090508,0.0654,98.5034925,19.629442,0.707143,t17_f5_c3,18.0152,0.0818,False,False,True,23.12.x,0.0,2.563472023415015e+18,,,,,,ZTF24aabbtyr
ztf,60317.47108800011,2563471083415015013,2,2563471083415,19.4797,1,2563,1.71904,18.0273,18.0988,0.086068,0.0689,98.5033737,19.629434,0.638571,t17_f5_c3,18.0906,0.0872,False,False,True,23.12.x,0.0,2.563472503415015e+18,,,,,,ZTF24aabbtyr
ztf,60317.47155090002,2563471553415015005,2,2563471553415,19.5403,1,2563,1.32494,18.0036,17.9563,0.079667,0.0592,98.5032614,19.6294629,0.69,t17_f5_c3,17.8555,0.0688,False,True,False,23.12.x,0.0,2.563472503415015e+18,17.984865,0.0782202,0.07830422,,,ZTF24aabbtyr
ztf,60317.472025500145,2563472023415015007,2,2563472023415,19.594194,1,2563,0.94092095,18.03757,18.0839,0.087116465,0.0659,98.5031287,19.6294482,0.7714286,t17_f5_c3,18.073,0.0832,True,True,False,23.12.x,0.0,,18.018248,0.08549798,0.08557973,0.99999917,563120234.0,ZTF24aabbtyr
ztf,60317.47250000015,2563472503415015010,2,2563472503415,19.452368,1,2563,0.5615113,18.031242,18.2424,0.101757705,0.0773,98.502999,19.6294598,0.6685714,t17_f5_c3,18.2113,0.0959,True,True,False,23.12.x,0.0,,18.01203,0.09990378,0.09997295,0.99999297,563120234.0,ZTF24aabbtyr
ztf,60317.47296300018,2563472963415015006,2,2563472963415,19.534094,1,2563,0.30053234,18.10314,18.1808,0.102488294,0.075,98.5028454,19.6295029,0.69,t17_f5_c3,18.2419,0.1013,True,True,False,23.12.x,0.0,,18.082624,0.10049164,0.10056996,0.9988742,563120234.0,ZTF24aabbtyr
ztf,60317.473437500186,2563473433415015007,2,2563473433415,19.537174,1,2563,0.52501553,18.061508,18.1004,0.09514969,0.0691,98.5027428,19.6295091,0.74,t17_f5_c3,18.0395,0.0835,True,True,False,23.12.x,0.0,,18.041758,0.09335632,0.093434505,0.99979657,563120234.0,ZTF24aabbtyr
ztf,60317.47391200019,2563473913415015018,2,2563473913415,19.45204,1,2563,0.9137803,18.010717,17.9708,0.07691315,0.0615,98.5026288,19.6294818,0.63714284,t17_f5_c3,17.9507,0.077,True,True,False,23.12.x,0.0,,17.991861,0.0755008,0.07558897,0.9998604,563120234.0,ZTF24aabbtyr
