tid,mjd,candid,fid,pid,diffmaglim,isdiffpos,nid,distnr,magpsf,magap,sigmapsf,sigmagap,ra,dec,rb,rbversion,magapbig,sigmagapbig,has_stamp,corrected,dubious,step_id_corr,phase,parent_candid,drb,rfid,oid
ztf,60317.306215300225,2563306216015015032,2,2563306216015,19.9952,1,2563,5.27347,19.6588,19.5618,0.170571,0.2049,93.205045,22.217008,0.487143,t17_f5_c3,19.4722,0.242,False,False,True,23.12.x,0.0,2.563306676015015e+18,,,ZTF24aaayemo
ztf,60317.30667820014,2563306676015015026,2,2563306676015,19.978712,1,2563,5.231045,19.77579,19.8046,0.20209134,0.2549,93.2050022,22.2170159,0.41,t17_f5_c3,19.8199,0.3317,True,False,True,23.12.x,0.0,,0.9929327,563120260.0,ZTF24aaayemo
ztf,60317.307152799796,2563307156015015035,2,2563307156015,19.9483,1,2563,5.08258,19.59,19.6133,0.173387,0.2179,93.2049439,22.2170582,0.512857,t17_f5_c3,19.5997,0.2759,False,False,False,23.12.x,0.0,2.563307626015015e+18,,,ZTF24aaayemo
ztf,60317.3076272998,2563307626015015031,2,2563307626015,19.923512,1,2563,5.043638,19.512854,19.5078,0.16654716,0.2001,93.2048704,22.2169917,0.62142855,t17_f5_c3,19.6305,0.2868,True,False,False,23.12.x,0.0,,0.9996643,563120260.0,ZTF24aaayemo
ztf,60317.30809029983,2563308096015015042,2,2563308096015,19.924328,1,2563,4.6973095,19.643421,19.6402,0.14767739,0.2257,93.2047934,22.2170779,0.47285715,t17_f5_c3,19.3905,0.2303,True,False,False,23.12.x,0.0,,0.9964544,563120260.0,ZTF24aaayemo
