tid,mjd,candid,fid,pid,diffmaglim,isdiffpos,nid,distnr,magpsf,magap,sigmapsf,sigmagap,ra,dec,rb,rbversion,magapbig,sigmagapbig,has_stamp,corrected,dubious,step_id_corr,phase,parent_candid,drb,rfid,oid
ztf,60317.44613429997,2563446130515015020,2,2563446130515,19.8367,1,2563,6.60137,17.597,17.6241,0.043984,0.0417,96.2143915,16.2968149,0.92,t17_f5_c3,17.6216,0.0527,False,False,True,23.12.x,0.0,2.563448000515015e+18,,,ZTF24aabbkmp
ztf,60317.446608799975,2563446600515015023,2,2563446600515,19.7919,1,2563,6.86891,17.5867,17.6817,0.047562,0.0451,96.2142976,16.2968615,0.901429,t17_f5_c3,17.6361,0.0549,False,False,True,23.12.x,0.0,2.563448000515015e+18,,,ZTF24aabbkmp
ztf,60317.44707180001,2563447070515015022,2,2563447070515,19.7847,1,2563,7.06655,17.5764,17.5597,0.046255,0.0395,96.2142375,16.296884,0.848571,t17_f5_c3,17.5673,0.0505,False,False,True,23.12.x,0.0,2.563448000515015e+18,,,ZTF24aabbkmp
ztf,60317.44754630001,2563447540515015018,2,2563447540515,19.7088,1,2563,7.3837,17.5837,17.6324,0.047164,0.0437,96.2141315,16.2969472,0.797143,t17_f5_c3,17.6514,0.0565,False,False,True,23.12.x,0.0,2.563448000515015e+18,,,ZTF24aabbkmp
ztf,60317.448009300046,2563448000515015050,2,2563448000515,19.712614,1,2563,7.5236936,17.580666,17.6355,0.07230629,0.0423,96.2140812,16.2970058,0.73714286,t17_f5_c3,17.6599,0.0549,True,False,True,23.12.x,0.0,,0.9999987,563120205.0,ZTF24aabbkmp
