tid,mjd,candid,fid,pid,diffmaglim,isdiffpos,nid,distnr,magpsf,magap,sigmapsf,sigmagap,ra,dec,rb,rbversion,magapbig,sigmagapbig,has_stamp,corrected,dubious,step_id_corr,phase,parent_candid,drb,rfid,oid
ztf,60319.18023149995,2565180232415015006,2,2565180232415,20.1669,1,2565,9.1249,19.1691,19.3377,0.112642,0.1552,87.5057237,18.5754173,0.882857,t17_f5_c3,19.2541,0.1842,False,False,True,23.12.x,0.0,2.565180692415015e+18,,,ZTF24aabhjkd
ztf,60319.18069439987,2565180692415015007,2,2565180692415,20.197475,1,2565,8.795557,19.20293,19.5139,0.10599307,0.1798,87.5056436,18.5754809,0.8357143,t17_f5_c3,19.6347,0.2575,True,False,True,23.12.x,0.0,,0.9999977,562120224.0,ZTF24aabhjkd
ztf,60319.18116899999,2565181162415015009,2,2565181162415,20.170713,1,2565,8.711771,19.24636,19.4422,0.114957474,0.1705,87.5055684,18.5754741,0.84,t17_f5_c3,19.5707,0.2459,True,False,True,23.12.x,0.0,,0.9999997,562120224.0,ZTF24aabhjkd
ztf,60319.18164349999,2565181642415015008,2,2565181642415,20.1915,1,2565,8.80227,19.1737,19.1783,0.10697,0.132,87.5054592,18.5753993,0.868571,t17_f5_c3,19.3042,0.1897,False,False,True,23.12.x,0.0,2.565183532415015e+18,,,ZTF24aabhjkd
ztf,60319.182118100114,2565182112415015010,2,2565182112415,20.19138,1,2565,8.691105,19.234829,19.4777,0.1042428,0.1734,87.5053756,18.5754053,0.83428574,t17_f5_c3,19.513,0.2295,True,False,True,23.12.x,0.0,,0.999998,562120224.0,ZTF24aabhjkd
ztf,60319.18258100003,2565182582415015014,2,2565182582415,20.19882,1,2565,8.4941435,19.26516,19.2727,0.09358271,0.1437,87.5052605,18.5754213,0.77,t17_f5_c3,19.3331,0.1944,True,False,True,23.12.x,0.0,,0.99999964,562120224.0,ZTF24aabhjkd
ztf,60319.18305560015,2565183052415015013,2,2565183052415,20.22028,1,2565,8.515342,19.26877,19.2623,0.106436014,0.1404,87.5051414,18.5753836,0.8457143,t17_f5_c3,19.3175,0.1891,True,False,True,23.12.x,0.0,,0.99999964,562120224.0,ZTF24aabhjkd
ztf,60319.183530100156,2565183532415015011,2,2565183532415,20.265297,1,2565,8.485862,19.241003,19.2705,0.09338114,0.1405,87.5050712,18.5753745,0.9128571,t17_f5_c3,19.3587,0.1948,True,False,True,23.12.x,0.0,,0.99999994,562120224.0,ZTF24aabhjkd
