tid,mjd,candid,fid,pid,diffmaglim,isdiffpos,nid,distnr,magpsf,magap,sigmapsf,sigmagap,ra,dec,rb,rbversion,magapbig,sigmagapbig,has_stamp,corrected,dubious,step_id_corr,phase,parent_candid,drb,rfid,oid
ztf,60319.14112270018,2565141122315015005,2,2565141122315,19.399,1,2565,3.50807,17.7228,17.6094,0.053152,0.0617,89.6596976,17.6521662,0.788571,t17_f5_c3,17.5389,0.0777,False,False,False,23.12.x,0.0,2.565142532315015e+18,,,ZTF24aabgnoh
ztf,60319.141597200185,2565141592315015005,2,2565141592315,19.6093,1,2565,3.39972,17.7564,17.7367,0.054478,0.0603,89.6596218,17.6522372,0.917143,t17_f5_c3,17.6927,0.0788,False,False,False,23.12.x,0.0,2.565142532315015e+18,,,ZTF24aabgnoh
ztf,60319.14207179984,2565142072315015004,2,2565142072315,19.2567,1,2565,3.30504,17.7038,17.6277,0.058066,0.0684,89.659531,17.6523288,0.827143,t17_f5_c3,17.5097,0.0817,False,False,False,23.12.x,0.0,2.565143482315015e+18,,,ZTF24aabgnoh
ztf,60319.14253470022,2565142532315015005,2,2565142532315,19.179705,1,2565,3.2641108,17.72678,17.7032,0.057225183,0.0803,89.659462,17.6524021,0.87,t17_f5_c3,17.4745,0.0867,True,False,False,23.12.x,0.0,,0.9999999,562120223.0,ZTF24aabgnoh
ztf,60319.14300929988,2565143002315015004,2,2565143002315,19.175768,1,2565,3.2252622,17.699198,17.7076,0.076958194,0.0876,89.6594062,17.6524706,0.9242857,t17_f5_c3,17.4079,0.0885,True,False,False,23.12.x,0.0,,0.99999845,562120223.0,ZTF24aabgnoh
ztf,60319.14348379988,2565143482315015009,2,2565143482315,19.47259,1,2565,3.3630168,17.693615,17.5232,0.043936703,0.0588,89.659295,17.6525564,0.8842857,t17_f5_c3,17.3421,0.0666,True,False,False,23.12.x,0.0,,0.9999994,562120223.0,ZTF24aabgnoh
ztf,60319.14395829989,2565143952315015011,2,2565143952315,19.780338,1,2565,3.4633565,17.709578,17.7495,0.04196936,0.0541,89.6592164,17.6526356,0.9457143,t17_f5_c3,17.6518,0.067,True,False,False,23.12.x,0.0,,0.9999994,562120223.0,ZTF24aabgnoh
ztf,60319.14442129992,2565144422315015007,2,2565144422315,19.804716,1,2565,3.6232367,17.71578,17.7255,0.049867187,0.0552,89.6591276,17.652719,0.95857143,t17_f5_c3,17.6157,0.0663,True,False,False,23.12.x,0.0,,0.99999976,562120223.0,ZTF24aabgnoh
