tid,mjd,candid,fid,pid,diffmaglim,isdiffpos,nid,distnr,magpsf,magpsf_corr,magap,sigmapsf,sigmapsf_corr,sigmapsf_corr_ext,sigmagap,ra,dec,rb,rbversion,magapbig,sigmagapbig,has_stamp,corrected,dubious,step_id_corr,phase,parent_candid,drb,rfid,oid
ztf,60213.507407399826,2459507402015015001,2,2459507402015,19.9484,1,2459,1.02583,19.7291,18.836464,19.1476,0.154574,0.05934043,0.06793327,0.1806,160.0685746,40.1123036,0.572857,t17_f5_c3,19.0634,0.2139,False,True,False,1.2.1,0.0,2.459512322015015e+18,,,ZTF23abhaxcd
ztf,60213.50987270009,2459509872015015000,2,2459509872015,19.956594,1,2459,0.9327513,19.716305,18.830822,19.3626,0.1509307,0.058103073,0.066770524,0.2196,160.0685568,40.1123329,0.8542857,t17_f5_c3,19.2723,0.2588,True,True,False,1.2.1,0.0,,0.99859416,712120220.0,ZTF23abhaxcd
ztf,60213.512326399796,2459512322015015002,2,2459512322015,19.903074,1,2459,1.0672424,19.674969,18.812342,19.6126,0.1421461,0.05548298,0.064222045,0.2817,160.0684966,40.1123072,0.9614286,t17_f5_c3,19.6953,0.3894,True,True,False,1.2.1,0.0,,0.9989534,712120220.0,ZTF23abhaxcd
ztf,60214.5104398001,2460510432015015005,2,2460510432015,19.894794,1,2460,0.9707807,19.781525,18.859194,20.3956,0.15007752,0.054574307,0.06417756,0.5881,160.0685363,40.1123258,0.8585714,t17_f5_c3,20.0536,0.5502,True,True,False,1.2.1,0.0,,0.9933943,712120220.0,ZTF23abhaxcd
ztf,60214.512881900184,2460512882015015002,2,2460512882015,19.7117,1,2460,1.05009,19.7228,18.83369,19.7016,0.241844,0.1014029,0.1066331,0.3394,160.0684902,40.1123143,0.878571,t17_f5_c3,20.3155,0.7656,False,True,False,1.2.1,0.0,2.479498682015015e+18,,,ZTF23abhaxcd
ztf,60215.516979199834,2461516972015015001,2,2461516972015,19.4991,1,2461,0.985939,19.7415,18.841898,19.2791,0.252354,0.10506512,0.11019674,0.3187,160.0686912,40.1123149,0.581429,t17_f5_c3,19.3989,0.4567,False,True,False,1.2.1,0.0,2.479498682015015e+18,,,ZTF23abhaxcd
ztf,60231.47303240001,2477473032015015001,2,2477473032015,19.8976,1,2477,1.04215,20.0333,18.95981,20.0215,0.248486,0.08470138,0.0924497,0.4102,160.0685062,40.1123121,0.607143,t17_f5_c3,19.8211,0.4373,False,True,False,1.2.1,0.0,2.479498682015015e+18,,,ZTF23abhaxcd
ztf,60233.498680599965,2479498682015015004,2,2479498682015,20.20626,1,2479,1.2370185,20.145342,19.000156,19.8058,0.20010564,0.058124848,0.06969236,0.2656,160.068391,40.1122941,0.77428573,t17_f5_c3,19.9364,0.3833,True,True,False,1.2.1,0.0,,0.8772422,712120220.0,ZTF23abhaxcd
