tid,mjd,candid,fid,pid,diffmaglim,isdiffpos,nid,distnr,magpsf,magap,sigmapsf,sigmagap,ra,dec,rb,rbversion,magapbig,sigmagapbig,has_stamp,corrected,dubious,step_id_corr,phase,parent_candid,drb,rfid,oid
ztf,60317.30951389996,2563309511615015003,2,2563309511615,19.8969,1,2563,11.1754,17.884,17.8786,0.093816,0.0428,98.7680648,18.543367,0.775714,t17_f5_c3,17.8946,0.055,False,False,True,23.12.x,0.0,2.563310911615015e+18,,,ZTF24aaayfze
ztf,60317.3099769,2563309971615015007,2,2563309971615,19.9246,1,2563,11.2399,17.866,17.8577,0.090809,0.0411,98.767926,18.543376,0.582857,t17_f5_c3,17.8237,0.0505,False,False,True,23.12.x,0.0,2.563311381615015e+18,,,ZTF24aaayfze
ztf,60317.3104514,2563310451615015009,2,2563310451615,20.0005,1,2563,10.6813,17.8147,17.8399,0.060853,0.0402,98.7677656,18.5434201,0.702857,t17_f5_c3,17.8078,0.0494,False,False,True,23.12.x,0.0,2.563311861615015e+18,,,ZTF24aaayfze
ztf,60317.310914400034,2563310911615015005,2,2563310911615,19.8977,1,2563,10.2626,17.8261,17.9171,0.074806,0.0467,98.767647,18.5434514,0.707143,t17_f5_c3,17.8447,0.0557,False,False,True,23.12.x,0.0,2.563312321615015e+18,,,ZTF24aaayfze
ztf,60317.31138890004,2563311381615015006,2,2563311381615,20.066727,1,2563,9.8230715,17.815166,17.8037,0.059976786,0.039,98.767516,18.5434655,0.79,t17_f5_c3,17.7995,0.0494,True,False,True,23.12.x,0.0,,0.9999362,563120216.0,ZTF24aaayfze
ztf,60317.31186340004,2563311861615015006,2,2563311861615,20.014904,1,2563,9.366943,17.812174,17.8508,0.05740513,0.0423,98.7673844,18.543495,0.8,t17_f5_c3,17.8245,0.0527,True,False,True,23.12.x,0.0,,0.9999801,563120216.0,ZTF24aaayfze
ztf,60317.312326400075,2563312321615015006,2,2563312321615,20.048357,1,2563,8.899176,17.820335,17.8185,0.050479077,0.0408,98.7672462,18.5435139,0.79285717,t17_f5_c3,17.8101,0.0518,True,False,True,23.12.x,0.0,,0.99989074,563120216.0,ZTF24aaayfze
ztf,60317.31280090008,2563312801615015004,2,2563312801615,20.053232,1,2563,8.3691225,17.782213,17.7341,0.056347467,0.0366,98.7670901,18.5435411,0.74,t17_f5_c3,17.6935,0.0452,True,False,True,23.12.x,0.0,,0.9999483,563120216.0,ZTF24aaayfze
ztf,60317.3132755002,2563313271615015008,2,2563313271615,19.995998,1,2563,7.938286,17.803795,17.7645,0.05807669,0.0415,98.7669608,18.5435572,0.82857144,t17_f5_c3,17.768,0.0532,True,False,True,23.12.x,0.0,,0.9999919,563120216.0,ZTF24aaayfze
