tid,mjd,candid,fid,pid,diffmaglim,isdiffpos,nid,distnr,magpsf,magap,sigmapsf,sigmagap,ra,dec,rb,rbversion,magapbig,sigmagapbig,has_stamp,corrected,dubious,step_id_corr,phase,parent_candid,drb,rfid,oid
ztf,60319.225463000126,2565225462615015003,2,2565225462615,19.9531,1,2565,6.83638,19.3053,19.3157,0.127669,0.1549,87.349987,17.8035972,0.565714,t17_f5_c3,19.1059,0.1636,False,False,True,23.12.x,0.0,2.565227332615015e+18,,,ZTF24aabicxk
ztf,60319.22592590004,2565225922615015005,2,2565225922615,19.9754,1,2565,6.80206,19.3972,19.3832,0.130085,0.1595,87.3498888,17.8035998,0.592857,t17_f5_c3,19.6085,0.2514,False,False,True,23.12.x,0.0,2.565227332615015e+18,,,ZTF24aabicxk
ztf,60319.22640050016,2565226402615015002,2,2565226402615,19.9473,1,2565,6.64614,19.3191,19.3975,0.133254,0.1664,87.3497976,17.8036415,0.522857,t17_f5_c3,19.6385,0.266,False,False,True,23.12.x,0.0,2.565227332615015e+18,,,ZTF24aabicxk
ztf,60319.22687500017,2565226872615015003,2,2565226872615,19.9658,1,2565,6.88247,19.3603,19.3365,0.151451,0.153,87.349667,17.8035721,0.598571,t17_f5_c3,19.2519,0.1814,False,False,True,23.12.x,0.0,2.565227332615015e+18,,,ZTF24aabicxk
ztf,60319.2273380002,2565227332615015003,2,2565227332615,19.910347,1,2565,6.644502,19.252266,19.6985,0.1506176,0.2133,87.3496348,17.8036441,0.5371429,t17_f5_c3,19.7957,0.2991,True,False,True,23.12.x,0.0,,0.9991906,562120226.0,ZTF24aabicxk
ztf,60319.227812500205,2565227812615015004,2,2565227812615,19.96332,1,2565,6.8686357,19.254648,19.4087,0.1289822,0.1673,87.3494084,17.8036042,0.6142857,t17_f5_c3,19.4315,0.2188,True,False,True,23.12.x,0.0,,0.9994525,562120226.0,ZTF24aabicxk
