tid,mjd,candid,fid,pid,diffmaglim,isdiffpos,nid,distnr,magpsf,magap,sigmapsf,sigmagap,ra,dec,rb,rbversion,magapbig,sigmagapbig,has_stamp,corrected,dubious,step_id_corr,phase,parent_candid,drb,rfid,oid
ztf,60319.297557900194,2565297550715015015,2,2565297550715,20.3289,1,2565,7.37909,19.5495,19.6326,0.136911,0.1851,89.8140001,15.6976257,0.814286,t17_f5_c3,19.5675,0.2236,False,False,True,23.12.x,0.0,2.565299430715015e+18,,,ZTF24aabjnyi
ztf,60319.29802080011,2565298020715015010,2,2565298020715,20.33,1,2565,6.95875,19.6314,19.6624,0.13538,0.194,89.8138767,15.6976454,0.744286,t17_f5_c3,19.7137,0.2608,False,False,True,23.12.x,0.0,2.565299900715015e+18,,,ZTF24aabjnyi
ztf,60319.29849540023,2565298490715015015,2,2565298490715,20.3701,1,2565,6.85725,19.628,19.321,0.136773,0.1377,89.8138485,15.6975834,0.558571,t17_f5_c3,19.4443,0.1975,False,False,True,23.12.x,0.0,2.565299900715015e+18,,,ZTF24aabjnyi
ztf,60319.2994328998,2565299430715015014,2,2565299430715,20.314316,1,2565,6.204316,19.634396,19.5829,0.18144755,0.1801,89.8136574,15.6975883,0.7714286,t17_f5_c3,19.6335,0.2426,True,False,True,23.12.x,0.0,,0.99999994,562120207.0,ZTF24aabjnyi
ztf,60319.29990739981,2565299900715015013,2,2565299900715,20.169563,1,2565,5.806258,19.569302,19.5252,0.13866422,0.1834,89.8135406,15.6975877,0.8,t17_f5_c3,19.6101,0.2552,True,False,True,23.12.x,0.0,,0.9999999,562120207.0,ZTF24aabjnyi
ztf,60319.30037039984,2565300370715015015,2,2565300370715,20.268017,1,2565,5.365817,19.619904,19.501,0.13940014,0.1695,89.8134112,15.6975899,0.7185714,t17_f5_c3,19.6647,0.2537,True,False,True,23.12.x,0.0,,0.9999985,562120207.0,ZTF24aabjnyi
ztf,60319.300844899844,2565300840715015008,2,2565300840715,20.308283,1,2565,5.1398177,19.631065,19.4154,0.13965066,0.1548,89.813344,15.6976174,0.64285713,t17_f5_c3,19.5442,0.2243,True,False,True,23.12.x,0.0,,0.9999995,562120207.0,ZTF24aabjnyi
ztf,60319.30131939985,2565301310715015019,2,2565301310715,20.2928,1,2565,4.831419,19.725622,19.492,0.13924931,0.1688,89.8132549,15.6975744,0.62285715,t17_f5_c3,19.5167,0.2229,True,False,True,23.12.x,0.0,,0.99999976,562120207.0,ZTF24aabjnyi
