tid,mjd,candid,fid,pid,diffmaglim,isdiffpos,nid,distnr,magpsf,magap,sigmapsf,sigmagap,ra,dec,rb,rbversion,magapbig,sigmagapbig,has_stamp,corrected,dubious,step_id_corr,phase,parent_candid,drb,rfid,oid
ztf,60317.26334490022,2563263341515015006,2,2563263341515,20.3618,1,2563,15.189,18.917,18.8529,0.075623,0.092,92.8810928,15.8419479,0.922857,t17_f5_c3,18.7595,0.1075,False,False,True,23.12.x,0.0,2.563264761515015e+18,,,ZTF24aaaxeog
ztf,60317.26381940022,2563263811515015011,2,2563263811515,20.4212,1,2563,15.1758,18.9141,19.0197,0.082639,0.104,92.8809678,15.8419724,0.928571,t17_f5_c3,18.8851,0.1171,False,False,True,23.12.x,0.0,2.563264761515015e+18,,,ZTF24aaaxeog
ztf,60317.26429399988,2563264291515015011,2,2563264291515,20.3848,1,2563,15.2382,18.8817,18.7476,0.07445,0.0827,92.8808502,15.8419806,0.917143,t17_f5_c3,18.6782,0.0986,False,False,True,23.12.x,0.0,2.563265701515015e+18,,,ZTF24aaaxeog
ztf,60317.26476849988,2563264761515015008,2,2563264761515,20.3659,1,2563,15.2247,18.9164,18.849,0.073938,0.0917,92.8807209,15.8420139,0.938571,t17_f5_c3,18.8609,0.118,False,False,True,23.12.x,0.0,2.563265701515015e+18,,,ZTF24aaaxeog
ztf,60317.265231499914,2563265231515015006,2,2563265231515,20.3043,1,2563,15.3977,18.9153,19.0047,0.098751,0.1076,92.880628,15.8419876,0.865714,t17_f5_c3,18.8793,0.1223,False,False,True,23.12.x,0.0,2.563266181515015e+18,,,ZTF24aaaxeog
ztf,60317.26570599992,2563265701515015009,2,2563265701515,20.312098,1,2563,15.308042,18.908152,18.8378,0.10045403,0.0932,92.8804997,15.8420491,0.9,t17_f5_c3,18.8507,0.1199,True,False,True,23.12.x,0.0,,0.9999843,563120215.0,ZTF24aaaxeog
ztf,60317.26618060004,2563266181515015011,2,2563266181515,20.268103,1,2563,15.440428,18.959743,18.9275,0.08559526,0.102,92.8803537,15.8420579,0.9085714,t17_f5_c3,18.9013,0.127,True,False,True,23.12.x,0.0,,0.99999976,563120215.0,ZTF24aaaxeog
ztf,60317.266643499956,2563266641515015006,2,2563266641515,20.1632,1,2563,15.5839,18.9795,18.8597,0.092694,0.0997,92.8802456,15.8420516,0.805714,t17_f5_c3,18.8586,0.127,False,False,True,23.12.x,0.0,2.563267111515015e+18,,,ZTF24aaaxeog
ztf,60317.26711810008,2563267111515015009,2,2563267111515,20.27402,1,2563,15.727246,18.919441,18.8949,0.08759306,0.1002,92.8800893,15.842067,0.9071429,t17_f5_c3,18.7076,0.1077,True,False,True,23.12.x,0.0,,0.99999774,563120215.0,ZTF24aaaxeog
