tid,mjd,candid,fid,pid,diffmaglim,isdiffpos,nid,distnr,magpsf,magap,sigmapsf,sigmagap,ra,dec,rb,rbversion,magapbig,sigmagapbig,has_stamp,corrected,dubious,step_id_corr,phase,parent_candid,drb,rfid,oid
ztf,60317.21858800016,2563218584015015015,2,2563218584015,20.2516,1,2563,8.9835,19.0616,19.0464,0.102576,0.1114,94.7710248,20.4510795,0.855714,t17_f5_c3,19.0558,0.1437,False,False,True,23.12.x,0.0,2.563220474015015e+18,,,ZTF24aaavnfl
ztf,60317.21905090008,2563219054015015015,2,2563219054015,20.3236,1,2563,9.10491,19.0882,19.2141,0.10166,0.1243,94.7710112,20.4511157,0.878571,t17_f5_c3,19.1335,0.1478,False,False,True,23.12.x,0.0,2.563220474015015e+18,,,ZTF24aaavnfl
ztf,60317.2195255002,2563219524015015018,2,2563219524015,20.3153,1,2563,9.40565,19.0218,18.9057,0.094994,0.095,94.7708384,20.451056,0.835714,t17_f5_c3,18.8831,0.1188,False,False,True,23.12.x,0.0,2.563220474015015e+18,,,ZTF24aaavnfl
ztf,60317.220000000205,2563220004015015019,2,2563220004015,20.346151,1,2563,9.789171,19.03957,19.0004,0.100466505,0.102,94.7707372,20.4511108,0.86714286,t17_f5_c3,18.9419,0.1234,True,False,True,23.12.x,0.0,,0.999997,563120240.0,ZTF24aaavnfl
ztf,60317.22047450021,2563220474015015024,2,2563220474015,20.387968,1,2563,10.161713,19.066683,18.997,0.10588212,0.0995,94.7706094,20.4511273,0.8657143,t17_f5_c3,18.8479,0.111,True,False,True,23.12.x,0.0,,0.999851,563120240.0,ZTF24aaavnfl
ztf,60317.22093749978,2563220934015015020,2,2563220934015,20.36552,1,2563,10.438555,19.045467,19.157,0.09661963,0.1166,94.7705155,20.4511374,0.8857143,t17_f5_c3,19.0413,0.134,True,False,True,23.12.x,0.0,,0.9999927,563120240.0,ZTF24aaavnfl
ztf,60317.22141199978,2563221414015015021,2,2563221414015,20.304071,1,2563,10.808192,19.03071,19.1837,0.08908283,0.1232,94.7703904,20.4511571,0.8742857,t17_f5_c3,19.2267,0.1637,True,False,True,23.12.x,0.0,,0.99987185,563120240.0,ZTF24aaavnfl
