tid,mjd,candid,fid,pid,diffmaglim,isdiffpos,nid,distnr,magpsf,magap,sigmapsf,sigmagap,ra,dec,rb,rbversion,magapbig,sigmagapbig,has_stamp,corrected,dubious,step_id_corr,phase,parent_candid,drb,rfid,oid
ztf,60319.161851900164,2565161854515015021,2,2565161854515,19.9721,1,2565,2.9926,19.6598,19.7575,0.185984,0.247,84.9858875,20.2208983,0.575714,t17_f5_c3,19.8849,0.3564,False,False,False,23.12.x,0.0,2.565163734515015e+18,,,ZTF24aabhadb
ztf,60319.16232640017,2565162324515015018,2,2565162324515,20.0266,1,2565,2.71649,19.6666,19.7731,0.163549,0.2486,84.9858094,20.2208613,0.75,t17_f5_c3,20.018,0.3996,False,False,False,23.12.x,0.0,2.565164204515015e+18,,,ZTF24aabhadb
ztf,60319.1627894002,2565162784515015022,2,2565162784515,19.9417,1,2565,2.45084,19.833,19.8264,0.192298,0.2724,84.9856982,20.221005,0.63,t17_f5_c3,19.7082,0.3138,False,False,False,23.12.x,0.0,2.565164204515015e+18,,,ZTF24aabhadb
ztf,60319.163263900205,2565163264515015024,2,2565163264515,20.0335,1,2565,2.34107,19.8055,20.1419,0.166063,0.3485,84.9856737,20.2209769,0.604286,t17_f5_c3,20.0542,0.4129,False,False,False,23.12.x,0.0,2.565163734515015e+18,,,ZTF24aabhadb
ztf,60319.16373840021,2565163734515015028,2,2565163734515,20.07738,1,2565,2.1918783,19.808125,19.556,0.17523587,0.2045,84.9855984,20.2210463,0.5257143,t17_f5_c3,19.5024,0.25,True,False,False,23.12.x,0.0,,0.9999809,562120245.0,ZTF24aabhadb
ztf,60319.16420139978,2565164204515015015,2,2565164204515,20.025019,1,2565,1.6423272,19.692558,19.4743,0.1502399,0.1947,84.9854216,20.2210328,0.57857144,t17_f5_c3,19.519,0.2605,True,False,False,23.12.x,0.0,,0.9999888,562120245.0,ZTF24aabhadb
