tid,mjd,candid,fid,pid,diffmaglim,isdiffpos,nid,distnr,magpsf,magap,sigmapsf,sigmagap,ra,dec,rb,rbversion,magapbig,sigmagapbig,has_stamp,corrected,dubious,step_id_corr,phase,parent_candid,drb,rfid,oid
ztf,60319.16373840021,2565163732415015034,2,2565163732415,20.2343,1,2565,1.87992,18.9953,19.1541,0.069898,0.1332,88.2884568,18.1063613,0.952857,t17_f5_c3,19.113,0.1642,False,False,False,23.12.x,0.0,2.565164672415015e+18,,,ZTF24aabhcic
ztf,60319.16420139978,2565164202415015023,2,2565164202415,20.1846,1,2565,2.29014,18.8801,18.9395,0.093329,0.1104,88.2883616,18.1064532,0.94,t17_f5_c3,19.124,0.1671,False,False,False,23.12.x,0.0,2.565165612415015e+18,,,ZTF24aabhcic
ztf,60319.16467589978,2565164672415015051,2,2565164672415,19.950323,1,2565,2.4500282,18.877567,18.9594,0.09723397,0.1372,88.2882924,18.1064732,0.88,t17_f5_c3,18.9156,0.1689,True,False,False,23.12.x,0.0,,0.9999633,562120224.0,ZTF24aabhcic
ztf,60319.1651504999,2565165152415015030,2,2565165152415,19.767384,1,2565,2.766717,18.971766,18.9114,0.10630735,0.1512,88.2881356,18.106484,0.9142857,t17_f5_c3,18.8883,0.1899,True,False,False,23.12.x,0.0,,0.9998134,562120224.0,ZTF24aabhcic
ztf,60319.16561339982,2565165612415015047,2,2565165612415,19.835081,1,2565,3.1599693,18.95372,18.8833,0.09939111,0.1341,88.2880223,18.1065441,0.9,t17_f5_c3,18.8789,0.171,True,False,False,23.12.x,0.0,,0.99976933,562120224.0,ZTF24aabhcic
ztf,60319.16608799994,2565166082415015028,2,2565166082415,20.134785,1,2565,3.4781103,18.991232,19.3131,0.08932815,0.1567,88.28795,18.106601,0.91,t17_f5_c3,19.1833,0.1781,True,False,False,23.12.x,0.0,,0.9999994,562120224.0,ZTF24aabhcic
