tid,mjd,candid,fid,pid,diffmaglim,isdiffpos,nid,distnr,magpsf,magap,sigmapsf,sigmagap,ra,dec,rb,rbversion,magapbig,sigmagapbig,has_stamp,corrected,dubious,step_id_corr,phase,parent_candid,drb,rfid,oid
ztf,60319.17598380009,2565175980415015014,2,2565175980415,20.2357,1,2565,5.57483,19.7851,19.6457,0.150742,0.2079,89.3783469,16.5816616,0.758571,t17_f5_c3,19.5021,0.2348,False,False,False,23.12.x,0.0,2.565176930415015e+18,,,ZTF24aabhigh
ztf,60319.17645830009,2565176450415015015,2,2565176450415,20.3618,1,2565,5.267,19.9151,20.0704,0.176876,0.2851,89.3782509,16.5817236,0.677143,t17_f5_c3,19.8442,0.298,False,False,False,23.12.x,0.0,2.565176930415015e+18,,,ZTF24aabhigh
ztf,60319.17693290021,2565176930415015012,2,2565176930415,20.293177,1,2565,5.0079956,19.971563,20.0535,0.17048761,0.2928,89.3781496,16.5817769,0.6042857,t17_f5_c3,20.2256,0.4409,True,False,False,23.12.x,0.0,,0.999946,562120204.0,ZTF24aabhigh
ztf,60319.17739580013,2565177390415015012,2,2565177390415,20.2765,1,2565,4.90523,20.0241,20.2779,0.166141,0.3639,89.3780275,16.5817925,0.695714,t17_f5_c3,20.1399,0.4122,False,False,False,23.12.x,0.0,2.565178340415015e+18,,,ZTF24aabhigh
ztf,60319.177870399784,2565177870415015018,2,2565177870415,20.2084,1,2565,4.83551,20.017,20.2314,0.14842,0.3595,89.3779265,16.5818054,0.687143,t17_f5_c3,20.3249,0.5036,False,False,False,23.12.x,0.0,2.565178340415015e+18,,,ZTF24aabhigh
ztf,60319.17834489979,2565178340415015015,2,2565178340415,20.159595,1,2565,4.890247,19.838064,19.7462,0.14730956,0.2354,89.3778451,16.581787,0.6942857,t17_f5_c3,19.5941,0.2629,True,False,False,23.12.x,0.0,,0.9997625,562120204.0,ZTF24aabhigh
