tid,mjd,candid,fid,pid,diffmaglim,isdiffpos,nid,distnr,magpsf,magpsf_corr,magap,sigmapsf,sigmapsf_corr,sigmapsf_corr_ext,sigmagap,ra,dec,rb,rbversion,magapbig,sigmagapbig,has_stamp,corrected,dubious,step_id_corr,phase,parent_candid,drb,rfid,oid
ztf,61072.56672450015,3318566720515015019,2,3318566720515,18.5127,1,3318,0.96132,18.2263,16.315084,18.538,0.153681,0.01643677,0.026432242,0.3187,279.5532961,-8.8033076,0.672857,t17_f5_c3,18.5172,0.4011,False,True,False,27.5.7a32.dev1,0.0,3.324565644115015e+18,,,ZTF25abrgprr
ztf,61074.5714004999,3320571400515015026,2,3320571400515,18.360044,1,3320,1.4690175,17.932278,,17.7792,0.13326694,,,0.1636,279.5534639,-8.8033255,0.5542857,t17_f5_c3,17.8656,0.227,True,False,True,27.5.7a32.dev1,0.0,,0.9996495,1429120205.0,ZTF25abrgprr
ztf,61075.565069399774,3321565060515015045,2,3321565060515,18.7808,1,3321,0.97746,18.1842,16.307726,18.1423,0.141823,0.014546493,0.025185866,0.1551,279.5532894,-8.80332,0.631429,t17_f5_c3,18.0681,0.185,False,True,False,27.5.7a32.dev1,0.0,3.324565644115015e+18,,,ZTF25abrgprr
ztf,61075.56952549983,3321569520515015015,2,3321569520515,18.6229,1,3321,0.97953,18.2875,16.325367,18.0144,0.132688,0.0061241006,0.021776019,0.1608,279.5533594,-8.8032246,0.582857,t17_f5_c3,18.0056,0.2044,False,True,False,27.5.7a32.dev1,0.0,3.324565644115015e+18,,,ZTF25abrgprr
ztf,61077.564143499825,3323564144115015016,2,3323564144115,19.1777,1,3323,0.54746,17.5856,16.190386,17.6717,0.106478,0.027384805,0.029456047,0.0952,279.5532654,-8.8031325,0.815714,t17_f5_c3,17.751,0.1315,False,True,False,27.5.7a32.dev1,0.0,3.324565644115015e+18,,,ZTF25abrgprr
ztf,61077.567534700036,3323567534115015015,2,3323567534115,19.117,1,3323,0.564996,18.0101,16.292213,17.9268,0.078716,0.010940145,0.016177388,0.1349,279.5532139,-8.8032229,0.881429,t17_f5_c3,18.0283,0.1893,False,True,False,27.5.7a32.dev1,0.0,3.324565644115015e+18,,,ZTF25abrgprr
ztf,61078.56266199984,3324562664115015048,2,3324562664115,18.9528,1,3324,1.18832,17.7267,16.227621,17.6431,0.083408,0.017708937,0.020968935,0.0808,279.5533525,-8.8033396,0.497143,t17_f5_c3,17.7776,0.1165,False,True,False,27.5.7a32.dev1,0.0,3.324565644115015e+18,,,ZTF25abrgprr
ztf,61078.56564809987,3324565644115015023,2,3324565644115,19.013424,1,3324,0.8591426,18.184605,16.32586,17.8282,0.1296284,0.019910369,0.023399243,0.1017,279.5533503,-8.8031603,0.6642857,t17_f5_c3,17.8218,0.1289,True,True,False,27.5.7a32.dev1,0.0,,0.999925,384120241.0,ZTF25abrgprr
