tid,mjd,candid,fid,pid,diffmaglim,isdiffpos,nid,distnr,magpsf,magap,sigmapsf,sigmagap,ra,dec,rb,rbversion,magapbig,sigmagapbig,has_stamp,corrected,dubious,step_id_corr,phase,parent_candid,drb,rfid,oid
ztf,60319.312615700066,2565312613615015036,2,2565312613615,20.3835,1,2565,8.23587,19.7432,19.5642,0.140243,0.1795,90.2226645,20.1750572,0.732857,t17_f5_c3,19.249,0.1723,False,False,True,23.12.x,0.0,2.565314503615015e+18,,,ZTF24aabjszt
ztf,60319.31309030019,2565313093615015029,2,2565313093615,20.4316,1,2565,8.5141,19.7217,19.6728,0.133513,0.19,90.2225601,20.1750462,0.811429,t17_f5_c3,19.4746,0.203,False,False,True,23.12.x,0.0,2.565314503615015e+18,,,ZTF24aabjszt
ztf,60319.31356480019,2565313563615015036,2,2565313563615,20.333754,1,2565,8.829499,19.629831,19.8552,0.13878678,0.2402,90.2224393,20.175027,0.8,t17_f5_c3,19.6318,0.2511,True,False,True,23.12.x,0.0,,0.9999969,562120236.0,ZTF24aabjszt
ztf,60319.314027800225,2565314023615015057,2,2565314023615,20.267387,1,2565,9.150962,19.643068,19.4774,0.13561927,0.1725,90.2223329,20.1750354,0.70857143,t17_f5_c3,19.3949,0.2049,True,False,True,23.12.x,0.0,,0.999976,562120236.0,ZTF24aabjszt
ztf,60319.31450230023,2565314503615015022,2,2565314503615,20.236895,1,2565,9.264618,19.686724,19.6335,0.14607385,0.2065,90.2222482,20.1749464,0.67142856,t17_f5_c3,19.5622,0.2479,True,False,True,23.12.x,0.0,,0.9998452,562120236.0,ZTF24aabjszt
ztf,60319.314976899885,2565314973615015046,2,2565314973615,20.384466,1,2565,9.671314,19.703203,19.5471,0.17906414,0.1751,90.2221502,20.1750209,0.63714284,t17_f5_c3,19.3928,0.1947,True,False,True,23.12.x,0.0,,0.99815,562120236.0,ZTF24aabjszt
ztf,60319.31545139989,2565315453615015052,2,2565315453615,20.394403,1,2565,10.014651,19.978039,19.9851,0.15769464,0.2578,90.2220182,20.1749845,0.6628571,t17_f5_c3,20.2316,0.4147,True,False,True,23.12.x,0.0,,0.9985631,562120236.0,ZTF24aabjszt
ztf,60319.31592589989,2565315923615015049,2,2565315923615,20.375225,1,2565,10.372323,19.824345,19.4781,0.16372038,0.1651,90.2219059,20.1749974,0.55,t17_f5_c3,19.284,0.177,True,False,True,23.12.x,0.0,,0.9997329,562120236.0,ZTF24aabjszt
ztf,60319.316400500014,2565316403615015036,2,2565316403615,20.30857,1,2565,10.677502,19.721157,19.8183,0.1402159,0.2346,90.2218064,20.1749926,0.79285717,t17_f5_c3,19.7829,0.2913,True,False,True,23.12.x,0.0,,0.9999975,562120236.0,ZTF24aabjszt
