tid,mjd,candid,fid,pid,diffmaglim,isdiffpos,nid,distnr,magpsf,magap,sigmapsf,sigmagap,ra,dec,rb,rbversion,magapbig,sigmagapbig,has_stamp,corrected,dubious,step_id_corr,phase,parent_candid,drb,rfid,oid
ztf,60319.254189800005,2565254183515015009,2,2565254183515,20.1207,1,2565,6.67556,18.9251,18.9788,0.122513,0.1139,91.539699,19.5049919,0.898571,t17_f5_c3,18.9034,0.136,False,False,False,23.12.x,0.0,2.565255603515015e+18,,,ZTF24aabiraq
ztf,60319.25466440013,2565254663515015008,2,2565254663515,20.1017,1,2565,6.03671,19.011,18.9699,0.116494,0.1163,91.5395154,19.5050577,0.818571,t17_f5_c3,18.9171,0.1416,False,False,False,23.12.x,0.0,2.565255603515015e+18,,,ZTF24aabiraq
ztf,60319.25513890013,2565255133515015014,2,2565255133515,20.2135,1,2565,5.83313,19.0571,19.1751,0.115572,0.129,91.5394592,19.5050828,0.921429,t17_f5_c3,19.3611,0.1958,False,False,False,23.12.x,0.0,2.565255603515015e+18,,,ZTF24aabiraq
ztf,60319.255601900164,2565255603515015010,2,2565255603515,20.264746,1,2565,5.338839,18.988737,19.0371,0.09204433,0.1136,91.5393038,19.5051206,0.9657143,t17_f5_c3,18.9907,0.1392,True,False,False,23.12.x,0.0,,0.9999999,562120235.0,ZTF24aabiraq
ztf,60319.25607640017,2565256073515015012,2,2565256073515,20.32983,1,2565,4.992397,18.946047,18.8684,0.08969788,0.0942,91.5391841,19.5051384,0.95,t17_f5_c3,18.8888,0.1224,True,False,False,23.12.x,0.0,,0.9999962,562120235.0,ZTF24aabiraq
ztf,60319.25655090017,2565256553515015014,2,2565256553515,20.22064,1,2565,4.6399565,18.9498,19.0312,0.10334232,0.1141,91.5390466,19.5051431,0.9557143,t17_f5_c3,19.0374,0.1467,True,False,False,23.12.x,0.0,,0.99999344,562120235.0,ZTF24aabiraq
ztf,60319.257013900205,2565257013515015014,2,2565257013515,20.2319,1,2565,4.2225,18.9475,18.9887,0.103415,0.1082,91.5389449,19.5052143,0.941429,t17_f5_c3,18.9593,0.1346,False,False,False,23.12.x,0.0,2.565257483515015e+18,,,ZTF24aabiraq
ztf,60319.25748840021,2565257483515015013,2,2565257483515,20.169136,1,2565,3.8868895,18.964876,18.9814,0.11199134,0.1104,91.5388497,19.5052584,0.9071429,t17_f5_c3,18.7646,0.1157,True,False,False,23.12.x,0.0,,0.99999154,562120235.0,ZTF24aabiraq
