tid,mjd,candid,fid,pid,diffmaglim,isdiffpos,nid,distnr,magpsf,magap,sigmapsf,sigmagap,ra,dec,rb,rbversion,magapbig,sigmagapbig,has_stamp,corrected,dubious,step_id_corr,phase,parent_candid,drb,rfid,oid
ztf,60317.43435190013,2563434353315015029,2,2563434353315,19.8847,1,2563,4.7738,19.2213,19.4837,0.130421,0.2092,98.4563302,20.1042647,0.604286,t17_f5_c3,19.8,0.3583,False,False,False,23.12.x,0.0,2.563435763315015e+18,,,ZTF24aabbcig
ztf,60317.43481480004,2563434813315015032,2,2563434813315,19.8725,1,2563,4.56512,19.0997,19.0379,0.109876,0.1397,98.4562213,20.1042533,0.658571,t17_f5_c3,18.989,0.171,False,False,False,23.12.x,0.0,2.563436223315015e+18,,,ZTF24aabbcig
ztf,60317.435289400164,2563435283315015042,2,2563435283315,19.8743,1,2563,4.21292,19.3035,19.1747,0.137765,0.1603,98.4561007,20.10429,0.498571,t17_f5_c3,19.0885,0.1896,False,False,False,23.12.x,0.0,2.563436703315015e+18,,,ZTF24aabbcig
ztf,60317.43576390017,2563435763315015037,2,2563435763315,19.8908,1,2563,3.68248,19.2202,19.1777,0.12846,0.1595,98.4559789,20.1043916,0.672857,t17_f5_c3,19.1455,0.1982,False,False,False,23.12.x,0.0,2.563436703315015e+18,,,ZTF24aabbcig
ztf,60317.4362269002,2563436223315015039,2,2563436223315,19.842909,1,2563,3.4482758,19.280016,19.5329,0.14660047,0.2262,98.455852,20.1043739,0.68142855,t17_f5_c3,19.7454,0.3524,True,False,False,23.12.x,0.0,,0.99999845,563120233.0,ZTF24aabbcig
ztf,60317.436701400205,2563436703315015030,2,2563436703315,19.83568,1,2563,3.0141737,19.220362,19.1588,0.12897174,0.16,98.4557259,20.1043435,0.7228571,t17_f5_c3,19.1809,0.2091,True,False,False,23.12.x,0.0,,1.0,563120233.0,ZTF24aabbcig
ztf,60317.43716439977,2563437163315015032,2,2563437163315,19.8061,1,2563,2.7994,19.1931,19.3414,0.113141,0.1914,98.4556439,20.1043952,0.685714,t17_f5_c3,19.2298,0.2214,False,False,False,23.12.x,0.0,2.563437633315015e+18,,,ZTF24aabbcig
ztf,60317.43763889978,2563437633315015031,2,2563437633315,19.875744,1,2563,2.273168,19.197319,19.2141,0.114980996,0.1669,98.4554726,20.1044058,0.7128571,t17_f5_c3,19.1743,0.206,True,False,False,23.12.x,0.0,,0.99998957,563120233.0,ZTF24aabbcig
