tid,mjd,candid,fid,pid,diffmaglim,isdiffpos,nid,distnr,magpsf,magap,sigmapsf,sigmagap,ra,dec,rb,rbversion,magapbig,sigmagapbig,has_stamp,corrected,dubious,step_id_corr,phase,parent_candid,drb,rfid,oid
ztf,60319.278680600226,2565278685515015017,2,2565278685515,20.2498,1,2565,10.419,17.3687,17.4577,0.041088,0.028,89.9621861,21.0353734,0.951429,t17_f5_c3,17.4294,0.0342,False,False,True,23.12.x,0.0,2.565280105515015e+18,,,ZTF24aabjbib
ztf,60319.27915510023,2565279155515015020,2,2565279155515,20.2276,1,2565,10.7419,17.3692,17.3378,0.037776,0.0257,89.9620846,21.0353391,0.937143,t17_f5_c3,17.3432,0.0323,False,False,True,23.12.x,0.0,2.565280575515015e+18,,,ZTF24aabjbib
ztf,60319.27962959977,2565279625515015020,2,2565279625515,20.2469,1,2565,11.0625,17.3954,17.3929,0.041003,0.0272,89.9619821,21.0352909,0.948571,t17_f5_c3,17.3806,0.0336,False,False,True,23.12.x,0.0,2.565281045515015e+18,,,ZTF24aabjbib
ztf,60319.28010419989,2565280105515015014,2,2565280105515,20.315512,1,2565,11.479609,17.363634,17.3963,0.042479385,0.0267,89.961852,21.0352522,0.95714283,t17_f5_c3,17.3522,0.0321,True,False,True,23.12.x,0.0,,0.99999994,562120255.0,ZTF24aabjbib
ztf,60319.280578699894,2565280575515015015,2,2565280575515,20.251244,1,2565,11.834548,17.366575,17.3697,0.045407485,0.0266,89.9617427,21.0352025,0.9357143,t17_f5_c3,17.3463,0.0326,True,False,True,23.12.x,0.0,,0.99999964,562120255.0,ZTF24aabjbib
ztf,60319.28104169993,2565281045515015022,2,2565281045515,20.378044,1,2565,12.167859,17.393938,17.4372,0.036825955,0.0267,89.9616376,21.0351768,0.96,t17_f5_c3,17.4408,0.0335,True,False,True,23.12.x,0.0,,0.9999989,562120255.0,ZTF24aabjbib
ztf,60319.28151619993,2565281515515015022,2,2565281515515,20.35988,1,2565,11.926906,17.378975,17.3927,0.037619174,0.0258,89.9615265,21.0351366,0.94714284,t17_f5_c3,17.3717,0.0316,True,False,True,23.12.x,0.0,,0.9999992,562120255.0,ZTF24aabjbib
ztf,60319.281979199965,2565281975515015017,2,2565281975515,20.399395,1,2565,11.684224,17.385126,17.3755,0.035999756,0.025,89.9614205,21.0351012,0.9442857,t17_f5_c3,17.3723,0.0311,True,False,True,23.12.x,0.0,,0.99999976,562120255.0,ZTF24aabjbib
