tid,mjd,candid,fid,pid,diffmaglim,isdiffpos,nid,distnr,magpsf,magap,sigmapsf,sigmagap,ra,dec,rb,rbversion,magapbig,sigmagapbig,has_stamp,corrected,dubious,step_id_corr,phase,parent_candid,drb,rfid,oid
ztf,60319.294722199906,2565294724215015018,2,2565294724215,20.2473,1,2565,4.18261,19.445,19.6518,0.115,0.216,86.9854698,19.3257827,0.79,t17_f5_c3,19.7043,0.2904,False,False,True,23.12.x,0.0,2.565296604215015e+18,,,ZTF24aabjjwq
ztf,60319.29519680003,2565295194215015021,2,2565295194215,20.1791,1,2565,4.31186,19.3344,19.5665,0.13023,0.1943,86.9854218,19.3258549,0.755714,t17_f5_c3,19.5803,0.252,False,False,True,23.12.x,0.0,2.565296604215015e+18,,,ZTF24aabjjwq
ztf,60319.29565969994,2565295654215015020,2,2565295654215,20.1685,1,2565,4.90964,19.4329,19.4095,0.105474,0.1672,86.9852429,19.3258872,0.821429,t17_f5_c3,19.2663,0.1877,False,False,True,23.12.x,0.0,2.565297084215015e+18,,,ZTF24aabjjwq
ztf,60319.296134300064,2565296134215015021,2,2565296134215,20.1468,1,2565,5.15187,19.3703,19.4126,0.10481,0.1694,86.9851663,19.3259443,0.821429,t17_f5_c3,19.1807,0.1754,False,False,True,23.12.x,0.0,2.565297084215015e+18,,,ZTF24aabjjwq
ztf,60319.29660880007,2565296604215015019,2,2565296604215,20.148603,1,2565,5.3515697,19.457659,19.6235,0.12660083,0.2034,86.985109,19.3259468,0.64285713,t17_f5_c3,19.5701,0.2481,True,False,True,23.12.x,0.0,,0.9998981,562120242.0,ZTF24aabjjwq
ztf,60319.29708330007,2565297084215015019,2,2565297084215,20.121449,1,2565,5.6783676,19.374966,19.5829,0.111700416,0.198,86.9850144,19.3260553,0.7171429,t17_f5_c3,19.65,0.2699,True,False,True,23.12.x,0.0,,0.9999635,562120242.0,ZTF24aabjjwq
ztf,60319.297557900194,2565297554215015022,2,2565297554215,20.189808,1,2565,5.986856,19.372986,19.3692,0.10903673,0.1624,86.9849231,19.326082,0.65,t17_f5_c3,19.2069,0.1792,True,False,True,23.12.x,0.0,,0.999905,562120242.0,ZTF24aabjjwq
ztf,60319.29802080011,2565298024215015016,2,2565298024215,20.127235,1,2565,6.6298428,19.43029,19.3216,0.14750575,0.1628,86.9847325,19.3260779,0.7171429,t17_f5_c3,19.2575,0.1967,True,False,True,23.12.x,0.0,,0.99999833,562120242.0,ZTF24aabjjwq
