tid,mjd,candid,fid,pid,diffmaglim,isdiffpos,nid,distnr,magpsf,magap,sigmapsf,sigmagap,ra,dec,rb,rbversion,magapbig,sigmagapbig,has_stamp,corrected,dubious,step_id_corr,phase,parent_candid,drb,rfid,oid
ztf,60319.290960600134,2565290960415015013,2,2565290960415,20.4724,1,2565,9.75581,18.5653,18.523,0.055531,0.0644,90.2181454,16.5580096,0.96,t17_f5_c3,18.443,0.0761,False,False,True,23.12.x,0.0,2.565292370415015e+18,,,ZTF24aabjjka
ztf,60319.29142360017,2565291420415015017,2,2565291420415,20.4848,1,2565,9.80684,18.634,18.7095,0.055359,0.0756,90.218037,16.5579771,0.957143,t17_f5_c3,18.6669,0.0924,False,False,True,23.12.x,0.0,2.565292370415015e+18,,,ZTF24aabjjka
ztf,60319.29189810017,2565291890415015019,2,2565291890415,20.4327,1,2565,9.89976,18.578,18.5081,0.058723,0.0651,90.2179451,16.5579594,0.952857,t17_f5_c3,18.4418,0.0779,False,False,True,23.12.x,0.0,2.565292370415015e+18,,,ZTF24aabjjka
ztf,60319.29237269983,2565292370415015015,2,2565292370415,20.430962,1,2565,9.98873,18.61601,18.598,0.0685296,0.071,90.2178379,16.5579317,0.9514286,t17_f5_c3,18.5419,0.0858,True,False,True,23.12.x,0.0,,0.99999976,562120204.0,ZTF24aabjjka
ztf,60319.29283560021,2565292830415015014,2,2565292830415,20.465422,1,2565,10.107467,18.598995,18.5861,0.06565744,0.0687,90.2177202,16.5578985,0.95857143,t17_f5_c3,18.6156,0.0896,True,False,True,23.12.x,0.0,,0.9999999,562120204.0,ZTF24aabjjka
ztf,60319.293310199864,2565293310415015018,2,2565293310415,20.45046,1,2565,10.225822,18.58103,18.583,0.06866986,0.0688,90.217614,16.5578711,0.95,t17_f5_c3,18.4582,0.078,True,False,True,23.12.x,0.0,,0.99992883,562120204.0,ZTF24aabjjka
ztf,60319.29378469987,2565293780415015014,2,2565293780415,20.406975,1,2565,10.370204,18.616789,18.5718,0.071387276,0.0698,90.2175026,16.5578434,0.9557143,t17_f5_c3,18.5068,0.0837,True,False,True,23.12.x,0.0,,0.99999976,562120204.0,ZTF24aabjjka
ztf,60319.2942476999,2565294240415015018,2,2565294240415,20.268099,1,2565,10.540763,18.634075,18.6942,0.07485087,0.084,90.2173915,16.5578224,0.94857144,t17_f5_c3,18.6614,0.1039,True,False,True,23.12.x,0.0,,0.99999917,562120204.0,ZTF24aabjjka
