tid,mjd,candid,fid,pid,diffmaglim,isdiffpos,nid,distnr,magpsf,magap,sigmapsf,sigmagap,ra,dec,rb,rbversion,magapbig,sigmagapbig,has_stamp,corrected,dubious,step_id_corr,phase,parent_candid,drb,rfid,oid
ztf,60319.36115740007,2565361153115015020,2,2565361153115,20.2487,1,2565,11.9004,19.409,19.2048,0.108237,0.142,86.2045385,17.5845225,0.767143,t17_f5_c3,19.1275,0.1693,False,False,True,23.12.x,0.0,2.565363043115015e+18,,,ZTF24aabkuca
ztf,60319.36163190007,2565361633115015020,2,2565361633115,20.2519,1,2565,11.8036,19.2777,19.2138,0.093504,0.1435,86.2044445,17.5845465,0.895714,t17_f5_c3,19.4319,0.2242,False,False,True,23.12.x,0.0,2.565363043115015e+18,,,ZTF24aabkuca
ztf,60319.36210650019,2565362103115015020,2,2565362103115,20.1918,1,2565,11.6891,19.3998,19.3384,0.157864,0.1671,86.204345,17.58456,0.768571,t17_f5_c3,19.1847,0.1859,False,False,True,23.12.x,0.0,2.565363043115015e+18,,,ZTF24aabkuca
ztf,60319.3625810002,2565362583115015017,2,2565362583115,20.0529,1,2565,11.4915,19.3265,19.1912,0.130579,0.1459,86.2042193,17.584554,0.688571,t17_f5_c3,19.1201,0.1751,False,False,True,23.12.x,0.0,2.565363043115015e+18,,,ZTF24aabkuca
ztf,60319.36304400023,2565363043115015012,2,2565363043115,19.98199,1,2565,11.385738,19.318392,19.1081,0.1291346,0.1365,86.2041656,17.5845525,0.6542857,t17_f5_c3,19.07,0.1686,True,False,True,23.12.x,0.0,,0.9999878,562120231.0,ZTF24aabkuca
ztf,60319.36351849977,2565363513115015017,2,2565363513115,20.044662,1,2565,11.2623,19.478941,19.5724,0.15945297,0.2095,86.204015,17.5845767,0.7557143,t17_f5_c3,19.3541,0.2196,True,False,True,23.12.x,0.0,,0.9999852,562120231.0,ZTF24aabkuca
ztf,60319.36399309989,2565363993115015015,2,2565363993115,20.046194,1,2565,11.000189,19.42251,19.8525,0.15395014,0.2696,86.203952,17.5845219,0.72,t17_f5_c3,20.0811,0.4266,True,False,True,23.12.x,0.0,,0.9999938,562120231.0,ZTF24aabkuca
ztf,60319.36445599981,2565364453115015011,2,2565364453115,19.990553,1,2565,10.770887,19.3437,19.353,0.1275824,0.1725,86.203801,17.584505,0.67142856,t17_f5_c3,19.2054,0.193,True,False,True,23.12.x,0.0,,0.99999857,562120231.0,ZTF24aabkuca
