tid,mjd,candid,fid,pid,diffmaglim,isdiffpos,nid,distnr,magpsf,magap,sigmapsf,sigmagap,ra,dec,rb,rbversion,magapbig,sigmagapbig,has_stamp,corrected,dubious,step_id_corr,phase,parent_candid,drb,rfid,oid
ztf,60319.26737269992,2565267373415015028,2,2565267373415,20.3365,1,2565,17.4544,18.8374,18.9733,0.081701,0.1037,90.8517432,19.199406,0.96,t17_f5_c3,18.8248,0.1157,False,False,True,23.12.x,0.0,2.565268793415015e+18,,,ZTF24aabiusw
ztf,60319.267847199924,2565267843415015027,2,2565267843415,20.2846,1,2565,17.1552,18.7634,18.7606,0.074162,0.0873,90.851643,19.1993684,0.964286,t17_f5_c3,18.7312,0.1084,False,False,True,23.12.x,0.0,2.565268793415015e+18,,,ZTF24aabiusw
ztf,60319.268321800046,2565268323415015032,2,2565268323415,20.407,1,2565,16.7375,18.7877,18.7447,0.070058,0.0804,90.8515022,19.1993135,0.958571,t17_f5_c3,18.661,0.0949,False,False,True,23.12.x,0.0,2.565268793415015e+18,,,ZTF24aabiusw
ztf,60319.26879630005,2565268793415015023,2,2565268793415,20.252796,1,2565,16.411043,18.780499,18.8987,0.081082016,0.0991,90.8513759,19.1992824,0.95857143,t17_f5_c3,18.7556,0.1109,True,False,True,23.12.x,0.0,,0.99993896,562120234.0,ZTF24aabiusw
ztf,60319.26925930008,2565269253415015048,2,2565269253415,20.225721,1,2565,16.100212,18.681244,18.6597,0.094534256,0.08,90.8512639,19.1992444,0.93857145,t17_f5_c3,18.7341,0.1092,True,False,True,23.12.x,0.0,,0.9999882,562120234.0,ZTF24aabiusw
ztf,60319.26973380009,2565269733415015021,2,2565269733415,20.282064,1,2565,15.747583,18.781874,18.8327,0.07998078,0.0946,90.8511615,19.1991881,0.9614286,t17_f5_c3,18.8582,0.1235,True,False,True,23.12.x,0.0,,0.99998105,562120234.0,ZTF24aabiusw
ztf,60319.27020830009,2565270203415015023,2,2565270203415,20.3452,1,2565,15.5575,18.7514,18.7247,0.071097,0.0818,90.8510309,19.199194,0.971429,t17_f5_c3,18.6368,0.0963,False,False,True,23.12.x,0.0,2.565270683415015e+18,,,ZTF24aabiusw
ztf,60319.27068290021,2565270683415015026,2,2565270683415,20.372047,1,2565,15.258401,18.755405,18.7444,0.06878092,0.0825,90.8509256,19.1991549,0.9714286,t17_f5_c3,18.724,0.1032,True,False,True,23.12.x,0.0,,0.99999976,562120234.0,ZTF24aabiusw
