tid,mjd,candid,fid,pid,diffmaglim,isdiffpos,nid,distnr,magpsf,magap,sigmapsf,sigmagap,ra,dec,rb,rbversion,magapbig,sigmagapbig,has_stamp,corrected,dubious,step_id_corr,phase,parent_candid,drb,rfid,oid
ztf,60319.309803199954,2565309803015015022,2,2565309803015,20.2433,1,2565,8.56711,19.0534,19.2191,0.092362,0.1363,84.96337,17.1473057,0.942857,t17_f5_c3,19.3665,0.1998,False,False,True,23.12.x,0.0,2.565311213015015e+18,,,ZTF24aabjssb
ztf,60319.31026619999,2565310263015015028,2,2565310263015,20.2672,1,2565,8.20285,19.0822,19.1528,0.095932,0.127,84.9632668,17.1473355,0.954286,t17_f5_c3,19.203,0.1702,False,False,True,23.12.x,0.0,2.565311213015015e+18,,,ZTF24aabjssb
ztf,60319.31074069999,2565310743015015028,2,2565310743015,20.3121,1,2565,7.76827,19.0968,19.1154,0.100586,0.1211,84.9631352,17.1473361,0.952857,t17_f5_c3,19.1699,0.1629,False,False,True,23.12.x,0.0,2.565311213015015e+18,,,ZTF24aabjssb
ztf,60319.31121530011,2565311213015015028,2,2565311213015,20.294827,1,2565,7.4826226,19.062567,19.0002,0.09563211,0.1102,84.963047,17.147335,0.9514286,t17_f5_c3,18.9674,0.1367,True,False,True,23.12.x,0.0,,0.9997525,562120230.0,ZTF24aabjssb
ztf,60319.31167820003,2565311673015015017,2,2565311673015,20.261826,1,2565,7.0454345,19.108261,19.2505,0.10750316,0.1396,84.9629197,17.1473572,0.9442857,t17_f5_c3,19.1643,0.1654,True,False,True,23.12.x,0.0,,0.9997765,562120230.0,ZTF24aabjssb
ztf,60319.31215280015,2565312153015015024,2,2565312153015,20.191517,1,2565,6.8616343,19.11959,19.1214,0.10324714,0.1277,84.9628505,17.1473258,0.95,t17_f5_c3,19.1168,0.163,True,False,True,23.12.x,0.0,,0.9999832,562120230.0,ZTF24aabjssb
ztf,60319.312615700066,2565312613015015031,2,2565312613015,20.402569,1,2565,6.622519,19.073835,19.0218,0.11293692,0.1064,84.9627675,17.1473045,0.94714284,t17_f5_c3,19.0527,0.1399,True,False,True,23.12.x,0.0,,0.99918187,562120230.0,ZTF24aabjssb
ztf,60319.31309030019,2565313093015015026,2,2565313093015,20.360704,1,2565,6.288071,19.165047,19.2241,0.11698778,0.1304,84.9626653,17.1473117,0.93714285,t17_f5_c3,19.2264,0.1674,True,False,True,23.12.x,0.0,,0.9993421,562120230.0,ZTF24aabjssb
ztf,60319.31356480019,2565313563015015023,2,2565313563015,20.363422,1,2565,5.8942747,19.139614,19.1857,0.101273276,0.1256,84.962555,17.1473488,0.9557143,t17_f5_c3,19.1863,0.1608,True,False,True,23.12.x,0.0,,0.9999976,562120230.0,ZTF24aabjssb
