tid,mjd,candid,fid,pid,diffmaglim,isdiffpos,nid,distnr,magpsf,magpsf_corr,magap,sigmapsf,sigmapsf_corr,sigmapsf_corr_ext,sigmagap,ra,dec,rb,rbversion,drb,magapbig,sigmagapbig,rfid,has_stamp,corrected,dubious,step_id_corr,phase,parent_candid,oid
ztf,59228.46270829998,1474462703015010005,2,1474462703015,20.331482,-1,1474,0.18547511,20.091496,20.492466,20.066,0.20722158,0.29004058,0.29979423,0.2969,141.2561497,3.4404114,0.94,t17_f5_c3,0.99998724,20.1782,0.4225,467120230.0,True,True,False,bulk_1.0.0,0.0,0.0,ZTF21aaejhha
ztf,60352.35930560017,2598359303015010007,2,2598359303015,20.426388,-1,2598,0.10658103,20.079275,20.510393,20.3146,0.2003028,0.287792,0.29794362,0.3575,141.256223,3.4404123,0.93857145,t17_f5_c3,0.9999957,20.0901,0.3727,467120230.0,True,True,False,23.12.x,0.0,,ZTF21aaejhha
ztf,60684.360729199834,2930360723015010009,2,2930360723015,19.955,-1,2930,0.436789,20.0536,20.549744,20.2377,0.273393,0.42429385,0.43176204,0.456,141.2561975,3.4403033,0.698571,t17_f5_c3,,19.883,0.4224,,False,True,False,26.0.1,0.0,2.95530839301501e+18,ZTF21aaejhha
ztf,60699.33210649993,2945332103015010003,2,2945332103015,20.0609,-1,2945,0.270234,20.5943,20.026304,20.6764,0.345774,0.19888817,0.20492469,0.5366,141.256232,3.4403584,0.831429,t17_f5_c3,,20.5802,0.6301,,False,True,False,26.0.1,0.0,2.95530839301501e+18,ZTF21aaejhha
ztf,60708.40548609989,2954405483015010017,2,2954405483015,21.151304,-1,2954,0.29604533,20.91224,19.874138,20.9624,0.17411895,0.05135702,0.066927604,0.3229,141.2561434,3.4403668,0.68714285,t17_f5_c3,0.99995804,21.2951,0.5627,467120230.0,True,True,False,26.0.1,0.0,,ZTF21aaejhha
ztf,60709.28622689983,2955286223015010014,2,2955286223015,21.10589,-1,2955,0.28864852,20.814892,19.914007,20.8908,0.19407986,0.071996495,0.084649935,0.314,141.2561581,3.4403603,0.7228571,t17_f5_c3,0.99890304,20.7361,0.3497,467120230.0,True,True,False,26.0.1,0.0,,ZTF21aaejhha
ztf,60709.30839119991,2955308393015010020,2,2955308393015,20.992392,-1,2955,0.30300388,20.641054,19.999516,20.5442,0.15658703,0.07211683,0.08672425,0.2519,141.2561596,3.4403542,0.68857145,t17_f5_c3,0.99174786,20.4216,0.289,467120230.0,True,True,False,26.0.1,0.0,,ZTF21aaejhha
ztf,61094.37300929986,3340373003015010000,3,3340373003015,19.931751,-1,3340,0.27098292,20.043903,19.000732,20.1748,0.20701063,0.055310905,0.07919982,0.4752,141.2562452,3.4403683,0.89857143,t17_f5_c3,0.67384523,20.6311,0.9268,467120330.0,True,True,False,27.5.7a32.dev1,0.0,,ZTF21aaejhha
