tid,mjd,candid,fid,pid,diffmaglim,isdiffpos,nid,distnr,magpsf,magpsf_corr,magap,sigmapsf,sigmapsf_corr,sigmapsf_corr_ext,sigmagap,ra,dec,rb,rbversion,drb,magapbig,sigmagapbig,rfid,has_stamp,corrected,dubious,step_id_corr,phase,parent_candid,oid
ztf,61085.55681709992,3331556813215015005,2,3331556813215,20.004776,1,3331,0.37340447,18.300611,16.62107,18.3146,0.09964709,0.009656233,0.021215245,0.0883,271.4036491,-11.6632887,0.75857145,t17_f5_c3,0.9999993,18.3409,0.1138,1375120232.0,True,True,False,27.5.7a32.dev1,0.0,,ZTF20abboswh
ztf,61093.56865740009,3339568653215015004,2,3339568653215,18.697777,1,3339,0.30035436,18.341156,16.629576,18.4063,0.13908735,0.021544171,0.028751181,0.277,271.4036331,-11.6632672,0.67285717,t17_f5_c3,0.9999994,18.5352,0.3997,1375120232.0,True,True,False,27.5.7a32.dev1,0.0,,ZTF20abboswh
ztf,61096.546157400124,3342546153215015002,2,3342546153215,18.890425,1,3342,0.12210845,18.372189,16.63592,18.1902,0.19164129,0.033657327,0.038724083,0.1894,271.4035826,-11.6632579,0.6842857,t17_f5_c3,0.9999995,18.2891,0.2648,1375120232.0,True,True,False,27.5.7a32.dev1,0.0,,ZTF20abboswh
ztf,61099.54306709999,3345543063215015005,2,3345543063215,19.800455,1,3345,0.25530213,18.501125,16.660767,18.4899,0.120493256,0.010269184,0.022121746,0.114,271.4036208,-11.6632405,0.82857144,t17_f5_c3,0.9999995,18.5118,0.1471,1375120232.0,True,True,False,27.5.7a32.dev1,0.0,,ZTF20abboswh
ztf,61099.54306709999,3345543063215025005,2,3345543063215,19.8005,1,3345,0.255302,18.5011,16.660763,18.4899,0.120493,0.010270128,0.022122113,0.114,271.4036208,-11.6632405,0.828571,t17_f5_c3,,18.5118,0.1471,,False,True,False,27.5.7a32.dev1,0.0,3.351536433215015e+18,ZTF20abboswh
ztf,61100.541840299964,3346541843215015005,2,3346541843215,19.653362,1,3346,0.14227833,18.637024,16.684475,18.5951,0.1164987,100.0,0.01928865,0.1463,271.4035867,-11.6632485,0.7814286,t17_f5_c3,0.9999999,18.496,0.1698,1375120232.0,True,True,False,27.5.7a32.dev1,0.0,,ZTF20abboswh
ztf,61105.5364351999,3351536433215015003,2,3351536433215,19.615843,1,3351,0.26535213,18.942196,16.72944,18.9823,0.19950125,0.015489006,0.025992248,0.2144,271.403594,-11.6631942,0.69285715,t17_f5_c3,0.9999987,18.9141,0.2562,1375120232.0,True,True,False,27.5.7a32.dev1,0.0,,ZTF20abboswh
