tid,mjd,candid,fid,pid,diffmaglim,isdiffpos,nid,distnr,magpsf,magap,sigmapsf,sigmagap,ra,dec,rb,rbversion,magapbig,sigmagapbig,has_stamp,corrected,dubious,step_id_corr,phase,parent_candid,drb,rfid,oid
ztf,60319.26078699995,2565260780815015032,2,2565260780815,20.4113,1,2565,12.7032,18.8894,19.0383,0.071032,0.1063,87.7090626,16.326526,0.881429,t17_f5_c3,19.1635,0.1521,False,False,True,23.12.x,0.0,2.565262190815015e+18,,,ZTF24aabisrc
ztf,60319.26126160007,2565261260815015039,2,2565261260815,20.4602,1,2565,12.4836,18.8968,18.7505,0.082849,0.0795,87.7089585,16.3265695,0.83,t17_f5_c3,18.7608,0.1023,False,False,True,23.12.x,0.0,2.565262670815015e+18,,,ZTF24aabisrc
ztf,60319.261724499986,2565261720815015024,2,2565261720815,20.4108,1,2565,12.2332,18.8897,18.9393,0.103609,0.0971,87.7088471,16.3266051,0.865714,t17_f5_c3,18.9217,0.122,False,False,True,23.12.x,0.0,2.565262670815015e+18,,,ZTF24aabisrc
ztf,60319.26219910011,2565262190815015020,2,2565262190815,20.370771,1,2565,11.899338,18.894766,18.6428,0.074977174,0.0766,87.7087249,16.3266118,0.74285716,t17_f5_c3,18.6571,0.099,True,False,True,23.12.x,0.0,,0.9999991,562120208.0,ZTF24aabisrc
ztf,60319.26267360011,2565262670815015036,2,2565262670815,20.426865,1,2565,11.793607,18.910656,18.8363,0.0815049,0.088,87.7086279,16.3266875,0.87142855,t17_f5_c3,18.835,0.1124,True,False,True,23.12.x,0.0,,0.9999962,562120208.0,ZTF24aabisrc
ztf,60319.263136600144,2565263130815015024,2,2565263130815,20.466043,1,2565,11.532193,18.983006,18.8426,0.08116417,0.0862,87.708507,16.3267168,0.8242857,t17_f5_c3,18.8152,0.1075,True,False,True,23.12.x,0.0,,0.99950814,562120208.0,ZTF24aabisrc
