tid,mjd,candid,fid,pid,diffmaglim,isdiffpos,nid,distnr,magpsf,magap,sigmapsf,sigmagap,ra,dec,rb,rbversion,magapbig,sigmagapbig,has_stamp,corrected,dubious,step_id_corr,phase,parent_candid,drb,rfid,oid
ztf,60319.13216440007,2565132161715015022,2,2565132161715,19.3935,1,2565,3.59056,17.3664,17.3616,0.058411,0.0461,91.241805,18.4588283,0.852857,t17_f5_c3,17.3072,0.0558,False,False,False,23.12.x,0.0,2.565133571715015e+18,,,ZTF24aabghvt
ztf,60319.132638900075,2565132631715015006,2,2565132631715,19.3401,1,2565,3.45374,17.3321,17.2806,0.055803,0.0437,91.2416656,18.4588668,0.872857,t17_f5_c3,17.2505,0.0541,False,False,False,23.12.x,0.0,2.565133571715015e+18,,,ZTF24aabghvt
ztf,60319.13310190011,2565133101715015008,2,2565133101715,19.7753,1,2565,3.45485,17.3457,17.3255,0.048215,0.0343,91.2415629,18.4589153,0.931429,t17_f5_c3,17.3183,0.0432,False,False,False,23.12.x,0.0,2.565134511715015e+18,,,ZTF24aabghvt
ztf,60319.13357640011,2565133571715015005,2,2565133571715,19.779558,1,2565,3.396986,17.333925,17.3433,0.050020345,0.035,91.2414538,18.4589348,0.93714285,t17_f5_c3,17.3143,0.0432,True,False,False,23.12.x,0.0,,1.0,562120217.0,ZTF24aabghvt
ztf,60319.13405090012,2565134051715015011,2,2565134051715,19.717848,1,2565,3.4346302,17.347492,17.347,0.049735315,0.0378,91.2413354,18.4589712,0.94,t17_f5_c3,17.3389,0.0475,True,False,False,23.12.x,0.0,,0.9999999,562120217.0,ZTF24aabghvt
ztf,60319.13451390015,2565134511715015013,2,2565134511715,19.58959,1,2565,3.5169346,17.33352,17.3204,0.04878447,0.0381,91.2412321,18.4590038,0.89285713,t17_f5_c3,17.3189,0.0482,True,False,False,23.12.x,0.0,,0.999998,562120217.0,ZTF24aabghvt
ztf,60319.134988400154,2565134981715015008,2,2565134981715,19.325293,1,2565,3.5963824,17.34657,17.3036,0.047908552,0.052,91.2411253,18.4590262,0.95428574,t17_f5_c3,17.3072,0.0664,True,False,False,23.12.x,0.0,,1.0,562120217.0,ZTF24aabghvt
