tid,mjd,candid,fid,pid,diffmaglim,isdiffpos,nid,distnr,magpsf,magap,sigmapsf,sigmagap,ra,dec,rb,rbversion,magapbig,sigmagapbig,has_stamp,corrected,dubious,step_id_corr,phase,parent_candid,drb,rfid,oid
ztf,60317.472025500145,2563472025215015053,2,2563472025215,19.4366,1,2563,15.1658,17.282,17.2892,0.051472,0.0371,96.7782124,21.9369978,0.675714,t17_f5_c3,17.2606,0.0458,False,False,True,23.12.x,0.0,2.563473435215015e+18,,,ZTF24aabbvey
ztf,60317.47250000015,2563472505215015050,2,2563472505215,19.2986,1,2563,14.7899,17.266,17.3344,0.057425,0.0405,96.7781044,21.9370471,0.605714,t17_f5_c3,17.3073,0.0502,False,False,True,23.12.x,0.0,2.563473915215015e+18,,,ZTF24aabbvey
ztf,60317.47296300018,2563472965215015033,2,2563472965215,19.3064,1,2563,14.3855,17.2585,17.3779,0.060031,0.0452,96.7779847,21.9370836,0.721429,t17_f5_c3,17.3963,0.0583,False,False,True,23.12.x,0.0,2.563474385215015e+18,,,ZTF24aabbvey
ztf,60317.473437500186,2563473435215015049,2,2563473435215,19.400602,1,2563,13.941682,17.28096,17.2985,0.06212524,0.0392,96.7778451,21.9371145,0.69,t17_f5_c3,17.2896,0.0493,True,False,True,23.12.x,0.0,,0.99999285,563120252.0,ZTF24aabbvey
ztf,60317.47391200019,2563473915215015044,2,2563473915215,19.308388,1,2563,13.593491,17.327412,17.3233,0.052622553,0.0405,96.7777494,21.9371982,0.6542857,t17_f5_c3,17.3316,0.0517,True,False,True,23.12.x,0.0,,0.99988,563120252.0,ZTF24aabbvey
ztf,60317.474386599846,2563474385215015035,2,2563474385215,19.354023,1,2563,13.085351,17.265738,17.3347,0.06335395,0.0389,96.7775925,21.9371876,0.67285717,t17_f5_c3,17.295,0.0476,True,False,True,23.12.x,0.0,,0.999978,563120252.0,ZTF24aabbvey
ztf,60317.47484950023,2563474845215015017,2,2563474845215,19.122215,1,2563,12.596312,17.211258,17.2702,0.061826292,0.0392,96.7774508,21.9372091,0.5271429,t17_f5_c3,17.2433,0.0485,True,False,True,23.12.x,0.0,,0.99988616,563120252.0,ZTF24aabbvey
ztf,60317.47532409988,2563475325215015024,2,2563475325215,19.17679,1,2563,12.274668,17.245968,17.2915,0.06108476,0.0382,96.7773532,21.9372287,0.5642857,t17_f5_c3,17.2531,0.0468,True,False,True,23.12.x,0.0,,0.99989986,563120252.0,ZTF24aabbvey
ztf,60317.47579859989,2563475795215015016,2,2563475795215,19.05862,1,2563,11.8745985,17.239746,17.2806,0.06973225,0.0411,96.7772308,21.9373004,0.46285716,t17_f5_c3,17.1996,0.0485,True,False,True,23.12.x,0.0,,0.99960923,563120252.0,ZTF24aabbvey
