tid,mjd,candid,fid,pid,diffmaglim,isdiffpos,nid,distnr,magpsf,magap,sigmapsf,sigmagap,ra,dec,rb,rbversion,magapbig,sigmagapbig,has_stamp,corrected,dubious,step_id_corr,phase,parent_candid,drb,rfid,oid
ztf,60317.18418980017,2563184184315015017,2,2563184184315,19.9944,1,2563,8.70421,18.2813,18.3202,0.065842,0.0681,94.9374793,19.2084894,0.857143,t17_f5_c3,18.2593,0.082,False,False,True,23.12.x,0.0,2.563185604315015e+18,,,ZTF24aaauqnp
ztf,60317.18466439983,2563184664315015016,2,2563184664315,20.0011,1,2563,8.46858,18.2522,18.1828,0.062864,0.06,94.9373906,19.2085585,0.837143,t17_f5_c3,18.209,0.0783,False,False,True,23.12.x,0.0,2.563186074315015e+18,,,ZTF24aaauqnp
ztf,60317.18513889983,2563185134315015015,2,2563185134315,19.9768,1,2563,8.5208,18.2588,18.2748,0.055527,0.0658,94.93725,19.2085507,0.87,t17_f5_c3,18.2213,0.0798,False,False,True,23.12.x,0.0,2.563186554315015e+18,,,ZTF24aaauqnp
ztf,60317.185601899866,2563185604315015021,2,2563185604315,19.97413,1,2563,8.41212,18.246523,18.2577,0.06456809,0.0645,94.9371274,19.2085925,0.8414286,t17_f5_c3,18.3154,0.0867,True,False,True,23.12.x,0.0,,1.0,563120243.0,ZTF24aaauqnp
ztf,60317.18607639987,2563186074315015021,2,2563186074315,19.9511,1,2563,8.2563,18.2491,18.3641,0.05939,0.0727,94.9370181,19.2086505,0.881429,t17_f5_c3,18.3382,0.0906,False,False,True,23.12.x,0.0,2.563186554315015e+18,,,ZTF24aaauqnp
ztf,60317.186550899874,2563186554315015024,2,2563186554315,19.904783,1,2563,8.369446,18.20842,18.216,0.0637397,0.065,94.9369244,19.2086381,0.8371429,t17_f5_c3,18.2095,0.0823,True,False,True,23.12.x,0.0,,1.0,563120243.0,ZTF24aaauqnp
ztf,60317.187025499996,2563187024315015017,2,2563187024315,19.906736,1,2563,8.360798,18.253012,18.3292,0.068110615,0.0714,94.9368013,19.2086686,0.8414286,t17_f5_c3,18.3733,0.0948,True,False,True,23.12.x,0.0,,1.0,563120243.0,ZTF24aaauqnp
