tid,mjd,candid,fid,pid,diffmaglim,isdiffpos,nid,distnr,magpsf,magap,sigmapsf,sigmagap,ra,dec,rb,rbversion,magapbig,sigmagapbig,has_stamp,corrected,dubious,step_id_corr,phase,parent_candid,drb,rfid,oid
ztf,60317.431053199805,2563431054215015018,2,2563431054215,19.9608,1,2563,7.35459,19.3624,19.2224,0.128573,0.1642,94.0962112,19.0963562,0.715714,t17_f5_c3,18.942,0.1628,False,False,True,23.12.x,0.0,2.563432464215015e+18,,,ZTF24aabbcbu
ztf,60317.43152779993,2563431524215015028,2,2563431524215,19.9334,1,2563,7.13691,19.4788,19.7133,0.133087,0.2603,94.096168,19.0963117,0.671429,t17_f5_c3,19.5333,0.2832,False,False,True,23.12.x,0.0,2.563432464215015e+18,,,ZTF24aabbcbu
ztf,60317.43199069984,2563431994215015036,2,2563431994215,19.8627,1,2563,6.89378,19.4722,19.5622,0.122316,0.2324,94.0960024,19.0963117,0.634286,t17_f5_c3,19.4673,0.2731,False,False,True,23.12.x,0.0,2.563433404215015e+18,,,ZTF24aabbcbu
ztf,60317.432465299964,2563432464215015021,2,2563432464215,19.848478,1,2563,6.4988194,19.501661,19.6719,0.14950022,0.264,94.0958826,19.0962361,0.6357143,t17_f5_c3,19.878,0.4097,True,False,True,23.12.x,0.0,,0.9988438,563120242.0,ZTF24aabbcbu
ztf,60317.43293979997,2563432934215015021,2,2563432934215,19.878786,1,2563,6.5787725,19.445974,19.3849,0.1403275,0.2006,94.0957384,19.0962974,0.6185714,t17_f5_c3,19.5976,0.3125,True,False,True,23.12.x,0.0,,0.99860525,563120242.0,ZTF24aabbcbu
ztf,60317.4334028,2563433404215015018,2,2563433404215,19.920437,1,2563,6.4818354,19.510172,19.4093,0.13788688,0.1989,94.0956034,19.096309,0.6414286,t17_f5_c3,19.6969,0.3322,True,False,True,23.12.x,0.0,,0.99998975,563120242.0,ZTF24aabbcbu
ztf,60317.433877300005,2563433874215015029,2,2563433874215,19.881393,1,2563,6.594067,19.629084,19.8153,0.15430261,0.2938,94.0955384,19.0963524,0.58285713,t17_f5_c3,19.9664,0.4332,True,False,True,23.12.x,0.0,,0.9998769,563120242.0,ZTF24aabbcbu
ztf,60317.43435190013,2563434354215015027,2,2563434354215,19.805548,1,2563,6.152255,19.585093,19.5438,0.18882854,0.2327,94.0953996,19.0962509,0.5742857,t17_f5_c3,19.9557,0.4358,True,False,True,23.12.x,0.0,,0.9991029,563120242.0,ZTF24aabbcbu
