tid,mjd,candid,fid,pid,diffmaglim,isdiffpos,nid,distnr,magpsf,magap,sigmapsf,sigmagap,ra,dec,rb,rbversion,magapbig,sigmagapbig,has_stamp,corrected,dubious,step_id_corr,phase,parent_candid,drb,rfid,oid
ztf,60319.1566666998,2565156665215015016,2,2565156665215,19.6529,1,2565,7.94877,18.1162,18.1189,0.065276,0.0815,89.7754615,22.2307684,0.874286,t17_f5_c3,18.0345,0.0964,False,False,True,23.12.x,0.0,2.565158555215015e+18,,,ZTF24aabhacs
ztf,60319.1571411998,2565157145215015019,2,2565157145215,19.664,1,2565,8.23422,18.0649,18.1337,0.077863,0.0812,89.7753822,22.2307966,0.927143,t17_f5_c3,18.1394,0.1043,False,False,True,23.12.x,0.0,2.565158555215015e+18,,,ZTF24aabhacs
ztf,60319.157615699805,2565157615215015014,2,2565157615215,19.8535,1,2565,8.57846,18.0977,18.0956,0.06323,0.0651,89.7752606,22.2307772,0.894286,t17_f5_c3,18.1284,0.0855,False,False,True,23.12.x,0.0,2.565159495215015e+18,,,ZTF24aabhacs
ztf,60319.15807869984,2565158075215015016,2,2565158075215,19.7525,1,2565,8.91484,18.0814,18.0949,0.077122,0.0711,89.7751591,22.2307936,0.918571,t17_f5_c3,18.0863,0.0898,False,False,True,23.12.x,0.0,2.565159495215015e+18,,,ZTF24aabhacs
ztf,60319.15855319984,2565158555215015013,2,2565158555215,19.805004,1,2565,9.169657,18.094141,18.1147,0.06555092,0.0666,89.7750714,22.2307796,0.89428574,t17_f5_c3,18.1955,0.0914,True,False,True,23.12.x,0.0,,0.99999714,562120252.0,ZTF24aabhacs
ztf,60319.15949069988,2565159495215015018,2,2565159495215,19.726545,1,2565,9.74543,18.155367,18.2688,0.07747073,0.0809,89.7749004,22.2308148,0.87714285,t17_f5_c3,18.3262,0.1089,True,False,True,23.12.x,0.0,,0.9999999,562120252.0,ZTF24aabhacs
ztf,60319.1599653,2565159965215015023,2,2565159965215,19.953054,1,2565,9.986066,18.064524,18.0806,0.056876715,0.0596,89.7748114,22.2307879,0.9,t17_f5_c3,18.0948,0.0767,True,False,True,23.12.x,0.0,,0.99999905,562120252.0,ZTF24aabhacs
