tid,mjd,candid,fid,pid,diffmaglim,isdiffpos,nid,distnr,magpsf,magap,sigmapsf,sigmagap,ra,dec,rb,rbversion,magapbig,sigmagapbig,has_stamp,corrected,dubious,step_id_corr,phase,parent_candid,drb,rfid,oid
ztf,60319.305092600174,2565305095515015020,2,2565305095515,20.2966,1,2565,12.0598,19.7206,19.5588,0.133738,0.1819,90.2518288,21.2891849,0.72,t17_f5_c3,19.6043,0.243,False,False,True,23.12.x,0.0,2.565306505515015e+18,,,ZTF24aabjpwn
ztf,60319.30555560021,2565305555515015025,2,2565305555515,20.3182,1,2565,12.3106,19.7638,19.6542,0.152442,0.196,90.2517503,21.2892307,0.657143,t17_f5_c3,19.4216,0.2028,False,False,True,23.12.x,0.0,2.565306965515015e+18,,,ZTF24aabjpwn
ztf,60319.30603010021,2565306035515015026,2,2565306035515,20.3529,1,2565,12.5479,19.6626,19.6677,0.153918,0.1994,90.2515528,21.2892219,0.79,t17_f5_c3,19.657,0.2529,False,False,True,23.12.x,0.0,2.565307915515015e+18,,,ZTF24aabjpwn
ztf,60319.306504600216,2565306505515015019,2,2565306505515,20.157001,1,2565,12.849937,19.60767,19.4967,0.12712881,0.1832,90.251496,21.2892895,0.7442857,t17_f5_c3,19.5872,0.2552,True,False,True,23.12.x,0.0,,0.9994979,562120255.0,ZTF24aabjpwn
ztf,60319.30696759978,2565306965515015021,2,2565306965515,20.152218,1,2565,12.507201,19.848423,19.814,0.17120603,0.2553,90.2513279,21.2892998,0.68857145,t17_f5_c3,19.7797,0.3172,True,False,True,23.12.x,0.0,,0.99994856,562120255.0,ZTF24aabjpwn
ztf,60319.30744209979,2565307445515015018,2,2565307445515,20.0239,1,2565,12.4132,19.7928,19.7972,0.162146,0.2591,90.2512957,21.2893099,0.578571,t17_f5_c3,19.7143,0.3078,False,False,True,23.12.x,0.0,2.565307915515015e+18,,,ZTF24aabjpwn
ztf,60319.30791669991,2565307915515015026,2,2565307915515,20.181152,1,2565,11.966324,19.703646,19.381,0.1703563,0.1649,90.2511619,21.2892885,0.5557143,t17_f5_c3,19.2532,0.188,True,False,True,23.12.x,0.0,,0.9724056,562120255.0,ZTF24aabjpwn
ztf,60319.30839119991,2565308395515015028,2,2565308395515,20.231718,1,2565,11.643691,19.740524,19.6456,0.16228057,0.203,90.2510205,21.2894402,0.6942857,t17_f5_c3,19.6084,0.2515,True,False,True,23.12.x,0.0,,0.999874,562120255.0,ZTF24aabjpwn
