tid,mjd,candid,fid,pid,diffmaglim,isdiffpos,nid,distnr,magpsf,magap,sigmapsf,sigmagap,ra,dec,rb,rbversion,magapbig,sigmagapbig,has_stamp,corrected,dubious,step_id_corr,phase,parent_candid,drb,rfid,oid
ztf,60319.32817129977,2565328171015015004,2,2565328171015,20.3933,1,2565,7.12263,19.9011,20.2468,0.16089,0.3508,86.6000217,15.9091384,0.728571,t17_f5_c3,19.9133,0.3314,False,False,True,23.12.x,0.0,2.565329581015015e+18,,,ZTF24aabkdvm
ztf,60319.3286342998,2565328631015015006,2,2565328631015,20.4375,1,2565,7.1231,19.7957,19.7891,0.11049,0.2259,86.5999186,15.909126,0.785714,t17_f5_c3,19.7562,0.281,False,False,True,23.12.x,0.0,2.565330531015015e+18,,,ZTF24aabkdvm
ztf,60319.32910879981,2565329101015015002,2,2565329101015,20.4159,1,2565,7.23313,19.891,19.724,0.157371,0.215,86.5998174,15.9091417,0.661429,t17_f5_c3,19.6711,0.2625,False,False,True,23.12.x,0.0,2.565330991015015e+18,,,ZTF24aabkdvm
ztf,60319.32958329981,2565329581015015002,2,2565329581015,20.397112,1,2565,7.4694433,19.883326,19.6642,0.18467015,0.2058,86.5996736,15.9091792,0.61285716,t17_f5_c3,19.938,0.339,True,False,True,23.12.x,0.0,,0.9999817,562120210.0,ZTF24aabkdvm
ztf,60319.33005789993,2565330051015015002,2,2565330051015,20.31287,1,2565,7.562746,19.884815,19.8956,0.13545963,0.2648,86.5996134,15.9091926,0.79571426,t17_f5_c3,19.7985,0.3107,True,False,True,23.12.x,0.0,,0.9999814,562120210.0,ZTF24aabkdvm
ztf,60319.33053239994,2565330531015015002,2,2565330531015,20.178232,1,2565,7.4096537,19.861038,19.8241,0.158139,0.2559,86.5995634,15.909133,0.72,t17_f5_c3,19.6696,0.2848,True,False,True,23.12.x,0.0,,0.99995756,562120210.0,ZTF24aabkdvm
ztf,60319.33099539997,2565330991015015001,2,2565330991015,20.294191,1,2565,7.6502824,19.694153,19.82,0.107732035,0.2484,86.5994013,15.9091479,0.81857145,t17_f5_c3,19.7091,0.2877,True,False,True,23.12.x,0.0,,0.99999964,562120210.0,ZTF24aabkdvm
ztf,60319.331469899975,2565331461015015004,2,2565331461015,20.259535,1,2565,7.664708,20.014112,20.4117,0.19962712,0.4306,86.5992847,15.9091071,0.64428574,t17_f5_c3,20.0144,0.3839,True,False,True,23.12.x,0.0,,0.9999988,562120210.0,ZTF24aabkdvm
