tid,mjd,candid,fid,pid,diffmaglim,isdiffpos,nid,distnr,magpsf,magap,sigmapsf,sigmagap,ra,dec,rb,rbversion,magapbig,sigmagapbig,has_stamp,corrected,dubious,step_id_corr,phase,parent_candid,drb,rfid,oid
ztf,60317.19784720009,2563197844515015015,2,2563197844515,19.907,1,2563,4.42983,18.61,18.5829,0.094577,0.097,92.5915301,20.4048906,0.725714,t17_f5_c3,18.5561,0.1204,False,False,False,23.12.x,0.0,2.563198794515015e+18,,,ZTF24aaavabh
ztf,60317.19832180021,2563198324515015016,2,2563198324515,20.0787,1,2563,4.91833,18.5802,18.3936,0.079547,0.0732,92.5914216,20.4049866,0.681429,t17_f5_c3,18.3814,0.0918,False,False,False,23.12.x,0.0,2.563199274515015e+18,,,ZTF24aaavabh
ztf,60317.19879630022,2563198794515015014,2,2563198794515,20.0179,1,2563,5.40669,18.6222,18.5164,0.084721,0.0839,92.5912881,20.4050517,0.71,t17_f5_c3,18.6068,0.1159,False,False,False,23.12.x,0.0,2.563199274515015e+18,,,ZTF24aaavabh
ztf,60317.19927080022,2563199274515015013,2,2563199274515,19.897516,1,2563,5.9315805,18.714493,18.6083,0.09361779,0.0978,92.5911697,20.4051482,0.61285716,t17_f5_c3,18.5694,0.1205,True,False,False,23.12.x,0.0,,0.9931718,563120245.0,ZTF24aaavabh
ztf,60317.19973379979,2563199734515015011,2,2563199734515,19.757187,1,2563,6.457797,18.601063,18.57,0.10474729,0.1019,92.5910431,20.4052368,0.62714285,t17_f5_c3,18.6572,0.1411,True,False,False,23.12.x,0.0,,0.9945443,563120245.0,ZTF24aaavabh
ztf,60317.20020829979,2563200204515015014,2,2563200204515,19.788364,1,2563,6.9215074,18.634747,18.5403,0.091339245,0.097,92.5908986,20.4053157,0.62714285,t17_f5_c3,18.4217,0.1116,True,False,True,23.12.x,0.0,,0.9950314,563120245.0,ZTF24aaavabh
