tid,mjd,candid,fid,pid,diffmaglim,isdiffpos,nid,distnr,magpsf,magap,sigmapsf,sigmagap,ra,dec,rb,rbversion,magapbig,sigmagapbig,has_stamp,corrected,dubious,step_id_corr,phase,parent_candid,drb,rfid,oid
ztf,60317.32081020018,2563320812115015023,2,2563320812115,19.9101,1,2563,7.94402,18.7471,18.6588,0.085357,0.0932,96.2639049,18.2465864,0.712857,t17_f5_c3,18.5529,0.1082,False,False,True,23.12.x,0.0,2.563322702115015e+18,,,ZTF24aaaymgi
ztf,60317.321284700185,2563321282115015029,2,2563321282115,19.8623,1,2563,8.07026,18.7013,18.7105,0.098149,0.0961,96.2638026,18.2465715,0.714286,t17_f5_c3,18.6973,0.1214,False,False,True,23.12.x,0.0,2.563322702115015e+18,,,ZTF24aaaymgi
ztf,60317.32175929984,2563321752115015026,2,2563321752115,19.8061,1,2563,7.77252,18.6544,18.7487,0.094788,0.1003,96.2637478,18.2466725,0.717143,t17_f5_c3,18.6982,0.1224,False,False,True,23.12.x,0.0,2.563323182115015e+18,,,ZTF24aaaymgi
ztf,60317.322233799845,2563322232115015024,2,2563322232115,19.7734,1,2563,8.01644,18.7302,18.7132,0.101452,0.1021,96.263563,18.2466538,0.664286,t17_f5_c3,18.6644,0.1249,False,False,True,23.12.x,0.0,2.563323642115015e+18,,,ZTF24aaaymgi
ztf,60317.32270829985,2563322702115015043,2,2563322702115,19.7976,1,2563,8.03971,18.7211,18.6685,0.115276,0.0919,96.2635037,18.2466679,0.63,t17_f5_c3,18.6099,0.1113,False,False,True,23.12.x,0.0,2.563323182115015e+18,,,ZTF24aaaymgi
ztf,60317.32318289997,2563323182115015027,2,2563323182115,19.795055,1,2563,8.266317,18.731613,18.7006,0.09719058,0.0964,96.263335,18.2466661,0.66,t17_f5_c3,18.622,0.1147,True,False,True,23.12.x,0.0,,0.9999854,563120221.0,ZTF24aaaymgi
ztf,60317.32364579989,2563323642115015037,2,2563323642115,19.894896,1,2563,8.376765,18.728746,18.7418,0.0867633,0.0986,96.263249,18.2466726,0.7157143,t17_f5_c3,18.7104,0.1225,True,False,True,23.12.x,0.0,,0.9999975,563120221.0,ZTF24aaaymgi
ztf,60317.32412040001,2563324122115015018,2,2563324122115,19.886963,1,2563,8.600089,18.708986,18.6702,0.084206454,0.0922,96.2631487,18.2466519,0.7285714,t17_f5_c3,18.6766,0.1185,True,False,True,23.12.x,0.0,,0.999998,563120221.0,ZTF24aaaymgi
ztf,60317.32459490001,2563324592115015023,2,2563324592115,19.804493,1,2563,8.592558,18.693947,18.557,0.10164673,0.0875,96.2630127,18.2466743,0.5285714,t17_f5_c3,18.5362,0.1098,True,False,True,23.12.x,0.0,,0.9999641,563120221.0,ZTF24aaaymgi
