tid,mjd,candid,fid,pid,diffmaglim,isdiffpos,nid,distnr,magpsf,magap,sigmapsf,sigmagap,ra,dec,rb,rbversion,magapbig,sigmagapbig,has_stamp,corrected,dubious,step_id_corr,phase,parent_candid,drb,rfid,oid
ztf,60319.28575230017,2565285752915015009,2,2565285752915,20.4054,1,2565,6.87838,19.8852,19.6974,0.164759,0.1897,84.7949129,18.4882173,0.601429,t17_f5_c3,19.6247,0.2272,False,False,True,23.12.x,0.0,2.565287652915015e+18,,,ZTF24aabjfmc
ztf,60319.28670139983,2565286702915015012,2,2565286702915,20.3593,1,2565,6.33949,19.9157,19.7336,0.162832,0.1977,84.7947457,18.4882503,0.728571,t17_f5_c3,19.8168,0.2733,False,False,True,23.12.x,0.0,2.565288122915015e+18,,,ZTF24aabjfmc
ztf,60319.28765049996,2565287652915015005,2,2565287652915,20.33476,1,2565,5.652787,20.017662,20.2502,0.17416593,0.3209,84.7945317,18.4882896,0.73285717,t17_f5_c3,20.1058,0.3605,True,False,True,23.12.x,0.0,,0.9999908,562120229.0,ZTF24aabjfmc
ztf,60319.28812499996,2565288122915015008,2,2565288122915,20.253918,1,2565,5.1002297,20.064102,19.9873,0.20661148,0.2648,84.7943915,18.4881673,0.46714285,t17_f5_c3,20.123,0.3847,True,False,True,23.12.x,0.0,,0.99988973,562120229.0,ZTF24aabjfmc
ztf,60319.28859949997,2565288592915015007,2,2565288592915,20.262537,1,2565,5.0835433,19.936935,19.884,0.18356565,0.2367,84.7943706,18.4882314,0.70857143,t17_f5_c3,19.7347,0.2645,True,False,True,23.12.x,0.0,,0.9996109,562120229.0,ZTF24aabjfmc
ztf,60319.28907410009,2565289072915015014,2,2565289072915,20.347088,1,2565,4.9678116,19.901766,20.1802,0.15578707,0.3006,84.7943452,18.4882011,0.7228571,t17_f5_c3,20.1299,0.3682,True,False,True,23.12.x,0.0,,0.9999782,562120229.0,ZTF24aabjfmc
ztf,60319.28954860009,2565289542915015011,2,2565289542915,20.371922,1,2565,4.7500525,20.027943,20.2972,0.18731067,0.3329,84.7942615,18.4882596,0.70285714,t17_f5_c3,20.2585,0.4118,True,False,True,23.12.x,0.0,,0.99874365,562120229.0,ZTF24aabjfmc
ztf,60319.290011600126,2565290012915015005,2,2565290012915,20.287,1,2565,4.5019927,20.018518,20.2062,0.21292514,0.3147,84.7941828,18.4882763,0.7185714,t17_f5_c3,20.1129,0.3704,True,False,True,23.12.x,0.0,,0.9981129,562120229.0,ZTF24aabjfmc
