tid,mjd,candid,fid,pid,diffmaglim,isdiffpos,nid,distnr,magpsf,magap,sigmapsf,sigmagap,ra,dec,rb,rbversion,drb,magapbig,sigmagapbig,rfid,has_stamp,corrected,dubious,step_id_corr,phase,magpsf_corr,sigmapsf_corr,sigmapsf_corr_ext,parent_candid,oid
ztf,60317.564074099995,2563564074015015006,2,2563564074015,19.103645,1,2563,2.2750936,18.355844,18.6799,0.19430454,0.1229,259.7641661,20.2857232,0.44285715,t17_f5_c3,0.11714051,18.5581,0.1355,586120240.0,True,False,False,23.12.x,0.0,,,,,ZTF24aabcfsw
ztf,60965.15496530011,3211154964015015009,1,3211154964015,19.7582,1,3211,1.39851,18.9128,19.6711,0.232543,0.3316,259.7644336,20.2857159,0.298571,t17_f5_c3,,19.5983,0.3925,,False,True,False,27.5.7a32.dev1,0.0,16.45573,0.019487364,0.02419221,3.218156934015015e+18,ZTF24aabcfsw
ztf,60967.12207179982,3213122074015015007,2,3213122074015,19.595858,1,3213,1.4048756,17.985666,18.6678,0.13141194,0.1228,259.7644314,20.2857345,0.4485714,t17_f5_c3,0.07164949,18.5919,0.1407,586120240.0,True,False,False,27.5.6,0.0,,,,,ZTF24aabcfsw
ztf,60972.156932900194,3218156934015015021,2,3218156934015,19.551928,1,3218,1.3164691,17.675774,18.255,0.12680036,0.1118,259.7644584,20.2857358,0.29142857,t17_f5_c3,0.00399563,18.2739,0.1421,586120240.0,True,True,False,27.5.7a32.dev1,0.0,15.314091,100.0,0.014402811,,ZTF24aabcfsw
