tid,mjd,candid,fid,pid,diffmaglim,isdiffpos,nid,distnr,magpsf,magpsf_corr,magap,sigmapsf,sigmapsf_corr,sigmapsf_corr_ext,sigmagap,ra,dec,rb,rbversion,magapbig,sigmagapbig,has_stamp,corrected,dubious,step_id_corr,phase,parent_candid,drb,rfid,oid
ztf,59935.56571759982,2181565715115015000,2,2181565715115,19.0649,1,2181,1.08734,19.0804,17.93713,18.7216,0.275405,0.07241428,0.09608685,0.2639,253.6585692,13.8817067,0.772857,t17_f5_c3,18.5981,0.3019,False,True,False,1.1.6,0.0,2.182564085115015e+18,,,ZTF22acaveqm
ztf,59935.568159699906,2181568155115015016,2,2181568155115,18.6881,1,2181,0.580441,18.9973,17.90741,18.7422,0.279027,0.08173141,0.102256365,0.4017,253.6584656,13.8818254,0.685714,t17_f5_c3,18.9713,0.6367,False,True,False,1.1.6,0.0,2.182564085115015e+18,,,ZTF22acaveqm
ztf,59936.564085599966,2182564085115015006,2,2182564085115,19.41547,1,2182,0.773468,19.072754,17.934458,19.1826,0.1994533,0.030294752,0.069907285,0.2617,253.6584877,13.8817736,0.9257143,t17_f5_c3,19.1457,0.3238,True,True,False,1.1.6,0.0,,0.99998283,534120251.0,ZTF22acaveqm
ztf,59936.56650459999,2182566505115015005,2,2182566505115,19.230707,1,2182,0.96656877,19.19546,17.975904,18.8743,0.18532923,100.0,0.06027288,0.2234,253.6584503,13.8817155,0.67714286,t17_f5_c3,18.6901,0.2414,True,True,False,1.1.6,0.0,,0.9990324,534120251.0,ZTF22acaveqm
ztf,59936.56892360002,2182568925115015008,2,2182568925115,18.986189,1,2182,0.36505383,19.033804,17.920645,19.0516,0.19640033,0.033069737,0.07044966,0.2949,253.6584241,13.8818864,0.7885714,t17_f5_c3,19.3672,0.5052,True,True,False,1.1.6,0.0,,0.99927604,534120251.0,ZTF22acaveqm
ztf,59937.56461809995,2183564615115015006,2,2183564615115,19.201435,1,2183,1.1097674,19.035805,17.921362,19.0061,0.21153189,0.043233354,0.07578777,0.2283,253.6584288,13.8816768,0.7385714,t17_f5_c3,19.1379,0.3294,True,True,False,1.1.6,0.0,,0.9967705,534120251.0,ZTF22acaveqm
