tid,mjd,candid,fid,pid,diffmaglim,isdiffpos,nid,distnr,magpsf,magap,sigmapsf,sigmagap,ra,dec,rb,rbversion,magapbig,sigmagapbig,has_stamp,corrected,dubious,step_id_corr,phase,parent_candid,drb,rfid,oid
ztf,60317.41879629996,2563418792715015026,2,2563418792715,20.0471,1,2563,8.19665,18.716,18.6408,0.092882,0.0905,95.4349138,17.3762581,0.897143,t17_f5_c3,18.6662,0.1187,False,False,True,23.12.x,0.0,2.563420202715015e+18,,,ZTF24aabasdz
ztf,60317.41927079996,2563419272715015031,2,2563419272715,19.9274,1,2563,8.33232,18.6972,18.7557,0.095726,0.1055,95.434804,17.376289,0.885714,t17_f5_c3,18.8041,0.1415,False,False,True,23.12.x,0.0,2.563420202715015e+18,,,ZTF24aabasdz
ztf,60317.41974540008,2563419742715015028,2,2563419742715,20.0003,1,2563,8.74374,18.6989,18.7012,0.085791,0.0975,95.4346224,17.3762829,0.885714,t17_f5_c3,18.6573,0.1203,False,False,True,23.12.x,0.0,2.563421152715015e+18,,,ZTF24aabasdz
ztf,60317.4202083,2563420202715015028,2,2563420202715,19.988264,1,2563,8.875974,18.6999,18.8104,0.0914519,0.1081,95.4345217,17.3763213,0.88857144,t17_f5_c3,18.823,0.1404,True,False,True,23.12.x,0.0,,0.99999934,563120227.0,ZTF24aabasdz
ztf,60317.42068290012,2563420682715015027,2,2563420682715,20.0512,1,2563,9.28651,18.7441,18.7365,0.108055,0.0996,95.4343802,17.3762814,0.845714,t17_f5_c3,18.7083,0.1247,False,False,True,23.12.x,0.0,2.563421152715015e+18,,,ZTF24aabasdz
ztf,60317.421157400124,2563421152715015029,2,2563421152715,19.994366,1,2563,9.3362,18.706247,18.7086,0.08396703,0.0994,95.4342868,17.3763569,0.8657143,t17_f5_c3,18.8085,0.14,True,False,True,23.12.x,0.0,,0.9999996,563120227.0,ZTF24aabasdz
ztf,60317.42162040016,2563421622715015025,2,2563421622715,20.0641,1,2563,9.08912,18.6795,18.6877,0.097028,0.0945,95.4341789,17.3763409,0.842857,t17_f5_c3,18.6896,0.1218,False,False,True,23.12.x,0.0,2.563422092715015e+18,,,ZTF24aabasdz
ztf,60317.42209490016,2563422092715015028,2,2563422092715,20.042763,1,2563,8.893612,18.754961,18.7979,0.09235922,0.1061,95.4340326,17.3763562,0.87857145,t17_f5_c3,18.8618,0.1449,True,False,True,23.12.x,0.0,,1.0,563120227.0,ZTF24aabasdz
