tid,mjd,candid,fid,pid,diffmaglim,isdiffpos,nid,distnr,magpsf,magap,sigmapsf,sigmagap,ra,dec,rb,rbversion,magapbig,sigmagapbig,has_stamp,corrected,dubious,step_id_corr,phase,parent_candid,drb,rfid,oid
ztf,60317.19219909981,2563192193415015016,2,2563192193415,20.0808,1,2563,13.8179,19.5604,19.7869,0.137571,0.2476,98.0540585,19.4458203,0.67,t17_f5_c3,19.9409,0.366,False,False,True,23.12.x,0.0,2.563193613415015e+18,,,ZTF24aaauvpe
ztf,60317.19267359981,2563192673415015016,2,2563192673415,20.0247,1,2563,13.5613,19.7102,19.7903,0.166611,0.2577,98.0539804,19.4458519,0.657143,t17_f5_c3,19.7719,0.3254,False,False,True,23.12.x,0.0,2.563194083415015e+18,,,ZTF24aaauvpe
ztf,60317.19314809982,2563193143415015017,2,2563193143415,20.1171,1,2563,13.2699,19.6325,19.6983,0.171832,0.2252,98.0538943,19.4458149,0.552857,t17_f5_c3,19.8516,0.3324,False,False,True,23.12.x,0.0,2.563194083415015e+18,,,ZTF24aaauvpe
ztf,60317.19361109985,2563193613415015016,2,2563193613415,20.1186,1,2563,12.9058,19.5221,19.4883,0.154288,0.1875,98.0537886,19.4457772,0.642857,t17_f5_c3,19.6025,0.2666,False,False,True,23.12.x,0.0,2.563194083415015e+18,,,ZTF24aaauvpe
ztf,60317.194085599855,2563194083415015016,2,2563194083415,20.10215,1,2563,12.274146,19.53144,19.6338,0.13385183,0.2126,98.053605,19.4457605,0.67,t17_f5_c3,19.9144,0.3526,True,False,True,23.12.x,0.0,,0.99999845,563120234.0,ZTF24aaauvpe
ztf,60317.19454859989,2563194543415015009,2,2563194543415,20.0572,1,2563,12.0254,19.594,19.6612,0.127617,0.2243,98.053518,19.4458289,0.697143,t17_f5_c3,20.0029,0.3934,False,False,True,23.12.x,0.0,2.563195023415015e+18,,,ZTF24aaauvpe
ztf,60317.19502309989,2563195023415015010,2,2563195023415,20.052315,1,2563,11.570076,19.531738,19.6974,0.15127255,0.2273,98.0533772,19.4458635,0.6257143,t17_f5_c3,19.8832,0.3459,True,False,True,23.12.x,0.0,,0.9999761,563120234.0,ZTF24aaauvpe
ztf,60317.19549770001,2563195493415015014,2,2563195493415,20.059029,1,2563,11.304076,19.715553,20.0194,0.15728523,0.3121,98.0532899,19.4459159,0.6457143,t17_f5_c3,19.8608,0.3465,True,False,True,23.12.x,0.0,,1.0,563120234.0,ZTF24aaauvpe
ztf,60317.19596059993,2563195963415015014,2,2563195963415,20.027124,1,2563,11.113364,19.556932,19.4642,0.1447372,0.189,98.0532247,19.445925,0.63285714,t17_f5_c3,19.5521,0.2629,True,False,True,23.12.x,0.0,,0.9999943,563120234.0,ZTF24aaauvpe
