tid,mjd,candid,fid,pid,diffmaglim,isdiffpos,nid,distnr,magpsf,magap,sigmapsf,sigmagap,ra,dec,rb,rbversion,magapbig,sigmagapbig,has_stamp,corrected,dubious,step_id_corr,phase,parent_candid,drb,rfid,oid
ztf,60317.19219909981,2563192193415015018,2,2563192193415,20.0808,1,2563,9.60481,18.2524,18.1758,0.073281,0.0575,98.0082858,19.2297013,0.858571,t17_f5_c3,18.1543,0.0719,False,False,True,23.12.x,0.0,2.563193613415015e+18,,,ZTF24aaauvox
ztf,60317.19267359981,2563192673415015027,2,2563192673415,20.0247,1,2563,9.2656,18.2202,18.2542,0.062653,0.064,98.0081719,19.2296545,0.865714,t17_f5_c3,18.2099,0.0784,False,False,True,23.12.x,0.0,2.563194083415015e+18,,,ZTF24aaauvox
ztf,60317.19314809982,2563193143415015023,2,2563193143415,20.1171,1,2563,8.93445,18.2245,18.2619,0.06281,0.0613,98.0080552,19.2296057,0.89,t17_f5_c3,18.3283,0.0832,False,False,True,23.12.x,0.0,2.563194083415015e+18,,,ZTF24aaauvox
ztf,60317.19361109985,2563193613415015027,2,2563193613415,20.1186,1,2563,8.60077,18.2471,18.3409,0.070754,0.0664,98.0079134,19.2295705,0.89,t17_f5_c3,18.3353,0.0845,False,False,True,23.12.x,0.0,2.563194083415015e+18,,,ZTF24aaauvox
ztf,60317.194085599855,2563194083415015023,2,2563194083415,20.10215,1,2563,8.305008,18.26744,18.2624,0.06514122,0.0614,98.0078344,19.2295118,0.87857145,t17_f5_c3,18.1838,0.0732,True,False,True,23.12.x,0.0,,0.9999999,563120234.0,ZTF24aaauvox
ztf,60317.19454859989,2563194543415015014,2,2563194543415,20.057201,1,2563,7.894157,18.240047,18.252,0.0583778,0.0626,98.0076812,19.2294492,0.87142855,t17_f5_c3,18.2067,0.0768,True,False,True,23.12.x,0.0,,1.0,563120234.0,ZTF24aaauvox
ztf,60317.19502309989,2563195023415015015,2,2563195023415,20.052315,1,2563,7.583213,18.231739,18.3316,0.073167436,0.0661,98.0075702,19.2293954,0.8528572,t17_f5_c3,18.4022,0.0902,True,False,True,23.12.x,0.0,,1.0,563120234.0,ZTF24aaauvox
ztf,60317.19549770001,2563195493415015020,2,2563195493415,20.059029,1,2563,7.354097,18.255552,18.2422,0.07199353,0.0624,98.0074501,19.2293662,0.88,t17_f5_c3,18.1651,0.0743,True,False,True,23.12.x,0.0,,1.0,563120234.0,ZTF24aaauvox
