tid,mjd,candid,fid,pid,diffmaglim,isdiffpos,nid,distnr,magpsf,magap,sigmapsf,sigmagap,ra,dec,rb,rbversion,magapbig,sigmagapbig,has_stamp,corrected,dubious,step_id_corr,phase,parent_candid,drb,rfid,oid
ztf,60319.30037039984,2565300370715015015,2,2565300370715,20.268,1,2565,5.36582,19.6199,19.501,0.1394,0.1695,89.8134112,15.6975899,0.718571,t17_f5_c3,19.6647,0.2537,False,False,False,23.12.x,0.0,2.565302250715015e+18,,,ZTF24aabjora
ztf,60319.300844899844,2565300840715015008,2,2565300840715,20.3083,1,2565,5.13982,19.6311,19.4154,0.139651,0.1548,89.813344,15.6976174,0.642857,t17_f5_c3,19.5442,0.2243,False,False,False,23.12.x,0.0,2.565302250715015e+18,,,ZTF24aabjora
ztf,60319.30131939985,2565301310715015019,2,2565301310715,20.2928,1,2565,4.83142,19.7256,19.492,0.139249,0.1688,89.8132549,15.6975744,0.622857,t17_f5_c3,19.5167,0.2229,False,False,False,23.12.x,0.0,2.565302730715015e+18,,,ZTF24aabjora
ztf,60319.30179399997,2565301790715015015,2,2565301790715,20.433523,1,2565,4.1202784,19.62783,19.5895,0.15317015,0.1672,89.8130508,15.6975267,0.7,t17_f5_c3,19.7284,0.2455,True,False,False,23.12.x,0.0,,0.9999926,562120207.0,ZTF24aabjora
ztf,60319.302256899886,2565302250715015013,2,2565302250715,20.451616,1,2565,4.0248766,19.833164,19.7943,0.17775047,0.202,89.8130251,15.69752,0.6557143,t17_f5_c3,19.9533,0.3025,True,False,False,23.12.x,0.0,,0.9999956,562120207.0,ZTF24aabjora
ztf,60319.30273150001,2565302730715015016,2,2565302730715,20.34093,1,2565,3.6172042,19.847721,20.3149,0.15624496,0.3511,89.8129037,15.6975367,0.63714284,t17_f5_c3,20.4465,0.5125,True,False,False,23.12.x,0.0,,0.9999999,562120207.0,ZTF24aabjora
ztf,60319.30320600001,2565303200715015014,2,2565303200715,20.396893,1,2565,3.3628654,19.57793,19.5447,0.12818392,0.167,89.8128302,15.6975135,0.78571427,t17_f5_c3,19.623,0.231,True,False,False,23.12.x,0.0,,0.9999977,562120207.0,ZTF24aabjora
ztf,60319.303669000044,2565303660715015011,2,2565303660715,20.164944,1,2565,2.8885634,19.631903,19.6428,0.18240313,0.21,89.812688,15.6975426,0.67714286,t17_f5_c3,19.7823,0.3065,True,False,False,23.12.x,0.0,,0.9990264,562120207.0,ZTF24aabjora
ztf,60319.30414350005,2565304140715015012,2,2565304140715,20.3687,1,2565,2.482611,19.680265,19.7279,0.15972465,0.2025,89.8125694,15.6975241,0.75857145,t17_f5_c3,19.7345,0.2612,True,False,False,23.12.x,0.0,,0.9999702,562120207.0,ZTF24aabjora
