tid,mjd,candid,fid,pid,diffmaglim,isdiffpos,nid,distnr,magpsf,magpsf_corr,magap,sigmapsf,sigmapsf_corr,sigmapsf_corr_ext,sigmagap,ra,dec,rb,rbversion,drb,magapbig,sigmagapbig,rfid,has_stamp,corrected,dubious,step_id_corr,phase,parent_candid,oid
ztf,61080.56074069999,3326560740215010036,2,3326560740215,19.318747,-1,3326,0.50310904,18.137625,16.433249,18.2207,0.08959909,100.0,0.018644594,0.1398,270.7296195,-17.1287015,0.73571426,t17_f5_c3,0.9999643,18.2334,0.1812,1375120202.0,True,True,False,27.5.7a32.dev1,0.0,,ZTF25acahpys
ztf,61081.56089119986,3327560890215010028,2,3327560890215,18.399103,-1,3327,0.34034714,18.019638,16.459497,17.852,0.1411006,0.01957244,0.03353304,0.2117,270.7296678,-17.128714,0.73,t17_f5_c3,0.9999802,18.0205,0.3173,1375120202.0,True,True,False,27.5.7a32.dev1,0.0,,ZTF25acahpys
ztf,61085.55681709992,3331556810215010051,2,3331556810215,19.825087,-1,3331,0.24483521,18.439617,16.37973,18.6172,0.17955562,0.009229245,0.026930489,0.1375,270.7296943,-17.1286942,0.5814286,t17_f5_c3,0.9961692,18.4778,0.1546,1375120202.0,True,True,False,27.5.7a32.dev1,0.0,,ZTF25acahpys
ztf,61085.55776620004,3331557765615010050,2,3331557765615,19.9825,-1,3331,0.454429,18.2682,16.428038,18.3002,0.155785,0.01767953,0.028606229,0.0879,270.7296407,-17.1287082,0.687143,t17_f5_c3,,18.1242,0.0948,,False,True,False,27.5.7a32.dev1,0.0,3.346541840215015e+18,ZTF25acahpys
ztf,61096.546157400124,3342546150215015030,2,3342546150215,18.980097,1,3342,0.4301758,18.428745,16.09364,18.7844,0.15513858,100.0,0.01805831,0.3255,270.7298464,-17.1287735,0.6685714,t17_f5_c3,0.9999883,18.6202,0.3576,1375120202.0,True,True,False,27.5.7a32.dev1,0.0,,ZTF25acahpys
ztf,61099.54306709999,3345543060215015049,2,3345543060215,19.74725,1,3345,0.24756822,18.271418,16.074108,18.6175,0.10163645,100.0,0.0134315435,0.1429,270.7298324,-17.1286621,0.6414286,t17_f5_c3,0.9999871,18.7205,0.2,1375120202.0,True,True,False,27.5.7a32.dev1,0.0,,ZTF25acahpys
ztf,61100.541840299964,3346541840215015041,2,3346541840215,19.689749,1,3346,0.55797005,18.229898,16.06853,18.4442,0.07675218,100.0,0.010484394,0.1327,270.7298963,-17.1287744,0.7228571,t17_f5_c3,0.9999994,18.3657,0.1571,1375120202.0,True,True,False,27.5.7a32.dev1,0.0,,ZTF25acahpys
