tid,mjd,candid,fid,pid,diffmaglim,isdiffpos,nid,distnr,magpsf,magpsf_corr,magap,sigmapsf,sigmapsf_corr,sigmapsf_corr_ext,sigmagap,ra,dec,rb,rbversion,drb,magapbig,sigmagapbig,rfid,has_stamp,corrected,dubious,step_id_corr,phase,parent_candid,oid
ztf,61065.5690394002,3311569035115015011,2,3311569035115,18.925224,1,3311,0.5184064,18.74385,17.239414,18.4325,0.16770472,0.03857445,0.04195377,0.1825,275.4806181,-3.6128139,0.7457143,t17_f5_c3,0.99993503,18.3313,0.2131,1428120251.0,True,True,False,27.5.7a32.dev1,0.0,,ZTF23aaiknhk
ztf,61072.56672450015,3318566726215015001,2,3318566726215,18.732475,1,3318,0.9073754,18.700882,17.271263,19.1752,0.17826389,0.044429507,0.047776636,0.5066,275.4807347,-3.6128143,0.7342857,t17_f5_c3,0.9999509,18.5938,0.3809,1429120262.0,True,True,False,27.5.7a32.dev1,0.0,,ZTF23aaiknhk
ztf,61085.55729170004,3331557295115010011,2,3331557295115,20.0429,-1,3331,0.397524,19.5956,17.73133,19.5649,0.284405,0.043993812,0.051077526,0.2725,275.4804232,-3.612803,0.628571,t17_f5_c3,,19.6534,0.3783,,False,True,False,27.5.7a32.dev1,0.0,3.34654469621501e+18,ZTF23aaiknhk
ztf,61096.54662040016,3342546625115010005,2,3342546625115,18.7583,-1,3342,0.291605,18.8207,17.95618,18.9076,0.262289,0.11390816,0.11829668,0.393,275.4805327,-3.6128008,0.848571,t17_f5_c3,,18.8275,0.4685,,False,True,False,27.5.7a32.dev1,0.0,3.34654469621501e+18,ZTF23aaiknhk
ztf,61099.544027800206,3345544025115010013,2,3345544025115,20.05365,-1,3345,0.075813845,19.235676,17.810816,19.4159,0.13131699,0.021677243,0.03534895,0.2181,275.4804933,-3.6127036,0.88857144,t17_f5_c3,0.999995,19.6573,0.348,1428120251.0,True,True,False,27.5.7a32.dev1,0.0,,ZTF23aaiknhk
ztf,61100.54278940009,3346542785115010011,2,3346542785115,19.659824,-1,3346,0.3484006,19.262514,17.803701,19.0107,0.1622875,0.031988382,0.042340927,0.2022,275.4804048,-3.6127378,0.8642857,t17_f5_c3,0.9999423,18.797,0.2129,1428120251.0,True,True,False,27.5.7a32.dev1,0.0,,ZTF23aaiknhk
ztf,61100.544699099846,3346544696215010004,2,3346544696215,19.633217,-1,3346,0.8842826,19.49527,17.820385,19.7593,0.1985093,0.030869557,0.042445056,0.4174,275.4802553,-3.6128018,0.9142857,t17_f5_c3,0.9999887,19.8452,0.579,1429120262.0,True,True,False,27.5.7a32.dev1,0.0,,ZTF23aaiknhk
