tid,mjd,candid,fid,pid,diffmaglim,isdiffpos,nid,distnr,magpsf,magpsf_corr,magap,sigmapsf,sigmapsf_corr,sigmapsf_corr_ext,sigmagap,ra,dec,rb,rbversion,drb,magapbig,sigmagapbig,rfid,has_stamp,corrected,dubious,step_id_corr,phase,oid
ztf,60673.572511599865,2919572513615010001,2,2919572513615,18.99497,-1,2919,0.31605688,16.378769,14.124236,16.4151,0.04501324,100.0,0.0056432206,0.032,259.7622796,9.9073678,0.89,t17_f5_c3,0.98536605,16.3893,0.0384,1530120236,True,True,False,26.0.1,0.0,ZTF22aazfzvj
ztf,60673.57297449978,2919572973615010002,2,2919572973615,19.074018,-1,2919,0.13403833,16.54651,14.104923,16.4729,0.058522876,100.0,0.0061757625,0.0345,259.7623775,9.9073468,0.91,t17_f5_c3,0.99755406,16.4836,0.043,1530120236,True,True,False,26.0.1,0.0,ZTF22aazfzvj
ztf,60673.5734490999,2919573443615010001,2,2919573443615,18.985582,-1,2919,0.5364701,16.519169,14.107849,16.4904,0.07584321,100.0,0.008229789,0.0364,259.762383,9.9072372,0.79142857,t17_f5_c3,0.99487185,16.5119,0.0459,1530120236,True,True,False,26.0.1,0.0,ZTF22aazfzvj
ztf,60674.57109950017,2920571093615015000,2,2920571093615,18.94351,1,2920,0.36601537,16.482271,13.891262,16.4657,0.057241004,100.0,0.005263853,0.0363,259.7624074,9.9072877,0.8857143,t17_f5_c3,0.9995495,16.446,0.0437,1530120236,True,True,False,26.0.1,0.0,ZTF22aazfzvj
ztf,60674.571562500205,2920571563615015000,2,2920571563615,18.90905,1,2920,0.49350795,16.243732,13.867003,16.3805,0.08478365,100.0,0.009497744,0.0345,259.762505,9.9074234,0.6842857,t17_f5_c3,0.99889845,16.3944,0.043,1530120236,True,True,False,26.0.1,0.0,ZTF22aazfzvj
ztf,60679.5657060002,2925565703615015008,2,2925565703615,19.162058,1,2925,0.9281254,16.120407,13.85247,16.3376,0.07837071,100.0,0.009704634,0.0256,259.7623838,9.907123,0.70857143,t17_f5_c3,0.97620285,16.3285,0.0298,1530120236,True,True,False,26.0.1,0.0,ZTF22aazfzvj
ztf,60679.56861109985,2925568613615015000,2,2925568613615,19.171507,1,2925,0.6312383,16.322086,13.8755045,16.4016,0.05868282,100.0,0.006164223,0.0264,259.7622023,9.9074528,0.8528572,t17_f5_c3,0.9867863,16.3533,0.0296,1530120236,True,True,False,26.0.1,0.0,ZTF22aazfzvj
ztf,61037.57418979984,3283574183615010010,2,3283574183615,17.30745,-1,3283,0.5000286,16.9378,14.070795,17.5423,0.17415331,100.0,0.012420242,0.2267,259.7622268,9.907386,0.42571428,t17_f5_c3,0.35830784,17.4941,0.2761,1530120236,True,True,False,27.5.7a32.dev1,0.0,ZTF22aazfzvj
