tid,mjd,candid,fid,pid,diffmaglim,isdiffpos,nid,distnr,magpsf,magap,sigmapsf,sigmagap,ra,dec,rb,rbversion,magapbig,sigmagapbig,has_stamp,corrected,dubious,step_id_corr,phase,parent_candid,drb,rfid,oid
ztf,60319.13641199982,2565136414415015000,2,2565136414415,19.5231,1,2565,3.21613,18.0932,18.3103,0.06098,0.1003,85.7298215,20.6986423,0.841429,t17_f5_c3,18.3154,0.1289,False,False,False,23.12.x,0.0,2.565137824415015e+18,,,ZTF24aabgjez
ztf,60319.13687499985,2565136874415015001,2,2565136874415,19.5758,1,2565,3.06636,18.1178,18.0365,0.071231,0.0758,85.7296976,20.69862,0.817143,t17_f5_c3,18.144,0.1067,False,False,False,23.12.x,0.0,2.565138284415015e+18,,,ZTF24aabgjez
ztf,60319.137349499855,2565137344415015000,2,2565137344415,19.4783,1,2565,3.02963,18.1152,18.1659,0.09665,0.0904,85.7295778,20.6986196,0.787143,t17_f5_c3,18.2299,0.1224,False,False,False,23.12.x,0.0,2.565138284415015e+18,,,ZTF24aabgjez
ztf,60319.13782409998,2565137824415015000,2,2565137824415,19.299768,1,2565,2.7724621,18.224455,18.1558,0.07837054,0.1111,85.7294766,20.6985395,0.78571427,t17_f5_c3,18.0625,0.1305,True,False,False,23.12.x,0.0,,0.99967486,562120244.0,ZTF24aabgjez
ztf,60319.13828699989,2565138284415015000,2,2565138284415,19.010302,1,2565,2.94027,18.179317,17.9296,0.09974635,0.1115,85.7293712,20.6985704,0.56714284,t17_f5_c3,17.9567,0.1465,True,False,False,23.12.x,0.0,,0.99892986,562120244.0,ZTF24aabgjez
ztf,60319.138761600014,2565138764415015000,2,2565138764415,18.942753,1,2565,2.9803011,18.089615,17.9862,0.08849904,0.1215,85.7292888,20.6985571,0.71428573,t17_f5_c3,17.9004,0.1438,True,False,False,23.12.x,0.0,,0.99907094,562120244.0,ZTF24aabgjez
ztf,60319.13923610002,2565139234415015005,2,2565139234415,18.690464,1,2565,3.3093932,18.108082,18.2046,0.11170959,0.1683,85.7291606,20.698609,0.62857145,t17_f5_c3,18.2346,0.2218,True,False,False,23.12.x,0.0,,0.87756145,562120244.0,ZTF24aabgjez
ztf,60319.13971060002,2565139714415015000,2,2565139714415,19.306223,1,2565,3.34583,18.123495,18.3229,0.098598205,0.1096,85.7290414,20.6985583,0.70285714,t17_f5_c3,18.3522,0.144,True,False,False,23.12.x,0.0,,0.9998354,562120244.0,ZTF24aabgjez
