tid,mjd,candid,fid,pid,diffmaglim,isdiffpos,nid,distnr,magpsf,magap,sigmapsf,sigmagap,ra,dec,rb,rbversion,magapbig,sigmagapbig,has_stamp,corrected,dubious,step_id_corr,phase,parent_candid,drb,rfid,oid
ztf,60317.44329860015,2563443291115015016,2,2563443291115,19.7855,1,2563,17.3996,18.8187,18.7215,0.104742,0.1104,94.9729138,15.6860449,0.692857,t17_f5_c3,18.7488,0.1446,False,False,True,23.12.x,0.0,2.563444711115015e+18,,,ZTF24aabbhpq
ztf,60317.44377310015,2563443771115015023,2,2563443771115,19.8235,1,2563,17.7094,18.6886,18.732,0.104939,0.1114,94.9727796,15.6860248,0.794286,t17_f5_c3,18.8288,0.1555,False,False,True,23.12.x,0.0,2.563444711115015e+18,,,ZTF24aabbhpq
ztf,60317.44424769981,2563444241115015019,2,2563444241115,19.7762,1,2563,17.7154,18.8011,18.8141,0.106552,0.1203,94.9726844,15.686089,0.665714,t17_f5_c3,18.6287,0.1299,False,False,True,23.12.x,0.0,2.563445651115015e+18,,,ZTF24aabbhpq
ztf,60317.44471060019,2563444711115015018,2,2563444711115,19.866646,1,2563,17.99064,18.789808,18.6903,0.09467532,0.1076,94.9725887,15.6860604,0.81857145,t17_f5_c3,18.7665,0.1475,True,False,True,23.12.x,0.0,,0.99998546,563120211.0,ZTF24aabbhpq
ztf,60317.445185199846,2563445181115015019,2,2563445181115,19.819242,1,2563,17.879902,18.744068,18.7221,0.107960775,0.1107,94.9724798,15.686176,0.8257143,t17_f5_c3,18.9006,0.1666,True,False,True,23.12.x,0.0,,0.999999,563120211.0,ZTF24aabbhpq
ztf,60317.44565969985,2563445651115015018,2,2563445651115,19.88167,1,2563,18.017656,18.73208,18.7642,0.10280775,0.1161,94.9723725,15.6862103,0.9,t17_f5_c3,18.8531,0.1611,True,False,True,23.12.x,0.0,,0.9999995,563120211.0,ZTF24aabbhpq
ztf,60317.44613429997,2563446131115015015,2,2563446131115,19.856737,1,2563,18.243172,18.697598,18.6382,0.08837793,0.1041,94.9722745,15.6862019,0.73714286,t17_f5_c3,18.6516,0.1347,True,False,True,23.12.x,0.0,,0.99999404,563120211.0,ZTF24aabbhpq
ztf,60317.446608799975,2563446601115015017,2,2563446601115,19.826,1,2563,18.2263,18.726,18.6832,0.112426,0.1084,94.9721856,15.6862821,0.667143,t17_f5_c3,18.6065,0.1291,False,False,True,23.12.x,0.0,2.563447071115015e+18,,,ZTF24aabbhpq
ztf,60317.44707180001,2563447071115015019,2,2563447071115,19.834217,1,2563,18.38997,18.717857,18.696,0.10268334,0.1101,94.9720493,15.6863138,0.6857143,t17_f5_c3,18.6853,0.1394,True,False,True,23.12.x,0.0,,0.9999939,563120211.0,ZTF24aabbhpq
