tid,mjd,candid,fid,pid,diffmaglim,isdiffpos,nid,distnr,magpsf,magap,sigmapsf,sigmagap,ra,dec,rb,rbversion,magapbig,sigmagapbig,has_stamp,corrected,dubious,step_id_corr,phase,parent_candid,drb,rfid,oid
ztf,60319.16608799994,2565166081015015002,2,2565166081015,20.0708,1,2565,3.3532,18.6467,18.7376,0.076679,0.1043,86.755941,15.973124,0.86,t17_f5_c3,18.7857,0.1375,False,False,False,23.12.x,0.0,2.565167511015015e+18,,,ZTF24aabhdlm
ztf,60319.166562499944,2565166561015015003,2,2565166561015,20.0555,1,2565,3.74642,18.6563,18.667,0.068944,0.0978,86.7558065,15.9731789,0.851429,t17_f5_c3,18.6876,0.1255,False,False,False,23.12.x,0.0,2.565167511015015e+18,,,ZTF24aabhdlm
ztf,60319.16703699995,2565167031015015001,2,2565167031015,19.9912,1,2565,4.10678,18.601,18.4983,0.088773,0.0833,86.7557336,15.9732512,0.728571,t17_f5_c3,18.4805,0.1032,False,False,False,23.12.x,0.0,2.565167511015015e+18,,,ZTF24aabhdlm
ztf,60319.16751160007,2565167511015015000,2,2565167511015,19.962107,1,2565,4.604784,18.630798,18.5401,0.1189493,0.0871,86.7556593,15.9733712,0.73142856,t17_f5_c3,18.509,0.107,True,False,False,23.12.x,0.0,,0.9990288,562120210.0,ZTF24aabhdlm
ztf,60319.167986100074,2565167981015015001,2,2565167981015,19.996994,1,2565,4.933283,18.617016,18.5726,0.08018007,0.0927,86.7555183,15.9733852,0.8685714,t17_f5_c3,18.5748,0.1174,True,False,False,23.12.x,0.0,,1.0,562120210.0,ZTF24aabhdlm
ztf,60319.16844910011,2565168441015015002,2,2565168441015,19.950974,1,2565,5.233639,18.64755,18.478,0.10601813,0.0815,86.755399,15.9734755,0.7542857,t17_f5_c3,18.451,0.1008,True,False,False,23.12.x,0.0,,0.99988574,562120210.0,ZTF24aabhdlm
ztf,60319.16892360011,2565168921015015003,2,2565168921015,20.003653,1,2565,4.9541426,18.59295,18.5503,0.07533733,0.0867,86.7553083,15.9735479,0.92142856,t17_f5_c3,18.6203,0.1173,True,False,False,23.12.x,0.0,,0.9999584,562120210.0,ZTF24aabhdlm
ztf,60319.169398100115,2565169391015015004,2,2565169391015,20.04956,1,2565,4.6929917,18.640104,18.7508,0.0935278,0.1059,86.7552504,15.9736211,0.9657143,t17_f5_c3,18.7217,0.1312,True,False,False,23.12.x,0.0,,0.9999998,562120210.0,ZTF24aabhdlm
ztf,60319.16986110015,2565169861015015002,2,2565169861015,20.05237,1,2565,4.4320755,18.64417,18.5792,0.09027037,0.0898,86.7551208,15.9737071,0.95714283,t17_f5_c3,18.5903,0.1158,True,False,False,23.12.x,0.0,,1.0,562120210.0,ZTF24aabhdlm
