tid,mjd,candid,fid,pid,diffmaglim,isdiffpos,nid,distnr,magpsf,magpsf_corr,magap,sigmapsf,sigmapsf_corr,sigmapsf_corr_ext,sigmagap,ra,dec,rb,rbversion,magapbig,sigmagapbig,has_stamp,corrected,dubious,step_id_corr,phase,parent_candid,drb,rfid,oid
ztf,60170.42047449993,2416420473315015000,2,2416420473315,20.1809,1,2416,0.760032,20.3275,19.621626,20.155,0.274825,0.13438445,0.14345199,0.3728,39.3375577,-15.4223474,0.638571,t17_f5_c3,20.278,0.5351,False,True,False,1.2.0,0.0,2.431481643315015e+18,,,ZTF23abamfyx
ztf,60179.39877310023,2425398773315015000,2,2425398773315,20.0959,1,2425,0.110632,20.4392,19.678495,20.0007,0.251689,0.113154374,0.12490571,0.33,39.3373303,-15.4223304,0.502857,t17_f5_c3,19.6913,0.3187,False,True,False,1.2.0,0.0,2.431481643315015e+18,,,ZTF23abamfyx
ztf,60183.46302080015,2429463023315015000,2,2429463023315,20.2426,1,2429,0.363085,20.3106,19.612772,20.4199,0.244465,0.1185224,0.12855387,0.435,39.3373926,-15.4223904,0.648571,t17_f5_c3,20.8045,0.7942,False,True,False,1.2.0,0.0,2.431481643315015e+18,,,ZTF23abamfyx
ztf,60185.48164349981,2431481643315015002,2,2431481643315,20.263609,1,2431,0.38239837,20.37845,19.647923,20.3828,0.17976862,0.075958654,0.09172812,0.4217,39.3374211,-15.4223761,0.7342857,t17_f5_c3,20.7036,0.7264,True,True,False,1.2.0,0.0,,0.99967575,299120233.0,ZTF23abamfyx
ztf,60196.45853010006,2442458533315015000,2,2442458533315,20.3362,1,2442,0.565522,20.4006,19.659168,20.2505,0.229888,0.10385769,0.116129674,0.3808,39.3374941,-15.4223607,0.742857,t17_f5_c3,20.3046,0.5135,False,True,False,1.2.1,0.0,2.446432633315015e+18,,,ZTF23abamfyx
ztf,60200.43263889989,2446432633315015002,2,2446432633315,20.445679,1,2446,0.44314036,20.50941,19.71277,20.5439,0.21469778,0.08743853,0.103079356,0.4174,39.3374661,-15.4223331,0.8414286,t17_f5_c3,20.8086,0.6822,True,True,False,1.2.1,0.0,,0.9998472,299120233.0,ZTF23abamfyx
ztf,60204.41737269983,2450417373315015003,2,2450417373315,20.647,1,2450,0.467965,20.3986,19.658157,20.4448,0.226319,0.10197941,0.114431016,0.3406,39.3374515,-15.4223786,0.702857,t17_f5_c3,20.3699,0.4073,False,True,False,1.2.1,0.0,2.457420943315015e+18,,,ZTF23abamfyx
ztf,60211.42094910005,2457420943315015005,2,2457420943315,20.491495,1,2457,0.7356084,20.619862,19.7644,21.1673,0.21429975,0.078878105,0.097462416,0.7518,39.3375184,-15.4224176,0.7242857,t17_f5_c3,21.2709,1.0614,True,True,False,1.2.1,0.0,,0.99999774,299120233.0,ZTF23abamfyx
