tid,mjd,candid,fid,pid,diffmaglim,isdiffpos,nid,distnr,magpsf,magap,sigmapsf,sigmagap,ra,dec,rb,rbversion,magapbig,sigmagapbig,has_stamp,corrected,dubious,step_id_corr,phase,parent_candid,drb,rfid,oid
ztf,60318.39592589997,2564395924015015007,2,2564395924015,19.946,1,2564,9.53291,18.8949,18.6704,0.110197,0.0852,127.1834397,70.4705616,0.402857,t17_f5_c3,18.6447,0.1062,False,False,True,23.12.x,0.0,2.564396864015015e+18,,,ZTF24aabefxj
ztf,60318.396863400005,2564396864015015007,2,2564396864015,19.873138,1,2564,8.530103,18.777742,18.9834,0.109812215,0.1113,127.1823287,70.4704624,0.5742857,t17_f5_c3,18.9178,0.134,True,False,True,23.12.x,0.0,,0.99998575,840120240.0,ZTF24aabefxj
ztf,60318.397338000126,2564397334015015006,2,2564397334015,19.973783,1,2564,8.310628,18.70316,18.6795,0.08946035,0.0839,127.1818449,70.4703214,0.66714287,t17_f5_c3,18.6333,0.1026,True,False,True,23.12.x,0.0,,0.999579,840120240.0,ZTF24aabefxj
ztf,60318.39781250013,2564397814015015005,2,2564397814015,19.840546,1,2564,8.156711,18.765656,18.8041,0.11868424,0.0942,127.1815184,70.4702559,0.55714285,t17_f5_c3,18.7118,0.1105,True,False,True,23.12.x,0.0,,0.9999734,840120240.0,ZTF24aabefxj
