tid,mjd,candid,fid,pid,diffmaglim,isdiffpos,nid,distnr,magpsf,magap,sigmapsf,sigmagap,ra,dec,rb,rbversion,magapbig,sigmagapbig,has_stamp,corrected,dubious,step_id_corr,phase,parent_candid,drb,rfid,oid
ztf,60319.21601849981,2565216015115015015,2,2565216015115,20.0584,1,2565,10.9357,19.786,20.1269,0.197324,0.3489,92.2098369,20.9560438,0.595714,t17_f5_c3,19.9383,0.3765,False,False,True,23.12.x,0.0,2.565217435115015e+18,,,ZTF24aabiaue
ztf,60319.21649309993,2565216495115015013,2,2565216495115,20.006,1,2565,10.6706,19.8228,20.2491,0.217004,0.424,92.2096892,20.9560489,0.507143,t17_f5_c3,20.31,0.576,False,False,True,23.12.x,0.0,2.565217435115015e+18,,,ZTF24aabiaue
ztf,60319.216955999844,2565216955115015015,2,2565216955115,20.0321,1,2565,10.8834,19.887,19.7882,0.191452,0.2713,92.2096472,20.9559588,0.634286,t17_f5_c3,19.7423,0.3334,False,False,True,23.12.x,0.0,2.565217435115015e+18,,,ZTF24aabiaue
ztf,60319.217430599965,2565217435115015019,2,2565217435115,20.12736,1,2565,10.971408,19.61108,19.6368,0.14791632,0.227,92.2094763,20.9558465,0.73571426,t17_f5_c3,19.6166,0.2853,True,False,True,23.12.x,0.0,,0.99995124,562120251.0,ZTF24aabiaue
ztf,60319.21790509997,2565217905115015020,2,2565217905115,20.152966,1,2565,10.488303,19.640757,19.7097,0.1459765,0.2302,92.2093911,20.9559602,0.7728571,t17_f5_c3,19.7298,0.3002,True,False,True,23.12.x,0.0,,0.99956787,562120251.0,ZTF24aabiaue
ztf,60319.21931710001,2565219315115015014,2,2565219315115,19.833384,1,2565,10.871594,19.570112,19.9411,0.20410378,0.3145,92.2091264,20.9557455,0.5871429,t17_f5_c3,20.0571,0.4489,True,False,True,23.12.x,0.0,,0.999064,562120251.0,ZTF24aabiaue
ztf,60319.2198032001,2565219805115015015,2,2565219805115,19.916111,1,2565,10.700951,19.611452,19.9848,0.20120077,0.3114,92.2090052,20.9557562,0.61142856,t17_f5_c3,20.2448,0.507,True,False,True,23.12.x,0.0,,0.98017335,562120251.0,ZTF24aabiaue
ztf,60319.22026620014,2565220265115015015,2,2565220265115,20.021206,1,2565,10.735492,19.686703,19.9075,0.17383447,0.2845,92.2088437,20.9557113,0.68285716,t17_f5_c3,19.9951,0.395,True,False,True,23.12.x,0.0,,0.99483263,562120251.0,ZTF24aabiaue
