tid,mjd,candid,fid,pid,diffmaglim,isdiffpos,nid,distnr,magpsf,magap,sigmapsf,sigmagap,ra,dec,rb,rbversion,magapbig,sigmagapbig,has_stamp,corrected,dubious,step_id_corr,phase,parent_candid,drb,rfid,oid
ztf,60319.325347200036,2565325341915015008,2,2565325341915,20.4061,1,2565,7.41105,19.7035,20.0643,0.141421,0.2778,91.8882501,17.7482661,0.791429,t17_f5_c3,19.9926,0.3337,False,False,True,23.12.x,0.0,2.565326281915015e+18,,,ZTF24aabkdbq
ztf,60319.32582180016,2565325821915015005,2,2565325821915,20.4353,1,2565,6.71026,19.9145,19.7947,0.224858,0.2137,91.8880635,17.7481518,0.447143,t17_f5_c3,19.8383,0.2849,False,False,True,23.12.x,0.0,2.565327221915015e+18,,,ZTF24aabkdbq
ztf,60319.32628470007,2565326281915015010,2,2565326281915,20.438667,1,2565,6.334121,19.767094,19.5734,0.15547526,0.1742,91.8878903,17.7481315,0.72571427,t17_f5_c3,19.5893,0.2262,True,False,True,23.12.x,0.0,,0.99955887,562120219.0,ZTF24aabkdbq
ztf,60319.326759300195,2565326751915015009,2,2565326751915,20.422651,1,2565,6.396996,19.74835,19.7831,0.15045299,0.2126,91.887871,17.7481627,0.8642857,t17_f5_c3,19.7551,0.2655,True,False,True,23.12.x,0.0,,0.9999985,562120219.0,ZTF24aabkdbq
ztf,60319.32722220011,2565327221915015008,2,2565327221915,20.459635,1,2565,6.247231,19.875902,20.1679,0.15366566,0.2944,91.8877857,17.7481583,0.77428573,t17_f5_c3,20.0014,0.3242,True,False,True,23.12.x,0.0,,0.99998295,562120219.0,ZTF24aabkdbq
ztf,60319.32769680023,2565327691915015006,2,2565327691915,20.417845,1,2565,5.752849,19.759953,19.8426,0.13276967,0.2289,91.887628,17.7480769,0.86142856,t17_f5_c3,19.7359,0.2661,True,False,True,23.12.x,0.0,,0.9995383,562120219.0,ZTF24aabkdbq
ztf,60319.32817129977,2565328171915015008,2,2565328171915,20.395332,1,2565,5.511455,19.819345,20.0228,0.15935281,0.2695,91.8875203,17.7480461,0.8428571,t17_f5_c3,19.8141,0.2852,True,False,True,23.12.x,0.0,,0.9992964,562120219.0,ZTF24aabkdbq
