tid,mjd,candid,fid,pid,diffmaglim,isdiffpos,nid,distnr,magpsf,magpsf_corr,magap,sigmapsf,sigmapsf_corr,sigmapsf_corr_ext,sigmagap,ra,dec,rb,rbversion,magapbig,sigmagapbig,has_stamp,corrected,dubious,step_id_corr,phase,parent_candid,drb,rfid,oid
ztf,61009.55799769983,3255557994115015007,2,3255557994115,19.4957,1,3255,0.796844,19.5022,17.908604,20.1168,0.228924,100.0,0.05275374,0.576,212.0906946,-1.0755267,0.881429,t17_f5_c3,20.377,0.9371,False,True,False,27.5.7a32.dev1,0.0,3.274563560915015e+18,,,ZTF25acfojjc
ztf,61009.56099539995,3255560994115015003,2,3255560994115,19.447453,1,3255,1.1984011,19.425352,17.890408,19.4543,0.20864816,100.0,0.050750043,0.3478,212.0906556,-1.0756306,0.9557143,t17_f5_c3,19.2811,0.3798,True,True,False,27.5.7a32.dev1,0.0,,0.9995565,426120241.0,ZTF25acfojjc
ztf,61009.56807869999,3255568074115015002,2,3255568074115,18.9031,1,3255,1.24055,19.2341,17.840694,19.5427,0.242682,0.04168172,0.06724739,0.6306,212.0905401,-1.0755823,0.887143,t17_f5_c3,19.6236,0.8721,False,True,False,27.5.7a32.dev1,0.0,3.274563560915015e+18,,,ZTF25acfojjc
ztf,61010.55866899993,3256558664115015006,2,3256558664115,19.4115,1,3256,1.10505,19.3858,17.880653,19.3916,0.24122,0.025281604,0.06030519,0.2987,212.0905631,-1.0755519,0.811429,t17_f5_c3,19.4315,0.3962,False,True,False,27.5.7a32.dev1,0.0,3.274563560915015e+18,,,ZTF25acfojjc
ztf,61011.56021990022,3257560214115015003,2,3257560214115,19.2257,1,3257,0.654681,19.4355,17.892866,19.2659,0.230704,0.0062312004,0.055718817,0.312,212.0907457,-1.0754964,0.892857,t17_f5_c3,19.1417,0.3566,False,True,False,27.5.7a32.dev1,0.0,3.274563560915015e+18,,,ZTF25acfojjc
ztf,61011.56460649986,3257564604115015002,2,3257564604115,18.924,1,3257,1.27296,19.2394,17.842161,19.0495,0.304497,0.06539793,0.08407893,0.3515,212.0906368,-1.0756484,0.54,t17_f5_c3,19.0068,0.4336,False,True,False,27.5.7a32.dev1,0.0,3.274563560915015e+18,,,ZTF25acfojjc
ztf,61028.56356480019,3274563560915015000,2,3274563560915,20.064331,1,3274,1.1345154,20.079659,18.069544,19.9576,0.21519198,100.0,0.033789348,0.3694,212.0906068,-1.0755962,0.79142857,t17_f5_c3,19.6248,0.3468,True,True,False,27.5.7a32.dev1,0.0,,0.99971485,1471120209.0,ZTF25acfojjc
