tid,mjd,candid,fid,pid,diffmaglim,isdiffpos,nid,distnr,magpsf,magap,sigmapsf,sigmagap,ra,dec,rb,rbversion,magapbig,sigmagapbig,has_stamp,corrected,dubious,step_id_corr,phase,parent_candid,drb,rfid,oid
ztf,60317.418333299924,2563418335715015034,2,2563418335715,19.8262,1,2563,4.95101,18.5794,18.6127,0.078124,0.1063,94.0682672,22.0728255,0.851429,t17_f5_c3,18.5857,0.1326,False,False,False,23.12.x,0.0,2.563419745715015e+18,,,ZTF24aabawdh
ztf,60317.41879629996,2563418795715015038,2,2563418795715,19.7809,1,2563,4.65332,18.5828,18.5254,0.083327,0.1013,94.0681703,22.0728014,0.762857,t17_f5_c3,18.5542,0.133,False,False,False,23.12.x,0.0,2.563419745715015e+18,,,ZTF24aabawdh
ztf,60317.41927079996,2563419275715015025,2,2563419275715,19.6635,1,2563,4.57462,18.6153,18.6682,0.082291,0.1232,94.068061,22.0728705,0.831429,t17_f5_c3,18.6366,0.1532,False,False,False,23.12.x,0.0,2.563420685715015e+18,,,ZTF24aabawdh
ztf,60317.41974540008,2563419745715015031,2,2563419745715,19.746326,1,2563,4.035652,18.650463,18.5446,0.0866753,0.1058,94.0679119,22.0727893,0.7871429,t17_f5_c3,18.5015,0.1301,True,False,False,23.12.x,0.0,,0.99999976,563120257.0,ZTF24aabawdh
ztf,60317.4202083,2563420205715015038,2,2563420205715,19.7085,1,2563,3.87315,18.6014,18.8092,0.073767,0.1364,94.0677569,22.0728366,0.847143,t17_f5_c3,18.6934,0.1572,False,False,False,23.12.x,0.0,2.563420685715015e+18,,,ZTF24aabawdh
ztf,60317.42068290012,2563420685715015047,2,2563420685715,19.816814,1,2563,3.6834044,18.691023,18.6209,0.07142247,0.1082,94.0676822,22.0728162,0.84,t17_f5_c3,18.6009,0.1361,True,False,False,23.12.x,0.0,,0.9999958,563120257.0,ZTF24aabawdh
ztf,60317.421157400124,2563421155715015043,2,2563421155715,19.793512,1,2563,3.4174979,18.616285,18.6417,0.066493794,0.1122,94.0675364,22.0727974,0.85714287,t17_f5_c3,18.779,0.163,True,False,False,23.12.x,0.0,,0.9999996,563120257.0,ZTF24aabawdh
ztf,60317.42162040016,2563421625715015049,2,2563421625715,19.836742,1,2563,3.2924442,18.640776,18.5889,0.074429125,0.1045,94.0674069,22.0728027,0.8485714,t17_f5_c3,18.5579,0.1301,True,False,False,23.12.x,0.0,,0.999997,563120257.0,ZTF24aabawdh
