tid,mjd,candid,fid,pid,diffmaglim,isdiffpos,nid,distnr,magpsf,magap,sigmapsf,sigmagap,ra,dec,rb,rbversion,magapbig,sigmagapbig,has_stamp,corrected,dubious,step_id_corr,phase,parent_candid,drb,rfid,oid
ztf,60317.19973379979,2563199735415015009,2,2563199735415,19.8339,1,2563,8.99691,18.4321,18.3997,0.093477,0.0801,95.9848813,21.5065372,0.792857,t17_f5_c3,18.4201,0.1042,False,False,True,23.12.x,0.0,2.563201145415015e+18,,,ZTF24aaavafp
ztf,60317.20020829979,2563200205415015013,2,2563200205415,19.8439,1,2563,8.7776,18.4241,18.5463,0.084877,0.0909,95.9847924,21.5065073,0.811429,t17_f5_c3,18.5473,0.1162,False,False,True,23.12.x,0.0,2.563201625415015e+18,,,ZTF24aaavafp
ztf,60317.200682899915,2563200685415015014,2,2563200685415,20.0458,1,2563,8.35724,18.3778,18.4306,0.077365,0.0731,95.9846508,21.5065025,0.924286,t17_f5_c3,18.4635,0.0959,False,False,True,23.12.x,0.0,2.563201625415015e+18,,,ZTF24aaavafp
ztf,60317.20114579983,2563201145415015013,2,2563201145415,20.0016,1,2563,8.04979,18.3728,18.377,0.080106,0.071,95.9845217,21.506456,0.907143,t17_f5_c3,18.3611,0.0891,False,False,True,23.12.x,0.0,2.563201625415015e+18,,,ZTF24aaavafp
ztf,60317.20162039995,2563201625415015015,2,2563201625415,19.995382,1,2563,7.766161,18.474213,18.5855,0.08480707,0.0865,95.9843977,21.5064176,0.93285716,t17_f5_c3,18.6686,0.1192,True,False,True,23.12.x,0.0,,1.0,563120254.0,ZTF24aaavafp
ztf,60317.202094899956,2563202095415015012,2,2563202095415,19.880661,1,2563,7.399732,18.396694,18.4569,0.0682566,0.0818,95.9842578,21.5064062,0.87857145,t17_f5_c3,18.484,0.107,True,False,True,23.12.x,0.0,,1.0,563120254.0,ZTF24aaavafp
ztf,60317.20255789999,2563202555415015016,2,2563202555415,20.013132,1,2563,7.077726,18.373203,18.4459,0.07756099,0.0748,95.9841392,21.5063998,0.92,t17_f5_c3,18.4508,0.0957,True,False,True,23.12.x,0.0,,1.0,563120254.0,ZTF24aaavafp
ztf,60317.20303239999,2563203035415015010,2,2563203035415,19.972239,1,2563,6.800132,18.451307,18.5183,0.073536225,0.0813,95.9840128,21.5063719,0.89,t17_f5_c3,18.5061,0.1025,True,False,True,23.12.x,0.0,,1.0,563120254.0,ZTF24aaavafp
