tid,mjd,candid,fid,pid,diffmaglim,isdiffpos,nid,distnr,magpsf,magap,sigmapsf,sigmagap,ra,dec,rb,rbversion,magapbig,sigmagapbig,has_stamp,corrected,dubious,step_id_corr,phase,parent_candid,drb,rfid,oid
ztf,60317.18748839991,2563187481315015019,2,2563187481315,19.9058,1,2563,11.6976,19.4577,19.4976,0.164509,0.1904,91.9952018,16.1351375,0.518571,t17_f5_c3,19.6286,0.2753,False,False,True,23.12.x,0.0,2.563188901315015e+18,,,ZTF24aaauueu
ztf,60317.18796300003,2563187961315015021,2,2563187961315,19.9318,1,2563,11.6202,19.3462,19.5084,0.181805,0.1934,91.9951387,16.1349846,0.467143,t17_f5_c3,19.6987,0.295,False,False,True,23.12.x,0.0,2.563189371315015e+18,,,ZTF24aaauueu
ztf,60317.18890050007,2563188901315015020,2,2563188901315,19.995832,1,2563,11.966309,19.28535,19.3281,0.13113753,0.1614,91.9949859,16.1349052,0.6,t17_f5_c3,19.2635,0.1946,True,False,True,23.12.x,0.0,,0.99907553,563120213.0,ZTF24aaauueu
ztf,60317.189375000075,2563189371315015017,2,2563189371315,19.978817,1,2563,12.151618,19.278091,19.2716,0.17513093,0.154,91.9947574,16.1348216,0.57,t17_f5_c3,19.2267,0.1892,True,False,True,23.12.x,0.0,,0.9956214,563120213.0,ZTF24aaauueu
ztf,60317.18984950008,2563189841315015022,2,2563189841315,19.9753,1,2563,11.9297,19.4168,19.4615,0.20309,0.1832,91.9946862,16.1348841,0.57,t17_f5_c3,19.4323,0.2285,False,False,True,23.12.x,0.0,2.563190311315015e+18,,,ZTF24aaauueu
ztf,60317.19031250011,2563190311315015024,2,2563190311315,19.998173,1,2563,11.3635025,19.285194,19.5484,0.15645073,0.1991,91.9945266,16.1348143,0.71428573,t17_f5_c3,19.3227,0.2073,True,False,True,23.12.x,0.0,,0.99966526,563120213.0,ZTF24aaauueu
ztf,60317.190787000116,2563190781315015021,2,2563190781315,19.997107,1,2563,10.977794,19.340984,19.4246,0.16732377,0.1774,91.9944219,16.1347223,0.6571429,t17_f5_c3,19.3884,0.2199,True,False,True,23.12.x,0.0,,0.97431827,563120213.0,ZTF24aaauueu
ztf,60317.19126159977,2563191261315015022,2,2563191261315,20.057365,1,2563,10.768514,19.421738,19.741,0.15482177,0.2345,91.9943632,16.1346828,0.66714287,t17_f5_c3,19.801,0.3178,True,False,True,23.12.x,0.0,,0.99785197,563120213.0,ZTF24aaauueu
