tid,mjd,candid,fid,pid,diffmaglim,isdiffpos,nid,distnr,magpsf,magap,sigmapsf,sigmagap,ra,dec,rb,rbversion,magapbig,sigmagapbig,has_stamp,corrected,dubious,step_id_corr,phase,parent_candid,drb,rfid,oid
ztf,60317.26853010012,2563268536215015043,2,2563268536215,20.1432,1,2563,11.4226,19.697,20.6164,0.297073,0.4957,92.1540701,21.1932897,0.318571,t17_f5_c3,20.6761,0.6723,False,False,True,23.12.x,0.0,2.563288316215015e+18,,,ZTF24aaaxrgc
ztf,60317.28689809982,2563286896215015038,2,2563286896215,20.0701,1,2563,11.5537,16.5069,16.5152,0.026823,0.0137,92.1543211,21.1933736,0.847143,t17_f5_c3,16.5056,0.0164,False,False,True,23.12.x,0.0,2.563288316215015e+18,,,ZTF24aaaxrgc
ztf,60317.28737269994,2563287376215015041,2,2563287376215,19.9806,1,2563,11.6797,16.512,16.518,0.037301,0.0139,92.1542127,21.1933872,0.685714,t17_f5_c3,16.4965,0.0166,False,False,True,23.12.x,0.0,2.563288316215015e+18,,,ZTF24aaaxrgc
ztf,60317.28784719994,2563287846215015030,2,2563287846215,19.9193,1,2563,11.8369,16.4931,16.534,0.037161,0.0144,92.1540735,21.1934102,0.721429,t17_f5_c3,16.5203,0.0173,False,False,True,23.12.x,0.0,2.563288316215015e+18,,,ZTF24aaaxrgc
ztf,60317.288310199976,2563288316215015039,2,2563288316215,19.939848,1,2563,12.013205,16.49769,16.5214,0.032458443,0.0141,92.1539512,21.1934292,0.73571426,t17_f5_c3,16.4993,0.0168,True,False,True,23.12.x,0.0,,0.99998283,563120262.0,ZTF24aaaxrgc
ztf,60317.28878469998,2563288786215015060,2,2563288786215,20.040482,1,2563,12.2443285,16.489233,16.5179,0.034991406,0.0138,92.1538082,21.1934619,0.79285717,t17_f5_c3,16.5067,0.0165,True,False,True,23.12.x,0.0,,0.9999951,563120262.0,ZTF24aaaxrgc
ztf,60317.2892593001,2563289256215015039,2,2563289256215,19.996,1,2563,12.390774,16.492064,16.4907,0.033502527,0.0136,92.1536894,21.19347,0.76714283,t17_f5_c3,16.4763,0.0163,True,False,True,23.12.x,0.0,,0.99995506,563120262.0,ZTF24aaaxrgc
ztf,60317.28972220002,2563289726215015035,2,2563289726215,19.944975,1,2563,12.428303,16.49397,16.5226,0.03452411,0.0141,92.1535587,21.1934875,0.79,t17_f5_c3,16.5057,0.0169,True,False,True,23.12.x,0.0,,0.9999618,563120262.0,ZTF24aaaxrgc
ztf,60317.29019680014,2563290196215015039,2,2563290196215,19.95989,1,2563,12.018044,16.518017,16.5203,0.030840704,0.0139,92.153432,21.1935038,0.8142857,t17_f5_c3,16.5167,0.0168,True,False,True,23.12.x,0.0,,0.9998003,563120262.0,ZTF24aaaxrgc
