tid,mjd,candid,fid,pid,diffmaglim,isdiffpos,nid,distnr,magpsf,magap,sigmapsf,sigmagap,ra,dec,rb,rbversion,magapbig,sigmagapbig,has_stamp,corrected,dubious,step_id_corr,phase,parent_candid,drb,rfid,oid
ztf,60319.12226849981,2565122265615015037,2,2565122265615,19.4599,1,2565,8.7336,18.1296,18.0531,0.072437,0.0801,87.3990867,22.4694738,0.731429,t17_f5_c3,17.9806,0.0958,False,False,True,23.12.x,0.0,2.565123685615015e+18,,,ZTF24aabgbce
ztf,60319.12274309993,2565122745615015002,2,2565122745615,19.616,1,2565,8.67448,18.2776,18.2433,0.09015,0.0865,87.3989525,22.4694641,0.775714,t17_f5_c3,18.1705,0.1035,False,False,True,23.12.x,0.0,2.565123685615015e+18,,,ZTF24aabgbce
ztf,60319.123205999844,2565123205615015004,2,2565123205615,19.5011,1,2565,8.80143,18.2007,18.1679,0.098856,0.0864,87.3988743,22.469417,0.79,t17_f5_c3,18.1037,0.104,False,False,True,23.12.x,0.0,2.565123685615015e+18,,,ZTF24aabgbce
ztf,60319.123680599965,2565123685615015004,2,2565123685615,19.456247,1,2565,8.667605,18.229847,18.2135,0.10513465,0.0926,87.3987304,22.4694365,0.78571427,t17_f5_c3,18.0964,0.1063,True,False,True,23.12.x,0.0,,0.9999966,562120256.0,ZTF24aabgbce
ztf,60319.12415509997,2565124155615015004,2,2565124155615,19.3605,1,2565,8.53459,18.1547,18.1651,0.100222,0.0972,87.3987245,22.4694761,0.818571,t17_f5_c3,18.2358,0.1326,False,False,True,23.12.x,0.0,2.565125095615015e+18,,,ZTF24aabgbce
ztf,60319.1246181,2565124615615015006,2,2565124615615,19.414888,1,2565,8.413234,18.119427,18.1433,0.09322115,0.0916,87.3986336,22.4695048,0.8042857,t17_f5_c3,18.207,0.1241,True,False,True,23.12.x,0.0,,0.9996206,562120256.0,ZTF24aabgbce
ztf,60319.12509260001,2565125095615015005,2,2565125095615,18.908752,1,2565,8.34559,18.11252,17.9599,0.1259651,0.1324,87.3984846,22.4695176,0.76857144,t17_f5_c3,17.9094,0.162,True,False,True,23.12.x,0.0,,0.99990153,562120256.0,ZTF24aabgbce
ztf,60319.12556710001,2565125565615015005,2,2565125565615,18.892773,1,2565,7.831465,18.132677,18.1202,0.10712025,0.1508,87.3983021,22.4694397,0.8,t17_f5_c3,18.1756,0.2033,True,False,True,23.12.x,0.0,,0.9999062,562120256.0,ZTF24aabgbce
ztf,60319.12604170013,2565126045615015013,2,2565126045615,19.035109,1,2565,7.4848137,18.132133,18.1008,0.10443191,0.1282,87.3982128,22.4693836,0.7942857,t17_f5_c3,18.061,0.1585,True,False,True,23.12.x,0.0,,0.9995823,562120256.0,ZTF24aabgbce
