tid,mjd,candid,fid,pid,diffmaglim,isdiffpos,nid,distnr,magpsf,magap,sigmapsf,sigmagap,ra,dec,rb,rbversion,magapbig,sigmagapbig,has_stamp,corrected,dubious,step_id_corr,phase,parent_candid,drb,rfid,oid
ztf,60319.169398100115,2565169391015015004,2,2565169391015,20.0496,1,2565,4.69299,18.6401,18.7508,0.093528,0.1059,86.7552504,15.9736211,0.965714,t17_f5_c3,18.7217,0.1312,False,False,False,23.12.x,0.0,2.565170791015015e+18,,,ZTF24aabheda
ztf,60319.16986110015,2565169861015015002,2,2565169861015,20.0524,1,2565,4.43208,18.6442,18.5792,0.09027,0.0898,86.7551208,15.9737071,0.957143,t17_f5_c3,18.5903,0.1158,False,False,False,23.12.x,0.0,2.565170791015015e+18,,,ZTF24aabheda
ztf,60319.17033560015,2565170331015015002,2,2565170331015,20.059175,1,2565,4.331607,18.671732,18.5369,0.07580642,0.0835,86.7550103,15.9737584,0.9242857,t17_f5_c3,18.5777,0.111,True,False,False,23.12.x,0.0,,1.0,562120210.0,ZTF24aabheda
ztf,60319.170798600186,2565170791015015002,2,2565170791015,19.99102,1,2565,4.1856194,18.72175,18.6994,0.10346941,0.1027,86.7549174,15.9738286,0.8957143,t17_f5_c3,18.5937,0.1199,True,False,False,23.12.x,0.0,,0.99997175,562120210.0,ZTF24aabheda
ztf,60319.17127310019,2565171271015015002,2,2565171271015,20.033047,1,2565,4.138018,18.659624,18.5606,0.07715239,0.0893,86.7547992,15.9738904,0.9614286,t17_f5_c3,18.5587,0.1151,True,False,False,23.12.x,0.0,,1.0,562120210.0,ZTF24aabheda
ztf,60319.171747699846,2565171741015015003,2,2565171741015,20.06662,1,2565,3.9810016,18.645184,18.5223,0.07305319,0.0819,86.754724,15.9739763,0.9357143,t17_f5_c3,18.4646,0.1002,True,False,False,23.12.x,0.0,,0.9999974,562120210.0,ZTF24aabheda
ztf,60319.17222219985,2565172221015015003,2,2565172221015,20.10564,1,2565,4.0541606,18.65348,18.631,0.086883396,0.0892,86.7546014,15.9740309,0.94714284,t17_f5_c3,18.6768,0.1201,True,False,False,23.12.x,0.0,,1.0,562120210.0,ZTF24aabheda
ztf,60319.17268519988,2565172681015015002,2,2565172681015,20.043177,1,2565,4.139549,18.66878,18.7078,0.085838996,0.0968,86.7544845,15.9740942,0.9285714,t17_f5_c3,18.7441,0.1288,True,False,False,23.12.x,0.0,,0.9999999,562120210.0,ZTF24aabheda
