tid,mjd,candid,fid,pid,diffmaglim,isdiffpos,nid,distnr,magpsf,magap,sigmapsf,sigmagap,ra,dec,rb,rbversion,magapbig,sigmagapbig,has_stamp,corrected,dubious,step_id_corr,phase,parent_candid,drb,rfid,oid
ztf,60319.275856500026,2565275850615015011,2,2565275850615,20.32,1,2565,6.21248,18.5354,18.4897,0.082944,0.0691,88.9386826,15.841656,0.968571,t17_f5_c3,18.4756,0.0869,False,False,True,23.12.x,0.0,2.565277260615015e+18,,,ZTF24aabjbug
ztf,60319.27633100003,2565276330615015006,2,2565276330615,20.3117,1,2565,6.43678,18.4779,18.5536,0.067024,0.0716,88.938567,15.8416856,0.972857,t17_f5_c3,18.5636,0.0921,False,False,True,23.12.x,0.0,2.565277260615015e+18,,,ZTF24aabjbug
ztf,60319.27679400006,2565276790615015010,2,2565276790615,20.2837,1,2565,6.65383,18.4862,18.4912,0.064235,0.069,88.9384583,15.8417115,0.96,t17_f5_c3,18.5876,0.0958,False,False,True,23.12.x,0.0,2.565278210615015e+18,,,ZTF24aabjbug
ztf,60319.27726850007,2565277260615015006,2,2565277260615,20.246851,1,2565,6.978158,18.502268,18.4958,0.066271834,0.0729,88.9383532,15.8417673,0.96,t17_f5_c3,18.5681,0.0991,True,False,True,23.12.x,0.0,,1.0,562120206.0,ZTF24aabjbug
ztf,60319.27774310019,2565277740615015008,2,2565277740615,20.256556,1,2565,7.2006726,18.4715,18.3739,0.08275921,0.063,88.9382693,15.8417976,0.93714285,t17_f5_c3,18.3708,0.0798,True,False,True,23.12.x,0.0,,1.0,562120206.0,ZTF24aabjbug
ztf,60319.27821760019,2565278210615015004,2,2565278210615,20.234749,1,2565,7.516313,18.483454,18.4321,0.07886241,0.0671,88.9381374,15.841834,0.9628571,t17_f5_c3,18.3905,0.0822,True,False,True,23.12.x,0.0,,1.0,562120206.0,ZTF24aabjbug
ztf,60319.278680600226,2565278680615015009,2,2565278680615,20.143528,1,2565,7.861515,18.511312,18.55,0.0698022,0.0784,88.9380283,15.8418836,0.95428574,t17_f5_c3,18.5035,0.0958,True,False,True,23.12.x,0.0,,1.0,562120206.0,ZTF24aabjbug
ztf,60319.27915510023,2565279150615015008,2,2565279150615,20.27167,1,2565,8.149498,18.462343,18.5267,0.08184573,0.0716,88.9379237,15.8419178,0.9657143,t17_f5_c3,18.5295,0.0914,True,False,True,23.12.x,0.0,,1.0,562120206.0,ZTF24aabjbug
