tid,mjd,candid,fid,pid,diffmaglim,isdiffpos,nid,distnr,magpsf,magap,sigmapsf,sigmagap,ra,dec,rb,rbversion,magapbig,sigmagapbig,has_stamp,corrected,dubious,step_id_corr,phase,parent_candid,drb,rfid,oid
ztf,60317.4305786998,2563430573515015036,2,2563430573515,20.0549,1,2563,11.3729,19.1063,19.016,0.118637,0.128,98.6530915,19.3580637,0.837143,t17_f5_c3,18.9891,0.16,False,False,True,23.12.x,0.0,2.563432463515015e+18,,,ZTF24aabbcpx
ztf,60317.431053199805,2563431053515015033,2,2563431053515,19.981,1,2563,11.1164,19.2434,19.0291,0.108864,0.1364,98.6530178,19.3580372,0.664286,t17_f5_c3,19.0177,0.173,False,False,True,23.12.x,0.0,2.563432463515015e+18,,,ZTF24aabbcpx
ztf,60317.43152779993,2563431523515015039,2,2563431523515,19.9963,1,2563,10.8671,19.1472,19.0714,0.107151,0.1399,98.6528987,19.358094,0.79,t17_f5_c3,19.1175,0.1871,False,False,True,23.12.x,0.0,2.563432463515015e+18,,,ZTF24aabbcpx
ztf,60317.43199069984,2563431993515015041,2,2563431993515,19.8807,1,2563,10.5056,19.1872,19.265,0.124768,0.1747,98.6527798,19.3580824,0.734286,t17_f5_c3,19.1891,0.2088,False,False,True,23.12.x,0.0,2.563433403515015e+18,,,ZTF24aabbcpx
ztf,60317.432465299964,2563432463515015045,2,2563432463515,19.8662,1,2563,10.31,19.3364,19.3071,0.141708,0.1856,98.6526736,19.358129,0.622857,t17_f5_c3,19.2403,0.2239,False,False,True,23.12.x,0.0,2.563433403515015e+18,,,ZTF24aabbcpx
ztf,60317.43293979997,2563432933515015035,2,2563432933515,19.9313,1,2563,9.85255,19.2041,19.2248,0.136038,0.168,98.6525205,19.3581096,0.758571,t17_f5_c3,19.2098,0.2122,False,False,True,23.12.x,0.0,2.563433403515015e+18,,,ZTF24aabbcpx
ztf,60317.4334028,2563433403515015040,2,2563433403515,19.899805,1,2563,9.517876,19.19974,19.0986,0.118640944,0.1499,98.6524066,19.3581046,0.76714283,t17_f5_c3,19.0405,0.1819,True,False,True,23.12.x,0.0,,0.9996277,563120235.0,ZTF24aabbcpx
ztf,60317.433877300005,2563433873515015043,2,2563433873515,19.90086,1,2563,9.491478,19.167961,19.2304,0.10717677,0.1696,98.6523097,19.3582062,0.7842857,t17_f5_c3,19.2616,0.2237,True,False,True,23.12.x,0.0,,0.99966925,563120235.0,ZTF24aabbcpx
ztf,60317.43435190013,2563434353515015042,2,2563434353515,19.844368,1,2563,9.03687,19.134132,19.0951,0.10957284,0.1527,98.6521862,19.3581426,0.6614286,t17_f5_c3,19.1108,0.1984,True,False,True,23.12.x,0.0,,0.9992304,563120235.0,ZTF24aabbcpx
