tid,mjd,candid,fid,pid,diffmaglim,isdiffpos,nid,distnr,magpsf,magap,sigmapsf,sigmagap,ra,dec,rb,rbversion,magapbig,sigmagapbig,has_stamp,corrected,dubious,step_id_corr,phase,parent_candid,drb,rfid,oid
ztf,60317.26334490022,2563263342515015028,2,2563263342515,20.3293,1,2563,10.342,18.9745,18.9863,0.095742,0.0988,93.7964144,18.5844221,0.867143,t17_f5_c3,18.9508,0.1228,False,False,True,23.12.x,0.0,2.563264762515015e+18,,,ZTF24aaaxcvq
ztf,60317.26381940022,2563263812515015025,2,2563263812515,20.4211,1,2563,10.2461,18.9405,18.908,0.096549,0.0872,93.796301,18.5843692,0.835714,t17_f5_c3,18.7696,0.0985,False,False,True,23.12.x,0.0,2.563265232515015e+18,,,ZTF24aaaxcvq
ztf,60317.26429399988,2563264292515015028,2,2563264292515,20.4033,1,2563,10.3155,19.0015,19.0598,0.086845,0.1013,93.7961919,18.5843955,0.871429,t17_f5_c3,18.9761,0.1207,False,False,True,23.12.x,0.0,2.563265232515015e+18,,,ZTF24aaaxcvq
ztf,60317.26476849988,2563264762515015015,2,2563264762515,20.391287,1,2563,10.350068,18.920717,18.9059,0.09148795,0.0884,93.7960529,18.5844055,0.79714286,t17_f5_c3,19.0134,0.1247,True,False,True,23.12.x,0.0,,0.99999976,563120225.0,ZTF24aaaxcvq
ztf,60317.265231499914,2563265232515015009,2,2563265232515,20.280003,1,2563,10.471331,19.000261,19.1049,0.09894866,0.1137,93.795968,18.584436,0.8528572,t17_f5_c3,19.1282,0.1489,True,False,True,23.12.x,0.0,,0.99999917,563120225.0,ZTF24aaaxcvq
ztf,60317.26570599992,2563265702515015009,2,2563265702515,20.27197,1,2563,10.503641,18.993044,19.0677,0.124667004,0.111,93.7958338,18.5844359,0.7871429,t17_f5_c3,19.0738,0.1431,True,False,True,23.12.x,0.0,,0.99999905,563120225.0,ZTF24aaaxcvq
ztf,60317.26618060004,2563266182515015012,2,2563266182515,20.250431,1,2563,10.546495,19.049479,19.1155,0.105110705,0.1161,93.7957496,18.5844417,0.80714285,t17_f5_c3,19.2042,0.1614,True,False,True,23.12.x,0.0,,0.99999976,563120225.0,ZTF24aaaxcvq
