tid,mjd,candid,fid,pid,diffmaglim,isdiffpos,nid,distnr,magpsf,magap,sigmapsf,sigmagap,ra,dec,rb,rbversion,magapbig,sigmagapbig,has_stamp,corrected,dubious,step_id_corr,phase,parent_candid,drb,rfid,oid
ztf,60319.16561339982,2565165610215015016,2,2565165610215,19.5211,1,2565,15.611,19.277,19.2797,0.158261,0.2554,90.9439554,15.2831889,0.751429,t17_f5_c3,19.2943,0.3321,False,False,True,23.12.x,0.0,2.565167030215015e+18,,,ZTF24aabheyt
ztf,60319.16608799994,2565166080215015021,2,2565166080215,19.9294,1,2565,15.0921,19.4226,19.5887,0.168896,0.2375,90.943831,15.2833044,0.815714,t17_f5_c3,19.5731,0.3003,False,False,True,23.12.x,0.0,2.565167030215015e+18,,,ZTF24aabheyt
ztf,60319.166562499944,2565166560215015026,2,2565166560215,19.9942,1,2565,14.9739,19.4107,19.6668,0.14991,0.2456,90.9436855,15.2833056,0.804286,t17_f5_c3,19.9957,0.4261,False,False,True,23.12.x,0.0,2.565167030215015e+18,,,ZTF24aabheyt
ztf,60319.16703699995,2565167030215015021,2,2565167030215,19.890636,1,2565,14.557078,19.513224,19.6324,0.19915387,0.2392,90.9436182,15.2834106,0.48857144,t17_f5_c3,19.6868,0.3224,True,False,True,23.12.x,0.0,,0.99998266,562120202.0,ZTF24aabheyt
ztf,60319.16751160007,2565167510215015021,2,2565167510215,19.885208,1,2565,13.940577,19.567663,19.4283,0.19377841,0.1975,90.9434964,15.2835613,0.62,t17_f5_c3,19.4309,0.2537,True,False,True,23.12.x,0.0,,0.9990182,562120202.0,ZTF24aabheyt
