tid,mjd,candid,fid,pid,diffmaglim,isdiffpos,nid,distnr,magpsf,magap,sigmapsf,sigmagap,ra,dec,rb,rbversion,magapbig,sigmagapbig,has_stamp,corrected,dubious,step_id_corr,phase,parent_candid,drb,rfid,oid
ztf,60317.42162040016,2563421623315015014,2,2563421623315,20.055,1,2563,8.63123,18.1537,18.1768,0.054039,0.059,97.672557,20.4553387,0.87,t17_f5_c3,18.1615,0.0741,False,False,True,23.12.x,0.0,2.563423043315015e+18,,,ZTF24aabatqi
ztf,60317.42209490016,2563422093315015013,2,2563422093315,19.9759,1,2563,8.91759,18.1727,18.2108,0.068458,0.063,97.6724709,20.4553637,0.871429,t17_f5_c3,18.2496,0.0832,False,False,True,23.12.x,0.0,2.563423043315015e+18,,,ZTF24aabatqi
ztf,60317.422569400165,2563422563315015017,2,2563422563315,20.0444,1,2563,9.31211,18.1351,18.1651,0.056293,0.0588,97.6723524,20.4553859,0.884286,t17_f5_c3,18.156,0.0743,False,False,True,23.12.x,0.0,2.563423043315015e+18,,,ZTF24aabatqi
ztf,60317.42304399982,2563423043315015018,2,2563423043315,20.10226,1,2563,9.638523,18.151295,18.1321,0.061761945,0.055,97.6722647,20.4554301,0.89,t17_f5_c3,18.1055,0.0683,True,False,True,23.12.x,0.0,,1.0,563120233.0,ZTF24aabatqi
ztf,60317.423518499825,2563423513315015017,2,2563423513315,20.0545,1,2563,9.97469,18.13,18.0667,0.056969,0.0535,97.6721612,20.4554458,0.87,t17_f5_c3,17.9935,0.0636,False,False,True,23.12.x,0.0,2.563423983315015e+18,,,ZTF24aabatqi
ztf,60317.42398149986,2563423983315015015,2,2563423983315,20.0268,1,2563,10.461407,18.123356,18.3079,0.062072072,0.0673,97.6720146,20.4554814,0.89,t17_f5_c3,18.2915,0.0844,True,False,True,23.12.x,0.0,,0.9999999,563120233.0,ZTF24aabatqi
ztf,60317.42445599986,2563424453315015015,2,2563424453315,20.061522,1,2563,10.748102,18.14413,18.2038,0.060803324,0.0601,97.6719403,20.4555224,0.89428574,t17_f5_c3,18.2232,0.0778,True,False,True,23.12.x,0.0,,1.0,563120233.0,ZTF24aabatqi
ztf,60317.424930599984,2563424933315015012,2,2563424933315,20.049747,1,2563,11.081627,18.127176,18.1519,0.059664402,0.0581,97.6718395,20.4555401,0.88714284,t17_f5_c3,18.1686,0.0749,True,False,True,23.12.x,0.0,,1.0,563120233.0,ZTF24aabatqi
