tid,mjd,candid,fid,pid,diffmaglim,isdiffpos,nid,distnr,magpsf,magap,sigmapsf,sigmagap,ra,dec,rb,rbversion,magapbig,sigmagapbig,has_stamp,corrected,dubious,step_id_corr,phase,parent_candid,drb,rfid,oid
ztf,60318.39405089989,2564394054015015006,2,2564394054015,20.0355,1,2564,9.08105,18.8485,18.8798,0.094817,0.1043,127.1855173,70.4708297,0.721429,t17_f5_c3,18.9264,0.1391,False,False,True,23.12.x,0.0,2.564394984015015e+18,,,ZTF24aabefwo
ztf,60318.394513899926,2564394514015015009,2,2564394514015,20.0845,1,2564,9.51933,18.7477,18.8407,0.124273,0.0981,127.1851268,70.4707972,0.804286,t17_f5_c3,18.7389,0.1142,False,False,True,23.12.x,0.0,2.564395464015015e+18,,,ZTF24aabefwo
ztf,60318.39498839993,2564394984015015009,2,2564394984015,20.065306,1,2564,10.376941,18.820215,18.7027,0.10966704,0.086,127.1844314,70.4707073,0.5714286,t17_f5_c3,18.7522,0.1149,True,False,True,23.12.x,0.0,,0.99968135,840120240.0,ZTF24aabefwo
ztf,60318.39546300005,2564395464015015008,2,2564395464015,19.87939,1,2564,10.008551,18.768559,18.815,0.108990155,0.0952,127.1839791,70.4706424,0.5971429,t17_f5_c3,18.7732,0.1171,True,False,True,23.12.x,0.0,,0.9999951,840120240.0,ZTF24aabefwo
ztf,60318.39592589997,2564395924015015007,2,2564395924015,19.945955,1,2564,9.532912,18.894938,18.6704,0.11019717,0.0852,127.1834397,70.4705616,0.40285715,t17_f5_c3,18.6447,0.1062,True,False,True,23.12.x,0.0,,0.9996098,840120240.0,ZTF24aabefwo
ztf,60318.39640050009,2564396404015015002,2,2564396404015,19.900005,1,2564,9.099416,18.901897,18.8274,0.125582,0.0976,127.182977,70.470523,0.5342857,t17_f5_c3,18.7639,0.1177,True,False,True,23.12.x,0.0,,0.99986935,840120240.0,ZTF24aabefwo
