tid,mjd,candid,fid,pid,diffmaglim,isdiffpos,nid,distnr,magpsf,magap,sigmapsf,sigmagap,ra,dec,rb,rbversion,magapbig,sigmagapbig,has_stamp,corrected,dubious,step_id_corr,phase,parent_candid,drb,rfid,oid
ztf,60319.353148099966,2565353140415015035,2,2565353140415,20.3576,1,2565,9.97052,19.6766,19.6519,0.146386,0.1967,90.0274129,16.4944205,0.734286,t17_f5_c3,19.6749,0.2572,False,False,True,23.12.x,0.0,2.565355030415015e+18,,,ZTF24aabkqmf
ztf,60319.3536111,2565353610415015013,2,2565353610415,20.0971,1,2565,9.80449,19.7188,19.4911,0.150998,0.1911,90.0273152,16.4944319,0.627143,t17_f5_c3,19.2934,0.2044,False,False,True,23.12.x,0.0,2.565355030415015e+18,,,ZTF24aabkqmf
ztf,60319.3540856,2565354080415015017,2,2565354080415,20.1749,1,2565,9.43067,19.6512,19.8226,0.191167,0.2531,90.0272375,16.4943563,0.582857,t17_f5_c3,19.7419,0.3013,False,False,True,23.12.x,0.0,2.565355500415015e+18,,,ZTF24aabkqmf
ztf,60319.354560200125,2565354560415015021,2,2565354560415,20.24017,1,2565,9.256482,19.818333,19.7591,0.14416547,0.2296,90.0271283,16.494371,0.71,t17_f5_c3,19.7057,0.2803,True,False,True,23.12.x,0.0,,0.99986005,562120204.0,ZTF24aabkqmf
ztf,60319.35503470013,2565355030415015023,2,2565355030415,20.1834,1,2565,8.891391,19.702766,19.9219,0.13428006,0.2768,90.0270385,16.4943046,0.74,t17_f5_c3,19.7978,0.317,True,False,True,23.12.x,0.0,,0.99999195,562120204.0,ZTF24aabkqmf
ztf,60319.355509299785,2565355500415015030,2,2565355500415,20.062733,1,2565,8.635867,19.689463,19.7615,0.17617603,0.2465,90.0268695,16.4943276,0.6357143,t17_f5_c3,19.6426,0.2833,True,False,True,23.12.x,0.0,,0.9987005,562120204.0,ZTF24aabkqmf
