tid,mjd,candid,fid,pid,diffmaglim,isdiffpos,nid,distnr,magpsf,magpsf_corr,magap,sigmapsf,sigmapsf_corr,sigmapsf_corr_ext,sigmagap,ra,dec,rb,rbversion,drb,magapbig,sigmagapbig,rfid,has_stamp,corrected,dubious,step_id_corr,phase,parent_candid,oid
ztf,61093.56865740009,3339568653615015005,2,3339568653615,18.776836,1,3339,0.26454687,18.760277,17.368912,19.1095,0.17629492,0.043519795,0.048943345,0.5045,269.7066259,-11.786084,0.7271429,t17_f5_c3,0.9997368,18.6793,0.4364,1375120236.0,True,True,False,27.5.7a32.dev1,0.0,,ZTF26aahcwlc
ztf,61096.546157400124,3342546153615015005,2,3342546153615,19.002972,1,3342,0.3666889,18.60936,17.324867,18.5789,0.1720508,0.048119847,0.052705966,0.2532,269.7066804,-11.7862249,0.7342857,t17_f5_c3,0.9999933,18.6641,0.3509,1375120236.0,True,True,False,27.5.7a32.dev1,0.0,,ZTF26aahcwlc
ztf,61099.54306709999,3345543063615015004,2,3345543063615,19.941103,1,3345,0.18224598,18.360464,17.242388,18.4438,0.07918429,0.020056786,0.028275369,0.0999,269.7066546,-11.7861673,0.85571426,t17_f5_c3,0.9999988,18.314,0.113,1375120236.0,True,True,False,27.5.7a32.dev1,0.0,,ZTF26aahcwlc
ztf,61099.54306709999,3345543063615025004,2,3345543063615,19.9411,1,3345,0.182246,18.3605,17.242401,18.4438,0.079184,0.020055551,0.02827466,0.0999,269.7066546,-11.7861673,0.855714,t17_f5_c3,,18.314,0.113,,False,True,False,27.5.7a32.dev1,0.0,3.351536433615015e+18,ZTF26aahcwlc
ztf,61100.541840299964,3346541843615015006,2,3346541843615,19.813229,1,3346,0.11111633,18.251242,17.202112,18.3499,0.076898165,0.022074634,0.029259335,0.1059,269.7066337,-11.7861663,0.8485714,t17_f5_c3,0.99999976,18.4208,0.1442,1375120236.0,True,True,False,27.5.7a32.dev1,0.0,,ZTF26aahcwlc
ztf,61101.54112270009,3347541123615015007,2,3347541123615,18.889656,1,3347,0.34801644,18.311108,17.224504,18.9376,0.1273635,0.042514496,0.04681701,0.3435,269.7066416,-11.786248,0.68,t17_f5_c3,0.99999326,18.9109,0.43,1375120236.0,True,True,False,27.5.7a32.dev1,0.0,,ZTF26aahcwlc
ztf,61105.5364351999,3351536433615015005,2,3351536433615,19.605669,1,3351,0.2202753,18.216547,17.18878,18.2631,0.07161997,0.02031136,0.027792502,0.1098,269.7066483,-11.7862002,0.89,t17_f5_c3,0.9999997,18.288,0.1435,1375120236.0,True,True,False,27.5.7a32.dev1,0.0,,ZTF26aahcwlc
