tid,mjd,candid,fid,pid,diffmaglim,isdiffpos,nid,distnr,magpsf,magap,sigmapsf,sigmagap,ra,dec,rb,rbversion,magapbig,sigmagapbig,has_stamp,corrected,dubious,step_id_corr,phase,parent_candid,drb,rfid,oid
ztf,60319.36304400023,2565363042815015008,2,2565363042815,19.8823,1,2565,6.41753,18.1523,18.1361,0.049668,0.0624,85.8807055,18.5176431,0.841429,t17_f5_c3,18.0951,0.0766,False,False,True,23.12.x,0.0,2.565365402815015e+18,,,ZTF24aabkvgn
ztf,60319.36351849977,2565363512815015007,2,2565363512815,19.9482,1,2565,6.40651,18.1888,18.1499,0.053818,0.0635,85.8806156,18.5176388,0.888571,t17_f5_c3,18.0701,0.0752,False,False,True,23.12.x,0.0,2.565365862815015e+18,,,ZTF24aabkvgn
ztf,60319.36399309989,2565363992815015005,2,2565363992815,19.9549,1,2565,6.32487,18.1754,18.1117,0.044028,0.0613,85.880559,18.5176618,0.878571,t17_f5_c3,18.1121,0.0781,False,False,True,23.12.x,0.0,2.565365862815015e+18,,,ZTF24aabkvgn
ztf,60319.36445599981,2565364452815015005,2,2565364452815,19.8941,1,2565,6.2082,18.1867,18.1554,0.057729,0.0644,85.8804908,18.5176934,0.818571,t17_f5_c3,18.0837,0.0769,False,False,True,23.12.x,0.0,2.565365862815015e+18,,,ZTF24aabkvgn
ztf,60319.36493059993,2565364932815015004,2,2565364932815,19.9193,1,2565,6.24365,18.1963,18.2156,0.051331,0.0677,85.8803712,18.5176909,0.865714,t17_f5_c3,18.1964,0.0847,False,False,True,23.12.x,0.0,2.565365862815015e+18,,,ZTF24aabkvgn
ztf,60319.36540509993,2565365402815015005,2,2565365402815,19.870945,1,2565,6.346945,18.196527,18.2455,0.052270018,0.0698,85.8803103,18.517666,0.82857144,t17_f5_c3,18.1838,0.0841,True,False,True,23.12.x,0.0,,0.9999965,562120228.0,ZTF24aabkvgn
ztf,60319.365868099965,2565365862815015003,2,2565365862815,19.864895,1,2565,6.323443,18.197588,18.155,0.05016422,0.0644,85.8802164,18.5176873,0.8457143,t17_f5_c3,18.0921,0.0775,True,False,True,23.12.x,0.0,,0.9999999,562120228.0,ZTF24aabkvgn
