tid,mjd,candid,fid,pid,diffmaglim,isdiffpos,nid,distnr,magpsf,magpsf_corr,magap,sigmapsf,sigmapsf_corr,sigmapsf_corr_ext,sigmagap,ra,dec,rb,rbversion,magapbig,sigmagapbig,has_stamp,corrected,dubious,step_id_corr,phase,parent_candid,drb,rfid,oid
ztf,61051.58143519983,3297581432215010087,2,3297581432215,17.8634,-1,3297,0.792149,16.3817,14.766058,16.5985,0.057995,100.0,0.013095844,0.0583,251.4624686,-7.3952747,0.47,t17_f5_c3,16.5383,0.0703,False,True,False,27.5.7a32.dev1,0.0,3.32255929221501e+18,,,ZTF23abkivoo
ztf,61052.57039349992,3298570392215010003,2,3298570392215,18.9489,-1,3298,0.261278,16.3192,14.7806835,16.616,0.047688,100.0,0.01156118,0.0275,251.4626183,-7.3953031,0.787143,t17_f5_c3,16.6346,0.0345,False,True,False,27.5.7a32.dev1,0.0,3.32255929221501e+18,,,ZTF23abkivoo
ztf,61052.57925930014,3298579252215010019,2,3298579252215,18.3311,-1,3298,0.573357,16.6346,14.716273,16.5587,0.048544,100.0,0.008294781,0.0443,251.4626403,-7.3954505,0.62,t17_f5_c3,16.5716,0.0567,False,True,False,27.5.7a32.dev1,0.0,3.32255929221501e+18,,,ZTF23abkivoo
ztf,61065.56615740014,3311566155915010005,2,3311566155915,19.6114,-1,3311,0.242785,17.1667,14.65107,17.0898,0.058551,100.0,0.005771412,0.0377,251.4627622,-7.3953098,0.895714,t17_f5_c3,17.0863,0.0452,False,True,False,27.5.7a32.dev1,0.0,3.32255929221501e+18,,,ZTF23abkivoo
ztf,61070.56296300003,3316562962215010001,2,3316562962215,19.665,-1,3316,0.346036,17.0833,14.655221,16.9788,0.046425,100.0,0.0049604406,0.0306,251.462596,-7.3952781,0.862857,t17_f5_c3,16.9505,0.0355,False,True,False,27.5.7a32.dev1,0.0,3.32255929221501e+18,,,ZTF23abkivoo
ztf,61075.544305600226,3321544305915010009,2,3321544305915,19.4287,-1,3321,0.359679,16.9267,14.677874,16.7611,0.075294,100.0,0.009489197,0.0321,251.4626377,-7.395205,0.88,t17_f5_c3,16.7799,0.0399,False,True,False,27.5.7a32.dev1,0.0,3.32255929221501e+18,,,ZTF23abkivoo
ztf,61075.559502299875,3321559502215010001,2,3321559502215,19.5335,-1,3321,0.684801,17.9012,14.595502,18.3326,0.100331,100.0,0.0047770096,0.1258,251.4625091,-7.3953617,0.591429,t17_f5_c3,18.303,0.1497,False,True,False,27.5.7a32.dev1,0.0,3.32255929221501e+18,,,ZTF23abkivoo
ztf,61076.5592939998,3322559292215010004,2,3322559292215,18.921799,-1,3322,0.7909282,17.930851,14.59411,18.6051,0.19642705,100.0,0.009088765,0.2915,251.4625277,-7.3954487,0.32428572,t17_f5_c3,18.5223,0.3395,True,True,False,27.5.7a32.dev1,0.0,,0.80675495,1425120222.0,ZTF23abkivoo
