tid,mjd,candid,fid,pid,diffmaglim,isdiffpos,nid,distnr,magpsf,magpsf_corr,magap,sigmapsf,sigmapsf_corr,sigmapsf_corr_ext,sigmagap,ra,dec,rb,rbversion,magapbig,sigmagapbig,has_stamp,corrected,dubious,step_id_corr,phase,parent_candid,drb,rfid,oid
ztf,61051.58390050009,3297583902615015033,2,3297583902615,17.2661,1,3297,0.137494,15.6706,13.4461775,15.7371,0.04251,100.0,0.005479264,0.0455,256.6589713,-7.9870336,0.491429,t17_f5_c3,15.6269,0.0523,False,True,False,27.5.7a32.dev1,0.0,3.32355877261501e+18,,,ZTF26aaawaun
ztf,61053.573032400105,3299573032615015008,2,3299573032615,18.699362,1,3299,1.0807259,15.694541,13.449234,16.0361,0.052559875,100.0,0.0066455603,0.0217,256.6593156,-7.9870608,0.5928571,t17_f5_c3,15.9946,0.025,True,True,False,27.5.7a32.dev1,0.0,,0.85951567,1426120226.0,ZTF26aaawaun
ztf,61053.578599500004,3299578592615015071,2,3299578592615,18.078613,1,3299,0.72266275,15.653064,13.443902,15.7567,0.042794496,100.0,0.005594007,0.0254,256.6591765,-7.9871617,0.55857146,t17_f5_c3,15.7735,0.0321,True,True,False,27.5.7a32.dev1,0.0,,0.9791571,1426120226.0,ZTF26aaawaun
ztf,61057.579375000205,3303579372615015090,2,3303579372615,18.3703,1,3303,0.636465,15.9192,13.475202,16.2395,0.0625,100.0,0.006580829,0.0411,256.6588788,-7.9869195,0.56,t17_f5_c3,16.1807,0.0487,False,True,False,27.5.7a32.dev1,0.0,3.32355877261501e+18,,,ZTF26aaawaun
ztf,61074.56243060017,3320562432615010003,2,3320562432615,19.3164,-1,3320,0.796074,16.2008,13.699349,16.4176,0.076076,100.0,0.007597445,0.0288,256.6588744,-7.986864,0.781429,t17_f5_c3,16.4262,0.0345,False,True,False,27.5.7a32.dev1,0.0,3.32355877261501e+18,,,ZTF26aaawaun
ztf,61075.5614467999,3321561442615010004,2,3321561442615,19.4964,-1,3321,0.404548,16.1719,13.702278,16.3613,0.061252,100.0,0.0062990026,0.0247,256.6589414,-7.9871306,0.844286,t17_f5_c3,16.3378,0.0283,False,True,False,27.5.7a32.dev1,0.0,3.32355877261501e+18,,,ZTF26aaawaun
ztf,61076.56123840017,3322561232615010128,2,3322561232615,17.3185,-1,3322,0.215523,15.3112,13.846482,15.5338,0.060748,100.0,0.015763221,0.0641,256.6589597,-7.9870802,0.648571,t17_f5_c3,15.4856,0.0779,False,True,False,27.5.7a32.dev1,0.0,3.32355877261501e+18,,,ZTF26aaawaun
ztf,61077.55877309991,3323558772615010002,2,3323558772615,19.720676,-1,3323,0.1253594,15.88083,13.737162,16.1383,0.13222033,0.0067236084,0.018358244,0.0193,256.6590442,-7.9870395,0.5314286,t17_f5_c3,16.133,0.0222,True,True,False,27.5.7a32.dev1,0.0,,0.921284,1426120226.0,ZTF26aaawaun
