tid,mjd,candid,fid,pid,diffmaglim,isdiffpos,nid,distnr,magpsf,magap,sigmapsf,sigmagap,ra,dec,rb,rbversion,magapbig,sigmagapbig,has_stamp,corrected,dubious,step_id_corr,phase,parent_candid,drb,rfid,oid
ztf,60317.44565969985,2563445653415015022,2,2563445653415,19.8813,1,2563,6.73502,18.4922,18.5128,0.079552,0.0894,97.8368615,19.2863854,0.924286,t17_f5_c3,18.5089,0.1138,False,False,True,23.12.x,0.0,2.563447073415015e+18,,,ZTF24aabbimm
ztf,60317.44613429997,2563446133415015024,2,2563446133415,19.8742,1,2563,6.90124,18.484,18.514,0.081113,0.0914,97.8367476,19.2863808,0.915714,t17_f5_c3,18.5026,0.1158,False,False,True,23.12.x,0.0,2.563447073415015e+18,,,ZTF24aabbimm
ztf,60317.446608799975,2563446603415015025,2,2563446603415,19.893,1,2563,7.01954,18.4927,18.5235,0.080733,0.0893,97.8366251,19.2864032,0.901429,t17_f5_c3,18.5459,0.1165,False,False,True,23.12.x,0.0,2.563447073415015e+18,,,ZTF24aabbimm
ztf,60317.44707180001,2563447073415015052,2,2563447073415,19.861296,1,2563,7.1159945,18.474813,18.5159,0.098606385,0.0885,97.8365226,19.2864301,0.8542857,t17_f5_c3,18.6562,0.1286,True,False,True,23.12.x,0.0,,0.9999982,563120234.0,ZTF24aabbimm
ztf,60317.44754630001,2563447543415015024,2,2563447543415,19.8564,1,2563,7.37902,18.4776,18.4404,0.085301,0.0835,97.836345,19.2864503,0.86,t17_f5_c3,18.4691,0.1097,False,False,True,23.12.x,0.0,2.563448483415015e+18,,,ZTF24aabbimm
ztf,60317.448009300046,2563448003415015039,2,2563448003415,19.7677,1,2563,7.57688,18.5932,18.498,0.089733,0.0908,97.8362491,19.2864515,0.694286,t17_f5_c3,18.4626,0.1126,False,False,True,23.12.x,0.0,2.563448483415015e+18,,,ZTF24aabbimm
ztf,60317.44848380005,2563448483415015040,2,2563448483415,19.792377,1,2563,7.8184247,18.518967,18.5857,0.08163352,0.0958,97.8360794,19.2864914,0.72571427,t17_f5_c3,18.6664,0.1318,True,False,True,23.12.x,0.0,,0.99999034,563120234.0,ZTF24aabbimm
