tid,mjd,candid,fid,pid,diffmaglim,isdiffpos,nid,distnr,magpsf,magap,sigmapsf,sigmagap,ra,dec,rb,rbversion,magapbig,sigmagapbig,has_stamp,corrected,dubious,step_id_corr,phase,parent_candid,drb,rfid,oid
ztf,60319.34653940005,2565346534915015036,2,2565346534915,19.9486,1,2565,7.38307,19.0385,19.2384,0.106633,0.1818,91.1103607,21.8682598,0.864286,t17_f5_c3,19.1198,0.2091,False,False,True,23.12.x,0.0,2.565347954915015e+18,,,ZTF24aabkmon
ztf,60319.34701390006,2565347014915015029,2,2565347014915,19.9471,1,2565,7.73052,19.0328,19.1587,0.115922,0.1745,91.1102212,21.8682652,0.86,t17_f5_c3,19.2379,0.241,False,False,True,23.12.x,0.0,2.565347954915015e+18,,,ZTF24aabkmon
ztf,60319.34748840006,2565347484915015027,2,2565347484915,20.0562,1,2565,7.86155,19.0611,19.2256,0.118425,0.1624,91.110106,21.8683332,0.887143,t17_f5_c3,19.296,0.2222,False,False,True,23.12.x,0.0,2.565347954915015e+18,,,ZTF24aabkmon
ztf,60319.347951400094,2565347954915015026,2,2565347954915,19.788057,1,2565,8.2598295,19.080717,19.0065,0.13352641,0.1617,91.1099581,21.8683297,0.80285716,t17_f5_c3,19.0962,0.2254,True,False,True,23.12.x,0.0,,0.9999815,562120249.0,ZTF24aabkmon
ztf,60319.3484259001,2565348424915015026,2,2565348424915,19.911547,1,2565,8.84802,19.036118,19.0603,0.097490646,0.1533,91.1097815,21.8682765,0.83,t17_f5_c3,18.9728,0.1813,True,False,True,23.12.x,0.0,,0.99985456,562120249.0,ZTF24aabkmon
ztf,60319.34890050022,2565348904915015032,2,2565348904915,20.057573,1,2565,8.954628,19.021778,19.0832,0.09993054,0.1479,91.109689,21.8683556,0.8914286,t17_f5_c3,19.1138,0.195,True,False,True,23.12.x,0.0,,0.99998885,562120249.0,ZTF24aabkmon
ztf,60319.34937500022,2565349374915015029,2,2565349374915,20.061563,1,2565,9.2714815,19.028309,18.9625,0.09891225,0.1335,91.1095782,21.8683524,0.88857144,t17_f5_c3,18.9834,0.1742,True,False,True,23.12.x,0.0,,0.9999965,562120249.0,ZTF24aabkmon
ztf,60319.34984950023,2565349844915015030,2,2565349844915,20.09549,1,2565,9.560388,18.950663,18.7956,0.120300524,0.1115,91.1094648,21.8683723,0.85142857,t17_f5_c3,18.7346,0.1349,True,False,True,23.12.x,0.0,,0.9993438,562120249.0,ZTF24aabkmon
