tid,mjd,candid,fid,pid,diffmaglim,isdiffpos,nid,distnr,magpsf,magap,sigmapsf,sigmagap,ra,dec,rb,rbversion,magapbig,sigmagapbig,has_stamp,corrected,dubious,step_id_corr,phase,parent_candid,drb,rfid,oid
ztf,60319.27726850007,2565277261015015038,2,2565277261015,20.2809,1,2565,4.74555,19.1063,19.0322,0.084883,0.116,86.8113257,15.4448349,0.954286,t17_f5_c3,19.0358,0.1487,False,False,False,23.12.x,0.0,2.565279151015015e+18,,,ZTF24aabjbnu
ztf,60319.27774310019,2565277741015015039,2,2565277741015,20.2617,1,2565,4.33457,19.1568,19.1623,0.092617,0.1304,86.8112045,15.4448847,0.95,t17_f5_c3,19.0722,0.1536,False,False,False,23.12.x,0.0,2.565279621015015e+18,,,ZTF24aabjbnu
ztf,60319.27821760019,2565278211015015051,2,2565278211015,20.2498,1,2565,4.14087,19.2082,19.3053,0.102696,0.1492,86.8111585,15.4449197,0.918571,t17_f5_c3,19.3708,0.2028,False,False,False,23.12.x,0.0,2.565279621015015e+18,,,ZTF24aabjbnu
ztf,60319.278680600226,2565278681015015039,2,2565278681015,20.1839,1,2565,3.74361,19.0961,19.0536,0.094323,0.1198,86.8110125,15.4449507,0.928571,t17_f5_c3,19.1702,0.1703,False,False,False,23.12.x,0.0,2.565280101015015e+18,,,ZTF24aabjbnu
ztf,60319.27915510023,2565279151015015038,2,2565279151015,20.261236,1,2565,3.4185185,19.275152,19.4055,0.10629174,0.1645,86.8109734,15.4450367,0.93142855,t17_f5_c3,19.2001,0.1743,True,False,False,23.12.x,0.0,,0.9999993,562120210.0,ZTF24aabjbnu
ztf,60319.27962959977,2565279621015015044,2,2565279621015,20.273535,1,2565,3.129773,19.114697,19.0225,0.09642408,0.1149,86.8108735,15.4450699,0.9285714,t17_f5_c3,19.0511,0.1508,True,False,False,23.12.x,0.0,,0.9999974,562120210.0,ZTF24aabjbnu
ztf,60319.28010419989,2565280101015015039,2,2565280101015,20.34514,1,2565,2.82374,19.183313,19.3116,0.08903086,0.1473,86.8107687,15.4451114,0.9442857,t17_f5_c3,19.3633,0.1975,True,False,False,23.12.x,0.0,,0.9999962,562120210.0,ZTF24aabjbnu
ztf,60319.280578699894,2565280571015015033,2,2565280571015,20.337513,1,2565,2.4264958,19.165482,19.0255,0.08645467,0.1135,86.810676,15.4451959,0.88,t17_f5_c3,19.0072,0.1424,True,False,False,23.12.x,0.0,,0.9999995,562120210.0,ZTF24aabjbnu
