tid,mjd,candid,fid,pid,diffmaglim,isdiffpos,nid,distnr,magpsf,magap,sigmapsf,sigmagap,ra,dec,rb,rbversion,magapbig,sigmagapbig,has_stamp,corrected,dubious,step_id_corr,phase,parent_candid,drb,rfid,oid
ztf,60317.41079859994,2563410793215015032,2,2563410793215,20.0214,1,2563,9.67921,19.104,18.9149,0.119461,0.1163,99.2411969,20.1651778,0.698571,t17_f5_c3,18.9557,0.1545,False,False,True,23.12.x,0.0,2.563411733215015e+18,,,ZTF24aabapet
ztf,60317.41126159998,2563411263215015040,2,2563411263215,19.944,1,2563,9.24475,19.1056,19.0622,0.139027,0.136,99.241076,20.165227,0.524286,t17_f5_c3,19.0242,0.1682,False,False,True,23.12.x,0.0,2.563412213215015e+18,,,ZTF24aabapet
ztf,60317.41173609998,2563411733215015034,2,2563411733215,19.946215,1,2563,8.64695,19.060831,19.0505,0.13025707,0.1367,99.2408885,20.1652316,0.7814286,t17_f5_c3,18.9954,0.1664,True,False,True,23.12.x,0.0,,0.99804294,563120232.0,ZTF24aabapet
ztf,60317.412210599985,2563412213215015042,2,2563412213215,20.01665,1,2563,8.139702,19.099037,19.0663,0.10492139,0.133,99.2407511,20.1652915,0.83285713,t17_f5_c3,18.9561,0.154,True,False,True,23.12.x,0.0,,0.99996746,563120232.0,ZTF24aabapet
ztf,60317.412685200106,2563412683215015038,2,2563412683215,20.153528,1,2563,7.717411,19.197075,19.3051,0.12792005,0.1541,99.2406415,20.165361,0.85142857,t17_f5_c3,19.1712,0.1747,True,False,True,23.12.x,0.0,,0.99998116,563120232.0,ZTF24aabapet
ztf,60317.41314810002,2563413143215015029,2,2563413143215,20.010983,1,2563,7.4042177,19.211597,19.2907,0.13003534,0.1635,99.2405359,20.1653404,0.79142857,t17_f5_c3,19.2329,0.1987,True,False,True,23.12.x,0.0,,0.9999144,563120232.0,ZTF24aabapet
ztf,60317.41362270014,2563413623215015040,2,2563413623215,20.040424,1,2563,6.8147063,19.169962,19.0557,0.112285346,0.1298,99.240351,20.1653477,0.7785714,t17_f5_c3,19.074,0.169,True,False,True,23.12.x,0.0,,0.9999837,563120232.0,ZTF24aabapet
ztf,60317.41409720015,2563414093215015034,2,2563414093215,19.936218,1,2563,6.3773117,19.337036,19.5431,0.1414147,0.2142,99.2402422,20.1654194,0.73,t17_f5_c3,19.5126,0.2671,True,False,True,23.12.x,0.0,,0.99696374,563120232.0,ZTF24aabapet
