tid,mjd,candid,fid,pid,diffmaglim,isdiffpos,nid,distnr,magpsf,magap,sigmapsf,sigmagap,ra,dec,rb,rbversion,magapbig,sigmagapbig,has_stamp,corrected,dubious,step_id_corr,phase,parent_candid,drb,rfid,oid
ztf,60319.14395829989,2565143951515015011,2,2565143951515,19.6537,1,2565,6.15289,18.3808,18.3907,0.083444,0.1083,86.0185044,15.6511043,0.942857,t17_f5_c3,18.2999,0.1274,False,False,False,23.12.x,0.0,2.565145371515015e+18,,,ZTF24aabgrlb
ztf,60319.14442129992,2565144421515015007,2,2565144421515,19.7015,1,2565,5.75696,18.2717,18.3828,0.06978,0.1108,86.0183906,15.651136,0.944286,t17_f5_c3,18.3866,0.142,False,False,False,23.12.x,0.0,2.565145371515015e+18,,,ZTF24aabgrlb
ztf,60319.144895799924,2565144891515015014,2,2565144891515,19.754,1,2565,5.47298,18.3257,18.2694,0.063226,0.0931,86.0183144,15.6511716,0.945714,t17_f5_c3,18.2738,0.1194,False,False,False,23.12.x,0.0,2.565145371515015e+18,,,ZTF24aabgrlb
ztf,60319.145370400045,2565145371515015005,2,2565145371515,19.89143,1,2565,4.997476,18.301992,18.1726,0.06299641,0.0727,86.0181824,15.6512156,0.9042857,t17_f5_c3,18.2176,0.0964,True,False,False,23.12.x,0.0,,1.0,562120215.0,ZTF24aabgrlb
ztf,60319.14583329996,2565145831515015016,2,2565145831515,19.88263,1,2565,4.6915627,18.308598,18.3191,0.06534826,0.0798,86.0180987,15.6512482,0.9285714,t17_f5_c3,18.2919,0.0992,True,False,False,23.12.x,0.0,,0.9999995,562120215.0,ZTF24aabgrlb
ztf,60319.14630790008,2565146301515015018,2,2565146301515,19.912243,1,2565,4.378639,18.29895,18.2679,0.05646643,0.0775,86.018009,15.6512743,0.94285715,t17_f5_c3,18.353,0.1068,True,False,False,23.12.x,0.0,,1.0,562120215.0,ZTF24aabgrlb
ztf,60319.14678240009,2565146781515015015,2,2565146781515,19.981535,1,2565,3.9893475,18.281578,18.3427,0.06378316,0.0719,86.0179025,15.6513171,0.89857143,t17_f5_c3,18.3408,0.0914,True,False,False,23.12.x,0.0,,0.9999995,562120215.0,ZTF24aabgrlb
ztf,60319.14724540012,2565147241515015009,2,2565147241515,20.061165,1,2565,3.6394985,18.302128,18.345,0.06004535,0.0717,86.0178045,15.6513409,0.94142854,t17_f5_c3,18.2645,0.0849,True,False,False,23.12.x,0.0,,0.9999999,562120215.0,ZTF24aabgrlb
