tid,mjd,candid,fid,pid,diffmaglim,isdiffpos,nid,distnr,magpsf,magap,sigmapsf,sigmagap,ra,dec,rb,rbversion,magapbig,sigmagapbig,has_stamp,corrected,dubious,step_id_corr,phase,parent_candid,drb,rfid,oid
ztf,60317.35049769981,2563350490515015012,2,2563350490515,19.9591,1,2563,5.30958,17.8405,17.8908,0.060045,0.0443,96.1201676,16.672717,0.825714,t17_f5_c3,17.91,0.057,False,False,False,23.12.x,0.0,2.563351900515015e+18,,,ZTF24aaazbax
ztf,60317.35097219981,2563350970515015010,2,2563350970515,20.0453,1,2563,5.43529,17.8164,17.8373,0.051416,0.0416,96.1200544,16.6727661,0.871429,t17_f5_c3,17.8038,0.051,False,False,False,23.12.x,0.0,2.563351900515015e+18,,,ZTF24aaazbax
ztf,60317.351435199846,2563351430515015013,2,2563351430515,20.0155,1,2563,5.59489,17.8869,17.9161,0.052361,0.045,96.1199352,16.6727746,0.907143,t17_f5_c3,17.9537,0.0588,False,False,True,23.12.x,0.0,2.563352840515015e+18,,,ZTF24aaazbax
ztf,60317.35190969985,2563351900515015015,2,2563351900515,19.9683,1,2563,5.49301,17.8944,17.8765,0.058916,0.0442,96.1197944,16.6727842,0.874286,t17_f5_c3,17.8426,0.0542,False,False,True,23.12.x,0.0,2.563353320515015e+18,,,ZTF24aaazbax
ztf,60317.35238429997,2563352380515015010,2,2563352380515,19.9204,1,2563,5.63833,17.8992,17.8657,0.073523,0.0434,96.1196685,16.6728496,0.795714,t17_f5_c3,17.8702,0.0551,False,False,True,23.12.x,0.0,2.563352840515015e+18,,,ZTF24aaazbax
ztf,60317.35284719989,2563352840515015009,2,2563352840515,19.967203,1,2563,5.611989,17.944414,17.9841,0.06776764,0.0479,96.1195393,16.6728555,0.86285716,t17_f5_c3,18.0014,0.0617,True,False,True,23.12.x,0.0,,0.99999547,563120205.0,ZTF24aaazbax
ztf,60317.35332180001,2563353320515015009,2,2563353320515,20.05653,1,2563,5.7444253,17.900492,17.9163,0.06656187,0.0445,96.1193776,16.6728966,0.9442857,t17_f5_c3,17.8982,0.0554,True,False,True,23.12.x,0.0,,0.9999987,563120205.0,ZTF24aaazbax
ztf,60317.353784699924,2563353780515015006,2,2563353780515,20.0334,1,2563,5.79765,17.9089,17.9915,0.052217,0.0486,96.11928,16.6729086,0.914286,t17_f5_c3,17.9761,0.0607,False,False,True,23.12.x,0.0,2.563354250515015e+18,,,ZTF24aaazbax
ztf,60317.354259300046,2563354250515015011,2,2563354250515,20.004925,1,2563,5.9127407,17.945333,17.8974,0.056392074,0.0444,96.1191514,16.6729245,0.87857145,t17_f5_c3,17.8747,0.0552,True,False,True,23.12.x,0.0,,0.99998736,563120205.0,ZTF24aaazbax
