tid,mjd,candid,fid,pid,diffmaglim,isdiffpos,nid,distnr,magpsf,magpsf_corr,magap,sigmapsf,sigmapsf_corr,sigmapsf_corr_ext,sigmagap,ra,dec,rb,rbversion,drb,magapbig,sigmagapbig,rfid,has_stamp,corrected,dubious,step_id_corr,phase,oid
ztf,61058.57614579983,3304576140215015023,2,3304576140215,18.548952,1,3304,1.104879,16.698828,14.776399,16.744,0.10255399,100.0,0.017457452,0.0708,263.6157758,-17.0402993,0.59,t17_f5_c3,0.96538585,16.6509,0.0827,1374120202,True,True,False,27.5.7a32.dev1,0.0,ZTF25aaysznd
ztf,61058.58155089989,3304581550215015060,2,3304581550215,17.772863,1,3304,0.52466875,16.820679,14.796199,16.9052,0.11567219,100.0,0.017924082,0.1696,263.6156491,-17.0401744,0.4942857,t17_f5_c3,0.9630021,16.8174,0.2006,1374120202,True,True,False,27.5.7a32.dev1,0.0,ZTF25aaysznd
ztf,61077.5602545999,3323560250215015150,2,3323560250215,19.359255,1,3323,0.2807205,16.818024,14.795787,16.804,0.049285892,100.0,0.007652932,0.0394,263.6155755,-17.0401664,0.69857144,t17_f5_c3,0.99960864,16.804,0.0491,1374120202,True,True,False,27.5.7a32.dev1,0.0,ZTF25aaysznd
ztf,61085.55487270001,3331554870215015016,2,3331554870215,20.256926,1,3331,0.41119665,17.336115,14.861723,17.3888,0.13015856,100.0,0.013326501,0.0372,263.6156225,-17.040141,0.57714283,t17_f5_c3,0.88471043,17.3683,0.0432,1374120202,True,True,False,27.5.7a32.dev1,0.0,ZTF25aaysznd
ztf,61085.55582180014,3331555825615015005,2,3331555825615,20.217747,1,3331,0.19756539,17.606365,14.901183,17.7366,0.114267394,100.0,0.009459094,0.0495,263.6155641,-17.0400877,0.56142855,t17_f5_c3,0.9997308,17.74,0.0591,1323120256,True,True,False,27.5.7a32.dev1,0.0,ZTF25aaysznd
ztf,61093.566701400094,3339566700215015211,2,3339566700215,18.828133,1,3339,0.6278387,16.969177,14.817921,16.9419,0.09162322,100.0,0.012632898,0.0611,263.6155853,-17.0399755,0.55857146,t17_f5_c3,0.5538459,16.9502,0.078,1374120202,True,True,False,27.5.7a32.dev1,0.0,ZTF25aaysznd
ztf,61099.54115739977,3345541150215015027,2,3345541150215,20.127619,1,3345,0.47435325,17.126717,14.83833,17.144,0.08337791,100.0,0.010132032,0.0315,263.6156346,-17.0401019,0.75714284,t17_f5_c3,0.99297434,17.1346,0.0373,1374120202,True,True,False,27.5.7a32.dev1,0.0,ZTF25aaysznd
ztf,61099.541631899774,3345541635615015007,2,3345541635615,19.883718,1,3345,0.36073568,17.025381,14.839376,17.13,0.09056657,100.0,0.0120938895,0.0353,263.6156084,-17.0401536,0.41857144,t17_f5_c3,0.9860875,17.1066,0.0416,1323120256,True,True,False,27.5.7a32.dev1,0.0,ZTF25aaysznd
