tid,mjd,candid,fid,pid,diffmaglim,isdiffpos,nid,distnr,magpsf,magpsf_corr,magap,sigmapsf,sigmapsf_corr,sigmapsf_corr_ext,sigmagap,ra,dec,rb,rbversion,magapbig,sigmagapbig,has_stamp,corrected,dubious,step_id_corr,phase,parent_candid,drb,rfid,oid
ztf,60317.19973379979,2563199734315015018,2,2563199734315,19.8764,1,2563,1.06237,19.3659,19.287222,19.2579,0.143228,0.13264029,0.1332161,0.1706,94.6631797,19.3714454,0.611429,t17_f5_c3,19.0538,0.1837,False,True,True,23.12.x,0.0,2.563201144315015e+18,,,ZTF24aaavaql
ztf,60317.20020829979,2563200204315015018,2,2563200204315,19.9016,1,2563,1.33233,19.3511,19.27345,19.4154,0.122117,0.11303009,0.11368838,0.1955,94.6630628,19.3714644,0.578571,t17_f5_c3,19.2895,0.2269,False,True,True,23.12.x,0.0,2.563201144315015e+18,,,ZTF24aaavaql
ztf,60317.200682899915,2563200684315015016,2,2563200684315,20.0623,1,2563,1.78911,19.253,,18.9916,0.126357,,,0.1209,94.6629004,19.371489,0.588571,t17_f5_c3,19.071,0.17,False,False,False,23.12.x,0.0,2.563202554315015e+18,,,ZTF24aaavaql
ztf,60317.20114579983,2563201144315015018,2,2563201144315,20.040703,1,2563,2.2417612,19.392477,,19.1785,0.11123119,,,0.1449,94.6627604,19.3714835,0.6085714,t17_f5_c3,19.1867,0.1916,True,False,False,23.12.x,0.0,,0.9999948,563120243.0,ZTF24aaavaql
ztf,60317.20162039995,2563201624315015020,2,2563201624315,20.099663,1,2563,2.3294194,19.249514,,19.2741,0.11855173,,,0.1529,94.662731,19.3714909,0.80285716,t17_f5_c3,19.2225,0.1925,True,False,False,23.12.x,0.0,,0.99999976,563120243.0,ZTF24aaavaql
ztf,60317.202094899956,2563202094315015029,2,2563202094315,19.9986,1,2563,2.70616,19.2984,,19.2057,0.122256,,,0.1507,94.6626037,19.3715532,0.698571,t17_f5_c3,19.1651,0.1909,False,False,False,23.12.x,0.0,2.563202554315015e+18,,,ZTF24aaavaql
ztf,60317.20255789999,2563202554315015012,2,2563202554315,20.059855,1,2563,3.15918,19.274458,,19.1048,0.11771434,,,0.1341,94.6624741,19.3715088,0.7014286,t17_f5_c3,19.3175,0.2146,True,False,False,23.12.x,0.0,,1.0,563120243.0,ZTF24aaavaql
ztf,60317.20303239999,2563203034315015018,2,2563203034315,20.009758,1,2563,3.4169843,19.279718,,19.0661,0.11750535,,,0.1331,94.6623963,19.3714969,0.62,t17_f5_c3,18.9864,0.1627,True,False,False,23.12.x,0.0,,1.0,563120243.0,ZTF24aaavaql
