tid,mjd,candid,fid,pid,diffmaglim,isdiffpos,nid,distnr,magpsf,magap,sigmapsf,sigmagap,ra,dec,rb,rbversion,magapbig,sigmagapbig,has_stamp,corrected,dubious,step_id_corr,phase,parent_candid,drb,rfid,oid
ztf,60319.34653940005,2565346533115015011,2,2565346533115,20.2796,1,2565,6.17077,18.4875,18.3445,0.059942,0.0648,85.8771509,17.7843989,0.928571,t17_f5_c3,18.1886,0.0716,False,False,True,23.12.x,0.0,2.565348423115015e+18,,,ZTF24aabklqz
ztf,60319.34701390006,2565347013115015009,2,2565347013115,20.249,1,2565,6.52259,18.4845,18.6068,0.056642,0.083,85.8770633,17.7844658,0.961429,t17_f5_c3,18.4392,0.0909,False,False,True,23.12.x,0.0,2.565348423115015e+18,,,ZTF24aabklqz
ztf,60319.34748840006,2565347483115015008,2,2565347483115,20.220503,1,2565,6.9269886,18.49521,18.3973,0.06827028,0.069,85.8769401,17.784471,0.9242857,t17_f5_c3,18.374,0.086,True,False,True,23.12.x,0.0,,0.9852339,562120231.0,ZTF24aabklqz
ztf,60319.347951400094,2565347953115015007,2,2565347953115,20.111546,1,2565,7.2499423,18.487982,18.5239,0.078177735,0.0785,85.8768658,17.7845511,0.8914286,t17_f5_c3,18.5699,0.1043,True,False,True,23.12.x,0.0,,0.93724394,562120231.0,ZTF24aabklqz
ztf,60319.3484259001,2565348423115015005,2,2565348423115,20.153677,1,2565,7.6327276,18.500063,18.4155,0.076794,0.0705,85.876747,17.7845512,0.93,t17_f5_c3,18.3502,0.0847,True,False,True,23.12.x,0.0,,0.95343894,562120231.0,ZTF24aabklqz
ztf,60319.34890050022,2565348903115015007,2,2565348903115,20.237556,1,2565,7.9513235,18.460611,18.3592,0.059185214,0.0665,85.8766639,17.7845958,0.95,t17_f5_c3,18.2976,0.08,True,False,True,23.12.x,0.0,,0.9894592,562120231.0,ZTF24aabklqz
ztf,60319.34937500022,2565349373115015010,2,2565349373115,20.295706,1,2565,8.331043,18.510313,18.4915,0.06762693,0.0733,85.8765636,17.7846476,0.9628571,t17_f5_c3,18.4724,0.0918,True,False,True,23.12.x,0.0,,0.9664159,562120231.0,ZTF24aabklqz
ztf,60319.34984950023,2565349843115015008,2,2565349843115,20.339018,1,2565,8.418958,18.474834,18.5204,0.06628698,0.0743,85.8764764,17.7846878,0.95857143,t17_f5_c3,18.5471,0.0969,True,False,True,23.12.x,0.0,,0.9493561,562120231.0,ZTF24aabklqz
ztf,60319.350312499795,2565350313115015007,2,2565350313115,20.303461,1,2565,8.095903,18.501595,18.4848,0.05629886,0.0727,85.8763841,17.7847234,0.6557143,t17_f5_c3,18.5331,0.0968,True,False,True,23.12.x,0.0,,0.96675706,562120231.0,ZTF24aabklqz
