tid,mjd,candid,fid,pid,diffmaglim,isdiffpos,nid,distnr,magpsf,magap,sigmapsf,sigmagap,ra,dec,rb,rbversion,magapbig,sigmagapbig,has_stamp,corrected,dubious,step_id_corr,phase,parent_candid,drb,rfid,oid
ztf,60317.277002300136,2563277002315015009,2,2563277002315,20.0703,1,2563,5.38451,19.2701,19.204,0.108143,0.1414,97.0517313,17.670912,0.847143,t17_f5_c3,19.2235,0.1843,False,False,False,23.12.x,0.0,2.563278882315015e+18,,,ZTF24aaaxjlw
ztf,60317.27747689979,2563277472315015008,2,2563277472315,20.154,1,2563,5.22306,19.3116,19.3366,0.128973,0.1519,97.0516684,17.6708988,0.782857,t17_f5_c3,19.4036,0.2068,False,False,False,23.12.x,0.0,2.563279362315015e+18,,,ZTF24aaaxjlw
ztf,60317.277951399796,2563277952315015010,2,2563277952315,20.1139,1,2563,4.75777,19.2114,19.043,0.0892,0.1215,97.0514952,17.6708719,0.807143,t17_f5_c3,19.0304,0.1537,False,False,False,23.12.x,0.0,2.563279362315015e+18,,,ZTF24aaaxjlw
ztf,60317.2784258998,2563278422315015010,2,2563278422315,20.1944,1,2563,4.559,19.3102,19.1182,0.097358,0.1228,97.0514259,17.6708769,0.774286,t17_f5_c3,19.1171,0.157,False,False,False,23.12.x,0.0,2.563279362315015e+18,,,ZTF24aaaxjlw
ztf,60317.27888889983,2563278882315015008,2,2563278882315,20.2113,1,2563,4.2524,19.3172,19.1273,0.10956,0.1225,97.0513064,17.6708602,0.782857,t17_f5_c3,19.0658,0.1482,False,False,False,23.12.x,0.0,2.563279362315015e+18,,,ZTF24aaaxjlw
ztf,60317.27936339984,2563279362315015007,2,2563279362315,20.2379,1,2563,4.24219,19.296755,19.2347,0.09691388,0.1356,97.0512458,17.6707968,0.86,t17_f5_c3,19.1405,0.1593,True,False,False,23.12.x,0.0,,,,ZTF24aaaxjlw
ztf,60317.27983799996,2563279832315015007,2,2563279832315,20.278887,1,2563,3.8680732,19.459114,19.4615,0.12805295,0.1588,97.0511038,17.6708059,0.7842857,t17_f5_c3,19.4735,0.2057,True,False,False,23.12.x,0.0,,0.99999166,563120223.0,ZTF24aaaxjlw
ztf,60317.280300899874,2563280302315015008,2,2563280302315,20.105,1,2563,3.79593,19.3725,19.28,0.1311,0.1478,97.0510317,17.67077,0.714286,t17_f5_c3,19.2356,0.1816,False,False,False,23.12.x,0.0,2.563280772315015e+18,,,ZTF24aaaxjlw
ztf,60317.280775499996,2563280772315015009,2,2563280772315,20.114727,1,2563,3.5467265,19.329708,19.3253,0.118694186,0.1559,97.0508871,17.6707522,0.8414286,t17_f5_c3,19.3476,0.2038,True,False,False,23.12.x,0.0,,0.99999917,563120223.0,ZTF24aaaxjlw
