tid,mjd,candid,fid,pid,diffmaglim,isdiffpos,nid,distnr,magpsf,magpsf_corr,magap,sigmapsf,sigmapsf_corr,sigmapsf_corr_ext,sigmagap,ra,dec,rb,rbversion,drb,magapbig,sigmagapbig,rfid,has_stamp,corrected,dubious,step_id_corr,phase,parent_candid,oid
ztf,61038.48988430016,3284489882615015006,2,3284489882615,20.011412,1,3284,0.52427745,19.457462,17.343788,19.287,0.1950605,100.0,0.027841937,0.174,175.7526699,67.501484,0.9114286,t17_f5_c3,0.9999928,19.1678,0.1964,843120226.0,True,True,False,27.5.7a32.dev1,0.0,,ZTF25acivjun
ztf,61054.38681709999,3300386812615015005,2,3300386812615,20.2286,1,3300,0.303654,19.3121,17.32181,19.5906,0.177495,100.0,0.02838379,0.2141,175.7524578,67.5015177,0.93,t17_f5_c3,,19.6749,0.2903,,False,True,False,27.5.7a32.dev1,0.0,3.320327482615015e+18,ZTF25acivjun
ztf,61056.30127310008,3302301272615015004,2,3302301272615,20.1863,1,3302,0.455279,19.2378,17.309582,19.709,0.213323,100.0,0.036120202,0.2671,175.7526229,67.50147,0.74,t17_f5_c3,,19.7523,0.3506,,False,True,False,27.5.7a32.dev1,0.0,3.320327482615015e+18,ZTF25acivjun
ztf,61060.32122689998,3306321222615015001,2,3306321222615,20.2786,1,3306,0.397542,19.1962,17.302425,19.4136,0.158717,100.0,0.02774046,0.1959,175.752564,67.5014995,0.872857,t17_f5_c3,,19.4319,0.2507,,False,True,False,27.5.7a32.dev1,0.0,3.320327482615015e+18,ZTF25acivjun
ztf,61065.34460650012,3311344602615015006,2,3311344602615,20.084621,1,3311,0.5289467,19.16809,17.297459,19.2142,0.17642158,100.0,0.03149917,0.159,175.7526537,67.5015133,0.92714286,t17_f5_c3,0.99986064,19.1751,0.1928,843120226.0,True,True,False,27.5.7a32.dev1,0.0,,ZTF25acivjun
ztf,61070.421157400124,3316421152615015004,2,3316421152615,19.4565,1,3316,0.420331,19.0109,17.267673,19.2232,0.170104,100.0,0.034152575,0.2562,175.7525467,67.5015211,0.94,t17_f5_c3,,19.2965,0.3497,,False,True,False,27.5.7a32.dev1,0.0,3.320327482615015e+18,ZTF25acivjun
ztf,61074.32748840004,3320327482615015002,2,3320327482615,19.440584,1,3320,0.54858834,19.11696,17.288153,19.0538,0.18003115,100.0,0.03340598,0.2676,175.7526906,67.5014743,0.9514286,t17_f5_c3,0.9995791,19.1952,0.3895,843120226.0,True,True,False,27.5.7a32.dev1,0.0,,ZTF25acivjun
