tid,mjd,candid,fid,pid,diffmaglim,isdiffpos,nid,distnr,magpsf,magap,sigmapsf,sigmagap,ra,dec,rb,rbversion,magapbig,sigmagapbig,has_stamp,corrected,dubious,step_id_corr,phase,parent_candid,drb,rfid,oid
ztf,60319.12651620014,2565126510715015037,2,2565126510715,18.9326,1,2565,4.59226,18.2993,18.2604,0.142778,0.1608,89.768039,15.2446188,0.655714,t17_f5_c3,18.3834,0.231,False,False,True,23.12.x,0.0,2.565127910715015e+18,,,ZTF24aabghuc
ztf,60319.12697920017,2565126970715015036,2,2565126970715,19.1395,1,2565,4.76697,18.2588,18.2527,0.128022,0.1291,89.7679857,15.2446265,0.578571,t17_f5_c3,18.5749,0.2226,False,False,True,23.12.x,0.0,2.565127910715015e+18,,,ZTF24aabghuc
ztf,60319.127453700174,2565127450715015045,2,2565127450715,19.3089,1,2565,5.16944,18.2111,18.1664,0.097217,0.1067,89.7678631,15.2446396,0.858571,t17_f5_c3,18.4611,0.1793,False,False,True,23.12.x,0.0,2.565127910715015e+18,,,ZTF24aabghuc
ztf,60319.12791670021,2565127910715015011,2,2565127910715,19.043396,1,2565,5.783861,18.162514,18.1651,0.099336445,0.1403,89.7676752,15.2446508,0.7557143,t17_f5_c3,18.37,0.2177,True,False,True,23.12.x,0.0,,0.9929029,562120207.0,ZTF24aabghuc
ztf,60319.12885419978,2565128850715015012,2,2565128850715,18.65839,1,2565,6.374971,18.13632,18.1083,0.14386185,0.1861,89.7674965,15.2446611,0.66,t17_f5_c3,18.4261,0.3206,True,False,True,23.12.x,0.0,,0.9996665,562120207.0,ZTF24aabghuc
ztf,60319.12932869978,2565129320715015036,2,2565129320715,18.378523,1,2565,6.6504846,18.218494,18.2709,0.18229638,0.2696,89.767423,15.2446986,0.6514286,t17_f5_c3,18.269,0.3465,True,False,True,23.12.x,0.0,,0.37092376,562120207.0,ZTF24aabghuc
ztf,60319.13027779991,2565130270715015012,2,2565130270715,19.002974,1,2565,7.638826,18.148392,18.0943,0.11535367,0.1233,89.7671164,15.244671,0.67,t17_f5_c3,18.3991,0.2125,True,False,True,23.12.x,0.0,,0.9980805,562120207.0,ZTF24aabghuc
