tid,mjd,candid,fid,pid,diffmaglim,isdiffpos,nid,distnr,magpsf,magap,sigmapsf,sigmagap,ra,dec,rb,rbversion,magapbig,sigmagapbig,has_stamp,corrected,dubious,step_id_corr,phase,parent_candid,drb,rfid,oid
ztf,60319.38141199993,2565381413115015020,2,2565381413115,20.1194,1,2565,7.84692,19.836,19.6421,0.163007,0.2296,85.9154952,17.5273438,0.625714,t17_f5_c3,19.6617,0.2999,False,False,True,23.12.x,0.0,2.565383293115015e+18,,,ZTF24aablcke
ztf,60319.38188660005,2565381883115015020,2,2565381883115,20.1287,1,2565,7.92055,19.7791,20.1052,0.140195,0.3494,85.9153856,17.5274314,0.695714,t17_f5_c3,20.2877,0.5302,False,False,True,23.12.x,0.0,2.565383773115015e+18,,,ZTF24aablcke
ztf,60319.38234949997,2565382343115015021,2,2565382343115,20.2256,1,2565,8.18618,19.9435,19.9742,0.141253,0.3001,85.9153191,17.5273945,0.725714,t17_f5_c3,19.7419,0.3109,False,False,True,23.12.x,0.0,2.565383773115015e+18,,,ZTF24aablcke
ztf,60319.38282410009,2565382823115015014,2,2565382823115,20.1694,1,2565,8.2826,19.6309,19.8016,0.140958,0.2627,85.9152814,17.5273991,0.79,t17_f5_c3,19.9044,0.3703,False,False,True,23.12.x,0.0,2.565385183115015e+18,,,ZTF24aablcke
ztf,60319.38329860009,2565383293115015020,2,2565383293115,20.097706,1,2565,8.601093,19.805029,19.4457,0.15776737,0.1932,85.9151586,17.5274042,0.47,t17_f5_c3,19.4873,0.2573,True,False,True,23.12.x,0.0,,0.99990785,562120231.0,ZTF24aablcke
ztf,60319.3837731001,2565383773115015019,2,2565383773115,20.107628,1,2565,8.864339,19.753069,19.7732,0.15263498,0.2607,85.9150485,17.5274198,0.70428574,t17_f5_c3,19.5321,0.268,True,False,True,23.12.x,0.0,,0.9999982,562120231.0,ZTF24aablcke
ztf,60319.38424770022,2565384243115015015,2,2565384243115,20.131607,1,2565,8.630806,19.749323,19.4375,0.1396799,0.1916,85.915064,17.527521,0.5714286,t17_f5_c3,19.4423,0.2469,True,False,True,23.12.x,0.0,,0.99942285,562120231.0,ZTF24aablcke
ztf,60319.384710600134,2565384713115015021,2,2565384713115,20.164272,1,2565,8.9507065,19.669111,19.526,0.14918323,0.2055,85.9149883,17.5274623,0.71,t17_f5_c3,19.6439,0.2934,True,False,True,23.12.x,0.0,,0.99999094,562120231.0,ZTF24aablcke
ztf,60319.38518519979,2565385183115015017,2,2565385183115,20.142912,1,2565,9.347273,19.725632,19.5375,0.1628421,0.2096,85.9148712,17.5274301,0.6842857,t17_f5_c3,19.428,0.243,True,False,True,23.12.x,0.0,,0.99996483,562120231.0,ZTF24aablcke
