tid,mjd,candid,fid,pid,diffmaglim,isdiffpos,nid,distnr,magpsf,magap,sigmapsf,sigmagap,ra,dec,rb,rbversion,magapbig,sigmagapbig,has_stamp,corrected,dubious,step_id_corr,phase,parent_candid,drb,rfid,oid
ztf,60318.223993100226,2564223994015015008,2,2564223994015,19.9742,1,2564,10.6917,18.6732,18.6075,0.088266,0.0886,127.3664448,70.4923423,0.847143,t17_f5_c3,18.5933,0.1117,False,False,True,23.12.x,0.0,2.564224934015015e+18,,,ZTF24aabdywm
ztf,60318.22445600014,2564224454015015007,2,2564224454015,20.0102,1,2564,10.7773,18.6025,18.4904,0.086869,0.0785,127.365892,70.4922689,0.704286,t17_f5_c3,18.4203,0.0939,False,False,True,23.12.x,0.0,2.564224934015015e+18,,,ZTF24aabdywm
ztf,60318.2249305998,2564224934015015007,2,2564224934015,20.04808,1,2564,10.819404,18.566732,18.579,0.07485149,0.0842,127.3653586,70.4922635,0.8542857,t17_f5_c3,18.4963,0.0997,True,False,True,23.12.x,0.0,,0.9999964,840120240.0,ZTF24aabdywm
ztf,60318.2254050998,2564225404015015010,2,2564225404015,19.956923,1,2564,10.611907,18.582731,18.595,0.104540356,0.0863,127.3649668,70.492185,0.74142855,t17_f5_c3,18.6279,0.1135,True,False,True,23.12.x,0.0,,0.99999297,840120240.0,ZTF24aabdywm
ztf,60318.225868099835,2564225864015015010,2,2564225864015,19.961357,1,2564,10.423956,18.617964,18.6499,0.07313383,0.0898,127.3644213,70.4920933,0.85,t17_f5_c3,18.616,0.1111,True,False,True,23.12.x,0.0,,0.9999951,840120240.0,ZTF24aabdywm
ztf,60318.22634259984,2564226344015015009,2,2564226344015,20.011349,1,2564,10.428043,18.590645,18.5293,0.08809192,0.0811,127.3640159,70.4920572,0.8528572,t17_f5_c3,18.4514,0.0963,True,False,True,23.12.x,0.0,,0.9999945,840120240.0,ZTF24aabdywm
