tid,mjd,candid,fid,pid,diffmaglim,isdiffpos,nid,distnr,magpsf,magap,sigmapsf,sigmagap,ra,dec,rb,rbversion,magapbig,sigmagapbig,has_stamp,corrected,dubious,step_id_corr,phase,parent_candid,drb,rfid,oid
ztf,60317.251099499874,2563251093215015015,2,2563251093215,20.4084,1,2563,4.62076,19.406,19.2047,0.120491,0.1159,99.2362658,20.4294314,0.705714,t17_f5_c3,19.1049,0.1351,False,False,False,23.12.x,0.0,2.563252983215015e+18,,,ZTF24aaawrin
ztf,60317.251574099995,2563251573215015011,2,2563251573215,20.3178,1,2563,4.86214,19.3976,19.3056,0.114295,0.1347,99.236153,20.4294789,0.771429,t17_f5_c3,19.3912,0.1862,False,False,False,23.12.x,0.0,2.563252983215015e+18,,,ZTF24aaawrin
ztf,60317.25203699991,2563252033215015014,2,2563252033215,20.3663,1,2563,4.63057,19.4731,19.4192,0.125255,0.1446,99.2360815,20.4295006,0.765714,t17_f5_c3,19.3337,0.1711,False,False,False,23.12.x,0.0,2.563252983215015e+18,,,ZTF24aaawrin
ztf,60317.25251160003,2563252513215015012,2,2563252513215,20.4019,1,2563,4.13336,19.3972,19.3536,0.110319,0.1329,99.2359306,20.4295182,0.818571,t17_f5_c3,19.4373,0.1833,False,False,False,23.12.x,0.0,2.563252983215015e+18,,,ZTF24aaawrin
ztf,60317.25298610004,2563252983215015017,2,2563252983215,20.310776,1,2563,3.9090729,19.475082,19.3633,0.1341792,0.1422,99.2358593,20.4295383,0.74,t17_f5_c3,19.2546,0.1646,True,False,False,23.12.x,0.0,,0.999995,563120232.0,ZTF24aaawrin
ztf,60317.25346060004,2563253463215015020,2,2563253463215,20.215595,1,2563,3.4318478,19.538624,19.8957,0.13428631,0.2425,99.2357163,20.4295218,0.6457143,t17_f5_c3,19.9986,0.3419,True,False,False,23.12.x,0.0,,0.9999999,563120232.0,ZTF24aaawrin
ztf,60317.253923600074,2563253923215015009,2,2563253923215,20.2286,1,2563,2.97719,19.4141,19.5338,0.142395,0.1736,99.2355714,20.4295474,0.737143,t17_f5_c3,19.515,0.2185,False,False,False,23.12.x,0.0,2.563254873215015e+18,,,ZTF24aaawrin
ztf,60317.25439810008,2563254393215015008,2,2563254393215,20.264002,1,2563,2.7744844,19.36578,19.4855,0.11827326,0.1652,99.2355051,20.4295637,0.81857145,t17_f5_c3,19.3486,0.1867,True,False,False,23.12.x,0.0,,0.9999989,563120232.0,ZTF24aaawrin
ztf,60317.2548727002,2563254873215015011,2,2563254873215,20.306253,1,2563,2.5289721,19.335632,19.2095,0.10542652,0.1239,99.2354252,20.4295739,0.8057143,t17_f5_c3,19.121,0.1462,True,False,False,23.12.x,0.0,,1.0,563120232.0,ZTF24aaawrin
