tid,mjd,candid,fid,pid,diffmaglim,isdiffpos,nid,distnr,magpsf,magap,sigmapsf,sigmagap,ra,dec,rb,rbversion,magapbig,sigmagapbig,has_stamp,corrected,dubious,step_id_corr,phase,parent_candid,drb,rfid,oid
ztf,60317.2784258998,2563278426215015025,2,2563278426215,20.0383,1,2563,10.7336,18.6909,18.776,0.109202,0.098,92.113176,21.3402494,0.622857,t17_f5_c3,18.7062,0.1173,False,False,True,23.12.x,0.0,2.563278886215015e+18,,,ZTF24aaaxldq
ztf,60317.27888889983,2563278886215015027,2,2563278886215,20.0982,1,2563,10.6135,18.7127,18.7448,0.087171,0.0929,92.1130638,21.3402598,0.808571,t17_f5_c3,18.776,0.1219,False,False,True,23.12.x,0.0,2.563279366215015e+18,,,ZTF24aaaxldq
ztf,60317.27936339984,2563279366215015040,2,2563279366215,20.15858,1,2563,10.4882965,18.69957,18.7434,0.092626974,0.0905,92.1129247,21.3402777,0.8428571,t17_f5_c3,18.7793,0.1191,True,False,True,23.12.x,0.0,,0.999998,563120262.0,ZTF24aaaxldq
