tid,mjd,candid,fid,pid,diffmaglim,isdiffpos,nid,distnr,magpsf,magap,sigmapsf,sigmagap,ra,dec,rb,rbversion,magapbig,sigmagapbig,has_stamp,corrected,dubious,step_id_corr,phase,parent_candid,drb,rfid,oid
ztf,60319.21601849981,2565216015915015007,2,2565216015915,20.0909,1,2565,4.82309,18.6916,18.6185,0.096031,0.0855,87.9076892,21.5811754,0.861429,t17_f5_c3,18.5018,0.098,False,False,False,23.12.x,0.0,2.565217905915015e+18,,,ZTF24aabhybq
ztf,60319.21649309993,2565216495915015005,2,2565216495915,20.0732,1,2565,4.77788,18.6757,18.6479,0.085569,0.089,87.9076118,21.5811871,0.852857,t17_f5_c3,18.5751,0.106,False,False,False,23.12.x,0.0,2.565217905915015e+18,,,ZTF24aabhybq
ztf,60319.216955999844,2565216955915015005,2,2565216955915,20.1613,1,2565,4.71227,18.7136,18.7945,0.08142,0.0973,87.9074702,21.5812019,0.901429,t17_f5_c3,18.7398,0.1179,False,False,False,23.12.x,0.0,2.565217905915015e+18,,,ZTF24aabhybq
ztf,60319.217430599965,2565217435915015007,2,2565217435915,20.214481,1,2565,4.497882,18.716091,18.7226,0.07912038,0.0895,87.9073372,21.5811587,0.92142856,t17_f5_c3,18.8193,0.1245,True,False,False,23.12.x,0.0,,0.9999985,562120259.0,ZTF24aabhybq
ztf,60319.21790509997,2565217905915015008,2,2565217905915,20.18889,1,2565,4.601169,18.713573,18.6905,0.081164904,0.0873,87.907262,21.5811945,0.81142855,t17_f5_c3,18.7375,0.116,True,False,False,23.12.x,0.0,,0.9999957,562120259.0,ZTF24aabhybq
ztf,60319.21837959997,2565218375915015007,2,2565218375915,20.039106,1,2565,4.651605,18.679922,18.6826,0.07392049,0.0865,87.9071058,21.581208,0.73714286,t17_f5_c3,18.6791,0.1098,True,False,False,23.12.x,0.0,,0.99999857,562120259.0,ZTF24aabhybq
