tid,mjd,candid,fid,pid,diffmaglim,isdiffpos,nid,distnr,magpsf,magap,sigmapsf,sigmagap,ra,dec,rb,rbversion,magapbig,sigmagapbig,has_stamp,corrected,dubious,step_id_corr,phase,parent_candid,drb,rfid,oid
ztf,60317.22093749978,2563220932815015012,2,2563220932815,20.3642,1,2563,11.0968,20.0096,19.6661,0.155566,0.1842,92.8905262,18.5859512,0.421429,t17_f5_c3,19.5299,0.2112,False,False,True,23.12.x,0.0,2.563222362815015e+18,,,ZTF24aaavqwv
ztf,60317.22141199978,2563221412815015009,2,2563221412815,20.2076,1,2563,10.9946,20.061,19.7508,0.190673,0.2194,92.8903814,18.5860533,0.507143,t17_f5_c3,20.0318,0.3666,False,False,True,23.12.x,0.0,2.563222362815015e+18,,,ZTF24aaavqwv
ztf,60317.2218865999,2563221882815015009,2,2563221882815,20.2946,1,2563,10.69,20.0153,19.8695,0.17998,0.2357,92.8902766,18.5860321,0.687143,t17_f5_c3,19.7912,0.2831,False,False,True,23.12.x,0.0,2.563222362815015e+18,,,ZTF24aaavqwv
ztf,60317.222361099906,2563222362815015011,2,2563222362815,20.267595,1,2563,10.477258,20.096727,20.4486,0.1642284,0.4056,92.890215,18.5860115,0.69142854,t17_f5_c3,20.3526,0.479,True,False,True,23.12.x,0.0,,0.00131232,563120228.0,ZTF24aaavqwv
ztf,60317.22331020003,2563223312815015012,2,2563223312815,20.256443,1,2563,9.803338,19.936213,19.9137,0.16790663,0.2495,92.8899177,18.5860022,0.6957143,t17_f5_c3,19.7398,0.2734,True,False,True,23.12.x,0.0,,0.00158709,563120228.0,ZTF24aaavqwv
ztf,60317.223784700036,2563223782815015011,2,2563223782815,20.218033,1,2563,9.772018,19.954365,20.0025,0.14760058,0.2741,92.8898489,18.5860433,0.6542857,t17_f5_c3,20.1431,0.4004,True,False,True,23.12.x,0.0,,0.71525383,563120228.0,ZTF24aaavqwv
ztf,60317.22424770007,2563224242815015012,2,2563224242815,20.187832,1,2563,9.501913,20.017593,20.0417,0.18029259,0.2907,92.8897217,18.5860374,0.6242857,t17_f5_c3,19.9395,0.3396,True,False,True,23.12.x,0.0,,0.7678356,563120228.0,ZTF24aaavqwv
ztf,60317.22472220007,2563224722815015011,2,2563224722815,20.222586,1,2563,9.335382,20.004595,20.0806,0.207067,0.2929,92.8894991,18.586121,0.68857145,t17_f5_c3,20.5336,0.5702,True,False,True,23.12.x,0.0,,0.7406299,563120228.0,ZTF24aaavqwv
