tid,mjd,candid,fid,pid,diffmaglim,isdiffpos,nid,distnr,magpsf,magpsf_corr,magap,sigmapsf,sigmapsf_corr,sigmapsf_corr_ext,sigmagap,ra,dec,rb,rbversion,drb,magapbig,sigmagapbig,rfid,has_stamp,corrected,dubious,step_id_corr,phase,parent_candid,oid
ztf,61065.5690394002,3311569034115015008,2,3311569034115,19.233461,1,3311,0.72766346,17.899199,15.398665,17.9645,0.12091977,100.0,0.012086038,0.0991,270.266962,-5.1349427,0.80285716,t17_f5_c3,0.99776375,17.9384,0.122,1428120241.0,True,True,False,27.5.7a32.dev1,0.0,,ZTF23aampihl
ztf,61072.564317100216,3318564314115015008,2,3318564314115,18.980736,1,3318,0.38450515,18.193758,15.424762,18.2194,0.10963131,100.0,0.008557288,0.1584,270.2668562,-5.1347972,0.8371429,t17_f5_c3,0.99999475,18.3793,0.2335,1428120241.0,True,True,False,27.5.7a32.dev1,0.0,,ZTF23aampihl
ztf,61099.544027800206,3345544024115010016,2,3345544024115,20.121832,-1,3345,0.05548694,17.960878,15.633342,17.9888,0.06319884,100.0,0.007407891,0.0633,270.2669424,-5.1347224,0.8542857,t17_f5_c3,0.9999999,17.9533,0.0755,1428120241.0,True,True,False,27.5.7a32.dev1,0.0,,ZTF23aampihl
ztf,61099.544027800206,3345544024115030016,2,3345544024115,20.1218,-1,3345,0.055487,17.9609,15.63334,17.9888,0.063199,100.0,0.0074077495,0.0633,270.2669424,-5.1347224,0.854286,t17_f5_c3,,17.9533,0.0755,,False,True,False,27.5.7a32.dev1,0.0,3.35353481411501e+18,ZTF23aampihl
ztf,61105.53738430003,3351537384115010011,2,3351537384115,19.67139,-1,3351,0.6749081,17.831448,15.649575,17.9023,0.13929483,100.0,0.018671798,0.0779,270.266997,-5.1349217,0.7714286,t17_f5_c3,0.9985013,17.9195,0.0992,1428120241.0,True,True,False,27.5.7a32.dev1,0.0,,ZTF23aampihl
ztf,61106.53608800005,3352536084115010009,2,3352536084115,19.184608,-1,3352,0.70369834,18.075035,15.620714,17.9619,0.11667806,100.0,0.012169167,0.086,270.267116,-5.1348432,0.76,t17_f5_c3,0.9999857,17.9796,0.1098,1428120241.0,True,True,False,27.5.7a32.dev1,0.0,,ZTF23aampihl
ztf,61107.534814800136,3353534814115010010,2,3353534814115,18.977306,-1,3353,1.1580392,17.998178,15.629052,18.1588,0.09883178,100.0,0.011149266,0.0973,270.2668816,-5.1350575,0.65,t17_f5_c3,0.97449154,18.1575,0.1225,1428120241.0,True,True,False,27.5.7a32.dev1,0.0,,ZTF23aampihl
