tid,mjd,candid,fid,pid,diffmaglim,isdiffpos,nid,distnr,magpsf,magap,sigmapsf,sigmagap,ra,dec,rb,rbversion,magapbig,sigmagapbig,has_stamp,corrected,dubious,step_id_corr,phase,parent_candid,drb,rfid,oid
ztf,60319.12885419978,2565128850715015010,2,2565128850715,18.6584,1,2565,15.5574,18.3113,18.2014,0.163599,0.2021,89.5052714,15.7982541,0.671429,t17_f5_c3,18.5362,0.3527,False,False,True,23.12.x,0.0,2.565130270715015e+18,,,ZTF24aabgnuf
ztf,60319.12932869978,2565129320715015029,2,2565129320715,18.3785,1,2565,15.0999,18.1495,18.0325,0.157934,0.2167,89.5051834,15.7983705,0.654286,t17_f5_c3,17.9827,0.2655,False,False,True,23.12.x,0.0,2.565130270715015e+18,,,ZTF24aabgnuf
ztf,60319.12980319979,2565129800715015022,2,2565129800715,18.1919,1,2565,14.6433,18.335,18.303,0.2395,0.2983,89.5050459,15.7983993,0.454286,t17_f5_c3,18.4358,0.4329,False,False,True,23.12.x,0.0,2.565131680715015e+18,,,ZTF24aabgnuf
ztf,60319.13027779991,2565130270715015008,2,2565130270715,19.002974,1,2565,14.190626,18.336391,18.5339,0.15678352,0.1831,89.5049158,15.798432,0.6185714,t17_f5_c3,18.3649,0.2011,True,False,True,23.12.x,0.0,,0.9994403,562120207.0,ZTF24aabgnuf
ztf,60319.13168979995,2565131680715015077,2,2565131680715,19.366472,1,2565,13.489475,18.272959,18.2501,0.09170925,0.1122,89.504683,15.7984364,0.80285716,t17_f5_c3,18.3552,0.1582,True,False,True,23.12.x,0.0,,0.99999905,562120207.0,ZTF24aabgnuf
