tid,mjd,candid,fid,pid,diffmaglim,isdiffpos,nid,distnr,magpsf,magap,sigmapsf,sigmagap,ra,dec,rb,rbversion,magapbig,sigmagapbig,has_stamp,corrected,dubious,step_id_corr,phase,parent_candid,drb,rfid,oid
ztf,60319.17363430001,2565173633915015008,2,2565173633915,19.9996,1,2565,3.56462,19.6815,19.5687,0.158541,0.2297,90.1664377,19.7409404,0.612857,t17_f5_c3,19.406,0.2539,False,False,False,23.12.x,0.0,2.565175503915015e+18,,,ZTF24aabhgai
ztf,60319.174097199924,2565174093915015009,2,2565174093915,20.1391,1,2565,3.55307,19.7241,19.7269,0.176636,0.2459,90.1663786,19.7409268,0.655714,t17_f5_c3,19.676,0.3009,False,False,False,23.12.x,0.0,2.565175503915015e+18,,,ZTF24aabhgai
ztf,60319.174571800046,2565174573915015007,2,2565174573915,20.1376,1,2565,3.65346,19.6442,19.6945,0.139999,0.2377,90.1662938,19.74093,0.672857,t17_f5_c3,19.6093,0.2823,False,False,False,23.12.x,0.0,2.565175503915015e+18,,,ZTF24aabhgai
ztf,60319.17504630005,2565175043915015006,2,2565175043915,20.1516,1,2565,3.64765,19.5812,19.3712,0.123946,0.1764,90.1661992,19.7408948,0.69,t17_f5_c3,19.3441,0.2208,False,False,False,23.12.x,0.0,2.565176933915015e+18,,,ZTF24aabhgai
ztf,60319.17550930008,2565175503915015007,2,2565175503915,20.158659,1,2565,3.848474,19.501501,19.5677,0.11695237,0.2131,90.1660974,19.7409092,0.8242857,t17_f5_c3,19.5238,0.2628,True,False,False,23.12.x,0.0,,0.99989957,562120239.0,ZTF24aabhgai
ztf,60319.17598380009,2565175983915015008,2,2565175983915,20.105713,1,2565,3.9708416,19.622648,19.876,0.12791856,0.2955,90.1659858,19.7408865,0.69714284,t17_f5_c3,19.878,0.3802,True,False,False,23.12.x,0.0,,0.9999923,562120239.0,ZTF24aabhgai
ztf,60319.17693290021,2565176933915015008,2,2565176933915,20.085138,1,2565,4.147736,19.6121,19.4246,0.13444208,0.1992,90.1658504,19.740856,0.63857144,t17_f5_c3,19.274,0.2229,True,False,False,23.12.x,0.0,,0.9999559,562120239.0,ZTF24aabhgai
ztf,60319.17739580013,2565177393915015008,2,2565177393915,20.145008,1,2565,4.372642,19.550243,19.465,0.111188866,0.1961,90.1657205,19.7408306,0.7985714,t17_f5_c3,19.73,0.3216,True,False,False,23.12.x,0.0,,0.9999996,562120239.0,ZTF24aabhgai
