tid,mjd,candid,fid,pid,diffmaglim,isdiffpos,nid,distnr,magpsf,magap,sigmapsf,sigmagap,ra,dec,rb,rbversion,magapbig,sigmagapbig,has_stamp,corrected,dubious,step_id_corr,phase,parent_candid,drb,rfid,oid
ztf,60319.32063659979,2565320630215015026,2,2565320630215,20.3924,1,2565,8.59601,18.9196,18.8931,0.090169,0.0984,90.6520201,15.4533349,0.971429,t17_f5_c3,18.8349,0.1191,False,False,True,23.12.x,0.0,2.565322040215015e+18,,,ZTF24aabjypk
ztf,60319.321111099795,2565321110215015028,2,2565321110215,20.3548,1,2565,8.82603,18.9585,19.1156,0.095033,0.1225,90.6519172,15.4533757,0.971429,t17_f5_c3,18.9866,0.1391,False,False,True,23.12.x,0.0,2.565322040215015e+18,,,ZTF24aabjypk
ztf,60319.32157409983,2565321570215015027,2,2565321570215,20.3772,1,2565,8.98472,18.8807,18.9842,0.090173,0.1084,90.6518149,15.4533953,0.971429,t17_f5_c3,18.7566,0.1123,False,False,True,23.12.x,0.0,2.565322040215015e+18,,,ZTF24aabjypk
ztf,60319.32204859983,2565322040215015036,2,2565322040215,20.402185,1,2565,9.037605,18.958714,18.9559,0.09297429,0.104,90.6517036,15.4533743,0.9685714,t17_f5_c3,18.8558,0.1211,True,False,True,23.12.x,0.0,,0.99999774,562120202.0,ZTF24aabjypk
ztf,60319.322511599865,2565322510215015033,2,2565322510215,20.37828,1,2565,9.382624,18.966066,18.8641,0.08360517,0.0979,90.6515672,15.4534258,0.9714286,t17_f5_c3,18.9333,0.1329,True,False,True,23.12.x,0.0,,0.9999982,562120202.0,ZTF24aabjypk
ztf,60319.32298609987,2565322980215015030,2,2565322980215,20.414818,1,2565,9.522296,18.969215,19.0552,0.093345486,0.1139,90.6514772,15.4534343,0.9614286,t17_f5_c3,19.1015,0.1517,True,False,True,23.12.x,0.0,,0.9999999,562120202.0,ZTF24aabjypk
ztf,60319.32346059987,2565323460215015021,2,2565323460215,20.36554,1,2565,9.772255,18.940273,18.9586,0.11355525,0.1067,90.6513678,15.453473,0.96,t17_f5_c3,18.8214,0.1202,True,False,True,23.12.x,0.0,,0.9998987,562120202.0,ZTF24aabjypk
ztf,60319.323935199995,2565323930215015035,2,2565323930215,20.369854,1,2565,9.672634,18.993004,18.9401,0.08901278,0.1044,90.6512577,15.4534858,0.97,t17_f5_c3,18.8569,0.1234,True,False,True,23.12.x,0.0,,0.99929845,562120202.0,ZTF24aabjypk
ztf,60319.3244097,2565324400215015037,2,2565324400215,20.413406,1,2565,9.644989,18.95443,18.9078,0.095878795,0.0991,90.6511369,15.4535134,0.96,t17_f5_c3,18.7827,0.1128,True,False,True,23.12.x,0.0,,0.9999956,562120202.0,ZTF24aabjypk
