tid,mjd,candid,fid,pid,diffmaglim,isdiffpos,nid,distnr,magpsf,magpsf_corr,magap,sigmapsf,sigmapsf_corr,sigmapsf_corr_ext,sigmagap,ra,dec,rb,rbversion,magapbig,sigmagapbig,has_stamp,corrected,dubious,step_id_corr,phase,parent_candid,drb,rfid,oid
ztf,59878.46175929997,2124461751215015021,2,2124461751215,19.8974,1,2124,0.284978,19.4398,16.727797,19.9209,0.226232,100.0,0.018610258,0.3607,79.5770146,-26.9079762,0.785714,t17_f5_c3,19.9429,0.4639,False,True,False,1.1.6,0.0,2.1473766512150152e+18,,,ZTF22abuumrb
ztf,59901.37665509991,2147376651215015160,1,2147376651215,18.21834,1,2147,0.2834021,18.18664,16.95003,17.9849,0.18430611,0.056505114,0.059005924,0.3003,79.5769627,-26.9078355,0.63714284,t17_f5_c3,17.826,0.3325,True,True,False,1.1.6,0.0,,0.99812174,256120112.0,ZTF22abuumrb
ztf,59901.39797449997,2147397971215015221,2,2147397971215,19.084187,1,2147,0.2080898,18.768127,16.653881,19.1178,0.15074126,100.0,0.02150473,0.3821,79.5770381,-26.9079183,0.57857144,t17_f5_c3,19.0612,0.4636,True,True,False,1.1.6,0.0,,0.9999368,256120212.0,ZTF22abuumrb
ztf,60236.46968750004,2482469681215015023,2,2482469681215,19.8343,1,2482,0.678134,19.1221,16.697853,19.8481,0.2601,100.0,0.027889527,0.3414,79.5769843,-26.908099,0.584286,t17_f5_c3,19.3531,0.273,False,True,False,1.2.1,0.0,2.484481301215015e+18,,,ZTF22abuumrb
ztf,60238.481307900045,2484481301215015014,2,2484481301215,20.090475,1,2484,0.54491043,19.447191,16.728403,20.1297,0.20161502,100.0,0.0164819,0.4182,79.5770851,-26.9080253,0.6785714,t17_f5_c3,19.748,0.3702,True,True,False,1.2.1,0.0,,0.64243525,256120212.0,ZTF22abuumrb
ztf,60724.14835650008,2970148351215015023,2,2970148351215,19.532684,1,2970,0.3377044,19.18432,16.704357,19.3162,0.17727467,100.0,0.01805764,0.2595,79.5769134,-26.9079874,0.87857145,t17_f5_c3,19.1413,0.2799,True,True,False,26.0.1,0.0,,0.99990904,256120212.0,ZTF22abuumrb
ztf,61029.33506939979,3275335061215015023,2,3275335061215,19.96141,1,3275,0.13906619,19.160742,16.701931,19.7827,0.21249357,100.0,0.02207097,0.305,79.5769979,-26.907938,0.7271429,t17_f5_c3,19.6276,0.3324,True,True,False,27.5.7a32.dev1,0.0,,0.9998778,256120212.0,ZTF22abuumrb
