tid,mjd,candid,fid,pid,diffmaglim,isdiffpos,nid,distnr,magpsf,magpsf_corr,magap,sigmapsf,sigmapsf_corr,sigmapsf_corr_ext,sigmagap,ra,dec,rb,rbversion,drb,magapbig,sigmagapbig,rfid,has_stamp,corrected,dubious,step_id_corr,phase,parent_candid,oid
ztf,60673.573923599906,2919573924515010001,2,2919573924515,18.946882,-1,2919,0.33254215,14.122513,13.1538725,14.154,0.018669784,100.0,0.0076503833,0.0051,251.8219324,2.6465238,0.74,t17_f5_c3,0.99908644,14.1473,0.0059,1477120245.0,True,True,False,26.0.1,0.0,,ZTF23aamnjpa
ztf,60673.57439809991,2919574394515010006,2,2919574394515,18.904802,-1,2919,0.27254134,14.087612,13.168505,14.0828,0.020050447,100.0,0.008599654,0.0049,251.8219011,2.6465529,0.70285714,t17_f5_c3,0.9989559,14.0775,0.0057,1477120245.0,True,True,False,26.0.1,0.0,,ZTF23aamnjpa
ztf,60673.57486109994,2919574864515010002,2,2919574864515,18.797602,-1,2919,0.28773877,14.154174,13.141161,14.1577,0.01170535,100.0,0.004604465,0.0054,251.8219054,2.6465444,0.75714284,t17_f5_c3,0.99983954,14.1453,0.0063,1477120245.0,True,True,False,26.0.1,0.0,,ZTF23aamnjpa
ztf,60679.56328700017,2925563284515010016,2,2925563284515,19.152405,-1,2925,0.28602535,14.44345,13.045599,14.4894,0.026332326,100.0,0.0072668954,0.0057,251.8218784,2.6465708,0.69142854,t17_f5_c3,0.9772393,14.4693,0.0062,1477120245.0,True,True,False,26.0.1,0.0,,ZTF23aamnjpa
ztf,60679.56618059985,2925566184515010013,2,2925566184515,19.030884,-1,2925,0.078766115,14.535785,13.021441,14.5666,0.029275106,100.0,0.0072570704,0.0066,251.8219494,2.6465961,0.7442857,t17_f5_c3,0.99661136,14.5511,0.0072,1477120245.0,True,True,False,26.0.1,0.0,,ZTF23aamnjpa
ztf,60679.569085599855,2925569084515010009,2,2925569084515,19.110935,-1,2925,0.3311938,14.678246,12.98884,14.7356,0.034215644,100.0,0.007218759,0.0076,251.8219681,2.6465275,0.7557143,t17_f5_c3,0.9989599,14.723,0.0083,1477120245.0,True,True,False,26.0.1,0.0,,ZTF23aamnjpa
ztf,61070.56343750004,3316563434515010011,2,3316563434515,19.7476,-1,3316,0.425795,13.7308,13.366729,13.8023,0.015889,100.0,0.011362352,0.0026,251.8219079,2.6465018,0.594286,t17_f5_c3,,13.7743,0.0027,,False,True,False,27.5.7a32.dev1,0.0,3.32256028451501e+18,ZTF23aamnjpa
ztf,61076.560289400164,3322560284515010001,2,3322560284515,19.096245,-1,3322,0.53997105,15.320637,12.891077,15.6033,0.09561127,100.0,0.010201994,0.0202,251.8219806,2.6464701,0.53,t17_f5_c3,0.52587074,15.62,0.0238,1477120245.0,True,True,False,27.5.7a32.dev1,0.0,,ZTF23aamnjpa
