tid,mjd,candid,fid,pid,diffmaglim,isdiffpos,nid,distnr,magpsf,magap,sigmapsf,sigmagap,ra,dec,rb,rbversion,drb,magapbig,sigmagapbig,rfid,has_stamp,corrected,dubious,step_id_corr,phase,magpsf_corr,sigmapsf_corr,sigmapsf_corr_ext,parent_candid,oid
ztf,60363.49660879979,2609496605715015021,2,2609496605715,16.254976,1,2609,1.9479209,15.609191,16.0132,0.15273723,0.1434,265.8560437,7.9982842,0.43571427,t17_f5_c3,0.69065416,15.987,0.1779,485120257.0,True,False,True,23.12.x,0.0,,,,,ZTF24aagfltg
ztf,60695.56207180023,2941562075715015001,2,2941562075715,18.802671,1,2941,2.0795083,15.386224,16.1089,0.06419778,0.0236,265.8559738,7.9984578,0.3857143,t17_f5_c3,0.03105152,16.0598,0.0254,485120257.0,True,False,False,26.0.1,0.0,,,,,ZTF24aagfltg
ztf,60944.16228009993,3190162285715015008,1,3190162285715,20.1349,1,3190,1.24833,15.8043,16.1057,0.091464,0.0168,265.8557466,7.9983455,0.48,t17_f5_c3,,16.1041,0.0179,,False,True,False,27.5.6,0.0,13.49605,100.0,0.010913146,3.211151675715015e+18,ZTF24aagfltg
ztf,60949.143344900105,3195143345715015007,1,3195143345715,19.8348,1,3195,0.79666,15.5634,15.838,0.110588,0.0153,265.8556869,7.9982283,0.492857,t17_f5_c3,,15.8334,0.0171,,False,True,False,27.5.6,0.0,13.464335,100.0,0.01599861,3.211151675715015e+18,ZTF24aagfltg
ztf,60965.15167819988,3211151675715015012,1,3211151675715,19.715973,1,3211,1.076274,15.641547,15.8007,0.10699744,0.015,265.8557948,7.9982332,0.5714286,t17_f5_c3,0.4606292,15.7772,0.0163,485120157.0,True,True,False,27.5.6,0.0,13.475299,100.0,0.014550375,,ZTF24aagfltg
