tid,mjd,candid,fid,pid,diffmaglim,isdiffpos,nid,distnr,magpsf,magap,sigmapsf,sigmagap,ra,dec,rb,rbversion,magapbig,sigmagapbig,has_stamp,corrected,dubious,step_id_corr,phase,parent_candid,drb,rfid,oid
ztf,60319.55497690011,2565554975015015005,2,2565554975015,19.978,1,2565,4.01988,20.0033,20.5843,0.189219,0.6245,153.680148,7.0458737,0.618571,t17_f5_c3,20.1779,0.5519,False,False,False,23.12.x,0.0,2.565557805015015e+18,,,ZTF24aabnhti
ztf,60319.555439800024,2565555435015015009,2,2565555435015,19.9587,1,2565,3.99908,19.961,19.9992,0.191774,0.3519,153.6801053,7.0458791,0.562857,t17_f5_c3,20.1084,0.4996,False,False,False,23.12.x,0.0,2.565557805015015e+18,,,ZTF24aabnhti
ztf,60319.555914400145,2565555915015015007,2,2565555915015,19.9706,1,2565,3.36357,19.9384,19.4928,0.228199,0.2297,153.6799906,7.0457201,0.314286,t17_f5_c3,19.4785,0.2909,False,False,False,23.12.x,0.0,2.565558735015015e+18,,,ZTF24aabnhti
ztf,60319.55638890015,2565556385015015006,2,2565556385015,20.025,1,2565,3.78531,19.9951,20.3263,0.188393,0.459,153.6798869,7.0458503,0.738571,t17_f5_c3,20.4186,0.642,False,False,False,23.12.x,0.0,2.565558735015015e+18,,,ZTF24aabnhti
ztf,60319.55685190018,2565556855015015008,2,2565556855015,20.0229,1,2565,3.67996,20.1733,20.3123,0.25872,0.4556,153.6798447,7.0458218,0.264286,t17_f5_c3,20.1412,0.4997,False,False,False,23.12.x,0.0,2.565558735015015e+18,,,ZTF24aabnhti
ztf,60319.55732640019,2565557325015015004,2,2565557325015,19.8598,1,2565,3.44413,19.9105,20.0691,0.223111,0.4187,153.6798585,7.0457553,0.59,t17_f5_c3,19.9743,0.4931,False,False,False,23.12.x,0.0,2.565558735015015e+18,,,ZTF24aabnhti
ztf,60319.55780090019,2565557805015015007,2,2565557805015,19.94482,1,2565,3.2894602,19.781382,19.7926,0.21095988,0.2872,153.6797763,7.0457103,0.55857146,t17_f5_c3,19.7032,0.3395,True,False,False,23.12.x,0.0,,0.9997864,468120250.0,ZTF24aabnhti
ztf,60319.558263900224,2565558265015015004,2,2565558265015,19.8784,1,2565,3.29468,20.0394,19.6945,0.231298,0.2925,153.6796834,7.0457014,0.397143,t17_f5_c3,19.8662,0.4399,False,False,False,23.12.x,0.0,2.565558735015015e+18,,,ZTF24aabnhti
ztf,60319.55873840023,2565558735015015006,2,2565558735015,19.932732,1,2565,3.4828603,20.048714,20.3703,0.21628672,0.5189,153.6795767,7.0457327,0.6028572,t17_f5_c3,20.4404,0.7112,True,False,False,23.12.x,0.0,,0.9991887,468120250.0,ZTF24aabnhti
