tid,mjd,candid,fid,pid,diffmaglim,isdiffpos,nid,distnr,magpsf,magap,sigmapsf,sigmagap,ra,dec,rb,rbversion,magapbig,sigmagapbig,has_stamp,corrected,dubious,step_id_corr,phase,parent_candid,drb,rfid,oid
ztf,60319.19765050011,2565197653115015003,2,2565197653115,20.1827,1,2565,6.07136,19.2311,19.3598,0.107857,0.1619,85.7239461,17.8272167,0.842857,t17_f5_c3,19.1667,0.1741,False,False,True,23.12.x,0.0,2.565199533115015e+18,,,ZTF24aabhqqa
ztf,60319.19812500011,2565198123115015004,2,2565198123115,20.205,1,2565,6.47015,19.1845,19.0686,0.089593,0.1236,85.7238205,17.8272348,0.872857,t17_f5_c3,18.9543,0.1432,False,False,True,23.12.x,0.0,2.565200013115015e+18,,,ZTF24aabhqqa
ztf,60319.198588000145,2565198583115015004,2,2565198583115,20.2279,1,2565,6.58248,19.2257,19.0872,0.083961,0.1243,85.7237531,17.8271868,0.854286,t17_f5_c3,18.934,0.1391,False,False,True,23.12.x,0.0,2.565200013115015e+18,,,ZTF24aabhqqa
ztf,60319.19906250015,2565199063115015003,2,2565199063115,20.18502,1,2565,7.019364,19.232506,19.1868,0.12064307,0.1372,85.7236039,17.8271786,0.8471429,t17_f5_c3,19.0813,0.1612,True,False,True,23.12.x,0.0,,0.99999976,562120231.0,ZTF24aabhqqa
ztf,60319.19953700015,2565199533115015003,2,2565199533115,20.1584,1,2565,7.18581,19.2511,19.2268,0.121421,0.143,85.7235343,17.8271427,0.612857,t17_f5_c3,19.399,0.2172,False,False,True,23.12.x,0.0,2.565200013115015e+18,,,ZTF24aabhqqa
ztf,60319.20001159981,2565200013115015002,2,2565200013115,20.12725,1,2565,7.5625424,19.341722,19.0797,0.12602995,0.1261,85.7234214,17.8271665,0.6342857,t17_f5_c3,18.9276,0.1423,True,False,True,23.12.x,0.0,,0.999999,562120231.0,ZTF24aabhqqa
ztf,60319.20047450019,2565200473115015003,2,2565200473115,20.095392,1,2565,7.930037,19.273157,19.0408,0.110538155,0.1203,85.7233051,17.8271684,0.65,t17_f5_c3,19.0462,0.1565,True,False,True,23.12.x,0.0,,0.99999964,562120231.0,ZTF24aabhqqa
