tid,mjd,candid,fid,pid,diffmaglim,isdiffpos,nid,distnr,magpsf,magpsf_corr,magap,sigmapsf,sigmapsf_corr,sigmapsf_corr_ext,sigmagap,ra,dec,rb,rbversion,magapbig,sigmagapbig,has_stamp,corrected,dubious,step_id_corr,phase,parent_candid,drb,rfid,oid
ztf,60659.55784719996,2905557844015010003,2,2905557844015,19.0455,-1,2905,0.199235,18.4445,15.910429,18.802,0.127042,100.0,0.01231172,0.3121,226.8288431,2.7127273,0.734286,t17_f5_c3,18.6741,0.3545,False,True,False,26.0.1,0.0,2.907559884015015e+18,,,ZTF24abxypjx
ztf,60659.56121530011,2905561214015010000,2,2905561214015,19.115053,-1,2905,0.29479092,18.34839,15.92021,18.8589,0.15490758,100.0,0.016550096,0.3053,226.8288421,2.7126974,0.6557143,t17_f5_c3,18.9103,0.4086,True,True,False,25.0.0,0.0,,0.97080773,1473120240.0,ZTF24abxypjx
ztf,60661.55415510014,2907554154015015000,2,2907554154015,19.343107,1,2907,0.13001329,16.299582,15.274851,16.2854,0.03373157,0.0048002186,0.013126357,0.0252,226.828782,2.7127594,0.88857144,t17_f5_c3,16.277,0.0314,True,True,False,26.0.1,0.0,,0.999999,1473120240.0,ZTF24abxypjx
ztf,60661.55701390002,2907557014015015000,2,2907557014015,19.472137,1,2907,0.10135882,16.287445,15.270112,16.2573,0.041059557,0.010527902,0.01608722,0.0238,226.8287925,2.7127579,0.8314286,t17_f5_c3,16.2493,0.0297,True,True,False,26.0.1,0.0,,0.9999558,1473120240.0,ZTF24abxypjx
ztf,60661.55988429999,2907559884015015001,2,2907559884015,18.563017,1,2907,0.14408676,16.500076,15.3485365,16.3815,0.037498012,100.0,0.012983515,0.0576,226.8287846,2.7127487,0.80714285,t17_f5_c3,16.3428,0.0709,True,True,False,26.0.1,0.0,,0.9999918,1473120240.0,ZTF24abxypjx
ztf,61020.56587960012,3266565874015010000,2,3266565874015,19.319796,-1,3266,0.11745468,17.304676,16.12586,17.3345,0.08062186,0.005032928,0.027222399,0.071,226.8288478,2.7127737,0.85142857,t17_f5_c3,17.331,0.0902,True,True,False,27.5.7a32.dev1,0.0,,0.9959591,1473120240.0,ZTF24abxypjx
ztf,61020.57049770001,3266570494015010000,2,3266570494015,18.805346,-1,3266,0.0886971,17.215832,16.15758,17.2157,0.067924805,100.0,0.025628746,0.1022,226.8287937,2.7127624,0.81714284,t17_f5_c3,17.3059,0.1424,True,True,False,27.5.7a32.dev1,0.0,,0.9999552,1473120240.0,ZTF24abxypjx
ztf,61020.576053199824,3266576054015010016,2,3266576054015,18.166166,-1,3266,0.31046507,17.128176,16.192583,17.1576,0.092209935,0.0266083,0.03895296,0.1661,226.8287411,2.7127288,0.5342857,t17_f5_c3,17.1406,0.21,True,True,False,27.5.7a32.dev1,0.0,,0.99996436,1473120240.0,ZTF24abxypjx
