tid,mjd,candid,fid,pid,diffmaglim,isdiffpos,nid,distnr,magpsf,magap,sigmapsf,sigmagap,ra,dec,rb,rbversion,magapbig,sigmagapbig,has_stamp,corrected,dubious,step_id_corr,phase,parent_candid,drb,rfid,oid
ztf,60319.149131900165,2565149133015015011,2,2565149133015,19.8471,1,2565,6.14534,19.1099,19.1726,0.125157,0.1566,85.1330518,17.3601239,0.684286,t17_f5_c3,19.4033,0.2478,False,False,True,23.12.x,0.0,2.565151013015015e+18,,,ZTF24aabgwfl
ztf,60319.1495949002,2565149593015015041,2,2565149593015,19.7955,1,2565,6.36329,19.0911,19.1265,0.139453,0.1546,85.1329782,17.3601139,0.748571,t17_f5_c3,19.0038,0.177,False,False,True,23.12.x,0.0,2.565151013015015e+18,,,ZTF24aabgwfl
ztf,60319.1500694002,2565150063015015012,2,2565150063015,19.8284,1,2565,6.73865,19.0363,18.8719,0.120334,0.1202,85.1328564,17.3601023,0.662857,t17_f5_c3,18.9863,0.1707,False,False,True,23.12.x,0.0,2.565151483015015e+18,,,ZTF24aabgwfl
ztf,60319.15054399986,2565150543015015052,2,2565150543015,19.9162,1,2565,7.30082,18.9959,18.8868,0.131532,0.123,85.1326865,17.3601167,0.8,t17_f5_c3,18.896,0.1586,False,False,True,23.12.x,0.0,2.565151483015015e+18,,,ZTF24aabgwfl
ztf,60319.15101849986,2565151013015015061,2,2565151013015,19.875547,1,2565,7.4062467,19.0352,18.9518,0.11665415,0.1335,85.1326392,17.3600829,0.7785714,t17_f5_c3,18.9733,0.1743,True,False,True,23.12.x,0.0,,0.99995506,562120230.0,ZTF24aabgwfl
ztf,60319.151481499895,2565151483015015104,2,2565151483015,19.752457,1,2565,7.68601,18.983948,18.8663,0.11768613,0.1359,85.1325441,17.3600441,0.74714285,t17_f5_c3,18.6804,0.1467,True,False,True,23.12.x,0.0,,0.9999869,562120230.0,ZTF24aabgwfl
ztf,60319.1519559999,2565151953015015103,2,2565151953015,19.35301,1,2565,8.062164,18.92632,19.0901,0.1576327,0.2499,85.1324387,17.3600802,0.77,t17_f5_c3,19.0322,0.304,True,False,True,23.12.x,0.0,,0.99991834,562120230.0,ZTF24aabgwfl
ztf,60319.15241899993,2565152413015015079,2,2565152413015,19.294481,1,2565,8.619339,18.967155,19.4911,0.2095293,0.4013,85.1322971,17.3601706,0.66571426,t17_f5_c3,19.2952,0.4303,True,False,True,23.12.x,0.0,,0.99992085,562120230.0,ZTF24aabgwfl
