tid,mjd,candid,fid,pid,diffmaglim,isdiffpos,nid,distnr,magpsf,magap,sigmapsf,sigmagap,ra,dec,rb,rbversion,magapbig,sigmagapbig,has_stamp,corrected,dubious,step_id_corr,phase,parent_candid,drb,rfid,oid
ztf,60318.52312499983,2564523120815015005,2,2564523120815,20.3991,1,2564,12.0657,19.9381,19.8622,0.124167,0.2431,128.0497377,67.0833293,0.811429,t17_f5_c3,19.7168,0.2728,False,False,True,23.12.x,0.0,2.564524070815015e+18,,,ZTF24aabeuhq
ztf,60318.52359949984,2564523590815015005,2,2564523590815,20.3179,1,2564,11.8224,19.9909,20.2718,0.174564,0.3611,128.0494903,67.0833201,0.648571,t17_f5_c3,20.1365,0.4089,False,False,True,23.12.x,0.0,2.564525010815015e+18,,,ZTF24aabeuhq
ztf,60318.52407409996,2564524070815015003,2,2564524070815,20.278875,1,2564,11.338424,19.931463,20.0267,0.17226438,0.2959,128.0491477,67.083375,0.6242857,t17_f5_c3,19.6888,0.2784,True,False,True,23.12.x,0.0,,0.99993527,840120208.0,ZTF24aabeuhq
ztf,60318.52454859996,2564524540815015002,2,2564524540815,20.30631,1,2564,11.176276,20.027073,20.025,0.16790761,0.2918,128.0490574,67.0834039,0.76857144,t17_f5_c3,19.8327,0.3134,True,False,True,23.12.x,0.0,,0.9999478,840120208.0,ZTF24aabeuhq
ztf,60318.525011599995,2564525010815015004,2,2564525010815,20.328806,1,2564,10.778121,19.926413,20.1006,0.17496562,0.3112,128.0486766,67.0834098,0.7385714,t17_f5_c3,20.2504,0.4579,True,False,True,23.12.x,0.0,,0.99967647,840120208.0,ZTF24aabeuhq
ztf,60318.5254861,2564525480815015003,2,2564525480815,20.319075,1,2564,10.457695,19.943254,20.0586,0.17569663,0.3015,128.0484736,67.0834569,0.5214286,t17_f5_c3,20.0262,0.3754,True,False,True,23.12.x,0.0,,0.99988186,840120208.0,ZTF24aabeuhq
ztf,60318.52594910003,2564525940815015003,2,2564525940815,20.311085,1,2564,10.159926,19.888632,19.8575,0.13226904,0.2507,128.0483068,67.0835105,0.81142855,t17_f5_c3,19.7318,0.2862,True,False,True,23.12.x,0.0,,0.9987283,840120208.0,ZTF24aabeuhq
ztf,60318.52642360004,2564526420815015004,2,2564526420815,20.279028,1,2564,10.134736,20.0685,19.6981,0.18852274,0.2179,128.048127,67.0834507,0.4542857,t17_f5_c3,19.4505,0.2225,True,False,True,23.12.x,0.0,,0.93357515,840120208.0,ZTF24aabeuhq
