tid,mjd,candid,fid,pid,diffmaglim,isdiffpos,nid,distnr,magpsf,magap,sigmapsf,sigmagap,ra,dec,rb,rbversion,magapbig,sigmagapbig,has_stamp,corrected,dubious,step_id_corr,phase,parent_candid,drb,rfid,oid
ztf,60317.29537039995,2563295374615015021,2,2563295374615,20.2655,1,2563,10.1522,17.6066,17.6605,0.046047,0.0324,92.2026042,19.4321306,0.861429,t17_f5_c3,17.7143,0.0434,False,False,True,23.12.x,0.0,2.563296794615015e+18,,,ZTF24aaaxysx
ztf,60317.295844899956,2563295844615015018,2,2563295844615,20.2322,1,2563,10.3229,17.6519,17.6813,0.044853,0.0336,92.2024842,19.4321525,0.868571,t17_f5_c3,17.6768,0.0426,False,False,True,23.12.x,0.0,2.563296794615015e+18,,,ZTF24aaaxysx
ztf,60317.29631939996,2563296314615015021,2,2563296314615,20.3105,1,2563,10.5125,17.625,17.7198,0.045924,0.0337,92.20235,19.4321822,0.885714,t17_f5_c3,17.734,0.0432,False,False,True,23.12.x,0.0,2.563297734615015e+18,,,ZTF24aaaxysx
ztf,60317.29679400008,2563296794615015031,2,2563296794615,20.292452,1,2563,10.734875,17.626598,17.6487,0.048125926,0.0317,92.2022275,19.4321986,0.8657143,t17_f5_c3,17.6344,0.0396,True,False,True,23.12.x,0.0,,0.9999998,563120246.0,ZTF24aaaxysx
ztf,60317.297268500086,2563297264615015024,2,2563297264615,20.2978,1,2563,10.9472,17.6376,17.6402,0.049875,0.0314,92.2021099,19.4322212,0.867143,t17_f5_c3,17.6494,0.04,False,False,True,23.12.x,0.0,2.563298684615015e+18,,,ZTF24aaaxysx
ztf,60317.29773150012,2563297734615015016,2,2563297734615,20.1918,1,2563,11.0502,17.6423,17.6594,0.049876,0.0333,92.2019921,19.4322471,0.91,t17_f5_c3,17.6369,0.0412,False,False,True,23.12.x,0.0,2.563298684615015e+18,,,ZTF24aaaxysx
ztf,60317.29820600012,2563298204615015022,2,2563298204615,20.2562,1,2563,10.9806,17.6324,17.6095,0.059218,0.0309,92.2018647,19.4322713,0.887143,t17_f5_c3,17.6216,0.0394,False,False,True,23.12.x,0.0,2.563298684615015e+18,,,ZTF24aaaxysx
ztf,60317.29868059978,2563298684615015019,2,2563298684615,20.227015,1,2563,10.936487,17.635836,17.6139,0.047948293,0.0314,92.2017502,19.432294,0.9028571,t17_f5_c3,17.5944,0.0388,True,False,True,23.12.x,0.0,,0.9999999,563120246.0,ZTF24aaaxysx
ztf,60317.29914350016,2563299144615015018,2,2563299144615,20.202608,1,2563,10.883685,17.613968,17.6648,0.053508345,0.0331,92.2016364,19.4323227,0.91571426,t17_f5_c3,17.6592,0.0415,True,False,True,23.12.x,0.0,,0.9999999,563120246.0,ZTF24aaaxysx
