tid,mjd,candid,fid,pid,diffmaglim,isdiffpos,nid,distnr,magpsf,magpsf_corr,magap,sigmapsf,sigmapsf_corr,sigmapsf_corr_ext,sigmagap,ra,dec,rb,rbversion,drb,magapbig,sigmagapbig,rfid,has_stamp,corrected,dubious,step_id_corr,phase,parent_candid,oid
ztf,61085.55776620004,3331557760715010017,2,3331557760715,19.689072,-1,3331,0.05667711,16.383299,15.343729,16.4815,0.057736434,0.007764913,0.022162668,0.0216,272.4469708,-23.7781449,0.8,t17_f5_c3,0.9999987,16.4902,0.0269,1324120207.0,True,True,False,27.5.7a32.dev1,0.0,,ZTF25acahopt
ztf,61096.547106499784,3342547100715010068,2,3342547100715,19.317871,-1,3342,0.31692857,17.131598,15.153792,17.2956,0.05233126,100.0,0.00846524,0.0599,272.4469113,-23.7780633,0.8142857,t17_f5_c3,0.9978043,17.2811,0.0739,1324120207.0,True,True,False,27.5.7a32.dev1,0.0,,ZTF25acahopt
ztf,61099.54354170011,3345543540715010016,2,3345543540715,19.680243,-1,3345,0.34506536,17.153345,15.150315,17.3188,0.08556175,100.0,0.013522835,0.0467,272.4468865,-23.7781854,0.7871429,t17_f5_c3,0.9999988,17.3485,0.0593,1324120207.0,True,True,False,27.5.7a32.dev1,0.0,,ZTF25acahopt
ztf,61100.54230319988,3346542300715010014,2,3346542300715,19.323288,-1,3346,0.24490671,17.088032,15.161007,17.3008,0.06412392,100.0,0.010869517,0.0588,272.4469507,-23.7781946,0.8385714,t17_f5_c3,0.99998415,17.276,0.0722,1324120207.0,True,True,False,27.5.7a32.dev1,0.0,,ZTF25acahopt
ztf,61101.54159720009,3347541590715010005,2,3347541590715,17.983541,-1,3347,0.3830704,17.023848,15.172274,17.228,0.0868495,100.0,0.015781112,0.1355,272.4468682,-23.7781725,0.68142855,t17_f5_c3,0.999967,17.2679,0.1796,1324120207.0,True,True,False,27.5.7a32.dev1,0.0,,ZTF25acahopt
ztf,61105.53689809982,3351536890715010017,2,3351536890715,19.213081,-1,3351,0.10712227,17.003927,15.175933,17.1934,0.072124206,100.0,0.013393162,0.0542,272.4469605,-23.7781572,0.77428573,t17_f5_c3,0.99997675,17.2226,0.07,1324120207.0,True,True,False,27.5.7a32.dev1,0.0,,ZTF25acahopt
ztf,61106.53560189996,3352535600715010018,2,3352535600715,18.742,-1,3352,0.660777,17.0626,15.165379,17.3611,0.080921,100.0,0.014098509,0.0659,272.4468553,-23.7779802,0.594286,t17_f5_c3,,17.4527,0.0902,,False,True,True,27.5.7a32.dev1,0.0,3.35353432071501e+18,ZTF25acahopt
ztf,61107.53432870004,3353534320715010006,2,3353534320715,18.310438,-1,3353,1.454038,17.269585,,17.3838,0.093768395,,,0.0767,272.446646,-23.7778535,0.51428574,t17_f5_c3,0.9721743,17.3571,0.0949,1324120207.0,True,False,True,27.5.7a32.dev1,0.0,,ZTF25acahopt
