tid,mjd,candid,fid,pid,diffmaglim,isdiffpos,nid,distnr,magpsf,magpsf_corr,magap,sigmapsf,sigmapsf_corr,sigmapsf_corr_ext,sigmagap,ra,dec,rb,rbversion,drb,magapbig,sigmagapbig,rfid,has_stamp,corrected,dubious,step_id_corr,phase,parent_candid,oid
ztf,61096.54857640015,3342548570715015037,2,3342548570715,19.280092,1,3342,0.4929767,16.447863,14.418154,16.3457,0.072648995,100.0,0.011203305,0.0261,279.9873787,-24.2874681,0.6785714,t17_f5_c3,0.9999987,16.3638,0.033,1325120207.0,True,True,False,27.5.7a32.dev1,0.0,,ZTF25aazswhn
ztf,61099.54545139987,3345545450715015047,2,3345545450715,19.725681,1,3345,0.4047389,16.244217,14.38415,16.2813,0.047926314,100.0,0.008640661,0.019,279.9874807,-24.2876171,0.7285714,t17_f5_c3,0.9999983,16.2495,0.0223,1325120207.0,True,True,False,27.5.7a32.dev1,0.0,,ZTF25aazswhn
ztf,61100.54422450019,3346544220715015037,2,3346544220715,19.187992,1,3346,0.1639438,16.253057,14.385737,16.2392,0.079974726,0.008547326,0.0143227,0.0252,279.9873812,-24.2876415,0.73285717,t17_f5_c3,0.99999964,16.2441,0.0316,1325120207.0,True,True,False,27.5.7a32.dev1,0.0,,ZTF25aazswhn
ztf,61100.54422450019,3346544220715025037,2,3346544220715,19.188,1,3346,0.163944,16.2531,14.385746,16.2392,0.079975,0.008546559,0.014322306,0.0252,279.9873812,-24.2876415,0.732857,t17_f5_c3,,16.2441,0.0316,,False,True,False,27.5.7a32.dev1,0.0,3.356531590715015e+18,ZTF25aazswhn
ztf,61101.54349539988,3347543490715015260,2,3347543490715,17.973211,1,3347,0.073507145,15.874217,14.307441,15.8473,0.04578286,0.0016133706,0.010814154,0.0402,279.9873354,-24.2875918,0.5642857,t17_f5_c3,0.99926376,15.8143,0.0496,1325120207.0,True,True,False,27.5.7a32.dev1,0.0,,ZTF25aazswhn
ztf,61105.53881940013,3351538810715015027,2,3351538810715,19.088705,1,3351,0.31843948,16.276136,14.389835,16.2685,0.046326105,100.0,0.008152772,0.0275,279.9874428,-24.2876564,0.76714283,t17_f5_c3,1.0,16.2467,0.0338,1325120207.0,True,True,False,27.5.7a32.dev1,0.0,,ZTF25aazswhn
ztf,61108.5400231001,3354540020715015017,2,3354540020715,19.138523,1,3354,0.33884168,16.22093,14.379914,16.497,0.060899734,100.0,0.011174005,0.0331,279.9874147,-24.2876841,0.72,t17_f5_c3,0.9803415,16.4933,0.0414,1325120207.0,True,True,False,27.5.7a32.dev1,0.0,,ZTF25aazswhn
ztf,61110.53159719985,3356531590715015062,2,3356531590715,18.905416,1,3356,0.21333808,16.342234,14.401179,16.1999,0.052994847,100.0,0.00886772,0.0266,279.9874053,-24.2876469,0.6314286,t17_f5_c3,0.9999756,16.1607,0.0322,1325120207.0,True,True,False,27.5.7a32.dev1,0.0,,ZTF25aazswhn
