tid,mjd,candid,fid,pid,diffmaglim,isdiffpos,nid,distnr,magpsf,magap,sigmapsf,sigmagap,ra,dec,rb,rbversion,magapbig,sigmagapbig,has_stamp,corrected,dubious,step_id_corr,phase,parent_candid,drb,rfid,oid
ztf,60319.50835649995,2565508351915015022,2,2565508351915,20.3359,1,2565,17.0335,19.6492,19.4698,0.131018,0.1764,154.7343868,3.1113189,0.8,t17_f5_c3,19.4542,0.2224,False,False,True,23.12.x,0.0,2.565510711915015e+18,,,ZTF24aabmwpn
ztf,60319.508830999956,2565508831915015018,2,2565508831915,20.3557,1,2565,17.1518,19.4496,19.3044,0.115162,0.1496,154.7342888,3.1112939,0.844286,t17_f5_c3,19.2328,0.1792,False,False,True,23.12.x,0.0,2.565510711915015e+18,,,ZTF24aabmwpn
ztf,60319.50929399999,2565509291915015017,2,2565509291915,20.3635,1,2565,17.1564,19.5252,19.3457,0.110532,0.1561,154.7342525,3.1112962,0.807143,t17_f5_c3,19.2649,0.1856,False,False,True,23.12.x,0.0,2.565510711915015e+18,,,ZTF24aabmwpn
ztf,60319.50976849999,2565509761915015020,2,2565509761915,20.393,1,2565,17.4324,19.4861,19.3447,0.138764,0.1534,154.734171,3.111227,0.762857,t17_f5_c3,19.3303,0.1936,False,False,True,23.12.x,0.0,2.565510711915015e+18,,,ZTF24aabmwpn
ztf,60319.510243100114,2565510241915015017,2,2565510241915,20.2109,1,2565,17.6284,19.4787,19.1344,0.153255,0.1354,154.7341424,3.1111747,0.541429,t17_f5_c3,19.2101,0.1854,False,False,True,23.12.x,0.0,2.565510711915015e+18,,,ZTF24aabmwpn
ztf,60319.51071760012,2565510711915015021,2,2565510711915,20.287764,1,2565,17.816616,19.540646,19.5944,0.1488585,0.2035,154.7340324,3.1111362,0.7814286,t17_f5_c3,19.5245,0.2446,True,False,True,23.12.x,0.0,,0.9999951,468120219.0,ZTF24aabmwpn
ztf,60319.51118060015,2565511181915015007,2,2565511181915,20.214846,1,2565,18.016716,19.543434,19.1683,0.1547151,0.1438,154.7340086,3.1110825,0.52,t17_f5_c3,19.0161,0.16,True,False,True,23.12.x,0.0,,0.9995681,468120219.0,ZTF24aabmwpn
ztf,60319.511655100156,2565511651915015018,2,2565511651915,20.28452,1,2565,17.92972,19.491652,19.333,0.123555,0.1579,154.7339314,3.1111192,0.81,t17_f5_c3,19.2886,0.1942,True,False,True,23.12.x,0.0,,0.9999882,468120219.0,ZTF24aabmwpn
ztf,60319.51212960016,2565512121915015017,2,2565512121915,20.195673,1,2565,18.07703,19.511086,19.5228,0.16465746,0.2098,154.7338903,3.1110836,0.6642857,t17_f5_c3,19.5367,0.2723,True,False,True,23.12.x,0.0,,0.99989384,468120219.0,ZTF24aabmwpn
