tid,mjd,candid,fid,pid,diffmaglim,isdiffpos,nid,distnr,magpsf,magpsf_corr,magap,sigmapsf,sigmapsf_corr,sigmapsf_corr_ext,sigmagap,ra,dec,rb,rbversion,magapbig,sigmagapbig,has_stamp,corrected,dubious,step_id_corr,phase,parent_candid,drb,rfid,oid
ztf,61085.55828699982,3331558283215015013,2,3331558283215,20.0355,1,3331,0.311198,18.2091,16.403738,18.2803,0.113981,0.01786889,0.021611637,0.0859,279.2964988,2.409777,0.864286,t17_f5_c3,18.1978,0.1003,False,True,False,27.5.7a32.dev1,0.0,3.353535283215015e+18,,,ZTF26aajywwx
ztf,61096.547615699936,3342547613215015009,2,3342547613215,18.7811,1,3342,0.449653,18.0596,16.373766,18.2636,0.203474,0.04141493,0.04307,0.235,279.296508,2.4096948,0.578571,t17_f5_c3,18.1981,0.2829,False,True,False,27.5.7a32.dev1,0.0,3.353535283215015e+18,,,ZTF26aajywwx
ztf,61099.54450230021,3345544503215015011,2,3345544503215,20.0422,1,3345,0.220767,17.9196,16.342588,18.1006,0.074792,0.013200131,0.017500497,0.0679,279.2964633,2.4097484,0.898571,t17_f5_c3,18.2005,0.0932,False,True,False,27.5.7a32.dev1,0.0,3.353535283215015e+18,,,ZTF26aajywwx
ztf,61100.543263900094,3346543263215015009,2,3346543263215,19.6502,1,3346,0.415685,18.098,16.38178,17.9237,0.111344,0.019578895,0.022918144,0.0762,279.2965195,2.4097366,0.78,t17_f5_c3,17.8909,0.0937,False,True,False,27.5.7a32.dev1,0.0,3.353535283215015e+18,,,ZTF26aajywwx
ztf,61101.54254630022,3347542543215015014,2,3347542543215,18.3045,1,3347,0.378828,17.9196,16.342588,18.3015,0.144752,0.031861845,0.033870358,0.3395,279.2965103,2.4097392,0.775714,t17_f5_c3,18.5408,0.5425,False,True,False,27.5.7a32.dev1,0.0,3.353535283215015e+18,,,ZTF26aajywwx
ztf,61105.53785880003,3351537853215015012,2,3351537853215,19.7217,1,3351,0.207857,18.0846,16.37901,18.1579,0.123911,0.022851063,0.025755709,0.0911,279.2964542,2.4097383,0.694286,t17_f5_c3,18.1207,0.1114,False,True,False,27.5.7a32.dev1,0.0,3.353535283215015e+18,,,ZTF26aajywwx
ztf,61106.536562500056,3352536563215015012,2,3352536563215,19.0267,1,3352,0.763208,18.1399,16.390274,18.3877,0.129016,0.022780817,0.02575095,0.1246,279.2965843,2.4099058,0.64,t17_f5_c3,18.399,0.16,False,True,False,27.5.7a32.dev1,0.0,3.353535283215015e+18,,,ZTF26aajywwx
ztf,61107.53528939979,3353535283215015007,2,3353535283215,18.918552,1,3353,1.3393157,18.305405,16.421354,18.3662,0.15958595,0.025286447,0.028143268,0.1142,279.2967523,2.4099389,0.5742857,t17_f5_c3,18.5217,0.1674,True,True,False,27.5.7a32.dev1,0.0,,0.82668895,1480120232.0,ZTF26aajywwx
