tid,mjd,candid,fid,pid,diffmaglim,isdiffpos,nid,distnr,magpsf,magap,sigmapsf,sigmagap,ra,dec,rb,rbversion,magapbig,sigmagapbig,has_stamp,corrected,dubious,step_id_corr,phase,parent_candid,drb,rfid,oid
ztf,60319.44028940005,2565440283415015019,2,2565440283415,19.9273,1,2565,6.46586,18.5193,18.4461,0.091937,0.0904,91.2976165,19.2753262,0.948571,t17_f5_c3,18.3326,0.1041,False,False,True,23.12.x,0.0,2.565441703415015e+18,,,ZTF24aablyja
ztf,60319.44076390006,2565440763415015024,2,2565440763415,19.8752,1,2565,6.82549,18.5955,18.539,0.088616,0.0992,91.2975097,19.2753166,0.935714,t17_f5_c3,18.4848,0.1207,False,False,True,23.12.x,0.0,2.565442173415015e+18,,,ZTF24aablyja
ztf,60319.44122690009,2565441223415015030,2,2565441223415,19.8683,1,2565,7.17726,18.4721,18.5904,0.086997,0.1044,91.2974032,19.2753205,0.952857,t17_f5_c3,18.7223,0.1507,False,False,True,23.12.x,0.0,2.565442173415015e+18,,,ZTF24aablyja
ztf,60319.441701400094,2565441703415015018,2,2565441703415,19.841986,1,2565,7.603191,18.521936,18.5187,0.09829985,0.0963,91.2972763,19.2753028,0.8842857,t17_f5_c3,18.5164,0.123,True,False,True,23.12.x,0.0,,0.99999905,562120234.0,ZTF24aablyja
ztf,60319.4421759001,2565442173415015018,2,2565442173415,19.768,1,2565,8.06823,18.5453,18.8441,0.094413,0.1317,91.2971404,19.275286,0.864286,t17_f5_c3,18.9766,0.1905,False,False,True,23.12.x,0.0,2.565443113415015e+18,,,ZTF24aablyja
ztf,60319.44263890013,2565442633415015013,2,2565442633415,19.718113,1,2565,8.35748,18.515375,18.5554,0.09240044,0.1042,91.2970564,19.2752623,0.84,t17_f5_c3,18.5036,0.1273,True,False,True,23.12.x,0.0,,0.99995434,562120234.0,ZTF24aablyja
ztf,60319.443113400135,2565443113415015022,2,2565443113415,19.714529,1,2565,8.7164345,18.523413,18.6859,0.08523002,0.1227,91.2969511,19.2752745,0.9442857,t17_f5_c3,18.7576,0.1678,True,False,True,23.12.x,0.0,,0.9999877,562120234.0,ZTF24aablyja
ztf,60319.44358799979,2565443583415015026,2,2565443583415,19.827896,1,2565,9.019908,18.585201,18.717,0.06532747,0.1184,91.2968532,19.2752507,0.95714283,t17_f5_c3,18.7226,0.1525,True,False,True,23.12.x,0.0,,0.9999999,562120234.0,ZTF24aablyja
ztf,60319.444062499795,2565444063415015023,2,2565444063415,19.779037,1,2565,9.389947,18.546213,18.4161,0.06916919,0.0938,91.2967529,19.2752179,0.8528572,t17_f5_c3,18.4269,0.1212,True,False,True,23.12.x,0.0,,0.9999944,562120234.0,ZTF24aablyja
