tid,mjd,candid,fid,pid,diffmaglim,isdiffpos,nid,distnr,magpsf,magap,sigmapsf,sigmagap,ra,dec,rb,rbversion,magapbig,sigmagapbig,has_stamp,corrected,dubious,step_id_corr,phase,parent_candid,drb,rfid,oid
ztf,60318.313020799775,2564313021915015003,2,2564313021915,19.9601,1,2564,8.40792,17.2733,17.25,0.036987,0.0255,137.9260162,68.0075478,0.871429,t17_f5_c3,17.235,0.0315,False,False,True,23.12.x,0.0,2.564314431915015e+18,,,ZTF24aabedpk
ztf,60318.313495399896,2564313491915015002,2,2564313491915,19.9798,1,2564,8.0119,17.274,17.2775,0.052227,0.026,137.9257081,68.0076063,0.854286,t17_f5_c3,17.2536,0.0318,False,False,True,23.12.x,0.0,2.564314431915015e+18,,,ZTF24aabedpk
ztf,60318.3139698999,2564313961915015001,2,2564313961915,19.9128,1,2564,7.69204,17.2505,17.2954,0.046107,0.0271,137.9254553,68.0076494,0.865714,t17_f5_c3,17.3009,0.0342,False,False,True,23.12.x,0.0,2.564315381915015e+18,,,ZTF24aabedpk
ztf,60318.31443289993,2564314431915015000,2,2564314431915,19.9202,1,2564,7.29618,17.2639,17.2974,0.04369,0.0272,137.9251346,68.0077022,0.874286,t17_f5_c3,17.2813,0.0336,False,False,True,23.12.x,0.0,2.564315381915015e+18,,,ZTF24aabedpk
ztf,60318.31490739994,2564314901915015001,2,2564314901915,19.929295,1,2564,6.9757133,17.28258,17.3328,0.041689347,0.028,137.9248757,68.0077391,0.87857145,t17_f5_c3,17.3709,0.0364,True,False,True,23.12.x,0.0,,0.9999937,840120219.0,ZTF24aabedpk
ztf,60318.31538189994,2564315381915015000,2,2564315381915,19.92972,1,2564,6.657939,17.262505,17.2947,0.057423327,0.0273,137.9246146,68.0077744,0.87714285,t17_f5_c3,17.2825,0.0341,True,False,True,23.12.x,0.0,,0.9998826,840120219.0,ZTF24aabedpk
ztf,60318.31585650006,2564315851915015000,2,2564315851915,19.975803,1,2564,6.303451,17.319462,17.2747,0.037919663,0.0262,137.9243295,68.0077975,0.87857145,t17_f5_c3,17.2234,0.0315,True,False,True,23.12.x,0.0,,0.9999713,840120219.0,ZTF24aabedpk
ztf,60318.31631939998,2564316311915015000,2,2564316311915,19.900375,1,2564,6.013477,17.277363,17.371,0.044414174,0.0295,137.9240592,68.0078714,0.89285713,t17_f5_c3,17.3365,0.0363,True,False,True,23.12.x,0.0,,0.99996483,840120219.0,ZTF24aabedpk
