tid,mjd,candid,fid,pid,diffmaglim,isdiffpos,nid,distnr,magpsf,magap,sigmapsf,sigmagap,ra,dec,rb,rbversion,magapbig,sigmagapbig,has_stamp,corrected,dubious,step_id_corr,phase,parent_candid,drb,rfid,oid
ztf,60319.23959490005,2565239594215015020,2,2565239594215,20.1482,1,2565,3.031,18.934,18.9869,0.075392,0.1141,86.9071506,19.2255975,0.834286,t17_f5_c3,18.9719,0.1438,False,False,False,23.12.x,0.0,2.565241484215015e+18,,,ZTF24aabiiiz
ztf,60319.24006940005,2565240064215015021,2,2565240064215,20.1411,1,2565,2.8841,18.9162,18.7713,0.073981,0.0934,86.9070762,19.2255987,0.852857,t17_f5_c3,18.6787,0.1096,False,False,False,23.12.x,0.0,2.565241484215015e+18,,,ZTF24aabiiiz
ztf,60319.24053240009,2565240534215015019,2,2565240534215,20.116,1,2565,2.77505,18.952,18.9748,0.06442,0.1122,86.9069729,19.2256226,0.858571,t17_f5_c3,19.0796,0.1578,False,False,False,23.12.x,0.0,2.565241484215015e+18,,,ZTF24aabiiiz
ztf,60319.24100690009,2565241004215015028,2,2565241004215,20.083075,1,2565,2.6883385,18.97253,18.9802,0.0805765,0.1138,86.9068337,19.2256515,0.8385714,t17_f5_c3,19.0484,0.1549,True,False,False,23.12.x,0.0,,0.99998355,562120242.0,ZTF24aabiiiz
ztf,60319.24148150021,2565241484215015026,2,2565241484215,20.042105,1,2565,2.7529385,18.977093,19.1751,0.10115558,0.1405,86.9067481,19.2256877,0.82857144,t17_f5_c3,18.9913,0.152,True,False,False,23.12.x,0.0,,0.9999995,562120242.0,ZTF24aabiiiz
ztf,60319.24194440013,2565241944215015027,2,2565241944215,20.116888,1,2565,2.8174307,18.918776,19.0335,0.083096035,0.119,86.9066461,19.2257231,0.8585714,t17_f5_c3,18.9743,0.1441,True,False,False,23.12.x,0.0,,0.9999989,562120242.0,ZTF24aabiiiz
ztf,60319.242418999784,2565242414215015032,2,2565242414215,20.07901,1,2565,2.8624053,19.006699,19.0146,0.10168503,0.1164,86.9065667,19.2257367,0.7757143,t17_f5_c3,19.0788,0.1577,True,False,False,23.12.x,0.0,,0.99999654,562120242.0,ZTF24aabiiiz
ztf,60319.24289349979,2565242894215015025,2,2565242894215,20.027037,1,2565,2.8989305,18.945951,18.9678,0.09560311,0.1134,86.9064862,19.2257427,0.7728571,t17_f5_c3,19.0633,0.1582,True,False,False,23.12.x,0.0,,0.99998844,562120242.0,ZTF24aabiiiz
