tid,mjd,candid,fid,pid,diffmaglim,isdiffpos,nid,distnr,magpsf,magap,sigmapsf,sigmagap,ra,dec,rb,rbversion,magapbig,sigmagapbig,has_stamp,corrected,dubious,step_id_corr,phase,parent_candid,drb,rfid,oid
ztf,60319.17598380009,2565175985215015020,2,2565175985215,20.0769,1,2565,4.14224,18.8266,18.7602,0.094324,0.1083,89.4174955,22.2696917,0.92,t17_f5_c3,18.7532,0.1375,False,False,True,23.12.x,0.0,2.565177395215015e+18,,,ZTF24aabhjay
ztf,60319.17645830009,2565176455215015020,2,2565176455215,20.1714,1,2565,4.52064,18.8568,18.8511,0.08489,0.1099,89.4173814,22.269697,0.941429,t17_f5_c3,18.8296,0.1377,False,False,True,23.12.x,0.0,2.565177395215015e+18,,,ZTF24aabhjay
ztf,60319.17693290021,2565176935215015019,2,2565176935215,20.0602,1,2565,4.91996,18.8008,18.6713,0.105679,0.1022,89.4172611,22.2697111,0.898571,t17_f5_c3,18.7336,0.1381,False,False,True,23.12.x,0.0,2.565177395215015e+18,,,ZTF24aabhjay
ztf,60319.17739580013,2565177395215015025,2,2565177395215,20.124546,1,2565,5.337428,18.883766,18.9137,0.09045472,0.1197,89.4171337,22.2697251,0.91,t17_f5_c3,18.9994,0.1654,True,False,True,23.12.x,0.0,,0.99999857,562120252.0,ZTF24aabhjay
ztf,60319.177870399784,2565177875215015022,2,2565177875215,20.15075,1,2565,5.602431,18.848255,18.9779,0.07875759,0.1222,89.4170498,22.2697207,0.93,t17_f5_c3,18.7719,0.1294,True,False,True,23.12.x,0.0,,0.99999857,562120252.0,ZTF24aabhjay
ztf,60319.17834489979,2565178345215015022,2,2565178345215,20.088907,1,2565,6.2131863,18.969786,19.065,0.102970555,0.1361,89.4168678,22.2697778,0.87285715,t17_f5_c3,19.0047,0.1647,True,False,True,23.12.x,0.0,,0.9999993,562120252.0,ZTF24aabhjay
ztf,60319.17881939979,2565178815215015020,2,2565178815215,20.059734,1,2565,6.3346286,18.817467,18.9728,0.091464594,0.1296,89.4168291,22.2698022,0.9257143,t17_f5_c3,18.9313,0.1597,True,False,True,23.12.x,0.0,,0.9999998,562120252.0,ZTF24aabhjay
ztf,60319.179282399826,2565179285215015018,2,2565179285215,20.007687,1,2565,6.7557545,18.835936,18.8488,0.09845551,0.1198,89.4167029,22.2697758,0.92142856,t17_f5_c3,18.7862,0.1448,True,False,True,23.12.x,0.0,,0.99999726,562120252.0,ZTF24aabhjay
ztf,60319.17975689983,2565179755215015020,2,2565179755215,20.036232,1,2565,7.163701,18.946678,19.1149,0.09299439,0.1452,89.416576,22.2697787,0.9057143,t17_f5_c3,19.0646,0.1774,True,False,True,23.12.x,0.0,,0.99999994,562120252.0,ZTF24aabhjay
