tid,mjd,candid,fid,pid,diffmaglim,isdiffpos,nid,distnr,magpsf,magap,sigmapsf,sigmagap,ra,dec,rb,rbversion,magapbig,sigmagapbig,has_stamp,corrected,dubious,step_id_corr,phase,parent_candid,drb,rfid,oid
ztf,60319.14112270018,2565141123915015000,2,2565141123915,19.5216,1,2565,2.1832,18.9059,18.9431,0.146034,0.1786,89.7292024,19.8389305,0.701429,t17_f5_c3,19.0663,0.2562,False,False,False,23.12.x,0.0,2.565142533915015e+18,,,ZTF24aabgncv
ztf,60319.141597200185,2565141593915015001,2,2565141593915,19.6116,1,2565,2.2211,19.0064,18.6755,0.12478,0.1329,89.7291061,19.838951,0.542857,t17_f5_c3,18.8957,0.2084,False,False,False,23.12.x,0.0,2.565142533915015e+18,,,ZTF24aabgncv
ztf,60319.14207179984,2565142073915015001,2,2565142073915,19.3287,1,2565,2.51198,18.8385,18.7192,0.132288,0.1687,89.728999,19.8389057,0.564286,t17_f5_c3,18.7832,0.2294,False,False,False,23.12.x,0.0,2.565143483915015e+18,,,ZTF24aabgncv
ztf,60319.14253470022,2565142533915015000,2,2565142533915,19.043503,1,2565,2.7846382,18.964897,18.9567,0.17928208,0.2837,89.7288059,19.8389432,0.5485714,t17_f5_c3,18.9334,0.3565,True,False,False,23.12.x,0.0,,0.99955976,562120239.0,ZTF24aabgncv
ztf,60319.14348379988,2565143483915015002,2,2565143483915,19.818504,1,2565,3.1552384,18.894356,18.8419,0.09268485,0.1398,89.7286431,19.8389467,0.85714287,t17_f5_c3,18.8456,0.1795,True,False,False,23.12.x,0.0,,0.9999995,562120239.0,ZTF24aabgncv
ztf,60319.14395829989,2565143953915015001,2,2565143953915,19.837103,1,2565,3.4651523,18.971924,18.8815,0.07612338,0.1412,89.728533,19.8389419,0.8428571,t17_f5_c3,18.7655,0.1626,True,False,False,23.12.x,0.0,,0.9999933,562120239.0,ZTF24aabgncv
ztf,60319.14442129992,2565144423915015001,2,2565144423915,19.732666,1,2565,3.6370656,19.002863,19.0137,0.09230474,0.1832,89.7284309,19.8389849,0.85714287,t17_f5_c3,18.97,0.2256,True,False,False,23.12.x,0.0,,0.9999943,562120239.0,ZTF24aabgncv
ztf,60319.144895799924,2565144893915015001,2,2565144893915,19.838295,1,2565,3.9917219,18.887167,18.9381,0.08510812,0.1577,89.7283151,19.8389859,0.9185714,t17_f5_c3,18.93,0.2004,True,False,False,23.12.x,0.0,,0.999999,562120239.0,ZTF24aabgncv
ztf,60319.145370400045,2565145373915015000,2,2565145373915,19.916437,1,2565,4.2876925,18.9717,18.9856,0.10427696,0.1488,89.7282122,19.838986,0.89,t17_f5_c3,18.9256,0.1803,True,False,False,23.12.x,0.0,,0.99999845,562120239.0,ZTF24aabgncv
