tid,mjd,candid,fid,pid,diffmaglim,isdiffpos,nid,distnr,magpsf,magap,sigmapsf,sigmagap,ra,dec,rb,rbversion,magapbig,sigmagapbig,has_stamp,corrected,dubious,step_id_corr,phase,parent_candid,drb,rfid,oid
ztf,60317.41879629996,2563418795815015015,2,2563418795815,19.9538,1,2563,12.7323,19.0815,18.8699,0.131499,0.1183,94.1579135,21.4768963,0.588571,t17_f5_c3,18.9082,0.1566,False,False,True,23.12.x,0.0,2.563420685815015e+18,,,ZTF24aabatgp
ztf,60317.41927079996,2563419275815015016,2,2563419275815,19.8344,1,2563,12.9894,19.0887,19.0772,0.155303,0.1508,94.1578251,21.4768966,0.757143,t17_f5_c3,19.0339,0.1856,False,False,True,23.12.x,0.0,2.563420685815015e+18,,,ZTF24aabatgp
ztf,60317.41974540008,2563419745815015020,2,2563419745815,19.9405,1,2563,12.638,18.9901,19.0631,0.11592,0.1417,94.1577113,21.4768693,0.732857,t17_f5_c3,19.0403,0.1776,False,False,True,23.12.x,0.0,2.563421155815015e+18,,,ZTF24aabatgp
ztf,60317.4202083,2563420205815015017,2,2563420205815,19.9001,1,2563,12.1389,19.009,19.1645,0.13031,0.1584,94.157563,21.476927,0.764286,t17_f5_c3,19.3197,0.2341,False,False,True,23.12.x,0.0,2.563421155815015e+18,,,ZTF24aabatgp
ztf,60317.42068290012,2563420685815015019,2,2563420685815,19.95128,1,2563,11.816442,19.00323,18.9255,0.10940042,0.1255,94.157468,21.4769244,0.80857146,t17_f5_c3,18.8719,0.153,True,False,True,23.12.x,0.0,,0.9999997,563120258.0,ZTF24aabatgp
ztf,60317.421157400124,2563421155815015013,2,2563421155815,19.980469,1,2563,11.1879635,18.9731,19.0357,0.103567384,0.1361,94.1572763,21.4769393,0.8142857,t17_f5_c3,18.8284,0.1444,True,False,True,23.12.x,0.0,,0.9999988,563120258.0,ZTF24aabatgp
ztf,60317.42162040016,2563421625815015023,2,2563421625815,19.984678,1,2563,10.90376,19.021006,19.0603,0.12372879,0.1385,94.1571872,21.4769028,0.7342857,t17_f5_c3,18.9747,0.1642,True,False,True,23.12.x,0.0,,0.99999994,563120258.0,ZTF24aabatgp
ztf,60317.42209490016,2563422095815015022,2,2563422095815,19.998926,1,2563,10.388732,18.981804,18.9069,0.08938282,0.1196,94.1570328,21.4769133,0.81142855,t17_f5_c3,18.8059,0.1399,True,False,True,23.12.x,0.0,,1.0,563120258.0,ZTF24aabatgp
