tid,mjd,candid,fid,pid,diffmaglim,isdiffpos,nid,distnr,magpsf,magap,sigmapsf,sigmagap,ra,dec,rb,rbversion,magapbig,sigmagapbig,has_stamp,corrected,dubious,step_id_corr,phase,parent_candid,drb,rfid,oid
ztf,60319.33664349979,2565336642015015005,2,2565336642015,20.18,1,2565,10.412,19.1415,19.3129,0.101613,0.1548,89.9919535,18.464798,0.884286,t17_f5_c3,19.3912,0.2128,False,False,True,23.12.x,0.0,2.565338062015015e+18,,,ZTF24aabkgtz
ztf,60319.33711809991,2565337112015015011,2,2565337112015,20.1034,1,2565,10.8034,19.1498,19.0993,0.097856,0.1315,89.991841,18.4647724,0.794286,t17_f5_c3,19.1094,0.1698,False,False,True,23.12.x,0.0,2.565338062015015e+18,,,ZTF24aabkgtz
ztf,60319.33759259991,2565337592015015005,2,2565337592015,20.1606,1,2565,10.9718,19.1405,19.4115,0.088844,0.1718,89.9917566,18.4648495,0.818571,t17_f5_c3,19.5431,0.2482,False,False,True,23.12.x,0.0,2.565338062015015e+18,,,ZTF24aabkgtz
ztf,60319.33806709992,2565338062015015007,2,2565338062015,20.122639,1,2565,11.493218,19.14427,19.0415,0.13039687,0.1262,89.9915927,18.4648287,0.6514286,t17_f5_c3,19.0491,0.1627,True,False,True,23.12.x,0.0,,0.9957952,562120220.0,ZTF24aabkgtz
ztf,60319.33853009995,2565338532015015006,2,2565338532015,20.254118,1,2565,11.357666,19.111944,19.2086,0.08390114,0.144,89.9915122,18.4648603,0.9257143,t17_f5_c3,19.0981,0.1666,True,False,True,23.12.x,0.0,,0.99983096,562120220.0,ZTF24aabkgtz
ztf,60319.339004599955,2565339002015015006,2,2565339002015,20.121819,1,2565,11.022822,19.07662,19.1887,0.090463035,0.1391,89.9913978,18.4648418,0.87,t17_f5_c3,19.2428,0.1872,True,False,True,23.12.x,0.0,,0.9999467,562120220.0,ZTF24aabkgtz
ztf,60319.339479200076,2565339472015015010,2,2565339472015,20.183537,1,2565,10.75959,19.13942,18.9693,0.088944584,0.1165,89.9913062,18.4648261,0.8042857,t17_f5_c3,18.8758,0.1367,True,False,True,23.12.x,0.0,,0.9995442,562120220.0,ZTF24aabkgtz
