tid,mjd,candid,fid,pid,diffmaglim,isdiffpos,nid,distnr,magpsf,magap,sigmapsf,sigmagap,ra,dec,rb,rbversion,magapbig,sigmagapbig,has_stamp,corrected,dubious,step_id_corr,phase,parent_candid,drb,rfid,oid
ztf,60318.55703700008,2564557031115015013,2,2564557031115,20.3251,1,2564,6.59637,17.8626,17.8798,0.041799,0.0431,126.6172533,65.7352454,0.97,t17_f5_c3,17.8443,0.0526,False,False,False,23.12.x,0.0,2.564558921115015e+18,,,ZTF24aabfkzy
ztf,60318.5575116002,2564557511115015013,2,2564557511115,20.3294,1,2564,6.57745,17.8728,17.9429,0.071173,0.0453,126.6170737,65.7353063,0.962857,t17_f5_c3,17.9426,0.0572,False,False,False,23.12.x,0.0,2.564559391115015e+18,,,ZTF24aabfkzy
ztf,60318.557986100204,2564557981115015018,2,2564557981115,20.3243,1,2564,6.54816,17.8575,17.9111,0.056313,0.0444,126.6169196,65.735367,0.967143,t17_f5_c3,17.8722,0.0541,False,False,False,23.12.x,0.0,2.564559391115015e+18,,,ZTF24aabfkzy
ztf,60318.55846060021,2564558461115015013,2,2564558461115,20.3228,1,2564,6.51069,17.8622,17.884,0.051499,0.0435,126.6167804,65.7354323,0.97,t17_f5_c3,17.9135,0.0564,False,False,False,23.12.x,0.0,2.564559391115015e+18,,,ZTF24aabfkzy
ztf,60318.558923599776,2564558921115015011,2,2564558921115,20.324812,1,2564,6.5355773,17.83096,17.8292,0.04892646,0.0415,126.6165896,65.7355008,0.9685714,t17_f5_c3,17.8631,0.0539,True,False,False,23.12.x,0.0,,0.99999976,840120211.0,ZTF24aabfkzy
ztf,60318.55939809978,2564559391115015010,2,2564559391115,20.321196,1,2564,6.4995604,17.843447,17.8634,0.05439392,0.043,126.6164464,65.7355785,0.9657143,t17_f5_c3,17.8198,0.0521,True,False,False,23.12.x,0.0,,0.9999999,840120211.0,ZTF24aabfkzy
ztf,60318.55986109981,2564559861115015009,2,2564559861115,20.321102,1,2564,6.5758634,17.868376,17.9286,0.051411603,0.0454,126.6162483,65.7356418,0.9714286,t17_f5_c3,17.9281,0.0573,True,False,False,23.12.x,0.0,,0.99999714,840120211.0,ZTF24aabfkzy
ztf,60318.56033559982,2564560331115015024,2,2564560331115,20.29648,1,2564,6.577511,17.896069,17.9703,0.061337076,0.048,126.6161176,65.7357134,0.94714284,t17_f5_c3,17.9586,0.06,True,False,False,23.12.x,0.0,,0.9999815,840120211.0,ZTF24aabfkzy
ztf,60318.56081019994,2564560811115015013,2,2564560811115,20.272223,1,2564,6.618115,17.89701,18.0049,0.050473273,0.0496,126.61597,65.7357861,0.9742857,t17_f5_c3,18.1135,0.0693,True,False,True,23.12.x,0.0,,0.9999938,840120211.0,ZTF24aabfkzy
