tid,mjd,candid,fid,pid,diffmaglim,isdiffpos,nid,distnr,magpsf,magap,sigmapsf,sigmagap,ra,dec,rb,rbversion,magapbig,sigmagapbig,has_stamp,corrected,dubious,step_id_corr,phase,parent_candid,drb,rfid,oid
ztf,60319.195763899945,2565195761015015001,2,2565195761015,20.3388,1,2565,7.6806,18.6412,18.5251,0.070498,0.0745,86.7494521,15.9776565,0.947143,t17_f5_c3,18.5015,0.093,False,False,True,23.12.x,0.0,2.565197171015015e+18,,,ZTF24aabhqsj
ztf,60319.19623839995,2565196231015015001,2,2565196231015,20.1515,1,2565,7.44812,18.6252,18.6184,0.071684,0.0842,86.7493517,15.9776835,0.948571,t17_f5_c3,18.7332,0.1193,False,False,True,23.12.x,0.0,2.565197171015015e+18,,,ZTF24aabhqsj
ztf,60319.19670139998,2565196701015015001,2,2565196701015,20.1449,1,2565,7.04078,18.6438,18.6283,0.07146,0.0847,86.7492605,15.9777709,0.941429,t17_f5_c3,18.5757,0.1031,False,False,True,23.12.x,0.0,2.565197171015015e+18,,,ZTF24aabhqsj
ztf,60319.197175899986,2565197171015015001,2,2565197171015,20.122974,1,2565,6.6977468,18.662405,18.7169,0.089548215,0.0921,86.7491573,15.9778401,0.92,t17_f5_c3,18.6792,0.1135,True,False,True,23.12.x,0.0,,0.99999934,562120210.0,ZTF24aabhqsj
ztf,60319.19765050011,2565197651015015003,2,2565197651015,20.198473,1,2565,6.299815,18.671173,18.5441,0.0803513,0.0783,86.7490395,15.9779171,0.94,t17_f5_c3,18.4944,0.0953,True,False,True,23.12.x,0.0,,0.99999964,562120210.0,ZTF24aabhqsj
ztf,60319.19812500011,2565198121015015002,2,2565198121015,20.237366,1,2565,5.9641185,18.679283,18.7088,0.070324905,0.09,86.7489302,15.9779877,0.9628571,t17_f5_c3,18.6682,0.1106,True,False,True,23.12.x,0.0,,0.9999969,562120210.0,ZTF24aabhqsj
ztf,60319.198588000145,2565198581015015001,2,2565198581015,20.232693,1,2565,5.6136217,18.679802,18.7176,0.07564503,0.0911,86.7488406,15.9780708,0.96,t17_f5_c3,18.6441,0.1086,True,False,True,23.12.x,0.0,,0.99999976,562120210.0,ZTF24aabhqsj
ztf,60319.19906250015,2565199061015015002,2,2565199061015,20.181913,1,2565,5.31691,18.646461,18.6347,0.07095619,0.0852,86.7487258,15.9781353,0.9514286,t17_f5_c3,18.5864,0.1039,True,False,True,23.12.x,0.0,,0.99999636,562120210.0,ZTF24aabhqsj
