tid,mjd,candid,fid,pid,diffmaglim,isdiffpos,nid,distnr,magpsf,magap,sigmapsf,sigmagap,ra,dec,rb,rbversion,magapbig,sigmagapbig,has_stamp,corrected,dubious,step_id_corr,phase,parent_candid,drb,rfid,oid
ztf,60319.25655090017,2565256550915015011,2,2565256550915,20.2896,1,2565,4.40798,19.9095,20.1411,0.184792,0.3119,87.2600688,16.5077353,0.648571,t17_f5_c3,19.9326,0.3298,False,False,False,23.12.x,0.0,2.565258420915015e+18,,,ZTF24aabipub
ztf,60319.257013900205,2565257010915015015,2,2565257010915,20.3224,1,2565,4.03569,20.0148,20.2539,0.220373,0.338,87.2599443,16.5077234,0.524286,t17_f5_c3,19.8361,0.2952,False,False,False,23.12.x,0.0,2.565258420915015e+18,,,ZTF24aabipub
ztf,60319.25748840021,2565257480915015013,2,2565257480915,20.2944,1,2565,3.87662,19.8433,20.043,0.14654,0.2837,87.2598755,16.5076942,0.781429,t17_f5_c3,19.9111,0.3219,False,False,False,23.12.x,0.0,2.565258420915015e+18,,,ZTF24aabipub
ztf,60319.257962999865,2565257960915015012,2,2565257960915,20.1782,1,2565,3.70472,20.0551,19.6167,0.202124,0.2022,87.2597732,16.5076238,0.261429,t17_f5_c3,19.4128,0.2149,False,False,False,23.12.x,0.0,2.565260310915015e+18,,,ZTF24aabipub
ztf,60319.25842589978,2565258420915015011,2,2565258420915,20.218554,1,2565,3.321139,19.934956,19.6973,0.15583816,0.2142,87.259672,16.5076714,0.56142855,t17_f5_c3,19.5836,0.247,True,False,False,23.12.x,0.0,,0.999815,562120209.0,ZTF24aabipub
ztf,60319.2589004999,2565258900915015014,2,2565258900915,20.2754,1,2565,3.0906,19.9727,20.2113,0.178225,0.3363,87.2595932,16.5076774,0.718571,t17_f5_c3,20.1906,0.4227,False,False,False,23.12.x,0.0,2.565260310915015e+18,,,ZTF24aabipub
ztf,60319.25937499991,2565259370915015013,2,2565259370915,20.2875,1,2565,3.0866,20.0344,19.9176,0.222611,0.2546,87.2595171,16.5075971,0.63,t17_f5_c3,19.9909,0.3488,False,False,False,23.12.x,0.0,2.565260310915015e+18,,,ZTF24aabipub
ztf,60319.25983799994,2565259830915015017,2,2565259830915,20.3606,1,2565,2.95135,19.927,19.9173,0.166009,0.2437,87.2594604,16.5075934,0.735714,t17_f5_c3,20.0719,0.3597,False,False,False,23.12.x,0.0,2.565260310915015e+18,,,ZTF24aabipub
ztf,60319.260312499944,2565260310915015017,2,2565260310915,20.357796,1,2565,2.8483417,20.041632,19.8761,0.16139686,0.2357,87.2593814,16.507569,0.57857144,t17_f5_c3,19.7538,0.2699,True,False,False,23.12.x,0.0,,0.9998735,562120209.0,ZTF24aabipub
