tid,mjd,candid,fid,pid,diffmaglim,isdiffpos,nid,distnr,magpsf,magap,sigmapsf,sigmagap,ra,dec,rb,rbversion,magapbig,sigmagapbig,has_stamp,corrected,dubious,step_id_corr,phase,parent_candid,drb,rfid,oid
ztf,60319.13687499985,2565136875015015002,2,2565136875015,19.4539,1,2565,11.9614,17.1279,17.1252,0.060705,0.0391,90.6007022,21.7311571,0.915714,t17_f5_c3,17.0919,0.0482,False,False,True,23.12.x,0.0,2.565138285015015e+18,,,ZTF24aabgjou
ztf,60319.137349499855,2565137345015015001,2,2565137345015,19.2685,1,2565,12.2015,17.1718,17.1325,0.056018,0.0445,90.6005968,21.7311316,0.9,t17_f5_c3,17.093,0.0545,False,False,True,23.12.x,0.0,2.565138765015015e+18,,,ZTF24aabgjou
ztf,60319.13782409998,2565137825015015003,2,2565137825015,19.1046,1,2565,12.5479,17.2214,17.2226,0.045956,0.0583,90.6004762,21.7310779,0.9,t17_f5_c3,17.1987,0.0727,False,False,True,23.12.x,0.0,2.565138765015015e+18,,,ZTF24aabgjou
ztf,60319.13828699989,2565138285015015002,2,2565138285015,18.736547,1,2565,12.9258375,17.215345,17.1887,0.073722295,0.0757,90.6003476,21.7310279,0.88285714,t17_f5_c3,17.1925,0.0971,True,False,True,23.12.x,0.0,,1.0,562120250.0,ZTF24aabgjou
ztf,60319.138761600014,2565138765015015009,2,2565138765015,18.69446,1,2565,13.019132,17.128107,17.1953,0.07573346,0.0751,90.6002657,21.7309759,0.82857144,t17_f5_c3,17.1429,0.0916,True,False,True,23.12.x,0.0,,0.9999901,562120250.0,ZTF24aabgjou
ztf,60319.13923610002,2565139235015015001,2,2565139235015,18.764153,1,2565,12.824494,17.194818,17.2194,0.07428881,0.0657,90.6001282,21.7309332,0.7457143,t17_f5_c3,17.1679,0.0799,True,False,True,23.12.x,0.0,,0.9999993,562120250.0,ZTF24aabgjou
ztf,60319.13971060002,2565139715015015009,2,2565139715015,19.062088,1,2565,12.65427,17.098944,17.1574,0.049579423,0.0504,90.6000228,21.7309147,0.8242857,t17_f5_c3,17.0863,0.0602,True,False,True,23.12.x,0.0,,0.99956834,562120250.0,ZTF24aabgjou
ztf,60319.140173600055,2565140175015015003,2,2565140175015,19.39939,1,2565,12.604037,17.154127,17.1611,0.05810355,0.0381,90.5999117,21.7308522,0.8414286,t17_f5_c3,17.1611,0.0483,True,False,True,23.12.x,0.0,,0.99998116,562120250.0,ZTF24aabgjou
ztf,60319.14064810006,2565140645015015004,2,2565140645015,19.455284,1,2565,12.527202,17.155092,17.1937,0.0429791,0.0384,90.5998049,21.7308047,0.87142855,t17_f5_c3,17.1931,0.0487,True,False,True,23.12.x,0.0,,0.9999992,562120250.0,ZTF24aabgjou
