tid,mjd,candid,fid,pid,diffmaglim,isdiffpos,nid,distnr,magpsf,magap,sigmapsf,sigmagap,ra,dec,rb,rbversion,magapbig,sigmagapbig,has_stamp,corrected,dubious,step_id_corr,phase,parent_candid,drb,rfid,oid
ztf,60319.33523150021,2565335235415015035,2,2565335235415,20.3128,1,2565,4.93087,19.5943,19.4386,0.148983,0.1722,89.1259967,21.3339114,0.788571,t17_f5_c3,19.5406,0.2424,False,False,True,23.12.x,0.0,2.565337115415015e+18,,,ZTF24aabkhlv
ztf,60319.335706000216,2565335705415015035,2,2565335705415,20.1869,1,2565,5.48051,19.6385,19.6384,0.156349,0.2189,89.1258152,21.3338811,0.76,t17_f5_c3,19.5659,0.2627,False,False,True,23.12.x,0.0,2.565337115415015e+18,,,ZTF24aabkhlv
ztf,60319.33618059987,2565336185415015035,2,2565336185415,20.0791,1,2565,5.55305,19.6404,19.6467,0.146065,0.2383,89.125746,21.3339435,0.781429,t17_f5_c3,19.8818,0.3795,False,False,True,23.12.x,0.0,2.565338065415015e+18,,,ZTF24aabkhlv
ztf,60319.33664349979,2565336645415015038,2,2565336645415,20.148,1,2565,6.01712,19.7325,19.7428,0.15615,0.2379,89.1256171,21.3338936,0.721429,t17_f5_c3,19.6592,0.2826,False,False,True,23.12.x,0.0,2.565338065415015e+18,,,ZTF24aabkhlv
ztf,60319.33711809991,2565337115415015031,2,2565337115415,20.008532,1,2565,6.0875416,19.573399,19.4751,0.13062805,0.2039,89.1255631,21.3339419,0.7214286,t17_f5_c3,19.6068,0.2955,True,False,True,23.12.x,0.0,,0.99988395,562120254.0,ZTF24aabkhlv
ztf,60319.33759259991,2565337595415015038,2,2565337595415,20.113537,1,2565,6.3555055,19.699232,19.7799,0.14322002,0.2541,89.1254018,21.333881,0.78571427,t17_f5_c3,19.964,0.386,True,False,True,23.12.x,0.0,,0.9999879,562120254.0,ZTF24aabkhlv
ztf,60319.33806709992,2565338065415015038,2,2565338065415,20.09252,1,2565,6.2342134,19.790077,19.6568,0.15354533,0.2249,89.1253206,21.3339366,0.6542857,t17_f5_c3,19.4557,0.2399,True,False,True,23.12.x,0.0,,0.999993,562120254.0,ZTF24aabkhlv
ztf,60319.339004599955,2565339005415015035,2,2565339005415,20.001238,1,2565,5.908364,19.631111,19.3062,0.1661354,0.1725,89.1252025,21.3339338,0.5057143,t17_f5_c3,19.3502,0.2301,True,False,True,23.12.x,0.0,,0.99968576,562120254.0,ZTF24aabkhlv
ztf,60319.339479200076,2565339475415015035,2,2565339475415,19.937693,1,2565,5.522421,19.670979,19.4878,0.18116002,0.2318,89.1250164,21.333975,0.68714285,t17_f5_c3,19.5,0.301,True,False,True,23.12.x,0.0,,0.9999901,562120254.0,ZTF24aabkhlv
