tid,mjd,candid,fid,pid,diffmaglim,isdiffpos,nid,distnr,magpsf,magap,sigmapsf,sigmagap,ra,dec,rb,rbversion,magapbig,sigmagapbig,has_stamp,corrected,dubious,step_id_corr,phase,parent_candid,drb,rfid,oid
ztf,60319.15620370023,2565156202415015023,2,2565156202415,19.745,1,2565,7.35387,19.6842,19.5827,0.183353,0.299,87.8090383,18.3162432,0.71,t17_f5_c3,19.3546,0.3111,False,False,False,23.12.x,0.0,2.565157612415015e+18,,,ZTF24aabgxfb
ztf,60319.1566666998,2565156662415015026,2,2565156662415,19.9709,1,2565,6.74484,19.588,19.9807,0.159052,0.3358,87.8088489,18.3162348,0.731429,t17_f5_c3,19.8298,0.3753,False,False,False,23.12.x,0.0,2.565158552415015e+18,,,ZTF24aabgxfb
ztf,60319.1571411998,2565157142415015026,2,2565157142415,19.8111,1,2565,6.62736,19.7922,19.8029,0.245846,0.3311,87.8088126,18.3162349,0.355714,t17_f5_c3,19.459,0.3099,False,False,False,23.12.x,0.0,2.565158552415015e+18,,,ZTF24aabgxfb
ztf,60319.157615699805,2565157612415015020,2,2565157612415,19.9872,1,2565,5.94435,19.9448,19.8217,0.17854,0.2766,87.8086454,18.3161096,0.584286,t17_f5_c3,19.9935,0.4158,False,False,False,23.12.x,0.0,2.565158552415015e+18,,,ZTF24aabgxfb
ztf,60319.15807869984,2565158072415015085,2,2565158072415,19.820946,1,2565,5.543389,19.611223,19.5266,0.17795,0.2481,87.8085133,18.3161288,0.61,t17_f5_c3,19.499,0.3102,True,False,False,23.12.x,0.0,,0.9996578,562120224.0,ZTF24aabgxfb
ztf,60319.15855319984,2565158552415015025,2,2565158552415,20.008627,1,2565,5.396701,19.856157,19.9405,0.171991,0.2938,87.8084648,18.316123,0.55285716,t17_f5_c3,19.8341,0.3422,True,False,False,23.12.x,0.0,,0.99910986,562120224.0,ZTF24aabgxfb
ztf,60319.159027799964,2565159022415015031,2,2565159022415,20.021172,1,2565,4.9119444,19.872887,19.5691,0.20578545,0.2019,87.8083603,18.3160033,0.40285715,t17_f5_c3,19.4747,0.2375,True,False,False,23.12.x,0.0,,0.982285,562120224.0,ZTF24aabgxfb
ztf,60319.15949069988,2565159492415015030,2,2565159492415,20.0218,1,2565,4.65126,19.9421,19.9518,0.203183,0.286,87.8082533,18.3160676,0.451429,t17_f5_c3,20.2083,0.4649,False,False,False,23.12.x,0.0,2.565159962415015e+18,,,ZTF24aabgxfb
ztf,60319.1599653,2565159962415015030,2,2565159962415,20.095465,1,2565,4.368934,19.875675,19.7334,0.15751693,0.2346,87.8082234,18.3159037,0.6314286,t17_f5_c3,19.8988,0.3502,True,False,False,23.12.x,0.0,,0.99995637,562120224.0,ZTF24aabgxfb
