tid,mjd,candid,fid,pid,diffmaglim,isdiffpos,nid,distnr,magpsf,magap,sigmapsf,sigmagap,ra,dec,rb,rbversion,drb,magapbig,sigmagapbig,rfid,has_stamp,corrected,dubious,step_id_corr,phase,parent_candid,oid
ztf,59550.554456000216,1796554455715015000,2,1796554455715,19.848337,1,1796,2.3468516,19.329624,19.26,0.13709672,0.2273,212.3983066,0.9954699,0.9285714,t17_f5_c3,0.9996815,19.3265,0.3087,426120257.0,True,False,False,correction_1.0.6,0.0,,ZTF21acrcmbx
ztf,59550.55586809991,1796555861115015008,2,1796555861115,20.029926,1,1796,1.861002,19.370964,19.4362,0.17151402,0.2477,212.3983072,0.9955033,0.7942857,t17_f5_c3,0.9999778,19.6319,0.379,477120211.0,True,False,False,correction_1.0.6,0.0,,ZTF21acrcmbx
ztf,59550.556828700006,1796556825715015000,2,1796556825715,19.907667,1,1796,2.3636181,19.321808,19.2019,0.17039746,0.2181,212.3983521,0.9955005,0.91,t17_f5_c3,0.9998965,19.0141,0.2346,426120257.0,True,False,False,correction_1.0.6,0.0,,ZTF21acrcmbx
ztf,59550.559201399796,1796559205715015000,2,1796559205715,19.718779,1,1796,1.9904041,19.428371,19.245,0.20708576,0.2554,212.3982893,0.995334,0.72571427,t17_f5_c3,0.9973196,19.159,0.302,426120257.0,True,False,False,correction_1.0.6,0.0,,ZTF21acrcmbx
ztf,59550.56061339984,1796560611115015007,2,1796560611115,19.766123,1,1796,1.6582392,19.539148,19.4364,0.16148387,0.3109,212.3983618,0.9954465,0.83,t17_f5_c3,0.9971632,19.4742,0.4126,477120211.0,True,False,False,correction_1.0.6,0.0,,ZTF21acrcmbx
ztf,59550.56298610009,1796562981115015003,2,1796562981115,19.5247,1,1796,1.50348,19.5181,19.1712,0.258566,0.2952,212.3983846,0.995401,0.57,t17_f5_c3,,19.438,0.484,,False,False,False,correction_1.0.6,0.0,1.796563935715015e+18,ZTF21acrcmbx
ztf,59550.56393520022,1796563935715015002,2,1796563935715,19.413677,1,1796,2.4459746,19.27003,19.5129,0.19239372,0.4451,212.3983121,0.9955054,0.8214286,t17_f5_c3,0.9994063,19.44,0.5343,426120257.0,True,False,False,correction_1.0.6,0.0,,ZTF21acrcmbx
