tid,mjd,candid,fid,pid,diffmaglim,isdiffpos,nid,distnr,magpsf,magap,sigmapsf,sigmagap,ra,dec,rb,rbversion,magapbig,sigmagapbig,has_stamp,corrected,dubious,step_id_corr,phase,parent_candid,drb,rfid,oid
ztf,60318.394513899926,2564394511115015006,2,2564394511115,20.2922,1,2564,9.51798,17.9998,18.0232,0.061421,0.0454,126.6752188,65.7110908,0.961429,t17_f5_c3,17.9913,0.0557,False,False,True,23.12.x,0.0,2.564395921115015e+18,,,ZTF24aabefwr
ztf,60318.39498839993,2564394981115015009,2,2564394981115,20.2412,1,2564,9.27361,18.0485,18.0427,0.063592,0.0466,126.6750885,65.7111511,0.95,t17_f5_c3,18.03,0.0582,False,False,True,23.12.x,0.0,2.564395921115015e+18,,,ZTF24aabefwr
ztf,60318.39546300005,2564395461115015005,2,2564395461115,20.0127,1,2564,8.94746,18.0188,18.0397,0.0617,0.0481,126.6748998,65.7112235,0.84,t17_f5_c3,17.9545,0.0563,False,False,True,23.12.x,0.0,2.564395921115015e+18,,,ZTF24aabefwr
ztf,60318.39592589997,2564395921115015004,2,2564395921115,20.05727,1,2564,8.665062,18.03339,18.114,0.06855389,0.0514,126.6747473,65.7113066,0.87857145,t17_f5_c3,18.0363,0.0607,True,False,True,23.12.x,0.0,,0.99999666,840120211.0,ZTF24aabefwr
ztf,60318.39640050009,2564396401115015004,2,2564396401115,20.022076,1,2564,8.311263,18.045727,18.1097,0.06812406,0.0515,126.6745225,65.7113498,0.87857145,t17_f5_c3,18.0958,0.0645,True,False,True,23.12.x,0.0,,0.99999523,840120211.0,ZTF24aabefwr
ztf,60318.396863400005,2564396861115015008,2,2564396861115,20.01456,1,2564,8.142873,18.020233,18.0673,0.059302125,0.0495,126.6744467,65.7114432,0.8685714,t17_f5_c3,18.0145,0.0597,True,False,True,23.12.x,0.0,,0.9999999,840120211.0,ZTF24aabefwr
ztf,60318.397338000126,2564397331115015007,2,2564397331115,20.108759,1,2564,7.8125663,18.000763,18.0172,0.059883356,0.047,126.6742454,65.7115198,0.92714286,t17_f5_c3,17.9906,0.0581,True,False,True,23.12.x,0.0,,0.9999995,840120211.0,ZTF24aabefwr
