tid,mjd,candid,fid,pid,diffmaglim,isdiffpos,nid,distnr,magpsf,magap,sigmapsf,sigmagap,ra,dec,rb,rbversion,magapbig,sigmagapbig,has_stamp,corrected,dubious,step_id_corr,phase,parent_candid,drb,rfid,oid
ztf,60319.14583329996,2565145835115015029,2,2565145835115,19.8578,1,2565,4.18734,18.0111,18.0096,0.065821,0.06,91.4667009,21.1857212,0.911429,t17_f5_c3,18.0686,0.0806,False,False,True,23.12.x,0.0,2.565147245115015e+18,,,ZTF24aabgure
ztf,60319.14630790008,2565146305115015024,2,2565146305115,19.8858,1,2565,4.56605,17.9957,18.0198,0.061931,0.0605,91.4665834,21.1856987,0.932857,t17_f5_c3,17.954,0.0725,False,False,True,23.12.x,0.0,2.565147715115015e+18,,,ZTF24aabgure
ztf,60319.14678240009,2565146785115015038,2,2565146785115,19.7566,1,2565,4.99802,18.0377,18.0145,0.07561,0.0618,91.4664647,21.1856426,0.868571,t17_f5_c3,17.9909,0.077,False,False,True,23.12.x,0.0,2.565148185115015e+18,,,ZTF24aabgure
ztf,60319.14724540012,2565147245115015043,2,2565147245115,19.84437,1,2565,5.363969,17.981514,17.9942,0.0659764,0.0579,91.466344,21.185628,0.9242857,t17_f5_c3,17.9586,0.0712,True,False,True,23.12.x,0.0,,0.99999976,562120251.0,ZTF24aabgure
ztf,60319.147719900124,2565147715115015028,2,2565147715115,19.785976,1,2565,5.7723427,18.040602,18.1019,0.071774594,0.0673,91.4662075,21.1856192,0.92142856,t17_f5_c3,18.0851,0.0844,True,False,True,23.12.x,0.0,,0.9999998,562120251.0,ZTF24aabgure
ztf,60319.14818290016,2565148185115015029,2,2565148185115,19.894926,1,2565,6.103731,18.002052,18.0167,0.076817766,0.0597,91.4661081,21.1856031,0.9057143,t17_f5_c3,18.0315,0.077,True,False,True,23.12.x,0.0,,0.99999964,562120251.0,ZTF24aabgure
ztf,60319.14865740016,2565148655115015035,2,2565148655115,19.904469,1,2565,6.5525055,18.017427,18.1229,0.06411531,0.065,91.4659626,21.1855909,0.92285717,t17_f5_c3,18.1179,0.0823,True,False,True,23.12.x,0.0,,0.9999998,562120251.0,ZTF24aabgure
ztf,60319.149131900165,2565149135115015020,2,2565149135115,19.692959,1,2565,6.317555,18.024368,18.0782,0.07401543,0.0668,91.4658781,21.1855739,0.8485714,t17_f5_c3,18.1117,0.0877,True,False,True,23.12.x,0.0,,0.9999958,562120251.0,ZTF24aabgure
