tid,mjd,candid,fid,pid,diffmaglim,isdiffpos,nid,distnr,magpsf,magpsf_corr,magap,sigmapsf,sigmapsf_corr,sigmapsf_corr_ext,sigmagap,ra,dec,rb,rbversion,magapbig,sigmagapbig,has_stamp,corrected,dubious,step_id_corr,phase,parent_candid,drb,rfid,oid
ztf,60659.55447919993,2905554475915010001,2,2905554475915,19.1365,-1,2905,0.153575,17.472,15.158862,17.5629,0.104931,100.0,0.012463743,0.0998,226.4856153,3.7073483,0.815714,t17_f5_c3,17.5484,0.1241,False,True,False,26.0.1,0.0,2.90755988591501e+18,,,ZTF24abxyphv
ztf,60659.55784719996,2905557845915010001,2,2905557845915,19.0204,-1,2905,0.111803,17.4555,15.160838,17.3151,0.084195,100.0,0.010172363,0.0853,226.4856377,3.7073132,0.887143,t17_f5_c3,17.3929,0.1157,False,True,False,26.0.1,0.0,2.90755988591501e+18,,,ZTF24abxyphv
ztf,60659.56121530011,2905561215915010001,2,2905561215915,19.090818,-1,2905,0.2777549,17.455029,15.160895,17.3885,0.09312802,100.0,0.011257116,0.0851,226.4856021,3.7073933,0.9,t17_f5_c3,17.3161,0.1003,True,True,False,25.0.0,0.0,,0.999953,1473120259.0,ZTF24abxyphv
ztf,60661.55415510014,2907554155915010000,2,2907554155915,19.29146,-1,2907,0.5191973,17.409607,15.166517,17.4303,0.06052536,100.0,0.00766834,0.0776,226.4855512,3.7072372,0.8742857,t17_f5_c3,17.3801,0.0925,True,True,False,26.0.1,0.0,,0.99329954,1473120259.0,ZTF24abxyphv
ztf,60661.55701390002,2907557015915010000,2,2907557015915,19.421005,-1,2907,0.06740883,17.347357,15.1746645,17.3291,0.06138164,100.0,0.008297775,0.0693,226.4856391,3.7073481,0.89428574,t17_f5_c3,17.3248,0.086,True,True,False,26.0.1,0.0,,0.9997126,1473120259.0,ZTF24abxyphv
ztf,60661.55988429999,2907559885915010016,2,2907559885915,18.813791,-1,2907,0.30801693,17.55121,15.149826,17.5581,0.10771174,100.0,0.011795307,0.1363,226.4855897,3.7073923,0.53571427,t17_f5_c3,17.4443,0.1554,True,True,False,26.0.1,0.0,,0.9969524,1473120259.0,ZTF24abxyphv
ztf,61020.56587960012,3266565875915015001,2,3266565875915,19.281689,1,3266,0.40519866,17.341024,14.914166,17.387,0.047452286,100.0,0.00507591,0.0819,226.48564,3.7072251,0.9085714,t17_f5_c3,17.3722,0.1011,True,True,False,27.5.7a32.dev1,0.0,,0.99948883,1473120259.0,ZTF24abxyphv
