tid,mjd,candid,fid,pid,diffmaglim,isdiffpos,nid,distnr,magpsf,magap,sigmapsf,sigmagap,ra,dec,rb,rbversion,magapbig,sigmagapbig,has_stamp,corrected,dubious,step_id_corr,phase,parent_candid,drb,rfid,oid
ztf,60317.190787000116,2563190785015015024,2,2563190785015,19.9021,1,2563,3.83251,18.5356,18.5939,0.086027,0.0935,98.4765604,21.2450885,0.287143,t17_f5_c3,18.5087,0.1104,False,False,False,23.12.x,0.0,2.563192195015015e+18,,,ZTF24aaauvah
ztf,60317.19126159977,2563191265015015035,2,2563191265015,20.0671,1,2563,4.33906,18.5737,18.5456,0.080149,0.0813,98.4764017,21.2450973,0.641429,t17_f5_c3,18.5844,0.1074,False,False,False,23.12.x,0.0,2.563192675015015e+18,,,ZTF24aaauvah
ztf,60317.19172450015,2563191725015015020,2,2563191725015,20.0228,1,2563,4.8026,18.5681,18.5814,0.098185,0.0858,98.4762731,21.2451537,0.921429,t17_f5_c3,18.5968,0.111,False,False,False,23.12.x,0.0,2.563192675015015e+18,,,ZTF24aaauvah
ztf,60317.19219909981,2563192195015015020,2,2563192195015,19.918463,1,2563,5.280396,18.53518,18.5076,0.081205614,0.0893,98.4761268,21.2451374,0.9042857,t17_f5_c3,18.5337,0.1167,True,False,False,23.12.x,0.0,,0.9999858,563120250.0,ZTF24aaauvah
ztf,60317.19267359981,2563192675015015030,2,2563192675015,19.856321,1,2563,5.40452,18.504782,18.4177,0.083022006,0.0849,98.4760292,21.2451643,0.7657143,t17_f5_c3,18.347,0.1017,True,False,False,23.12.x,0.0,,0.99938375,563120250.0,ZTF24aaauvah
ztf,60317.19314809982,2563193145015015036,2,2563193145015,20.0648,1,2563,5.451281,18.507347,18.4916,0.09084863,0.079,98.4758789,21.2452187,0.91714287,t17_f5_c3,18.4925,0.1008,True,False,False,23.12.x,0.0,,0.98964655,563120250.0,ZTF24aaauvah
ztf,60317.19361109985,2563193615015015038,2,2563193615015,20.008965,1,2563,4.9416194,18.534319,18.4437,0.09713326,0.0802,98.4757234,21.2452151,0.8371429,t17_f5_c3,18.3461,0.0938,True,False,False,23.12.x,0.0,,0.98868495,563120250.0,ZTF24aaauvah
ztf,60317.194085599855,2563194085015015028,2,2563194085015,20.053658,1,2563,4.6396074,18.56848,18.4984,0.08025231,0.0783,98.4756367,21.245269,0.8428571,t17_f5_c3,18.5327,0.1032,True,False,False,23.12.x,0.0,,0.9006314,563120250.0,ZTF24aaauvah
ztf,60317.19454859989,2563194545015015032,2,2563194545015,20.007559,1,2563,4.238783,18.509905,18.4821,0.07687658,0.0805,98.4755142,21.2452553,0.87857145,t17_f5_c3,18.4563,0.1008,True,False,False,23.12.x,0.0,,0.9895719,563120250.0,ZTF24aaauvah
