tid,mjd,candid,fid,pid,diffmaglim,isdiffpos,nid,distnr,magpsf,magap,sigmapsf,sigmagap,ra,dec,rb,rbversion,magapbig,sigmagapbig,has_stamp,corrected,dubious,step_id_corr,phase,parent_candid,drb,rfid,oid
ztf,60318.370474500116,2564370471115015018,2,2564370471115,19.978,1,2564,6.09826,17.8348,17.83,0.047031,0.0417,126.6839777,65.7073203,0.902857,t17_f5_c3,17.8225,0.0522,False,False,False,23.12.x,0.0,2.564372361115015e+18,,,ZTF24aabeeww
ztf,60318.37094909977,2564370941115015014,2,2564370941115,20.0425,1,2564,6.01241,17.8524,17.8825,0.061672,0.0426,126.6838048,65.7073999,0.93,t17_f5_c3,17.907,0.055,False,False,False,23.12.x,0.0,2.564372361115015e+18,,,ZTF24aabeeww
ztf,60318.371423599776,2564371421115015002,2,2564371421115,20.0342,1,2564,5.913,17.8561,17.8845,0.054115,0.0425,126.683634,65.7074587,0.908571,t17_f5_c3,17.8429,0.0517,False,False,False,23.12.x,0.0,2.564372361115015e+18,,,ZTF24aabeeww
ztf,60318.37236109981,2564372361115015008,2,2564372361115,20.03087,1,2564,5.800993,17.90011,17.939,0.05492869,0.0444,126.6832574,65.7076093,0.9057143,t17_f5_c3,17.8935,0.0538,True,False,False,23.12.x,0.0,,0.99999523,840120211.0,ZTF24aabeeww
ztf,60318.37283559982,2564372831115015004,2,2564372831115,19.826578,1,2564,5.8229933,17.917068,17.8914,0.08268812,0.042,126.6830978,65.7076898,0.69285715,t17_f5_c3,17.8412,0.0507,True,False,False,23.12.x,0.0,,0.99980307,840120211.0,ZTF24aabeeww
ztf,60318.37329859985,2564373291115015003,2,2564373291115,19.94674,1,2564,5.7791405,17.887342,17.9279,0.06445045,0.0433,126.682921,65.7077425,0.8442857,t17_f5_c3,17.9453,0.0556,True,False,False,23.12.x,0.0,,0.99999845,840120211.0,ZTF24aabeeww
ztf,60318.373773099855,2564373771115015006,2,2564373771115,20.0378,1,2564,5.8713126,17.930374,17.8838,0.058555856,0.0418,126.682726,65.7078433,0.8742857,t17_f5_c3,17.8885,0.0529,True,False,False,23.12.x,0.0,,0.9999981,840120211.0,ZTF24aabeeww
ztf,60318.374247699976,2564374241115015006,2,2564374241115,20.040863,1,2564,5.970938,17.86419,17.8683,0.058175232,0.0418,126.6826414,65.7079041,0.9285714,t17_f5_c3,17.875,0.0531,True,False,False,23.12.x,0.0,,0.9999981,840120211.0,ZTF24aabeeww
