tid,mjd,candid,fid,pid,diffmaglim,isdiffpos,nid,distnr,magpsf,magap,sigmapsf,sigmagap,ra,dec,rb,rbversion,magapbig,sigmagapbig,has_stamp,corrected,dubious,step_id_corr,phase,parent_candid,drb,rfid,oid
ztf,60317.436701400205,2563436706315015003,2,2563436706315,19.7837,1,2563,6.83493,19.1349,19.1341,0.119452,0.1608,93.2869098,21.7489494,0.64,t17_f5_c3,19.1522,0.2107,False,False,True,23.12.x,0.0,2.563437636315015e+18,,,ZTF24aabbdgg
ztf,60317.43716439977,2563437166315015003,2,2563437166315,19.7627,1,2563,6.68633,19.1941,19.2096,0.133516,0.1715,93.2868913,21.7488269,0.594286,t17_f5_c3,19.3934,0.2614,False,False,True,23.12.x,0.0,2.563437636315015e+18,,,ZTF24aabbdgg
ztf,60317.43763889978,2563437636315015006,2,2563437636315,19.79834,1,2563,7.5399885,19.09806,19.5627,0.1367982,0.2366,93.2866344,21.7488839,0.51,t17_f5_c3,19.5743,0.3083,True,False,True,23.12.x,0.0,,0.9971305,563120263.0,ZTF24aabbdgg
ztf,60317.43811339978,2563438116315015006,2,2563438116315,19.808702,1,2563,7.655243,19.383924,19.5798,0.14324322,0.2409,93.2865588,21.7487989,0.55142856,t17_f5_c3,19.5949,0.3144,True,False,True,23.12.x,0.0,,0.9974001,563120263.0,ZTF24aabbdgg
ztf,60317.4385879999,2563438586315015002,2,2563438586315,19.73397,1,2563,8.009411,19.08946,19.1425,0.15136491,0.1628,93.2864528,21.7488264,0.5642857,t17_f5_c3,19.2593,0.2328,True,False,True,23.12.x,0.0,,0.9759408,563120263.0,ZTF24aabbdgg
ztf,60317.43905089982,2563439056315015005,2,2563439056315,19.7693,1,2563,8.47214,19.0088,19.1176,0.117145,0.1585,93.2862905,21.7487905,0.668571,t17_f5_c3,19.1934,0.2182,False,False,True,23.12.x,0.0,2.563439526315015e+18,,,ZTF24aabbdgg
ztf,60317.43952549994,2563439526315015003,2,2563439526315,19.779495,1,2563,8.729755,19.139856,19.2191,0.15345652,0.1733,93.2861884,21.7487328,0.51714283,t17_f5_c3,19.2961,0.2389,True,False,True,23.12.x,0.0,,0.9997207,563120263.0,ZTF24aabbdgg
ztf,60317.439999999944,2563440006315015006,2,2563440006315,19.77963,1,2563,9.049756,18.951424,19.1327,0.12826687,0.1603,93.2861001,21.7487706,0.63285714,t17_f5_c3,19.0663,0.1935,True,False,True,23.12.x,0.0,,0.9999385,563120263.0,ZTF24aabbdgg
