tid,mjd,candid,fid,pid,diffmaglim,isdiffpos,nid,distnr,magpsf,magap,sigmapsf,sigmagap,ra,dec,rb,rbversion,magapbig,sigmagapbig,has_stamp,corrected,dubious,step_id_corr,phase,parent_candid,drb,rfid,oid
ztf,60319.13641199982,2565136415115015017,2,2565136415115,19.1686,1,2565,4.08875,17.0262,17.0572,0.058008,0.0451,92.0464252,20.9894023,0.884286,t17_f5_c3,16.9678,0.0528,False,False,False,23.12.x,0.0,2.565137825115015e+18,,,ZTF24aabglfy
ztf,60319.13687499985,2565136875115015026,2,2565136875115,19.3691,1,2565,3.78257,17.0327,17.0693,0.04035,0.0398,92.0463043,20.9894233,0.902857,t17_f5_c3,17.027,0.0485,False,False,False,23.12.x,0.0,2.565138285115015e+18,,,ZTF24aabglfy
ztf,60319.137349499855,2565137345115015014,2,2565137345115,19.2397,1,2565,3.52411,17.0525,17.0665,0.042195,0.0427,92.0462012,20.9894451,0.887143,t17_f5_c3,17.0829,0.055,False,False,False,23.12.x,0.0,2.565138285115015e+18,,,ZTF24aabglfy
ztf,60319.13782409998,2565137825115015029,2,2565137825115,19.086334,1,2565,3.263133,16.975786,16.9676,0.05032003,0.0461,92.046059,20.9894594,0.8471429,t17_f5_c3,16.9124,0.0557,True,False,False,23.12.x,0.0,,0.9999804,562120251.0,ZTF24aabglfy
ztf,60319.13828699989,2565138285115015010,2,2565138285115,18.773695,1,2565,3.0291562,16.997946,17.0317,0.06527686,0.0623,92.0459322,20.9894822,0.8742857,t17_f5_c3,17.0157,0.0783,True,False,False,23.12.x,0.0,,0.9999999,562120251.0,ZTF24aabglfy
ztf,60319.138761600014,2565138765115015016,2,2565138765115,18.615767,1,2565,2.798264,17.086752,17.0815,0.066474,0.0726,92.0457816,20.9895121,0.81285715,t17_f5_c3,17.0072,0.0866,True,False,False,23.12.x,0.0,,1.0,562120251.0,ZTF24aabglfy
ztf,60319.13923610002,2565139235115015013,2,2565139235115,18.748571,1,2565,2.7967753,17.047754,17.0543,0.06642576,0.0552,92.0456569,20.9895017,0.7657143,t17_f5_c3,17.0553,0.0704,True,False,False,23.12.x,0.0,,0.9999984,562120251.0,ZTF24aabglfy
