tid,mjd,candid,fid,pid,diffmaglim,isdiffpos,nid,distnr,magpsf,magap,sigmapsf,sigmagap,ra,dec,rb,rbversion,magapbig,sigmagapbig,has_stamp,corrected,dubious,step_id_corr,phase,parent_candid,drb,rfid,oid
ztf,60317.28125,2563281250715015003,2,2563281250715,20.2372,1,2563,2.83338,19.6047,19.5799,0.125786,0.1864,96.8061434,15.9853903,0.792857,t17_f5_c3,19.6396,0.252,False,False,True,23.12.x,0.0,2.563283120715015e+18,,,ZTF24aaaxnyb
ztf,60317.28218750004,2563282180715015002,2,2563282180715,20.1301,1,2563,3.01572,19.5413,19.4405,0.149255,0.1718,96.8059591,15.9854287,0.73,t17_f5_c3,19.5221,0.2368,False,False,True,23.12.x,0.0,2.563284070715015e+18,,,ZTF24aaaxnyb
ztf,60317.28266200004,2563282660715015001,2,2563282660715,20.1401,1,2563,3.17202,19.4158,19.662,0.135553,0.2094,96.8058427,15.9854507,0.748571,t17_f5_c3,19.6268,0.2598,False,False,True,23.12.x,0.0,2.563284070715015e+18,,,ZTF24aaaxnyb
ztf,60317.283125000075,2563283120715015002,2,2563283120715,20.148851,1,2563,3.2324204,19.453644,19.5248,0.12501132,0.1846,96.8057165,15.9854242,0.7842857,t17_f5_c3,19.6133,0.2565,True,False,True,23.12.x,0.0,,0.99090344,563120207.0,ZTF24aaaxnyb
ztf,60317.28359950008,2563283590715015002,2,2563283590715,20.100372,1,2563,3.4251447,19.58252,19.7486,0.19874397,0.2301,96.8056644,15.9854618,0.73,t17_f5_c3,19.7987,0.309,True,False,True,23.12.x,0.0,,0.9788506,563120207.0,ZTF24aaaxnyb
ztf,60317.2840741002,2563284070715015001,2,2563284070715,20.1286,1,2563,3.44929,19.5068,19.7377,0.143369,0.226,96.8055613,15.9854121,0.477143,t17_f5_c3,19.5959,0.2545,False,False,True,23.12.x,0.0,2.563285480715015e+18,,,ZTF24aaaxnyb
ztf,60317.284548600204,2563284540715015003,2,2563284540715,20.1209,1,2563,3.63023,19.5212,19.4337,0.151702,0.1726,96.8054776,15.9854214,0.754286,t17_f5_c3,19.412,0.217,False,False,True,23.12.x,0.0,2.563285480715015e+18,,,ZTF24aaaxnyb
ztf,60317.28501159977,2563285010715015003,2,2563285010715,20.1474,1,2563,3.91517,19.4446,19.4795,0.136309,0.178,96.8053337,15.9854094,0.852857,t17_f5_c3,19.5255,0.238,False,False,True,23.12.x,0.0,2.563285480715015e+18,,,ZTF24aaaxnyb
ztf,60317.285486099776,2563285480715015001,2,2563285480715,20.051485,1,2563,3.8396335,19.435165,19.6457,0.15699473,0.2105,96.8053253,15.9853721,0.6514286,t17_f5_c3,19.6119,0.2621,True,False,True,23.12.x,0.0,,0.9931307,563120207.0,ZTF24aaaxnyb
