tid,mjd,candid,fid,pid,diffmaglim,isdiffpos,nid,distnr,magpsf,magap,sigmapsf,sigmagap,ra,dec,rb,rbversion,magapbig,sigmagapbig,has_stamp,corrected,dubious,step_id_corr,phase,parent_candid,drb,rfid,oid
ztf,60317.19267359981,2563192675515015033,2,2563192675515,20.0643,1,2563,8.41056,19.0049,19.0405,0.102497,0.1265,96.7881945,21.310902,0.827143,t17_f5_c3,19.1766,0.1833,False,False,True,23.12.x,0.0,2.563193615515015e+18,,,ZTF24aaauvhs
ztf,60317.19314809982,2563193145515015037,2,2563193145515,20.1189,1,2563,7.99767,19.0057,19.1715,0.078216,0.1407,96.7880675,21.3108964,0.877143,t17_f5_c3,19.134,0.1741,False,False,True,23.12.x,0.0,2.563193615515015e+18,,,ZTF24aaauvhs
ztf,60317.19361109985,2563193615515015030,2,2563193615515,20.204561,1,2563,7.4750443,18.970469,18.8446,0.07616736,0.0976,96.7879112,21.3108904,0.7985714,t17_f5_c3,18.8403,0.1242,True,False,True,23.12.x,0.0,,0.9999931,563120255.0,ZTF24aaauvhs
ztf,60317.194085599855,2563194085515015034,2,2563194085515,20.121891,1,2563,7.041852,18.98105,19.0371,0.0880101,0.1209,96.7877719,21.3109133,0.86285716,t17_f5_c3,18.9349,0.1409,True,False,True,23.12.x,0.0,,0.99998456,563120255.0,ZTF24aaauvhs
ztf,60317.19454859989,2563194545515015028,2,2563194545515,20.0937,1,2563,6.70882,19.0417,19.0618,0.088086,0.1278,96.7876761,21.310875,0.784286,t17_f5_c3,19.1168,0.172,False,False,True,23.12.x,0.0,2.563195025515015e+18,,,ZTF24aaauvhs
ztf,60317.19502309989,2563195025515015020,2,2563195025515,20.094257,1,2563,6.168096,18.965807,19.0465,0.08949275,0.1238,96.7875109,21.3108763,0.86,t17_f5_c3,18.8859,0.1369,True,False,True,23.12.x,0.0,,0.9999906,563120255.0,ZTF24aaauvhs
ztf,60317.19549770001,2563195495515015024,2,2563195495515,20.039076,1,2563,5.7942123,18.97264,19.0739,0.10364459,0.1359,96.7873941,21.3108789,0.8914286,t17_f5_c3,19.112,0.1803,True,False,True,23.12.x,0.0,,0.9999986,563120255.0,ZTF24aaauvhs
ztf,60317.19596059993,2563195965515015026,2,2563195965515,20.08476,1,2563,5.299368,18.957075,19.0583,0.09420594,0.1264,96.7872478,21.3108653,0.8914286,t17_f5_c3,19.093,0.1671,True,False,True,23.12.x,0.0,,0.9999975,563120255.0,ZTF24aaauvhs
