tid,mjd,candid,fid,pid,diffmaglim,isdiffpos,nid,distnr,magpsf,magpsf_corr,magap,sigmapsf,sigmapsf_corr,sigmapsf_corr_ext,sigmagap,ra,dec,rb,rbversion,magapbig,sigmagapbig,has_stamp,corrected,dubious,step_id_corr,phase,parent_candid,drb,rfid,oid
ztf,61096.548101900145,3342548105215025010,2,3342548105215,19.1408,1,3342,0.48077,17.6933,15.195375,17.7232,0.095319,100.0,0.009550139,0.1097,276.4602264,-9.9229142,0.774286,t17_f5_c3,17.7396,0.1398,False,True,False,27.5.7a32.dev1,0.0,3.353535765215015e+18,,,ZTF26aajytfa
ztf,61099.544976899866,3345544975215015027,2,3345544975215,19.9443,1,3345,0.323458,17.3078,15.149969,17.6484,0.077416,100.0,0.010609582,0.054,276.4601922,-9.9228628,0.557143,t17_f5_c3,17.6472,0.0665,False,True,False,27.5.7a32.dev1,0.0,3.353535765215015e+18,,,ZTF26aajytfa
ztf,61099.544976899866,3345544975215015028,2,3345544975215,19.9443,1,3345,0.358969,17.2831,15.14655,17.3138,0.047934,100.0,0.006699214,0.0411,276.4602023,-9.9228725,0.845714,t17_f5_c3,17.3385,0.051,False,True,False,27.5.7a32.dev1,0.0,3.353535765215015e+18,,,ZTF26aajytfa
ztf,61100.543750000186,3346543745215015016,2,3346543745215,19.6222,1,3346,0.287384,17.2923,15.147832,17.3145,0.070351,100.0,0.0097607495,0.0508,276.4601734,-9.9228974,0.851429,t17_f5_c3,17.2492,0.0593,False,True,False,27.5.7a32.dev1,0.0,3.353535765215015e+18,,,ZTF26aajytfa
ztf,61101.543032399844,3347543035215015006,2,3347543035215,18.5704,1,3347,0.533684,17.3346,15.153603,17.5358,0.161882,0.01512375,0.021716988,0.1293,276.4602362,-9.9228028,0.694286,t17_f5_c3,17.5015,0.1593,False,True,False,27.5.7a32.dev1,0.0,3.353535765215015e+18,,,ZTF26aajytfa
ztf,61105.538344900124,3351538345215015011,2,3351538345215,19.5591,1,3351,0.227747,17.1912,15.133229,17.275,0.056529,100.0,0.008493428,0.0504,276.460161,-9.9228421,0.855714,t17_f5_c3,17.2308,0.0602,False,True,False,27.5.7a32.dev1,0.0,3.353535765215015e+18,,,ZTF26aajytfa
ztf,61106.53704860015,3352537045215015011,2,3352537045215,18.9695,1,3352,0.292848,17.2199,15.137493,17.3368,0.091759,100.0,0.013479881,0.0562,276.4601406,-9.9227921,0.622857,t17_f5_c3,17.3063,0.0682,False,True,False,27.5.7a32.dev1,0.0,3.353535765215015e+18,,,ZTF26aajytfa
ztf,61107.535763899796,3353535765215015008,2,3353535765215,18.708107,1,3353,1.4370304,17.313711,,17.5933,0.101169296,,,0.0677,276.4603962,-9.9225845,0.55857146,t17_f5_c3,17.5077,0.0784,True,False,True,27.5.7a32.dev1,0.0,,0.9971998,1376120252.0,ZTF26aajytfa
