tid,mjd,candid,fid,pid,diffmaglim,isdiffpos,nid,distnr,magpsf,magap,sigmapsf,sigmagap,ra,dec,rb,rbversion,magapbig,sigmagapbig,has_stamp,corrected,dubious,step_id_corr,phase,parent_candid,drb,rfid,oid
ztf,60317.19927080022,2563199273915015023,2,2563199273915,20.0162,1,2563,7.5309,19.2274,19.2662,0.108834,0.1574,97.0109311,19.428084,0.715714,t17_f5_c3,19.2352,0.196,False,False,True,23.12.x,0.0,2.563200683915015e+18,,,ZTF24aaavacm
ztf,60317.19973379979,2563199733915015025,2,2563199733915,19.9002,1,2563,7.59517,19.2612,19.3653,0.132116,0.1859,97.0108834,19.4281326,0.682857,t17_f5_c3,19.3069,0.2259,False,False,True,23.12.x,0.0,2.563200683915015e+18,,,ZTF24aaavacm
ztf,60317.20020829979,2563200203915015022,2,2563200203915,19.8913,1,2563,8.162,19.3539,19.3713,0.155454,0.1874,97.0106644,19.4282053,0.522857,t17_f5_c3,19.4749,0.2644,False,False,True,23.12.x,0.0,2.563201623915015e+18,,,ZTF24aaavacm
ztf,60317.200682899915,2563200683915015029,2,2563200683915,20.0311,1,2563,8.3406,19.2855,19.4284,0.117677,0.1844,97.0105796,19.4282706,0.751429,t17_f5_c3,19.4061,0.2318,False,False,True,23.12.x,0.0,2.563201623915015e+18,,,ZTF24aaavacm
ztf,60317.20114579983,2563201143915015024,2,2563201143915,20.0299,1,2563,8.65003,19.2219,19.1585,0.112165,0.142,97.0104577,19.4283388,0.74,t17_f5_c3,19.38,0.2228,False,False,True,23.12.x,0.0,2.563201623915015e+18,,,ZTF24aaavacm
ztf,60317.20162039995,2563201623915015025,2,2563201623915,20.065971,1,2563,8.876686,19.354559,19.4101,0.12022597,0.1746,97.0103829,19.4283474,0.66714287,t17_f5_c3,19.2628,0.1956,True,False,True,23.12.x,0.0,,0.99994504,563120239.0,ZTF24aaavacm
ztf,60317.202094899956,2563202093915015024,2,2563202093915,19.942307,1,2563,9.373475,19.297531,19.4624,0.12793729,0.1971,97.0101982,19.4284519,0.6142857,t17_f5_c3,19.3967,0.2381,True,False,True,23.12.x,0.0,,0.99998105,563120239.0,ZTF24aaavacm
ztf,60317.20255789999,2563202553915015026,2,2563202553915,20.055634,1,2563,9.706728,19.279793,19.1474,0.105432056,0.1394,97.0100844,19.4285041,0.70714283,t17_f5_c3,19.1177,0.1738,True,False,True,23.12.x,0.0,,0.9998838,563120239.0,ZTF24aaavacm
ztf,60317.20303239999,2563203033915015026,2,2563203033915,20.03222,1,2563,9.9703045,19.277222,19.2524,0.11372278,0.1532,97.0099979,19.4285424,0.6957143,t17_f5_c3,19.2609,0.1976,True,False,True,23.12.x,0.0,,0.9999654,563120239.0,ZTF24aaavacm
