tid,mjd,candid,fid,pid,diffmaglim,isdiffpos,nid,distnr,magpsf,magpsf_corr,magap,sigmapsf,sigmapsf_corr,sigmapsf_corr_ext,sigmagap,ra,dec,rb,rbversion,magapbig,sigmagapbig,has_stamp,corrected,dubious,step_id_corr,phase,parent_candid,drb,rfid,oid
ztf,59869.54054399999,2115540541215010003,2,2115540541215,18.3972,-1,2115,0.55748,18.9608,17.56123,18.791,0.254515,100.0,0.07012694,0.4781,170.2183021,9.7308581,0.628571,t17_f5_c3,18.4034,0.4296,False,True,False,1.1.6,0.0,2.12053968121501e+18,,,ZTF22abpwjqt
ztf,59870.53341440018,2116533411215010001,2,2116533411215,19.0628,-1,2116,0.385834,19.1315,17.518557,19.1296,0.243994,100.0,0.055233374,0.334,170.2184232,9.7307398,0.808571,t17_f5_c3,19.0216,0.3861,False,True,False,1.1.6,0.0,2.12053968121501e+18,,,ZTF22abpwjqt
ztf,59871.537986100186,2117537981215010000,2,2117537981215,18.7268,-1,2117,0.841723,19.0908,17.527985,18.6779,0.29844,100.0,0.07075083,0.264,170.2182307,9.7309117,0.568571,t17_f5_c3,18.8519,0.3963,False,True,False,1.1.6,0.0,2.12053968121501e+18,,,ZTF22abpwjqt
ztf,59874.53968749987,2120539681215010001,2,2120539681215,19.222673,-1,2120,0.76474804,19.225897,17.498281,19.1705,0.19051719,100.0,0.038805,0.3166,170.2182503,9.7309006,0.87857145,t17_f5_c3,18.9815,0.3387,True,True,False,1.1.6,0.0,,0.99378,523120212.0,ZTF22abpwjqt
ztf,59881.52447920013,2127524471215010001,2,2127524471215,19.9804,-1,2127,0.720676,19.4868,17.452042,19.9233,0.223624,100.0,0.03432536,0.3966,170.2185006,9.7310406,0.832857,t17_f5_c3,19.7941,0.441,False,True,False,1.1.6,0.0,2.12852592121501e+18,,,ZTF22abpwjqt
ztf,59882.525925899856,2128525921215010000,2,2128525921215,19.514433,-1,2128,0.8799165,19.356668,17.473473,19.6446,0.17481528,100.0,0.030853242,0.338,170.2182136,9.7308879,0.79,t17_f5_c3,19.5797,0.4012,True,True,False,1.1.6,0.0,,0.9468068,523120212.0,ZTF22abpwjqt
ztf,61078.50464119995,3324504641215010000,2,3324504641215,19.6487,-1,3324,0.25966,19.589,17.437172,19.7521,0.250635,100.0,0.03453902,0.3717,170.2184274,9.7309073,0.618571,t17_f5_c3,19.6432,0.4235,False,True,False,27.5.7a32.dev1,0.0,3.32632336121501e+18,,,ZTF22abpwjqt
ztf,61080.323368099984,3326323361215010000,2,3326323361215,20.331305,-1,3326,0.4579214,20.220488,17.373116,20.639,0.18964481,100.0,0.013771835,0.5571,170.2184971,9.7307184,0.87285715,t17_f5_c3,20.6265,0.6762,True,True,False,27.5.7a32.dev1,0.0,,0.9985888,523120212.0,ZTF22abpwjqt
