tid,mjd,candid,fid,pid,diffmaglim,isdiffpos,nid,distnr,magpsf,magap,sigmapsf,sigmagap,ra,dec,rb,rbversion,magapbig,sigmagapbig,has_stamp,corrected,dubious,step_id_corr,phase,parent_candid,drb,rfid,oid
ztf,60319.14348379988,2565143484215015005,2,2565143484215,19.8339,1,2565,2.13431,17.9348,17.9989,0.05685,0.0623,87.2191964,19.6725049,0.914286,t17_f5_c3,18.1014,0.0882,False,False,False,23.12.x,0.0,2.565144424215015e+18,,,ZTF24aabgqfw
ztf,60319.14395829989,2565143954215015004,2,2565143954215,19.835,1,2565,1.88334,17.9508,17.9185,0.055264,0.0578,87.2190828,19.6723541,0.918571,t17_f5_c3,18.0105,0.0807,False,False,False,23.12.x,0.0,2.565144894215015e+18,,,ZTF24aabgqfw
ztf,60319.14442129992,2565144424215015010,2,2565144424215,19.755692,1,2565,1.9129963,17.959831,17.9488,0.05055436,0.0677,87.2189522,19.6722222,0.92,t17_f5_c3,17.8735,0.0809,True,False,False,23.12.x,0.0,,0.99992955,562120242.0,ZTF24aabgqfw
ztf,60319.144895799924,2565144894215015006,2,2565144894215,19.83521,1,2565,2.1979518,17.962626,17.9068,0.052514553,0.0595,87.2188099,19.6720942,0.91714287,t17_f5_c3,17.9007,0.0755,True,False,False,23.12.x,0.0,,0.9999906,562120242.0,ZTF24aabgqfw
