tid,mjd,candid,fid,pid,diffmaglim,isdiffpos,nid,distnr,magpsf,magap,sigmapsf,sigmagap,ra,dec,rb,rbversion,magapbig,sigmagapbig,has_stamp,corrected,dubious,step_id_corr,phase,parent_candid,drb,rfid,oid
ztf,60319.15807869984,2565158070615015017,2,2565158070615,19.8991,1,2565,5.3452,19.3573,19.3578,0.151486,0.2025,88.7632573,15.4122559,0.812857,t17_f5_c3,19.4923,0.2943,False,False,False,23.12.x,0.0,2.565159490615015e+18,,,ZTF24aabgzyp
ztf,60319.15855319984,2565158550615015040,2,2565158550615,19.538,1,2565,5.45938,19.5316,19.727,0.249517,0.3807,88.7631021,15.412194,0.604286,t17_f5_c3,19.4909,0.3944,False,False,False,23.12.x,0.0,2.565160910615015e+18,,,ZTF24aabgzyp
ztf,60319.159027799964,2565159020615015022,2,2565159020615,19.8208,1,2565,5.69791,19.5555,19.7476,0.195766,0.292,88.7631069,15.4122782,0.714286,t17_f5_c3,19.6629,0.3475,False,False,False,23.12.x,0.0,2.565159490615015e+18,,,ZTF24aabgzyp
ztf,60319.15949069988,2565159490615015042,2,2565159490615,19.942547,1,2565,5.7746034,19.336681,19.2109,0.116047606,0.1623,88.7629342,15.4121768,0.79571426,t17_f5_c3,19.1365,0.1951,True,False,False,23.12.x,0.0,,0.99999934,562120206.0,ZTF24aabgzyp
ztf,60319.1599653,2565159960615015040,2,2565159960615,19.997835,1,2565,6.027354,19.393845,19.4934,0.14902344,0.2129,88.7628789,15.4122244,0.8142857,t17_f5_c3,19.6922,0.329,True,False,False,23.12.x,0.0,,0.9999852,562120206.0,ZTF24aabgzyp
ztf,60319.16091440013,2565160910615015055,2,2565160910615,19.977228,1,2565,6.235403,19.422695,19.2832,0.17467044,0.1732,88.7626994,15.4121309,0.7757143,t17_f5_c3,19.3542,0.2376,True,False,False,23.12.x,0.0,,0.9999765,562120206.0,ZTF24aabgzyp
