tid,mjd,candid,fid,pid,diffmaglim,isdiffpos,nid,distnr,magpsf,magap,sigmapsf,sigmagap,ra,dec,rb,rbversion,magapbig,sigmagapbig,has_stamp,corrected,dubious,step_id_corr,phase,parent_candid,drb,rfid,oid
ztf,60318.478379600216,2564478371915015000,2,2564478371915,20.3483,1,2564,7.78612,17.0669,17.0679,0.036943,0.0202,137.8272773,68.0218367,0.94,t17_f5_c3,17.0598,0.0249,False,False,True,23.12.x,0.0,2.564479791915015e+18,,,ZTF24aabejdd
ztf,60318.47885419987,2564478851915015001,2,2564478851915,20.4076,1,2564,8.18094,17.0916,17.0826,0.044423,0.0197,137.8269697,68.021876,0.937143,t17_f5_c3,17.0866,0.0244,False,False,True,23.12.x,0.0,2.564480261915015e+18,,,ZTF24aabejdd
ztf,60318.47931709979,2564479311915015000,2,2564479311915,20.3864,1,2564,8.50242,17.0978,17.0515,0.043122,0.0195,137.8267053,68.0219294,0.937143,t17_f5_c3,17.0458,0.0239,False,False,True,23.12.x,0.0,2.564480261915015e+18,,,ZTF24aabejdd
ztf,60318.47979169991,2564479791915015000,2,2564479791915,20.3634,1,2564,8.85604,17.0882,17.0851,0.037041,0.0205,137.82644,68.0219586,0.934286,t17_f5_c3,17.0701,0.025,False,False,True,23.12.x,0.0,2.564480261915015e+18,,,ZTF24aabejdd
ztf,60318.48026619991,2564480261915015001,2,2564480261915,20.33741,1,2564,9.237613,17.080406,17.0697,0.038187843,0.0209,137.826136,68.0219945,0.9442857,t17_f5_c3,17.0576,0.0257,True,False,True,23.12.x,0.0,,0.9999999,840120219.0,ZTF24aabejdd
ztf,60318.48074069992,2564480741915015002,2,2564480741915,20.422731,1,2564,9.618263,17.083336,17.0603,0.036985837,0.0193,137.8258437,68.0220429,0.93857145,t17_f5_c3,17.0356,0.0233,True,False,True,23.12.x,0.0,,0.9999958,840120219.0,ZTF24aabejdd
ztf,60318.48121530004,2564481211915015001,2,2564481211915,20.38266,1,2564,9.99758,17.069035,17.0536,0.036140174,0.0195,137.825553,68.0220834,0.93857145,t17_f5_c3,17.036,0.0237,True,False,True,23.12.x,0.0,,0.9999995,840120219.0,ZTF24aabejdd
ztf,60318.481678199954,2564481671915015002,2,2564481671915,20.405201,1,2564,10.342873,17.094587,17.0747,0.040601213,0.0199,137.8252917,68.0221092,0.93857145,t17_f5_c3,17.0416,0.0238,True,False,True,23.12.x,0.0,,0.9999989,840120219.0,ZTF24aabejdd
ztf,60318.482152800076,2564482151915015001,2,2564482151915,20.434267,1,2564,10.747183,17.093735,17.1073,0.032950852,0.0199,137.8249951,68.0221493,0.93,t17_f5_c3,17.0722,0.0238,True,False,True,23.12.x,0.0,,0.99999666,840120219.0,ZTF24aabejdd
