tid,mjd,candid,fid,pid,diffmaglim,isdiffpos,nid,distnr,magpsf,magap,sigmapsf,sigmagap,ra,dec,rb,rbversion,magapbig,sigmagapbig,has_stamp,corrected,dubious,step_id_corr,phase,parent_candid,drb,rfid,oid
ztf,60319.3244097,2565324400915015015,2,2565324400915,20.5551,1,2565,5.32041,19.8481,19.5271,0.161445,0.1559,87.2471738,16.5049704,0.564286,t17_f5_c3,19.4725,0.1902,False,False,True,23.12.x,0.0,2.565326280915015e+18,,,ZTF24aabkaxl
ztf,60319.325347200036,2565325340915015022,2,2565325340915,20.4625,1,2565,5.25508,19.9661,20.0228,0.156843,0.2595,87.247023,16.5049656,0.7,t17_f5_c3,20.1906,0.3888,False,False,True,23.12.x,0.0,2.565326750915015e+18,,,ZTF24aabkaxl
ztf,60319.32582180016,2565325820915015016,2,2565325820915,20.5053,1,2565,5.43513,20.0479,19.729,0.170852,0.1929,87.2469136,16.5049071,0.51,t17_f5_c3,19.7143,0.2441,False,False,True,23.12.x,0.0,2.565326750915015e+18,,,ZTF24aabkaxl
ztf,60319.32628470007,2565326280915015013,2,2565326280915,20.507406,1,2565,5.4477396,19.927034,19.8296,0.15916733,0.2121,87.2468048,16.5049017,0.75857145,t17_f5_c3,19.9841,0.3136,True,False,True,23.12.x,0.0,,0.99997663,562120209.0,ZTF24aabkaxl
ztf,60319.326759300195,2565326750915015020,2,2565326750915,20.493088,1,2565,5.69125,19.955608,19.7836,0.13934803,0.2031,87.2467263,16.5048384,0.6514286,t17_f5_c3,19.7699,0.2576,True,False,True,23.12.x,0.0,,0.9962085,562120209.0,ZTF24aabkaxl
ztf,60319.32722220011,2565327220915015016,2,2565327220915,20.525322,1,2565,5.651361,20.06139,20.0783,0.19115308,0.2629,87.2466148,16.5048586,0.64428574,t17_f5_c3,19.9339,0.2958,True,False,True,23.12.x,0.0,,0.9985332,562120209.0,ZTF24aabkaxl
ztf,60319.32769680023,2565327690915015013,2,2565327690915,20.546501,1,2565,5.795011,20.027864,20.1222,0.17540012,0.2695,87.2465212,16.5048367,0.64,t17_f5_c3,20.0797,0.3329,True,False,True,23.12.x,0.0,,0.9995978,562120209.0,ZTF24aabkaxl
