tid,mjd,candid,fid,pid,diffmaglim,isdiffpos,nid,distnr,magpsf,magpsf_corr,magap,sigmapsf,sigmapsf_corr,sigmapsf_corr_ext,sigmagap,ra,dec,rb,rbversion,magapbig,sigmagapbig,has_stamp,corrected,dubious,step_id_corr,phase,parent_candid,drb,rfid,oid
ztf,61080.57201390015,3326572014115015008,2,3326572014115,18.4273,1,3326,0.667542,15.3321,13.521063,15.5222,0.082672,100.0,0.015593495,0.0269,298.8808854,9.2948085,0.565714,t17_f5_c3,15.5117,0.0337,False,True,False,27.5.7a32.dev1,0.0,3.329564314115015e+18,,,ZTF21abmhcgo
ztf,61080.57296299981,3326572964115015035,2,3326572964115,18.255087,1,3326,0.5683312,15.479946,13.547451,15.494,0.039100718,100.0,0.006594573,0.0305,298.8811452,9.2946268,0.70857143,t17_f5_c3,15.4921,0.0386,True,True,False,27.5.7a32.dev1,0.0,,0.9945947,1536120241.0,ZTF21abmhcgo
ztf,61080.57537040021,3326575374115015082,2,3326575374115,17.798542,1,3326,0.62714064,15.453378,13.542924,15.3748,0.032291703,100.0,0.0055578854,0.0391,298.8811334,9.2946037,0.5742857,t17_f5_c3,15.3538,0.0489,True,True,False,27.5.7a32.dev1,0.0,,0.999057,1536120241.0,ZTF21abmhcgo
ztf,61083.564317100216,3329564314115015008,2,3329564314115,19.256002,1,3329,0.521915,15.25412,13.5059185,15.476,0.10276951,0.010582447,0.020539206,0.0133,298.8811982,9.2946916,0.6757143,t17_f5_c3,15.4618,0.0157,True,True,False,27.5.7a32.dev1,0.0,,0.60119426,1536120241.0,ZTF21abmhcgo
ztf,61113.535486099776,3359535484115015025,2,3359535484115,20.092266,1,3359,0.518773,16.141457,13.634388,16.1873,0.047191106,100.0,0.004688487,0.0173,298.8812197,9.2947749,0.7057143,t17_f5_c3,16.1627,0.019,True,True,False,27.5.7a32.dev1,0.0,,0.98024666,1536120241.0,ZTF21abmhcgo
ztf,61117.531770799775,3363531774115015017,2,3363531774115,20.14758,1,3363,0.2017274,15.915949,13.609768,15.8819,0.0995863,100.0,0.011904945,0.0131,298.8811181,9.2947333,0.70428574,t17_f5_c3,15.8631,0.0143,True,True,False,27.5.7a32.dev1,0.0,,0.98979074,1536120241.0,ZTF21abmhcgo
