tid,mjd,candid,fid,pid,diffmaglim,isdiffpos,nid,distnr,magpsf,magap,sigmapsf,sigmagap,ra,dec,rb,rbversion,magapbig,sigmagapbig,has_stamp,corrected,dubious,step_id_corr,phase,parent_candid,drb,rfid,oid
ztf,60317.44047449995,2563440475215015000,2,2563440475215,19.8156,1,2563,7.92345,18.7374,18.712,0.099964,0.1181,97.0409675,22.6839413,0.738571,t17_f5_c3,18.6211,0.139,False,False,True,23.12.x,0.0,2.563441885215015e+18,,,ZTF24aabbgic
ztf,60317.44093749998,2563440935215015000,2,2563440935215,19.8613,1,2563,7.98584,18.6975,18.6509,0.085443,0.1064,97.0408255,22.683957,0.801429,t17_f5_c3,18.7349,0.147,False,False,True,23.12.x,0.0,2.563441885215015e+18,,,ZTF24aabbgic
ztf,60317.441411999986,2563441415215015000,2,2563441415215,19.6975,1,2563,8.02553,18.7925,19.0145,0.110349,0.1655,97.0407044,22.6839572,0.732857,t17_f5_c3,19.108,0.231,False,False,True,23.12.x,0.0,2.563441885215015e+18,,,ZTF24aabbgic
ztf,60317.44188660011,2563441885215015000,2,2563441885215,19.803349,1,2563,8.18791,18.750336,18.7329,0.09306106,0.121,97.0405907,22.6839918,0.8371429,t17_f5_c3,18.9064,0.1817,True,False,True,23.12.x,0.0,,0.99999845,563120252.0,ZTF24aabbgic
ztf,60317.44236110011,2563442365215015000,2,2563442365215,19.7281,1,2563,8.2213,18.7452,18.9575,0.112469,0.1457,97.0405314,22.6839926,0.678571,t17_f5_c3,18.9014,0.1772,False,False,True,23.12.x,0.0,2.563442825215015e+18,,,ZTF24aabbgic
ztf,60317.442824100144,2563442825215015000,2,2563442825215,19.682207,1,2563,8.294389,18.687498,18.6654,0.13429175,0.1106,97.0403849,22.6839859,0.55714285,t17_f5_c3,18.6221,0.136,True,False,True,23.12.x,0.0,,0.991678,563120252.0,ZTF24aabbgic
ztf,60317.44329860015,2563443295215015001,2,2563443295215,19.736244,1,2563,8.405915,18.731798,18.7676,0.12423862,0.1217,97.0402885,22.6839968,0.60571426,t17_f5_c3,18.5461,0.1272,True,False,True,23.12.x,0.0,,0.9944142,563120252.0,ZTF24aabbgic
ztf,60317.44377310015,2563443775215015000,2,2563443775215,19.665363,1,2563,8.62697,18.777512,18.8005,0.13139598,0.137,97.0401405,22.6840196,0.65,t17_f5_c3,18.8633,0.1859,True,False,True,23.12.x,0.0,,0.9980651,563120252.0,ZTF24aabbgic
