tid,mjd,candid,fid,pid,diffmaglim,isdiffpos,nid,distnr,magpsf,magap,sigmapsf,sigmagap,ra,dec,rb,rbversion,magapbig,sigmagapbig,has_stamp,corrected,dubious,step_id_corr,phase,parent_candid,drb,rfid,oid
ztf,60319.34465279989,2565344650115015026,2,2565344650115,20.0582,1,2565,10.3232,18.9087,18.6276,0.119982,0.0868,91.0499377,16.4487346,0.61,t17_f5_c3,18.5212,0.1005,False,False,True,23.12.x,0.0,2.565346070115015e+18,,,ZTF24aabklgw
ztf,60319.345127299894,2565345120115015037,2,2565345120115,20.1988,1,2565,10.3339,18.8773,18.8821,0.093542,0.1049,91.049844,16.4487323,0.921429,t17_f5_c3,18.8724,0.1327,False,False,True,23.12.x,0.0,2.565346530115015e+18,,,ZTF24aabklgw
ztf,60319.345601900015,2565345600115015037,2,2565345600115,20.2325,1,2565,10.4175,18.9085,18.7732,0.096515,0.0946,91.049708,16.4487098,0.897143,t17_f5_c3,18.6655,0.1094,False,False,True,23.12.x,0.0,2.565347010115015e+18,,,ZTF24aabklgw
ztf,60319.34607640002,2565346070115015039,2,2565346070115,20.342155,1,2565,10.373965,18.91651,18.912,0.10744109,0.1028,91.0495942,16.4487291,0.9628571,t17_f5_c3,18.8347,0.1223,True,False,True,23.12.x,0.0,,0.9999189,562120201.0,ZTF24aabklgw
ztf,60319.34653940005,2565346530115015045,2,2565346530115,20.30121,1,2565,10.412582,18.891098,18.8569,0.12766948,0.0989,91.0494568,16.448728,0.92714286,t17_f5_c3,18.9411,0.1362,True,False,True,23.12.x,0.0,,0.99999374,562120201.0,ZTF24aabklgw
ztf,60319.34701390006,2565347010115015025,2,2565347010115,20.266565,1,2565,10.521619,18.843472,18.7421,0.090339795,0.0913,91.0493471,16.4487119,0.95428574,t17_f5_c3,18.7052,0.1125,True,False,True,23.12.x,0.0,,0.99998546,562120201.0,ZTF24aabklgw
ztf,60319.34748840006,2565347480115015034,2,2565347480115,20.24838,1,2565,10.458043,18.794615,18.7103,0.08385717,0.0887,91.0492132,16.4487534,0.95857143,t17_f5_c3,18.6861,0.1107,True,False,True,23.12.x,0.0,,0.99998677,562120201.0,ZTF24aabklgw
ztf,60319.347951400094,2565347950115015033,2,2565347950115,20.132195,1,2565,10.694106,18.891783,18.9014,0.090490036,0.1098,91.049112,16.4487079,0.93142855,t17_f5_c3,18.7111,0.118,True,False,True,23.12.x,0.0,,0.9999914,562120201.0,ZTF24aabklgw
ztf,60319.3484259001,2565348420115015032,2,2565348420115,20.185173,1,2565,10.661048,18.843754,18.7065,0.08519134,0.0906,91.049008,16.4487394,0.9028571,t17_f5_c3,18.5963,0.1045,True,False,True,23.12.x,0.0,,0.9999981,562120201.0,ZTF24aabklgw
