tid,mjd,candid,fid,pid,diffmaglim,isdiffpos,nid,distnr,magpsf,magap,sigmapsf,sigmagap,ra,dec,rb,rbversion,magapbig,sigmagapbig,has_stamp,corrected,dubious,step_id_corr,phase,parent_candid,drb,rfid,oid
ztf,60319.1566666998,2565156665715015008,2,2565156665715,19.604,1,2565,7.99888,18.2354,18.1994,0.085461,0.0912,86.5519386,22.486466,0.908571,t17_f5_c3,18.2316,0.1203,False,False,True,23.12.x,0.0,2.565158555715015e+18,,,ZTF24aabgxlp
ztf,60319.1571411998,2565157145715015009,2,2565157145715,19.7532,1,2565,8.25203,18.1685,18.2863,0.080566,0.0858,86.5518577,22.4864988,0.911429,t17_f5_c3,18.301,0.1113,False,False,True,23.12.x,0.0,2.565159025715015e+18,,,ZTF24aabgxlp
ztf,60319.157615699805,2565157615715015005,2,2565157615715,19.8248,1,2565,8.63557,18.1817,18.1929,0.062607,0.0711,86.5517417,22.4865119,0.781429,t17_f5_c3,18.0928,0.083,False,False,True,23.12.x,0.0,2.565158555715015e+18,,,ZTF24aabgxlp
ztf,60319.15807869984,2565158075715015004,2,2565158075715,19.744019,1,2565,8.962385,18.162828,18.0922,0.06996877,0.0703,86.551637,22.4865446,0.8242857,t17_f5_c3,17.9679,0.0803,True,False,True,23.12.x,0.0,,0.9999981,562120257.0,ZTF24aabgxlp
ztf,60319.15855319984,2565158555715015005,2,2565158555715,19.838377,1,2565,9.230167,18.201973,18.2735,0.06466634,0.0732,86.551556,22.4865769,0.75714284,t17_f5_c3,18.2561,0.0922,True,False,True,23.12.x,0.0,,0.9999935,562120257.0,ZTF24aabgxlp
ztf,60319.159027799964,2565159025715015007,2,2565159025715,19.825974,1,2565,9.5525255,18.211826,18.2427,0.0720085,0.0708,86.5514468,22.4866343,0.7871429,t17_f5_c3,18.1934,0.0865,True,False,True,23.12.x,0.0,,0.9999735,562120257.0,ZTF24aabgxlp
ztf,60319.15949069988,2565159495715015007,2,2565159495715,19.832169,1,2565,9.6482935,18.210176,18.2072,0.082649045,0.0682,86.5512656,22.486657,0.75142854,t17_f5_c3,18.1859,0.0854,True,False,True,23.12.x,0.0,,0.9998944,562120257.0,ZTF24aabgxlp
