tid,mjd,candid,fid,pid,diffmaglim,isdiffpos,nid,distnr,magpsf,magap,sigmapsf,sigmagap,ra,dec,rb,rbversion,magapbig,sigmagapbig,has_stamp,corrected,dubious,step_id_corr,phase,parent_candid,drb,rfid,oid
ztf,60317.283125000075,2563283126115015006,2,2563283126115,20.0681,1,2563,8.85088,18.7609,18.8711,0.099867,0.1059,92.5136206,22.4375337,0.845714,t17_f5_c3,18.8011,0.1268,False,False,True,23.12.x,0.0,2.563284546115015e+18,,,ZTF24aaaxryh
ztf,60317.28359950008,2563283596115015005,2,2563283596115,20.0297,1,2563,8.7377,18.6829,18.6207,0.095547,0.0846,92.5135543,22.4375287,0.841429,t17_f5_c3,18.5763,0.1035,False,False,True,23.12.x,0.0,2.563284546115015e+18,,,ZTF24aaaxryh
ztf,60317.2840741002,2563284076115015007,2,2563284076115,20.0517,1,2563,8.67477,18.6785,18.6427,0.093405,0.0856,92.5134483,22.437486,0.81,t17_f5_c3,18.6045,0.1053,False,False,True,23.12.x,0.0,2.563284546115015e+18,,,ZTF24aaaxryh
ztf,60317.284548600204,2563284546115015016,2,2563284546115,20.108997,1,2563,8.420594,18.767237,18.6966,0.10534218,0.0883,92.5133112,22.4374931,0.9,t17_f5_c3,18.7853,0.1219,True,False,True,23.12.x,0.0,,0.99999964,563120261.0,ZTF24aaaxryh
