tid,mjd,candid,fid,pid,diffmaglim,isdiffpos,nid,distnr,magpsf,magap,sigmapsf,sigmagap,ra,dec,rb,rbversion,magapbig,sigmagapbig,has_stamp,corrected,dubious,step_id_corr,phase,parent_candid,drb,rfid,oid
ztf,60317.41597220022,2563415974715015001,2,2563415974715,20.1194,1,2563,4.20179,19.4848,19.169,0.141829,0.1471,92.9322184,19.8792158,0.58,t17_f5_c3,19.518,0.272,False,False,False,23.12.x,0.0,2.563417854715015e+18,,,ZTF24aabatft
ztf,60317.41644679988,2563416444715015000,2,2563416444715,20.1471,1,2563,4.13892,19.6033,19.3379,0.183566,0.1696,92.9321445,19.8792671,0.667143,t17_f5_c3,19.6561,0.306,False,False,False,23.12.x,0.0,2.563417854715015e+18,,,ZTF24aabatft
ztf,60317.41692129988,2563416924715015000,2,2563416924715,20.0579,1,2563,4.23571,19.4457,19.2116,0.184412,0.1548,92.9320112,19.8793098,0.69,t17_f5_c3,19.4548,0.2609,False,False,False,23.12.x,0.0,2.563418794715015e+18,,,ZTF24aabatft
ztf,60317.417384299915,2563417384715015000,2,2563417384715,20.1369,1,2563,4.53566,19.5535,19.5252,0.155051,0.2005,92.9318633,19.8793083,0.778571,t17_f5_c3,19.586,0.2869,False,False,False,23.12.x,0.0,2.563418794715015e+18,,,ZTF24aabatft
ztf,60317.41785879992,2563417854715015001,2,2563417854715,20.1309,1,2563,4.55124,19.4563,19.0939,0.132492,0.1347,92.9318596,19.8793028,0.562857,t17_f5_c3,19.0573,0.1767,False,False,False,23.12.x,0.0,2.563418334715015e+18,,,ZTF24aabatft
ztf,60317.418333299924,2563418334715015000,2,2563418334715,20.03839,1,2563,4.8057613,19.615017,19.2536,0.15293229,0.1586,92.931626,19.8794198,0.41,t17_f5_c3,19.2428,0.2108,True,False,False,23.12.x,0.0,,0.99978936,563120247.0,ZTF24aabatft
ztf,60317.41879629996,2563418794715015000,2,2563418794715,20.032318,1,2563,4.933227,19.70879,19.6481,0.16823344,0.2283,92.931631,19.8793584,0.6628571,t17_f5_c3,19.8749,0.3785,True,False,False,23.12.x,0.0,,0.9851245,563120247.0,ZTF24aabatft
ztf,60317.41927079996,2563419274715015000,2,2563419274715,19.94564,1,2563,5.240687,19.636889,19.2393,0.15726317,0.1608,92.9314836,19.8793838,0.22571428,t17_f5_c3,19.4714,0.2645,True,False,False,23.12.x,0.0,,0.9996373,563120247.0,ZTF24aabatft
ztf,60317.41974540008,2563419744715015000,2,2563419744715,20.014984,1,2563,5.790147,19.719254,19.3281,0.18063793,0.172,92.9313419,19.8793033,0.40285715,t17_f5_c3,19.1507,0.1956,True,False,False,23.12.x,0.0,,0.9928603,563120247.0,ZTF24aabatft
