tid,mjd,candid,fid,pid,diffmaglim,isdiffpos,nid,distnr,magpsf,magap,sigmapsf,sigmagap,ra,dec,rb,rbversion,magapbig,sigmagapbig,has_stamp,corrected,dubious,step_id_corr,phase,parent_candid,drb,rfid,oid
ztf,60317.40184029983,2563401846315015012,2,2563401846315,20.0528,1,2563,11.2942,18.5483,18.4673,0.091204,0.0764,92.6808496,21.5583318,0.581429,t17_f5_c3,18.4605,0.0967,False,False,True,23.12.x,0.0,2.563403266315015e+18,,,ZTF24aabahyd
ztf,60317.40231479984,2563402316315015011,2,2563402316315,20.0969,1,2563,11.7028,18.4213,18.4777,0.07415,0.0759,92.6807292,21.5583714,0.795714,t17_f5_c3,18.4277,0.0923,False,False,True,23.12.x,0.0,2.563403726315015e+18,,,ZTF24aabahyd
ztf,60317.40278939996,2563402786315015011,2,2563402786315,20.0797,1,2563,12.0989,18.5352,18.3586,0.066372,0.0689,92.6806067,21.5583622,0.684286,t17_f5_c3,18.3556,0.0873,False,False,True,23.12.x,0.0,2.563404206315015e+18,,,ZTF24aabahyd
ztf,60317.40326389996,2563403266315015009,2,2563403266315,20.1241,1,2563,12.4207,18.4991,18.4168,0.081181,0.0715,92.6805097,21.558369,0.835714,t17_f5_c3,18.3746,0.0874,False,False,True,23.12.x,0.0,2.563404676315015e+18,,,ZTF24aabahyd
ztf,60317.4037269,2563403726315015010,2,2563403726315,20.164928,1,2563,12.895316,18.50535,18.576,0.07237033,0.0805,92.6803697,21.5583914,0.8528572,t17_f5_c3,18.5957,0.1043,True,False,True,23.12.x,0.0,,1.0,563120263.0,ZTF24aabahyd
ztf,60317.4042014,2563404206315015010,2,2563404206315,20.077831,1,2563,13.3162365,18.428436,18.5078,0.074013144,0.0785,92.6802359,21.5583521,0.7728571,t17_f5_c3,18.5397,0.1029,True,False,True,23.12.x,0.0,,1.0,563120263.0,ZTF24aabahyd
ztf,60317.404675900005,2563404676315015010,2,2563404676315,20.004873,1,2563,13.671545,18.493162,18.5233,0.084828675,0.0817,92.6801307,21.5583769,0.7714286,t17_f5_c3,18.4812,0.1002,True,False,True,23.12.x,0.0,,1.0,563120263.0,ZTF24aabahyd
ztf,60317.405150500126,2563405156315015010,2,2563405156315,20.011972,1,2563,14.015247,18.611952,18.5928,0.08350257,0.0872,92.6800276,21.5583939,0.77,t17_f5_c3,18.5781,0.1098,True,False,True,23.12.x,0.0,,0.9999994,563120263.0,ZTF24aabahyd
