tid,mjd,candid,fid,pid,diffmaglim,isdiffpos,nid,distnr,magpsf,magap,sigmapsf,sigmagap,ra,dec,rb,rbversion,magapbig,sigmagapbig,has_stamp,corrected,dubious,step_id_corr,phase,parent_candid,drb,rfid,oid
ztf,60319.335706000216,2565335706015015037,2,2565335706015,20.0649,1,2565,10.6249,19.7429,19.704,0.129399,0.2467,85.9105391,21.9508655,0.738571,t17_f5_c3,19.6528,0.302,False,False,True,23.12.x,0.0,2.565337116015015e+18,,,ZTF24aabkhyd
ztf,60319.33618059987,2565336186015015037,2,2565336186015,20.0226,1,2565,10.7785,19.7114,19.7251,0.222516,0.2534,85.9104426,21.9508301,0.614286,t17_f5_c3,19.6707,0.3095,False,False,True,23.12.x,0.0,2.565337116015015e+18,,,ZTF24aabkhyd
ztf,60319.33664349979,2565336646015015027,2,2565336646015,20.006,1,2565,10.7189,19.724,19.7103,0.187792,0.2494,85.9102495,21.9508743,0.557143,t17_f5_c3,19.6295,0.2972,False,False,True,23.12.x,0.0,2.565338066015015e+18,,,ZTF24aabkhyd
ztf,60319.33711809991,2565337116015015030,2,2565337116015,19.949154,1,2565,10.476361,19.664993,19.806,0.17150371,0.275,85.9101779,21.9509577,0.7,t17_f5_c3,19.6912,0.3176,True,False,True,23.12.x,0.0,,0.99986124,562120260.0,ZTF24aabkhyd
ztf,60319.33759259991,2565337596015015037,2,2565337596015,19.985872,1,2565,10.656813,19.502607,19.8239,0.17797126,0.2791,85.9100806,21.9509254,0.7228571,t17_f5_c3,19.5473,0.2779,True,False,True,23.12.x,0.0,,0.9999997,562120260.0,ZTF24aabkhyd
ztf,60319.33806709992,2565338066015015031,2,2565338066015,19.975357,1,2565,10.929282,19.599173,19.8728,0.16152404,0.2936,85.9098939,21.9508938,0.70428574,t17_f5_c3,20.0753,0.4538,True,False,True,23.12.x,0.0,,0.9999457,562120260.0,ZTF24aabkhyd
ztf,60319.33853009995,2565338536015015036,2,2565338536015,20.068584,1,2565,10.720121,19.72633,19.8601,0.15897438,0.2884,85.9098379,21.9509726,0.7,t17_f5_c3,20.0445,0.438,True,False,True,23.12.x,0.0,,0.9999962,562120260.0,ZTF24aabkhyd
ztf,60319.339004599955,2565339006015015032,2,2565339006015,19.92295,1,2565,10.798127,19.525091,19.8284,0.14770545,0.2805,85.9097744,21.9509677,0.6614286,t17_f5_c3,19.9503,0.4024,True,False,True,23.12.x,0.0,,0.99999785,562120260.0,ZTF24aabkhyd
