tid,mjd,candid,fid,pid,diffmaglim,isdiffpos,nid,distnr,magpsf,magap,sigmapsf,sigmagap,ra,dec,rb,rbversion,magapbig,sigmagapbig,has_stamp,corrected,dubious,step_id_corr,phase,parent_candid,drb,rfid,oid
ztf,60319.40638889978,2565406382915015020,2,2565406382915,19.7609,1,2565,4.979,17.8326,17.6643,0.079588,0.0464,84.8543158,18.1661978,0.194286,t17_f5_c3,17.6721,0.0604,False,False,True,23.12.x,0.0,2.565408262915015e+18,,,ZTF24aablmbb
ztf,60319.40685189981,2565406852915015026,2,2565406852915,19.8774,1,2565,5.4159,17.8101,17.5645,0.057202,0.0419,84.854168,18.1662848,0.388571,t17_f5_c3,17.5486,0.0529,False,False,True,23.12.x,0.0,2.565408262915015e+18,,,ZTF24aablmbb
ztf,60319.407326399814,2565407322915015038,2,2565407322915,19.9215,1,2565,5.96784,17.809,17.6261,0.080036,0.0447,84.8540474,18.1664084,0.73,t17_f5_c3,17.6819,0.0599,False,False,True,23.12.x,0.0,2.565409212915015e+18,,,ZTF24aablmbb
ztf,60319.40780089982,2565407802915015014,2,2565407802915,19.906239,1,2565,6.132648,17.813938,17.8176,0.06084223,0.0528,84.8539291,18.1664075,0.7614286,t17_f5_c3,17.8825,0.0724,True,False,True,23.12.x,0.0,,0.99999046,562120229.0,ZTF24aablmbb
ztf,60319.40826389985,2565408262915015033,2,2565408262915,19.8331,1,2565,5.96444,17.8599,17.6469,0.06464,0.0448,84.8539211,18.1663554,0.368571,t17_f5_c3,17.6855,0.0605,False,False,True,23.12.x,0.0,2.565409212915015e+18,,,ZTF24aablmbb
ztf,60319.408738399856,2565408732915015034,2,2565408732915,19.836067,1,2565,6.4761653,17.829119,17.6949,0.060691204,0.046,84.8537584,18.1664382,0.58285713,t17_f5_c3,17.6311,0.0571,True,False,True,23.12.x,0.0,,0.9999976,562120229.0,ZTF24aablmbb
ztf,60319.40921299998,2565409212915015022,2,2565409212915,19.84861,1,2565,6.650354,17.829689,17.7077,0.057593253,0.0463,84.8536581,18.1664404,0.70857143,t17_f5_c3,17.6881,0.0599,True,False,True,23.12.x,0.0,,0.99989474,562120229.0,ZTF24aablmbb
ztf,60319.40968749998,2565409682915015025,2,2565409682915,19.8576,1,2565,6.97106,17.846,17.7014,0.062822,0.0448,84.8535473,18.1664804,0.674286,t17_f5_c3,17.7696,0.0633,False,False,True,23.12.x,0.0,2.565410152915015e+18,,,ZTF24aablmbb
ztf,60319.410150500014,2565410152915015038,2,2565410152915,19.795464,1,2565,7.156967,17.851387,17.693,0.07005804,0.045,84.8534621,18.1664857,0.6528571,t17_f5_c3,17.5557,0.0528,True,False,True,23.12.x,0.0,,0.9999212,562120229.0,ZTF24aablmbb
