tid,mjd,candid,fid,pid,diffmaglim,isdiffpos,nid,distnr,magpsf,magap,sigmapsf,sigmagap,ra,dec,rb,rbversion,magapbig,sigmagapbig,has_stamp,corrected,dubious,step_id_corr,phase,parent_candid,drb,rfid,oid
ztf,60317.31892360002,2563318921815015016,2,2563318921815,19.9912,1,2563,13.6402,18.9527,18.8696,0.106472,0.1,98.2004465,17.5554819,0.65,t17_f5_c3,18.7588,0.1154,False,False,True,23.12.x,0.0,2.563320341815015e+18,,,ZTF24aaaykdn
ztf,60317.31939810002,2563319391815015012,2,2563319391815,19.9807,1,2563,13.5175,18.9724,19.1216,0.120179,0.1265,98.2002821,17.5554567,0.687143,t17_f5_c3,19.088,0.1569,False,False,True,23.12.x,0.0,2.563320811815015e+18,,,ZTF24aaaykdn
ztf,60317.31987270014,2563319871815015010,2,2563319871815,19.9203,1,2563,13.6688,19.0339,18.9138,0.128321,0.1063,98.2002071,17.5553853,0.657143,t17_f5_c3,18.7953,0.122,False,False,True,23.12.x,0.0,2.563320811815015e+18,,,ZTF24aaaykdn
ztf,60317.32034720015,2563320341815015012,2,2563320341815,19.8972,1,2563,13.415,18.8925,19.0234,0.125033,0.1246,98.2000925,17.5554228,0.77,t17_f5_c3,19.135,0.1765,False,False,True,23.12.x,0.0,2.563320811815015e+18,,,ZTF24aaaykdn
ztf,60317.32081020018,2563320811815015012,2,2563320811815,19.939089,1,2563,13.228476,18.917873,18.7876,0.10903304,0.1015,98.1999312,17.5554325,0.7771429,t17_f5_c3,18.7728,0.128,True,False,True,23.12.x,0.0,,0.9999998,563120218.0,ZTF24aaaykdn
ztf,60317.321284700185,2563321281815015011,2,2563321281815,19.988056,1,2563,13.140981,19.055544,18.9435,0.11482548,0.1089,98.1998129,17.5554287,0.70285714,t17_f5_c3,18.9929,0.1456,True,False,True,23.12.x,0.0,,0.9999986,563120218.0,ZTF24aaaykdn
ztf,60317.32175929984,2563321751815015013,2,2563321751815,19.9145,1,2563,13.2101,18.8917,18.9338,0.125038,0.1076,98.1997526,17.5553943,0.691429,t17_f5_c3,18.8388,0.126,False,False,True,23.12.x,0.0,2.563322231815015e+18,,,ZTF24aaaykdn
ztf,60317.322233799845,2563322231815015018,2,2563322231815,19.954706,1,2563,12.879071,18.988947,18.8481,0.11596588,0.0994,98.1995847,17.555456,0.66,t17_f5_c3,18.9007,0.1333,True,False,True,23.12.x,0.0,,0.9985438,563120218.0,ZTF24aaaykdn
ztf,60317.32270829985,2563322701815015008,2,2563322701815,19.809446,1,2563,12.932737,18.88672,18.9033,0.11648303,0.1094,98.1995299,17.5554291,0.61714286,t17_f5_c3,19.0012,0.153,True,False,True,23.12.x,0.0,,0.9999671,563120218.0,ZTF24aaaykdn
