tid,mjd,candid,fid,pid,diffmaglim,isdiffpos,nid,distnr,magpsf,magap,sigmapsf,sigmagap,ra,dec,rb,rbversion,magapbig,sigmagapbig,has_stamp,corrected,dubious,step_id_corr,phase,parent_candid,drb,rfid,oid
ztf,60317.19549770001,2563195491715015020,2,2563195491715,19.9561,1,2563,3.27272,18.6291,18.5971,0.095843,0.0941,98.4969994,18.2195983,0.895714,t17_f5_c3,18.8092,0.1481,False,False,False,23.12.x,0.0,2.563196901715015e+18,,,ZTF24aaauxxb
ztf,60317.19596059993,2563195961715015021,2,2563195961715,19.9774,1,2563,3.07112,18.6397,18.5671,0.089005,0.0891,98.496872,18.2196028,0.908571,t17_f5_c3,18.4305,0.1022,False,False,False,23.12.x,0.0,2.563197371715015e+18,,,ZTF24aaauxxb
ztf,60317.19643520005,2563196431715015019,2,2563196431715,19.9255,1,2563,3.06405,18.6337,18.5198,0.080768,0.0875,98.4967671,18.2196362,0.884286,t17_f5_c3,18.4752,0.109,False,False,False,23.12.x,0.0,2.563197371715015e+18,,,ZTF24aaauxxb
ztf,60317.196909700055,2563196901715015017,2,2563196901715,19.885746,1,2563,2.8166404,18.629145,18.6273,0.07473225,0.0968,98.4966086,18.2196097,0.87142855,t17_f5_c3,18.66,0.1292,True,False,False,23.12.x,0.0,,0.9991771,563120217.0,ZTF24aaauxxb
ztf,60317.19737270009,2563197371715015019,2,2563197371715,19.9079,1,2563,2.79125,18.6378,18.5581,0.078441,0.0897,98.4964627,18.2196121,0.888571,t17_f5_c3,18.2864,0.0906,False,False,False,23.12.x,0.0,2.563198321715015e+18,,,ZTF24aaauxxb
ztf,60317.19784720009,2563197841715015020,2,2563197841715,19.959587,1,2563,2.909758,18.693716,18.7117,0.09057875,0.1008,98.4963469,18.2196377,0.92142856,t17_f5_c3,18.486,0.1062,True,False,False,23.12.x,0.0,,0.99810565,563120217.0,ZTF24aaauxxb
ztf,60317.19832180021,2563198321715015019,2,2563198321715,19.934864,1,2563,2.989687,18.607042,18.5207,0.08876104,0.0881,98.4962224,18.2196352,0.9142857,t17_f5_c3,18.5282,0.1144,True,False,False,23.12.x,0.0,,0.99999475,563120217.0,ZTF24aaauxxb
ztf,60317.19879630022,2563198791715015024,2,2563198791715,20.05447,1,2563,3.2336955,18.666122,18.7501,0.074446075,0.1003,98.4960876,18.2196602,0.9242857,t17_f5_c3,18.7863,0.1341,True,False,False,23.12.x,0.0,,1.0,563120217.0,ZTF24aaauxxb
