tid,mjd,candid,fid,pid,diffmaglim,isdiffpos,nid,distnr,magpsf,magpsf_corr,magap,sigmapsf,sigmapsf_corr,sigmapsf_corr_ext,sigmagap,ra,dec,rb,rbversion,drb,magapbig,sigmagapbig,rfid,has_stamp,corrected,dubious,step_id_corr,phase,oid
ztf,61077.561203700025,3323561204115010000,2,3323561204115,19.700108,-1,3323,0.31020924,16.507212,15.212828,16.7714,0.10483756,0.02149984,0.031824633,0.0279,262.6082094,-18.8161244,0.63,t17_f5_c3,0.71856093,16.7768,0.0346,1323120241,True,True,False,27.5.7a32.dev1,0.0,ZTF25acahrpa
ztf,61079.560080999974,3325560084115010000,2,3325560084115,18.945236,-1,3325,1.0646275,16.793337,15.139039,17.0668,0.07910757,100.0,0.017238474,0.0486,262.6079853,-18.8161469,0.4842857,t17_f5_c3,0.9999535,17.0628,0.0609,1323120241,True,True,False,27.5.7a32.dev1,0.0,ZTF25acahrpa
ztf,61080.55974540021,3326559744115010002,2,3326559744115,19.711124,-1,3326,0.064364694,16.79715,15.138209,16.9528,0.08539388,100.0,0.01852895,0.0315,262.6082825,-18.8161333,0.74285716,t17_f5_c3,0.99991286,16.9423,0.0386,1323120241,True,True,False,27.5.7a32.dev1,0.0,ZTF25acahrpa
ztf,61081.55989579996,3327559894115010000,2,3327559894115,18.5967,-1,3327,0.6824329,16.858894,15.125263,17.2007,0.114013866,0.008049691,0.02309433,0.0969,262.6081226,-18.8160399,0.67714286,t17_f5_c3,0.97947425,17.2583,0.1299,1323120241,True,True,False,27.5.7a32.dev1,0.0,ZTF25acahrpa
ztf,61099.541631899774,3345541634115015000,2,3345541634115,19.954115,1,3345,0.34602794,17.030079,14.779058,16.9896,0.07193343,100.0,0.009047373,0.0287,262.60839,-18.8161712,0.7385714,t17_f5_c3,0.9999999,16.9543,0.0334,1323120241,True,True,False,27.5.7a32.dev1,0.0,ZTF25acahrpa
ztf,61100.54039350012,3346540394115015000,2,3346540394115,19.676538,1,3346,0.56618804,16.867416,14.757209,16.9275,0.06669539,100.0,0.009550207,0.0326,262.6083417,-18.8162828,0.7771429,t17_f5_c3,0.99999034,16.8645,0.0378,1323120241,True,True,False,27.5.7a32.dev1,0.0,ZTF25acahrpa
ztf,61101.53968749987,3347539684115015000,2,3347539684115,18.758524,1,3347,0.3065988,16.648577,14.723035,16.6962,0.066509426,100.0,0.011289286,0.0532,262.6083709,-18.8161866,0.75857145,t17_f5_c3,1.0,16.6847,0.0665,1323120241,True,True,False,27.5.7a32.dev1,0.0,ZTF25acahrpa
