tid,mjd,candid,fid,pid,diffmaglim,isdiffpos,nid,distnr,magpsf,magpsf_corr,magap,sigmapsf,sigmapsf_corr,sigmapsf_corr_ext,sigmagap,ra,dec,rb,rbversion,magapbig,sigmagapbig,has_stamp,corrected,dubious,step_id_corr,phase,parent_candid,drb,rfid,oid
ztf,61096.548101900145,3342548104115015003,2,3342548104115,19.4543,1,3342,0.191738,19.3579,18.575476,19.2893,0.219173,0.10517514,0.10661471,0.3206,274.0579692,-11.800458,0.871429,t17_f5_c3,19.2601,0.4004,False,True,False,27.5.7a32.dev1,0.0,3.346543744115015e+18,,,ZTF25abzybsk
ztf,61096.548101900145,3342548104115025003,2,3342548104115,19.4543,1,3342,0.191738,19.3579,18.575476,19.2893,0.219173,0.10517514,0.10661471,0.3206,274.0579692,-11.800458,0.871429,t17_f5_c3,19.2601,0.4004,False,True,False,27.5.7a32.dev1,0.0,3.356530604115015e+18,,,ZTF25abzybsk
ztf,61099.544976899866,3345544974115015007,2,3345544974115,19.920452,1,3345,0.0040156282,18.906754,18.332684,18.8781,0.11592627,0.06687908,0.06832096,0.1463,274.0579491,-11.8005045,0.91,t17_f5_c3,18.8358,0.1801,True,True,False,27.5.7a32.dev1,0.0,,0.9999982,1376120241.0,ZTF25abzybsk
ztf,61100.543750000186,3346543744115015004,2,3346543744115,19.626894,1,3346,0.07377586,18.856436,18.302748,18.8208,0.12398306,0.07320445,0.07445384,0.1802,274.0579365,-11.8004918,0.9,t17_f5_c3,19.0101,0.275,True,True,False,27.5.7a32.dev1,0.0,,0.9999902,1376120241.0,ZTF25abzybsk
ztf,61101.543032399844,3347543034115015003,2,3347543034115,18.5869,1,3347,0.194046,18.8792,18.31636,19.2255,0.25376,0.15048075,0.15110798,0.5674,274.0578935,-11.8004849,0.724286,t17_f5_c3,18.9955,0.5905,False,True,False,27.5.7a32.dev1,0.0,3.356530604115015e+18,,,ZTF25abzybsk
ztf,61105.538344900124,3351538344115015006,2,3351538344115,19.615988,1,3351,0.084565684,18.730541,18.225409,18.7947,0.103490464,0.06374742,0.064990155,0.1737,274.0579371,-11.8005234,0.8971428,t17_f5_c3,18.6199,0.1898,True,True,False,27.5.7a32.dev1,0.0,,0.9998423,1376120241.0,ZTF25abzybsk
ztf,61106.53704860015,3352537044115015006,2,3352537044115,19.131407,1,3352,0.14640035,18.507418,18.080036,18.7019,0.11991771,0.080136634,0.080896735,0.1665,274.0579272,-11.8005397,0.6,t17_f5_c3,18.8082,0.2355,True,True,False,27.5.7a32.dev1,0.0,,0.9976663,1376120241.0,ZTF25abzybsk
ztf,61110.53060190007,3356530604115015006,2,3356530604115,19.405966,1,3356,0.12573095,18.450573,18.041365,18.6098,0.11524173,0.07833022,0.07905447,0.1336,274.0579676,-11.8004744,0.7557143,t17_f5_c3,18.5358,0.1598,True,True,False,27.5.7a32.dev1,0.0,,0.999948,1376120241.0,ZTF25abzybsk
