tid,mjd,candid,fid,pid,diffmaglim,isdiffpos,nid,distnr,magpsf,magap,sigmapsf,sigmagap,ra,dec,rb,rbversion,magapbig,sigmagapbig,has_stamp,corrected,dubious,step_id_corr,phase,parent_candid,drb,rfid,oid
ztf,60319.1571411998,2565157143015015002,2,2565157143015,19.8329,1,2565,5.42085,17.8891,17.979,0.064701,0.0665,85.2261505,17.877535,0.89,t17_f5_c3,17.8903,0.0771,False,False,True,23.12.x,0.0,2.565159023015015e+18,,,ZTF24aabgzvi
ztf,60319.157615699805,2565157613015015000,2,2565157613015,19.9402,1,2565,5.43453,17.8885,17.9308,0.071484,0.0552,85.2260532,17.8775535,0.797143,t17_f5_c3,17.9456,0.0702,False,False,True,23.12.x,0.0,2.565159023015015e+18,,,ZTF24aabgzvi
ztf,60319.15807869984,2565158073015015000,2,2565158073015,19.5948,1,2565,5.59576,17.8831,17.9984,0.063899,0.0782,85.2259693,17.8776095,0.814286,t17_f5_c3,18.0728,0.1059,False,False,True,23.12.x,0.0,2.565159023015015e+18,,,ZTF24aabgzvi
ztf,60319.15855319984,2565158553015015000,2,2565158553015,19.949583,1,2565,5.595902,17.883463,17.8558,0.060880445,0.0504,85.2259038,17.8776164,0.7171429,t17_f5_c3,17.8261,0.0615,True,False,True,23.12.x,0.0,,0.9999999,562120230.0,ZTF24aabgzvi
ztf,60319.159027799964,2565159023015015000,2,2565159023015,19.962803,1,2565,5.771818,17.866058,17.8158,0.05274614,0.0464,85.2258073,17.8776617,0.72,t17_f5_c3,17.8175,0.0588,True,False,True,23.12.x,0.0,,0.9999987,562120230.0,ZTF24aabgzvi
ztf,60319.15949069988,2565159493015015000,2,2565159493015,19.971626,1,2565,5.8591495,17.903715,17.8989,0.05658752,0.0499,85.2257197,17.8776881,0.76428574,t17_f5_c3,17.8912,0.0627,True,False,True,23.12.x,0.0,,1.0,562120230.0,ZTF24aabgzvi
ztf,60319.1599653,2565159963015015000,2,2565159963015,20.018661,1,2565,6.000556,17.89319,17.8631,0.060253207,0.0494,85.2256143,17.8777151,0.83,t17_f5_c3,17.8746,0.0629,True,False,True,23.12.x,0.0,,1.0,562120230.0,ZTF24aabgzvi
ztf,60319.160439800005,2565160433015015000,2,2565160433015,20.051815,1,2565,6.231591,17.862038,17.8888,0.050835803,0.0483,85.2255235,17.8777712,0.8414286,t17_f5_c3,17.908,0.0625,True,False,True,23.12.x,0.0,,0.9999998,562120230.0,ZTF24aabgzvi
