tid,mjd,candid,fid,pid,diffmaglim,isdiffpos,nid,distnr,magpsf,magpsf_corr,magap,sigmapsf,sigmapsf_corr,sigmapsf_corr_ext,sigmagap,ra,dec,rb,rbversion,drb,magapbig,sigmagapbig,rfid,has_stamp,corrected,dubious,step_id_corr,phase,oid
ztf,61080.55974540021,3326559742215010008,2,3326559742215,19.29372,-1,3326,0.2964506,15.537435,13.346509,15.8485,0.051592007,100.0,0.0068582334,0.02,264.7627,-21.7004248,0.5657143,t17_f5_c3,0.99972737,15.8271,0.0236,1323120222,True,True,False,27.5.7a32.dev1,0.0,ZTF20abmidwt
ztf,61081.55989579996,3327559892215010018,2,3327559892215,18.117268,-1,3327,0.19669339,14.989536,13.445634,15.1656,0.03173176,100.0,0.0076547884,0.0248,264.7626243,-21.7004357,0.66714287,t17_f5_c3,0.86725986,15.1011,0.0294,1323120222,True,True,False,27.5.7a32.dev1,0.0,ZTF20abmidwt
ztf,61085.55582180014,3331555822215010018,2,3331555822215,19.679258,-1,3331,0.13493343,14.578725,13.573312,14.6331,0.042516492,100.0,0.016841948,0.0055,264.7626208,-21.7004183,0.5985714,t17_f5_c3,0.6901351,14.5672,0.0061,1323120222,True,True,False,27.5.7a32.dev1,0.0,ZTF20abmidwt
ztf,61099.541631899774,3345541632215010010,2,3345541632215,19.74718,-1,3345,0.047846183,14.072476,13.864607,14.1411,0.024563048,100.0,0.020283105,0.0034,264.7626102,-21.7003855,0.6585714,t17_f5_c3,0.99999994,14.1395,0.004,1323120222,True,True,False,27.5.7a32.dev1,0.0,ZTF20abmidwt
ztf,61100.54039350012,3346540392215010013,2,3346540392215,19.336884,-1,3346,0.03933934,14.065986,13.869996,14.1233,0.02783574,100.0,0.023238435,0.0039,264.7626154,-21.7003738,0.6528571,t17_f5_c3,0.9999098,14.1165,0.0047,1323120222,True,True,False,27.5.7a32.dev1,0.0,ZTF20abmidwt
ztf,61101.53968749987,3347539682215010007,2,3347539682215,18.462545,-1,3347,0.06734158,14.147569,13.806289,14.1984,0.02061852,100.0,0.015057251,0.0074,264.7626149,-21.7003626,0.6314286,t17_f5_c3,0.9999999,14.2305,0.0095,1323120222,True,True,False,27.5.7a32.dev1,0.0,ZTF20abmidwt
