tid,mjd,candid,fid,pid,diffmaglim,isdiffpos,nid,distnr,magpsf,magap,sigmapsf,sigmagap,ra,dec,rb,rbversion,magapbig,sigmagapbig,has_stamp,corrected,dubious,step_id_corr,phase,parent_candid,drb,rfid,magpsf_corr,sigmapsf_corr,sigmapsf_corr_ext,oid
ztf,60317.209629599936,2563209622015015008,2,2563209622015,20.0681,1,2563,3.31202,19.5255,19.8749,0.136425,0.2684,96.5750764,18.4736,0.697143,t17_f5_c3,20.0132,0.3903,False,False,False,23.12.x,0.0,2.563210562015015e+18,,,,,,ZTF24aaavhbf
ztf,60317.21009259997,2563210092015015008,2,2563210092015,20.1305,1,2563,3.52211,19.4521,19.2255,0.112932,0.1434,96.5748798,18.4735284,0.632857,t17_f5_c3,19.2951,0.1954,False,False,False,23.12.x,0.0,2.563210562015015e+18,,,,,,ZTF24aaavhbf
ztf,60317.21056709997,2563210562015015007,2,2563210562015,20.205475,1,2563,2.9482627,19.449032,19.4162,0.11242056,0.1638,96.5747227,18.4736255,0.8157143,t17_f5_c3,19.5626,0.2398,True,False,False,23.12.x,0.0,,0.9999997,563120220.0,,,,ZTF24aaavhbf
ztf,60317.211041700095,2563211042015015009,2,2563211042015,20.1303,1,2563,2.54382,19.4114,19.2672,0.13095,0.1501,96.574613,18.4736896,0.781429,t17_f5_c3,19.2523,0.1896,False,False,False,23.12.x,0.0,2.563211502015015e+18,,,,,,ZTF24aaavhbf
ztf,60317.21150460001,2563211502015015008,2,2563211502015,20.13992,1,2563,2.1397529,19.463327,19.423,0.13118494,0.1747,96.5744885,18.473707,0.83,t17_f5_c3,19.7414,0.2995,True,False,False,23.12.x,0.0,,0.99999726,563120220.0,,,,ZTF24aaavhbf
ztf,60317.21197920013,2563211972015015008,2,2563211972015,20.15865,1,2563,1.802152,19.472557,19.4859,0.11730622,0.1806,96.5743936,18.4736963,0.76428574,t17_f5_c3,19.8389,0.3199,True,False,False,23.12.x,0.0,,0.9999998,563120220.0,,,,ZTF24aaavhbf
ztf,60317.21245370014,2563212452015015008,2,2563212452015,20.077713,1,2563,1.328303,19.387442,19.4877,0.12280863,0.1887,96.5742513,18.4736986,0.80285716,t17_f5_c3,19.8368,0.3328,True,True,False,23.12.x,0.0,,0.99999994,563120220.0,19.274336,0.10989744,0.11065898,ZTF24aaavhbf
ztf,60317.21292820014,2563212922015015004,2,2563212922015,20.09366,1,2563,0.688641,19.497608,19.6149,0.13370176,0.2077,96.5740635,18.4737373,0.6785714,t17_f5_c3,19.6595,0.2775,True,True,False,23.12.x,0.0,,0.9999925,563120220.0,19.373093,0.11836689,0.1192149,ZTF24aaavhbf
