tid,mjd,candid,fid,pid,diffmaglim,isdiffpos,nid,distnr,magpsf,magap,sigmapsf,sigmagap,ra,dec,rb,rbversion,magapbig,sigmagapbig,has_stamp,corrected,dubious,step_id_corr,phase,parent_candid,drb,rfid,oid
ztf,60319.14442129992,2565144423015015014,2,2565144423015,19.6989,1,2565,7.07422,17.795,17.8507,0.073714,0.0657,85.2362367,17.6430041,0.971429,t17_f5_c3,17.8015,0.08,False,False,False,23.12.x,0.0,2.565146303015015e+18,,,ZTF24aabgshz
ztf,60319.144895799924,2565144893015015007,2,2565144893015,19.8682,1,2565,6.80818,17.7867,17.7724,0.059769,0.0515,85.2361562,17.6429956,0.961429,t17_f5_c3,17.7507,0.0642,False,False,False,23.12.x,0.0,2.565146783015015e+18,,,ZTF24aabgshz
ztf,60319.145370400045,2565145373015015007,2,2565145373015,19.8788,1,2565,6.48164,17.8023,17.7741,0.054282,0.0494,85.2360498,17.6430075,0.952857,t17_f5_c3,17.7651,0.0622,False,False,False,23.12.x,0.0,2.565147713015015e+18,,,ZTF24aabgshz
ztf,60319.14583329996,2565145833015015004,2,2565145833015,19.8033,1,2565,6.26398,17.8031,17.8582,0.072764,0.0537,85.2359803,17.6430029,0.945714,t17_f5_c3,17.8536,0.068,False,False,False,23.12.x,0.0,2.565147713015015e+18,,,ZTF24aabgshz
ztf,60319.14630790008,2565146303015015008,2,2565146303015,20.021526,1,2565,5.948134,17.778387,17.7471,0.052961685,0.0421,85.235879,17.6430069,0.9442857,t17_f5_c3,17.7742,0.0546,True,False,False,23.12.x,0.0,,1.0,562120230.0,ZTF24aabgshz
ztf,60319.14678240009,2565146783015015006,2,2565146783015,19.953222,1,2565,5.6558146,17.81561,17.822,0.0516761,0.0444,85.2357851,17.6430057,0.8957143,t17_f5_c3,17.8304,0.0566,True,False,False,23.12.x,0.0,,0.99999994,562120230.0,ZTF24aabgshz
ztf,60319.14724540012,2565147243015015006,2,2565147243015,20.053064,1,2565,5.446025,17.785639,17.7916,0.046637837,0.0427,85.2357179,17.6429998,0.95428574,t17_f5_c3,17.7655,0.0528,True,False,False,23.12.x,0.0,,1.0,562120230.0,ZTF24aabgshz
ztf,60319.147719900124,2565147713015015008,2,2565147713015,20.01289,1,2565,5.1843934,17.754835,17.8617,0.050055094,0.0462,85.2356286,17.6430104,0.9557143,t17_f5_c3,17.9171,0.0616,True,False,False,23.12.x,0.0,,0.9999999,562120230.0,ZTF24aabgshz
