tid,mjd,candid,fid,pid,diffmaglim,isdiffpos,nid,distnr,magpsf,magap,sigmapsf,sigmagap,ra,dec,rb,rbversion,magapbig,sigmagapbig,has_stamp,corrected,dubious,step_id_corr,phase,parent_candid,drb,rfid,oid
ztf,60319.23206020007,2565232061315015014,2,2565232061315,19.9446,1,2565,4.03953,19.5254,19.7071,0.164218,0.2138,85.1873267,16.1693301,0.524286,t17_f5_c3,19.6681,0.2646,False,False,False,23.12.x,0.0,2.565234401315015e+18,,,ZTF24aabifvx
ztf,60319.232523099985,2565232521315015012,2,2565232521315,19.977148,1,2565,3.906678,19.421604,19.3095,0.14549792,0.1486,85.1873418,16.1692717,0.53571427,t17_f5_c3,19.2915,0.187,True,False,False,23.12.x,0.0,,0.99995804,562120213.0,ZTF24aabifvx
ztf,60319.232997700106,2565232991315015019,2,2565232991315,19.9473,1,2565,3.5575674,19.418095,19.4828,0.19848761,0.1749,85.1871908,16.1692586,0.6414286,t17_f5_c3,19.5108,0.2299,True,False,False,23.12.x,0.0,,0.9999269,562120213.0,ZTF24aabifvx
ztf,60319.23347220011,2565233471315015012,2,2565233471315,19.938255,1,2565,3.5067668,19.48942,19.407,0.16520177,0.1669,85.1871838,16.1692478,0.40142858,t17_f5_c3,19.2087,0.1782,True,False,False,23.12.x,0.0,,0.9999969,562120213.0,ZTF24aabifvx
ztf,60319.23393520014,2565233931315015015,2,2565233931315,19.954567,1,2565,3.4669442,19.418175,19.3621,0.20244755,0.1601,85.1870578,16.1693076,0.5314286,t17_f5_c3,19.2569,0.1862,True,False,False,23.12.x,0.0,,0.99997574,562120213.0,ZTF24aabifvx
ztf,60319.23440970015,2565234401315015024,2,2565234401315,19.978539,1,2565,3.27247,19.417362,19.4897,0.1677624,0.1768,85.1869421,16.1692997,0.6042857,t17_f5_c3,19.6222,0.2558,True,False,False,23.12.x,0.0,,0.9999975,562120213.0,ZTF24aabifvx
