tid,mjd,candid,fid,pid,diffmaglim,isdiffpos,nid,distnr,magpsf,magap,sigmapsf,sigmagap,ra,dec,rb,rbversion,magapbig,sigmagapbig,has_stamp,corrected,dubious,step_id_corr,phase,parent_candid,drb,rfid,oid
ztf,60317.28784719994,2563287840315015003,2,2563287840315,19.9555,1,2563,4.90034,19.3235,19.2277,0.110828,0.1583,98.6372545,15.9351407,0.798571,t17_f5_c3,19.1499,0.1886,False,False,True,23.12.x,0.0,2.563289250315015e+18,,,ZTF24aaaxsby
ztf,60317.288310199976,2563288310315015005,2,2563288310315,19.9489,1,2563,4.99559,19.4348,19.1413,0.149052,0.1451,98.637077,15.9351025,0.48,t17_f5_c3,19.0566,0.1717,False,False,True,23.12.x,0.0,2.563289250315015e+18,,,ZTF24aaaxsby
ztf,60317.28878469998,2563288780315015004,2,2563288780315,19.9521,1,2563,4.86629,19.3521,19.3198,0.133022,0.1752,98.6370361,15.9351385,0.818571,t17_f5_c3,19.4079,0.2432,False,False,True,23.12.x,0.0,2.563289250315015e+18,,,ZTF24aaaxsby
ztf,60317.2892593001,2563289250315015006,2,2563289250315,19.921766,1,2563,4.8597846,19.457775,19.4871,0.12094081,0.2071,98.6368981,15.9351487,0.72571427,t17_f5_c3,19.6765,0.3156,True,False,True,23.12.x,0.0,,0.99999416,563120203.0,ZTF24aaaxsby
ztf,60317.28972220002,2563289720315015005,2,2563289720315,19.8912,1,2563,4.99797,19.3479,19.4829,0.119729,0.2016,98.6368128,15.9351213,0.76,t17_f5_c3,19.3318,0.2247,False,False,True,23.12.x,0.0,2.563290190315015e+18,,,ZTF24aaaxsby
ztf,60317.29019680014,2563290190315015004,2,2563290190315,19.838346,1,2563,5.0946116,19.457104,19.3191,0.1721963,0.1753,98.6366849,15.9351209,0.51285714,t17_f5_c3,19.3294,0.2265,True,False,True,23.12.x,0.0,,0.999135,563120203.0,ZTF24aaaxsby
ztf,60317.29067130014,2563290670315015003,2,2563290670315,19.838688,1,2563,5.158756,19.516735,19.5335,0.17809969,0.2119,98.6365446,15.9351386,0.57857144,t17_f5_c3,19.3733,0.2346,True,False,True,23.12.x,0.0,,0.99991226,563120203.0,ZTF24aaaxsby
ztf,60317.291134300176,2563291130315015004,2,2563291130315,19.89542,1,2563,5.1506567,19.457329,19.5966,0.13193436,0.2224,98.6364949,15.9351603,0.6571429,t17_f5_c3,19.477,0.2552,True,False,True,23.12.x,0.0,,0.99999094,563120203.0,ZTF24aaaxsby
ztf,60317.29160880018,2563291600315015002,2,2563291600315,19.977776,1,2563,5.615585,19.593964,19.6695,0.16716069,0.236,98.6363307,15.9350915,0.68714285,t17_f5_c3,19.5565,0.2725,True,False,True,23.12.x,0.0,,0.9999964,563120203.0,ZTF24aaaxsby
