tid,mjd,candid,fid,pid,diffmaglim,isdiffpos,nid,distnr,magpsf,magap,sigmapsf,sigmagap,ra,dec,rb,rbversion,magapbig,sigmagapbig,has_stamp,corrected,dubious,step_id_corr,phase,parent_candid,drb,rfid,oid
ztf,60319.34890050022,2565348902715015025,2,2565348902715,20.2741,1,2565,2.39809,18.9114,18.835,0.091909,0.1009,88.0686398,17.2042901,0.934286,t17_f5_c3,18.895,0.136,False,False,False,23.12.x,0.0,2.565350312715015e+18,,,ZTF24aabkoia
ztf,60319.34937500022,2565349372715015029,2,2565349372715,20.3203,1,2565,2.81271,18.8598,18.8903,0.078216,0.1041,88.0685195,17.2042662,0.938571,t17_f5_c3,18.9283,0.1375,False,False,False,23.12.x,0.0,2.565350782715015e+18,,,ZTF24aabkoia
ztf,60319.34984950023,2565349842715015030,2,2565349842715,20.3633,1,2565,3.24834,18.9101,18.8682,0.071833,0.1024,88.0683904,17.2042641,0.94,t17_f5_c3,18.9,0.1344,False,False,False,23.12.x,0.0,2.565350782715015e+18,,,ZTF24aabkoia
ztf,60319.350312499795,2565350312715015032,2,2565350312715,20.312838,1,2565,3.5944145,18.925335,19.1536,0.06573908,0.1336,88.0682863,17.2042926,0.93142855,t17_f5_c3,19.1381,0.1683,True,False,False,23.12.x,0.0,,0.9999795,562120227.0,ZTF24aabkoia
ztf,60319.3507869998,2565350782715015028,2,2565350782715,20.326042,1,2565,3.9542708,18.908974,18.8654,0.07524432,0.1024,88.0681806,17.204264,0.94,t17_f5_c3,18.8558,0.1295,True,False,False,23.12.x,0.0,,0.999977,562120227.0,ZTF24aabkoia
ztf,60319.35126159992,2565351262715015026,2,2565351262715,20.29826,1,2565,4.369845,18.902317,18.8616,0.070260376,0.104,88.0680589,17.204297,0.9457143,t17_f5_c3,18.8122,0.1269,True,False,False,23.12.x,0.0,,0.9999993,562120227.0,ZTF24aabkoia
ztf,60319.35172449984,2565351722715015032,2,2565351722715,20.295986,1,2565,4.7635865,18.896866,19.0108,0.069644235,0.117,88.0679438,17.2042681,0.94,t17_f5_c3,18.9707,0.1442,True,False,False,23.12.x,0.0,,0.9992467,562120227.0,ZTF24aabkoia
