tid,mjd,candid,fid,pid,diffmaglim,isdiffpos,nid,distnr,magpsf,magap,sigmapsf,sigmagap,ra,dec,rb,rbversion,magapbig,sigmagapbig,has_stamp,corrected,dubious,step_id_corr,phase,parent_candid,drb,rfid,oid
ztf,60317.15923610004,2563159231615015015,2,2563159231615,19.8814,1,2563,7.95304,17.0725,17.1041,0.03537,0.0252,98.5925293,18.0191206,0.92,t17_f5_c3,17.1421,0.0328,False,False,True,23.12.x,0.0,2.563160641615015e+18,,,ZTF24aaaucyk
ztf,60317.15971060004,2563159711615015011,2,2563159711615,19.7627,1,2563,7.6691,17.0956,17.1043,0.045632,0.0279,98.5924042,18.0191754,0.9,t17_f5_c3,17.0955,0.035,False,False,True,23.12.x,0.0,2.563160641615015e+18,,,ZTF24aaaucyk
ztf,60317.160173600074,2563160171615015014,2,2563160171615,19.9136,1,2563,7.43052,17.1018,17.1138,0.042847,0.025,98.5922973,18.0192253,0.914286,t17_f5_c3,17.1378,0.0321,False,False,True,23.12.x,0.0,2.563160641615015e+18,,,ZTF24aaaucyk
ztf,60317.16064810008,2563160641615015009,2,2563160641615,19.890541,1,2563,7.162808,17.07607,17.0903,0.040169816,0.0243,98.5921793,18.019285,0.8842857,t17_f5_c3,17.0804,0.0302,True,False,True,23.12.x,0.0,,0.99999774,563120216.0,ZTF24aaaucyk
ztf,60317.1611227002,2563161121615015009,2,2563161121615,19.7969,1,2563,6.90953,17.0932,17.1162,0.039163,0.0273,98.5920419,18.019349,0.927143,t17_f5_c3,17.1028,0.034,False,False,True,23.12.x,0.0,2.563162531615015e+18,,,ZTF24aaaucyk
ztf,60317.161585600115,2563161581615015013,2,2563161581615,19.838856,1,2563,6.6412444,17.092571,17.1209,0.04516755,0.025,98.5919466,18.0194219,0.85142857,t17_f5_c3,17.1282,0.0316,True,False,True,23.12.x,0.0,,0.9999995,563120216.0,ZTF24aaaucyk
ztf,60317.16206019977,2563162061615015011,2,2563162061615,19.873121,1,2563,6.4439044,17.108427,17.13,0.042260125,0.0263,98.5918169,18.0194821,0.9114286,t17_f5_c3,17.1053,0.0324,True,False,True,23.12.x,0.0,,1.0,563120216.0,ZTF24aaaucyk
ztf,60317.162534699775,2563162531615015017,2,2563162531615,19.890905,1,2563,6.3256593,17.092026,17.1021,0.03415228,0.0251,98.5916991,18.0195278,0.9057143,t17_f5_c3,17.097,0.0313,True,False,True,23.12.x,0.0,,0.99999994,563120216.0,ZTF24aaaucyk
ztf,60317.16299769981,2563162991615015016,2,2563162991615,19.853104,1,2563,6.164202,17.124445,17.1001,0.041554343,0.0245,98.5915884,18.0195882,0.8385714,t17_f5_c3,17.0933,0.0306,True,False,True,23.12.x,0.0,,0.9999999,563120216.0,ZTF24aaaucyk
