tid,mjd,candid,fid,pid,diffmaglim,isdiffpos,nid,distnr,magpsf,magap,sigmapsf,sigmagap,ra,dec,rb,rbversion,magapbig,sigmagapbig,has_stamp,corrected,dubious,step_id_corr,phase,parent_candid,drb,rfid,oid
ztf,60319.25983799994,2565259836115015003,2,2565259836115,20.0669,1,2565,9.91635,18.5238,18.563,0.083877,0.0838,84.9897619,22.4531556,0.935714,t17_f5_c3,18.518,0.1025,False,False,True,23.12.x,0.0,2.565261726115015e+18,,,ZTF24aabitem
ztf,60319.260312499944,2565260316115015010,2,2565260316115,20.0673,1,2565,10.007,18.5459,18.5863,0.081801,0.0854,84.9897044,22.4531913,0.867143,t17_f5_c3,18.51,0.1014,False,False,True,23.12.x,0.0,2.565261726115015e+18,,,ZTF24aabitem
ztf,60319.26078699995,2565260786115015008,2,2565260786115,20.0709,1,2565,10.3454,18.5149,18.5622,0.083537,0.0837,84.9895647,22.4532182,0.818571,t17_f5_c3,18.467,0.0977,False,False,True,23.12.x,0.0,2.565261726115015e+18,,,ZTF24aabitem
ztf,60319.26126160007,2565261266115015007,2,2565261266115,20.1156,1,2565,10.4892,18.5675,18.5477,0.087001,0.0817,84.9894733,22.4532832,0.955714,t17_f5_c3,18.5146,0.101,False,False,True,23.12.x,0.0,2.565261726115015e+18,,,ZTF24aabitem
ztf,60319.261724499986,2565261726115015007,2,2565261726115,20.1222,1,2565,10.7489195,18.524075,18.5181,0.09227562,0.0801,84.9893714,22.4533024,0.94285715,t17_f5_c3,18.3961,0.0912,True,False,True,23.12.x,0.0,,0.99984956,562120261.0,ZTF24aabitem
ztf,60319.26219910011,2565262196115015010,2,2565262196115,20.103687,1,2565,10.905761,18.516516,18.4513,0.073426284,0.0763,84.9892903,22.4533517,0.86142856,t17_f5_c3,18.4012,0.0928,True,False,True,23.12.x,0.0,,0.99999267,562120261.0,ZTF24aabitem
ztf,60319.26267360011,2565262676115015007,2,2565262676115,20.128658,1,2565,11.191288,18.501526,18.4345,0.078051716,0.0744,84.9891827,22.4533716,0.9514286,t17_f5_c3,18.3762,0.0897,True,False,True,23.12.x,0.0,,0.9998327,562120261.0,ZTF24aabitem
ztf,60319.263136600144,2565263136115015007,2,2565263136115,20.14915,1,2565,11.424816,18.507158,18.4439,0.09146651,0.0744,84.9890913,22.4533954,0.95857143,t17_f5_c3,18.4062,0.0914,True,False,True,23.12.x,0.0,,0.99951017,562120261.0,ZTF24aabitem
ztf,60319.26361110015,2565263616115015006,2,2565263616115,20.10982,1,2565,11.55207,18.51588,18.4949,0.07918997,0.0788,84.9890284,22.4534421,0.9728571,t17_f5_c3,18.5568,0.106,True,False,True,23.12.x,0.0,,0.99999994,562120261.0,ZTF24aabitem
