tid,mjd,candid,fid,pid,diffmaglim,isdiffpos,nid,distnr,magpsf,magpsf_corr,magap,sigmapsf,sigmapsf_corr,sigmapsf_corr_ext,sigmagap,ra,dec,rb,rbversion,magapbig,sigmagapbig,has_stamp,corrected,dubious,step_id_corr,phase,parent_candid,drb,rfid,oid
ztf,61072.570543999784,3318570545615015020,2,3318570545615,18.4825,1,3318,0.014617,17.8082,15.822024,17.6479,0.098685,0.009611019,0.01584093,0.16,274.4859097,-10.038856,0.822857,t17_f5_c3,17.5303,0.1839,False,True,False,27.5.7a32.dev1,0.0,3.346543745615015e+18,,,ZTF20abbgnot
ztf,61072.57584490022,3318575845615015011,2,3318575845615,17.9002,1,3318,0.166585,17.6413,15.793445,17.889,0.109086,0.015657775,0.019889632,0.3335,274.4858646,-10.0388567,0.748571,t17_f5_c3,18.1968,0.5684,False,True,False,27.5.7a32.dev1,0.0,3.346543745615015e+18,,,ZTF20abbgnot
ztf,61073.567812500056,3319567815615015030,2,3319567815615,17.721115,1,3319,0.4212487,17.666145,15.797934,17.7125,0.18279475,0.030302757,0.032709897,0.3781,274.4860175,-10.0389098,0.60714287,t17_f5_c3,17.9686,0.6144,True,True,False,27.5.7a32.dev1,0.0,,0.99645305,1376120256.0,ZTF20abbgnot
ztf,61073.569837999996,3319569835615015084,2,3319569835615,17.38033,1,3319,0.5722946,17.314562,15.726071,17.3758,0.14023404,0.03035301,0.032468118,0.3744,274.48607,-10.0388945,0.6028572,t17_f5_c3,17.7182,0.6591,True,True,False,27.5.7a32.dev1,0.0,,0.9967413,1376120256.0,ZTF20abbgnot
ztf,61073.5753008998,3319575305615015119,2,3319575305615,17.817492,1,3319,0.3897413,17.230307,15.705974,17.4837,0.093755126,0.020056376,0.023028303,0.2778,274.4859663,-10.0389484,0.6,t17_f5_c3,17.5584,0.3821,True,True,False,27.5.7a32.dev1,0.0,,0.9762805,1376120256.0,ZTF20abbgnot
ztf,61074.56542820018,3320565425615015035,2,3320565425615,18.5838,1,3320,0.2823,17.753,15.812973,17.7069,0.129542,0.017743116,0.021696994,0.1368,274.4859082,-10.038932,0.68,t17_f5_c3,17.6,0.1585,False,True,False,27.5.7a32.dev1,0.0,3.346543745615015e+18,,,ZTF20abbgnot
ztf,61075.56853009993,3321568535615015028,2,3321568535615,18.6966,1,3321,0.378508,17.8262,15.824894,17.8359,0.102158,0.010105103,0.016171481,0.1394,274.4858944,-10.0389577,0.722857,t17_f5_c3,17.6243,0.1466,False,True,False,27.5.7a32.dev1,0.0,3.346543745615015e+18,,,ZTF20abbgnot
ztf,61100.543750000186,3346543745615015017,2,3346543745615,19.603468,1,3346,0.39569646,18.44413,15.902171,18.4056,0.14712241,0.0040696417,0.014154523,0.1314,274.4860227,-10.0388653,0.82285714,t17_f5_c3,18.3056,0.1513,True,True,False,27.5.7a32.dev1,0.0,,0.9999671,1376120256.0,ZTF20abbgnot
