tid,mjd,candid,fid,pid,diffmaglim,isdiffpos,nid,distnr,magpsf,magap,sigmapsf,sigmagap,ra,dec,rb,rbversion,magapbig,sigmagapbig,has_stamp,corrected,dubious,step_id_corr,phase,parent_candid,drb,rfid,oid
ztf,60318.5283102002,2564528311315015016,2,2564528311315,20.2347,1,2564,12.3999,19.8486,19.9621,0.183415,0.2941,119.9216384,66.4533444,0.81,t17_f5_c3,20.3558,0.5409,False,False,True,23.12.x,0.0,2.564529241315015e+18,,,ZTF24aabexil
ztf,60318.528784700204,2564528781315015010,2,2564528781315,20.2262,1,2564,12.6829,19.7971,20.0717,0.172534,0.3283,119.9213397,66.4533355,0.584286,t17_f5_c3,19.7289,0.3073,False,False,True,23.12.x,0.0,2.564529241315015e+18,,,ZTF24aabexil
ztf,60318.52924769977,2564529241315015021,2,2564529241315,20.186605,1,2564,13.000546,19.863445,20.2384,0.16627628,0.3893,119.921012,66.4533381,0.72571427,t17_f5_c3,19.8034,0.3352,True,False,True,23.12.x,0.0,,0.9997432,840120213.0,ZTF24aabexil
ztf,60318.529722199775,2564529721315015013,2,2564529721315,20.234291,1,2564,12.759894,19.893782,20.2945,0.1862457,0.3992,119.9209609,66.4532268,0.78571427,t17_f5_c3,20.2872,0.509,True,False,True,23.12.x,0.0,,0.99999464,840120213.0,ZTF24aabexil
ztf,60318.53018519981,2564530181315015008,2,2564530181315,20.260405,1,2564,13.15761,19.824322,19.5855,0.18883814,0.2073,119.9206598,66.453261,0.41142857,t17_f5_c3,19.6046,0.2703,True,False,True,23.12.x,0.0,,0.9999689,840120213.0,ZTF24aabexil
ztf,60318.531134299934,2564531131315015012,2,2564531131315,20.250174,1,2564,13.620721,19.76521,19.6747,0.16288354,0.2286,119.9201022,66.4532135,0.73,t17_f5_c3,19.5939,0.2719,True,False,True,23.12.x,0.0,,0.98613393,840120213.0,ZTF24aabexil
