tid,mjd,candid,fid,pid,diffmaglim,isdiffpos,nid,distnr,magpsf,magap,sigmapsf,sigmagap,ra,dec,rb,rbversion,magapbig,sigmagapbig,has_stamp,corrected,dubious,step_id_corr,phase,parent_candid,drb,rfid,oid
ztf,60319.12980319979,2565129805115015022,2,2565129805115,19.1777,1,2565,10.5782,17.883,17.9342,0.093118,0.0803,91.4709458,21.1864984,0.71,t17_f5_c3,17.9257,0.1018,False,False,True,23.12.x,0.0,2.565131215115015e+18,,,ZTF24aabggjt
ztf,60319.13027779991,2565130275115015021,2,2565130275115,18.8942,1,2565,9.9985,17.8687,17.9373,0.120426,0.1126,91.4707631,21.1865828,0.688571,t17_f5_c3,17.9988,0.1525,False,False,True,23.12.x,0.0,2.565131685115015e+18,,,ZTF24aabggjt
ztf,60319.130740699824,2565130745115015090,2,2565130745115,19.0272,1,2565,9.69563,17.9538,17.8714,0.097687,0.0924,91.4706864,21.186436,0.69,t17_f5_c3,17.8294,0.1137,False,False,True,23.12.x,0.0,2.565132165115015e+18,,,ZTF24aabggjt
ztf,60319.131215299945,2565131215115015025,2,2565131215115,19.547285,1,2565,9.181781,17.966513,17.9944,0.071212515,0.0713,91.4705263,21.1864485,0.8428571,t17_f5_c3,17.9811,0.0899,True,False,True,23.12.x,0.0,,0.999998,562120251.0,ZTF24aabggjt
ztf,60319.13168979995,2565131685115015046,2,2565131685115,19.437399,1,2565,8.670105,17.980148,17.964,0.08163743,0.0756,91.4703744,21.1864065,0.81,t17_f5_c3,17.8934,0.0905,True,False,True,23.12.x,0.0,,0.99999976,562120251.0,ZTF24aabggjt
ztf,60319.13216440007,2565132165115015028,2,2565132165115,19.202925,1,2565,8.427398,17.984562,17.8799,0.082619846,0.0811,91.4703027,21.1863738,0.7057143,t17_f5_c3,17.8161,0.0976,True,False,True,23.12.x,0.0,,0.9999796,562120251.0,ZTF24aabggjt
ztf,60319.132638900075,2565132635115015031,2,2565132635115,19.425737,1,2565,7.750608,17.958982,17.9772,0.08740656,0.074,91.4700999,21.1863626,0.7814286,t17_f5_c3,17.9284,0.0903,True,False,True,23.12.x,0.0,,0.9999901,562120251.0,ZTF24aabggjt
ztf,60319.13310190011,2565133105115015023,2,2565133105115,19.621723,1,2565,7.5360913,17.958143,18.0204,0.06372651,0.0696,91.4700306,21.186342,0.86714286,t17_f5_c3,18.0126,0.088,True,False,True,23.12.x,0.0,,0.99999577,562120251.0,ZTF24aabggjt
ztf,60319.13357640011,2565133575115015038,2,2565133575115,19.68512,1,2565,7.0404553,17.979462,17.9684,0.06740459,0.0639,91.469886,21.1863426,0.88857144,t17_f5_c3,18.0323,0.0863,True,False,True,23.12.x,0.0,,0.99999577,562120251.0,ZTF24aabggjt
