tid,mjd,candid,fid,pid,diffmaglim,isdiffpos,nid,distnr,magpsf,magap,sigmapsf,sigmagap,ra,dec,rb,rbversion,drb,magapbig,sigmagapbig,rfid,has_stamp,corrected,dubious,step_id_corr,phase,parent_candid,oid
ztf,59985.494328700006,2231494320115015003,2,2231494320115,19.603704,1,2231,2.039042,19.755335,19.6177,0.21565178,0.3003,266.1930971,45.462987,0.6685714,t17_f5_c3,0.9946127,19.6848,0.4092,763120201.0,True,False,False,1.1.6,0.0,,ZTF23aacgiqo
ztf,59996.518113399856,2242518110115015007,2,2242518110115,20.3573,1,2242,1.7458,20.2021,20.6422,0.250368,0.5114,266.192955,45.4630592,0.682857,t17_f5_c3,,20.3761,0.5105,,False,False,False,1.1.6,0.0,2.266387810115015e+18,ZTF23aacgiqo
ztf,60020.38781249989,2266387810115015004,2,2266387810115,20.359945,1,2266,1.7756929,19.900673,20.4465,0.15118694,0.4122,266.1929741,45.4630507,0.87857145,t17_f5_c3,0.99999934,20.3741,0.4909,763120201.0,True,False,False,1.1.6,0.0,,ZTF23aacgiqo
ztf,60029.46329860017,2275463290115015003,2,2275463290115,20.33297,1,2275,1.9208522,20.019148,20.2497,0.19846924,0.3467,266.1930401,45.4630256,0.82714283,t17_f5_c3,0.9999628,20.2042,0.4238,763120201.0,True,False,False,1.1.6,0.0,,ZTF23aacgiqo
ztf,60046.38174769981,2292381740115015003,2,2292381740115,20.430315,1,2292,1.943783,20.129965,20.2244,0.1789013,0.3529,266.1930321,45.4630836,0.64,t17_f5_c3,0.99250156,19.9858,0.3613,763120201.0,True,False,False,1.1.6,0.0,,ZTF23aacgiqo
ztf,60050.4518519002,2296451850115015004,2,2296451850115,20.646265,1,2296,1.8897973,20.288658,20.1112,0.19236152,0.2535,266.1930292,45.463024,0.69714284,t17_f5_c3,0.99980474,20.2471,0.364,763120201.0,True,False,False,1.1.6,0.0,,ZTF23aacgiqo
ztf,60053.44298609998,2299442980115015003,2,2299442980115,20.53181,1,2299,1.7016238,20.33264,20.5777,0.2000593,0.4104,266.1929575,45.462996,0.8214286,t17_f5_c3,0.9999903,20.6403,0.5527,763120201.0,True,False,False,1.1.6,0.0,,ZTF23aacgiqo
