tid,mjd,candid,fid,pid,diffmaglim,isdiffpos,nid,distnr,magpsf,magap,sigmapsf,sigmagap,ra,dec,rb,rbversion,magapbig,sigmagapbig,has_stamp,corrected,dubious,step_id_corr,phase,parent_candid,drb,rfid,oid
ztf,60319.2240394,2565224031415015046,2,2565224031415,19.9309,1,2565,12.237,18.9549,19.0273,0.123244,0.1208,84.638047,15.4628382,0.717143,t17_f5_c3,19.1242,0.1686,False,False,True,23.12.x,0.0,2.565225921415015e+18,,,ZTF24aabidmw
ztf,60319.2245139,2565224511415015041,2,2565224511415,20.0181,1,2565,12.0175,18.8688,18.8586,0.090301,0.1053,84.6379848,15.4628473,0.678571,t17_f5_c3,18.8404,0.1322,False,False,True,23.12.x,0.0,2.565225921415015e+18,,,ZTF24aabidmw
ztf,60319.224988400005,2565224981415015028,2,2565224981415,19.9256,1,2565,11.7669,18.9136,18.8743,0.156806,0.1045,84.6379119,15.4628556,0.628571,t17_f5_c3,18.8719,0.133,False,False,True,23.12.x,0.0,2.565225921415015e+18,,,ZTF24aabidmw
ztf,60319.225463000126,2565225461415015048,2,2565225461415,19.9473,1,2565,11.3802,19.0458,18.8884,0.134531,0.1058,84.6378146,15.4629486,0.564286,t17_f5_c3,18.8624,0.132,False,False,True,23.12.x,0.0,2.565225921415015e+18,,,ZTF24aabidmw
ztf,60319.22592590004,2565225921415015040,2,2565225921415,19.907701,1,2565,10.848852,18.87425,18.7689,0.12688024,0.0953,84.6376558,15.4629336,0.62,t17_f5_c3,18.7162,0.1158,True,False,True,23.12.x,0.0,,0.9996917,562120214.0,ZTF24aabidmw
ztf,60319.22640050016,2565226401415015027,2,2565226401415,19.934729,1,2565,10.495427,18.937899,18.9717,0.13450861,0.1148,84.6375516,15.4629262,0.68857145,t17_f5_c3,19.0544,0.1581,True,False,True,23.12.x,0.0,,0.9991367,562120214.0,ZTF24aabidmw
ztf,60319.22687500017,2565226871415015033,2,2565226871415,19.9394,1,2565,10.0085,18.9515,18.8609,0.105008,0.1029,84.637409,15.4629543,0.635714,t17_f5_c3,18.8877,0.1347,False,False,True,23.12.x,0.0,2.565228281415015e+18,,,ZTF24aabidmw
ztf,60319.22828700021,2565228281415015039,2,2565228281415,20.067928,1,2565,9.000679,18.932844,18.8254,0.09898656,0.0996,84.6371262,15.4630341,0.70285714,t17_f5_c3,18.7136,0.1148,True,False,True,23.12.x,0.0,,0.99997604,562120214.0,ZTF24aabidmw
