tid,mjd,candid,fid,pid,diffmaglim,isdiffpos,nid,distnr,magpsf,magap,sigmapsf,sigmagap,ra,dec,rb,rbversion,magapbig,sigmagapbig,has_stamp,corrected,dubious,step_id_corr,phase,parent_candid,drb,rfid,oid
ztf,60318.2899536998,2564289953315015011,2,2564289953315,20.1077,1,2564,3.75214,19.6148,19.4049,0.152576,0.1773,136.140056,70.4235899,0.611429,t17_f5_c3,19.632,0.28,False,False,True,23.12.x,0.0,2.564291353315015e+18,,,ZTF24aabecor
ztf,60318.290416699834,2564290413315015008,2,2564290413315,20.168,1,2564,3.70487,19.4706,19.705,0.134731,0.2259,136.1397647,70.4235738,0.828571,t17_f5_c3,19.482,0.236,False,False,True,23.12.x,0.0,2.564291353315015e+18,,,ZTF24aabecor
ztf,60318.29089119984,2564290893315015006,2,2564290893315,20.0774,1,2564,4.1443954,19.591259,19.307,0.1481654,0.163,136.1397305,70.4236972,0.39857143,t17_f5_c3,19.0885,0.1708,True,False,True,23.12.x,0.0,,0.99802655,840120233.0,ZTF24aabecor
ztf,60318.29135419987,2564291353315015007,2,2564291353315,20.047174,1,2564,4.064872,19.456747,19.4502,0.15639368,0.185,136.1394317,70.4236621,0.7714286,t17_f5_c3,19.2714,0.201,True,False,True,23.12.x,0.0,,0.9988921,840120233.0,ZTF24aabecor
ztf,60318.291828699876,2564291823315015005,2,2564291823315,20.031628,1,2564,4.524973,19.489025,19.4605,0.14022373,0.1853,136.1387832,70.4237396,0.75857145,t17_f5_c3,19.5352,0.2542,True,False,True,23.12.x,0.0,,0.9991735,840120233.0,ZTF24aabecor
ztf,60318.29230319988,2564292303315015005,2,2564292303315,20.1098,1,2564,4.51511,19.574,19.5706,0.135485,0.2034,136.1388395,70.423744,0.82,t17_f5_c3,19.6827,0.289,False,False,True,23.12.x,0.0,2.564294183315015e+18,,,ZTF24aabecor
ztf,60318.2927778,2564292773315015008,2,2564292773315,20.1395,1,2564,4.93018,19.613087,20.0785,0.19607045,0.3188,136.138418,70.4238156,0.775714,t17_f5_c3,20.1673,0.4437,True,False,True,23.12.x,0.0,,,,ZTF24aabecor
ztf,60318.29324069992,2564293243315015010,2,2564293243315,20.079973,1,2564,4.8450303,19.471869,19.6138,0.13056414,0.2111,136.1382409,70.4237651,0.83428574,t17_f5_c3,19.4632,0.2356,True,False,True,23.12.x,0.0,,0.999959,840120233.0,ZTF24aabecor
ztf,60318.29418980004,2564294183315015014,2,2564294183315,20.121595,1,2564,5.120144,19.471268,19.3417,0.15365018,0.1656,136.137688,70.4237493,0.74,t17_f5_c3,19.4429,0.2328,True,False,True,23.12.x,0.0,,0.99988604,840120233.0,ZTF24aabecor
