tid,mjd,candid,fid,pid,diffmaglim,isdiffpos,nid,distnr,magpsf,magap,sigmapsf,sigmagap,ra,dec,rb,rbversion,magapbig,sigmagapbig,has_stamp,corrected,dubious,step_id_corr,phase,parent_candid,drb,rfid,oid
ztf,60319.34701390006,2565347011815015006,2,2565347011815,20.3163,1,2565,7.82952,18.0775,18.0989,0.047445,0.0492,90.7831397,17.8088041,0.974286,t17_f5_c3,18.068,0.0607,False,False,True,23.12.x,0.0,2.565348901815015e+18,,,ZTF24aabkmmx
ztf,60319.34748840006,2565347481815015010,2,2565347481815,20.2632,1,2565,8.07465,18.0538,18.0424,0.050389,0.0477,90.7830498,17.8087969,0.962857,t17_f5_c3,18.0444,0.0605,False,False,True,23.12.x,0.0,2.565348901815015e+18,,,ZTF24aabkmmx
ztf,60319.347951400094,2565347951815015010,2,2565347951815,20.0711,1,2565,8.27871,18.1095,18.0824,0.061686,0.0551,90.7829676,17.8087781,0.96,t17_f5_c3,17.9733,0.0635,False,False,True,23.12.x,0.0,2.565348901815015e+18,,,ZTF24aabkmmx
ztf,60319.3484259001,2565348421815015005,2,2565348421815,20.2016,1,2565,8.53055,18.1039,18.1213,0.04939,0.0528,90.7828749,17.8087685,0.962857,t17_f5_c3,18.058,0.0634,False,False,True,23.12.x,0.0,2.565348901815015e+18,,,ZTF24aabkmmx
ztf,60319.34890050022,2565348901815015005,2,2565348901815,20.300217,1,2565,8.834693,18.114595,18.1912,0.0553083,0.054,90.7827776,17.8087753,0.97571427,t17_f5_c3,18.139,0.0654,True,False,True,23.12.x,0.0,,0.9969809,562120218.0,ZTF24aabkmmx
ztf,60319.34937500022,2565349371815015006,2,2565349371815,20.336325,1,2565,8.760739,18.084108,18.0802,0.056253318,0.0486,90.7826857,17.8087582,0.9628571,t17_f5_c3,18.0604,0.0606,True,False,True,23.12.x,0.0,,0.99462914,562120218.0,ZTF24aabkmmx
ztf,60319.34984950023,2565349841815015007,2,2565349841815,20.409704,1,2565,8.414317,18.11582,18.2578,0.068873286,0.0546,90.7825842,17.8087692,0.95714283,t17_f5_c3,18.2661,0.0699,True,False,True,23.12.x,0.0,,0.95112383,562120218.0,ZTF24aabkmmx
ztf,60319.350312499795,2565350311815015004,2,2565350311815,20.358526,1,2565,8.146553,18.118677,18.0795,0.060430564,0.0475,90.7825047,17.8087538,0.9614286,t17_f5_c3,18.0918,0.061,True,False,True,23.12.x,0.0,,0.9997393,562120218.0,ZTF24aabkmmx
ztf,60319.3507869998,2565350781815015008,2,2565350781815,20.3507,1,2565,7.834975,18.134453,18.1512,0.07051315,0.0513,90.7824133,17.8087561,0.9614286,t17_f5_c3,18.0781,0.0611,True,False,True,23.12.x,0.0,,0.99422336,562120218.0,ZTF24aabkmmx
