tid,mjd,candid,fid,pid,diffmaglim,isdiffpos,nid,distnr,magpsf,magap,sigmapsf,sigmagap,ra,dec,rb,rbversion,magapbig,sigmagapbig,has_stamp,corrected,dubious,step_id_corr,phase,parent_candid,drb,rfid,oid
ztf,60317.26334490022,2563263343315015017,2,2563263343315,20.3142,1,2563,2.46783,19.6794,19.8242,0.152209,0.2144,98.2755979,20.4787197,0.652857,t17_f5_c3,19.8614,0.2846,False,False,False,23.12.x,0.0,2.563264763315015e+18,,,ZTF24aaaxajf
ztf,60317.26381940022,2563263813315015019,2,2563263813315,20.3604,1,2563,2.45136,19.6598,19.4759,0.130604,0.1527,98.2755816,20.4787281,0.634286,t17_f5_c3,19.2709,0.1618,False,False,False,23.12.x,0.0,2.563264763315015e+18,,,ZTF24aaaxajf
ztf,60317.26429399988,2563264293315015016,2,2563264293315,20.3915,1,2563,2.53107,19.524,19.7197,0.121599,0.1875,98.2754162,20.4787573,0.711429,t17_f5_c3,19.5443,0.2053,False,False,False,23.12.x,0.0,2.563265703315015e+18,,,ZTF24aaaxajf
ztf,60317.26476849988,2563264763315015018,2,2563264763315,20.4129,1,2563,2.58646,19.6695,19.6322,0.140519,0.1699,98.2752814,20.4788141,0.685714,t17_f5_c3,19.4655,0.1878,False,False,False,23.12.x,0.0,2.563265703315015e+18,,,ZTF24aaaxajf
ztf,60317.265231499914,2563265233315015014,2,2563265233315,20.239,1,2563,2.81249,19.6064,19.6018,0.127798,0.1832,98.2751794,20.4788113,0.551429,t17_f5_c3,19.2251,0.1676,False,False,False,23.12.x,0.0,2.563266183315015e+18,,,ZTF24aaaxajf
ztf,60317.26570599992,2563265703315015013,2,2563265703315,20.22341,1,2563,3.0436916,19.576433,19.531,0.15552334,0.174,98.2750472,20.4788427,0.6,t17_f5_c3,19.5975,0.24,True,False,False,23.12.x,0.0,,0.99917126,563120233.0,ZTF24aaaxajf
ztf,60317.26618060004,2563266183315015014,2,2563266183315,20.156477,1,2563,3.241311,19.707458,19.7055,0.18779399,0.212,98.2749203,20.4789097,0.54285717,t17_f5_c3,19.6295,0.2576,True,False,False,23.12.x,0.0,,0.993746,563120233.0,ZTF24aaaxajf
ztf,60317.266643499956,2563266643315015010,2,2563266643315,19.990229,1,2563,3.9544623,19.677032,19.9713,0.16710863,0.2867,98.274693,20.4788778,0.4542857,t17_f5_c3,20.1297,0.4402,True,False,False,23.12.x,0.0,,0.20079312,563120233.0,ZTF24aaaxajf
