tid,mjd,candid,fid,pid,diffmaglim,isdiffpos,nid,distnr,magpsf,magap,sigmapsf,sigmagap,ra,dec,rb,rbversion,magapbig,sigmagapbig,has_stamp,corrected,dubious,step_id_corr,phase,parent_candid,drb,rfid,oid
ztf,60319.15949069988,2565159490215015005,2,2565159490215,19.8881,1,2565,6.11693,19.5797,19.5137,0.169018,0.218,90.4393313,15.8682821,0.628571,t17_f5_c3,19.3614,0.2428,False,False,True,23.12.x,0.0,2.565160430215015e+18,,,ZTF24aabgzni
ztf,60319.1599653,2565159960215015005,2,2565159960215,19.98175,1,2565,6.4728236,19.471743,19.4364,0.1406974,0.2004,90.4392422,15.868335,0.8471429,t17_f5_c3,19.4118,0.2511,True,False,True,23.12.x,0.0,,0.99994814,562120202.0,ZTF24aabgzni
ztf,60319.160439800005,2565160430215015006,2,2565160430215,19.947481,1,2565,6.681663,19.472063,19.3563,0.17544323,0.1924,90.4391741,15.8683527,0.79571426,t17_f5_c3,19.2574,0.2252,True,False,True,23.12.x,0.0,,0.999921,562120202.0,ZTF24aabgzni
ztf,60319.16091440013,2565160910215015005,2,2565160910215,19.956684,1,2565,7.2038345,19.4515,19.336,0.15709406,0.1837,90.4390079,15.8683847,0.80857146,t17_f5_c3,19.3805,0.2453,True,False,True,23.12.x,0.0,,0.99997866,562120202.0,ZTF24aabgzni
ztf,60319.16137730004,2565161370215015006,2,2565161370215,19.992,1,2565,7.46365,19.7005,19.2482,0.162202,0.1691,90.4388971,15.8683583,0.407143,t17_f5_c3,19.2353,0.2141,False,False,True,23.12.x,0.0,2.565161850215015e+18,,,ZTF24aabgzni
ztf,60319.161851900164,2565161850215015010,2,2565161850215,19.968365,1,2565,7.684339,19.540045,19.5499,0.1419976,0.2212,90.438848,15.8684031,0.8371429,t17_f5_c3,19.6025,0.2975,True,False,True,23.12.x,0.0,,0.9999791,562120202.0,ZTF24aabgzni
ztf,60319.16232640017,2565162320215015004,2,2565162320215,20.008593,1,2565,8.055674,19.666685,19.2956,0.14788187,0.1749,90.4387187,15.8684117,0.5271429,t17_f5_c3,19.2785,0.2207,True,False,True,23.12.x,0.0,,0.9995843,562120202.0,ZTF24aabgzni
ztf,60319.1627894002,2565162780215015006,2,2565162780215,19.94684,1,2565,8.419058,19.652155,19.8366,0.15766306,0.2879,90.4386314,15.8684692,0.74285716,t17_f5_c3,19.5217,0.2767,True,False,True,23.12.x,0.0,,0.99999756,562120202.0,ZTF24aabgzni
