tid,mjd,candid,fid,pid,diffmaglim,isdiffpos,nid,distnr,magpsf,magap,sigmapsf,sigmagap,ra,dec,rb,rbversion,magapbig,sigmagapbig,has_stamp,corrected,dubious,step_id_corr,phase,parent_candid,drb,rfid,oid
ztf,60319.17127310019,2565171271115015018,2,2565171271115,20.0254,1,2565,9.2251,18.2623,18.2785,0.049667,0.0699,87.529791,15.6125696,0.932857,t17_f5_c3,18.2523,0.0869,False,False,True,23.12.x,0.0,2.565173151115015e+18,,,ZTF24aabhftn
ztf,60319.171747699846,2565171741115015014,2,2565171741115,20.0405,1,2565,9.21357,18.2058,18.2571,0.053744,0.0663,87.5296817,15.612595,0.924286,t17_f5_c3,18.0907,0.0725,False,False,True,23.12.x,0.0,2.565173151115015e+18,,,ZTF24aabhftn
ztf,60319.17222219985,2565172221115015019,2,2565172221115,20.1008,1,2565,9.23351,18.2293,18.1964,0.063085,0.0614,87.5295812,15.6126076,0.932857,t17_f5_c3,18.0965,0.0712,False,False,True,23.12.x,0.0,2.565173151115015e+18,,,ZTF24aabhftn
ztf,60319.17268519988,2565172681115015017,2,2565172681115,20.0377,1,2565,9.28304,18.2376,18.2477,0.054443,0.0649,87.529485,15.6126182,0.887143,t17_f5_c3,18.23,0.0812,False,False,True,23.12.x,0.0,2.565173151115015e+18,,,ZTF24aabhftn
ztf,60319.17315969989,2565173151115015017,2,2565173151115,20.049952,1,2565,9.251333,18.269073,18.2468,0.061250646,0.0652,87.5293815,15.6126571,0.91571426,t17_f5_c3,18.2576,0.0838,True,False,True,23.12.x,0.0,,0.99999905,562120211.0,ZTF24aabhftn
ztf,60319.17363430001,2565173631115015018,2,2565173631115,20.1476,1,2565,9.33562,18.2566,18.2036,0.04903,0.0622,87.5292772,15.6126643,0.938571,t17_f5_c3,18.2027,0.079,False,False,True,23.12.x,0.0,2.565175041115015e+18,,,ZTF24aabhftn
ztf,60319.174097199924,2565174091115015021,2,2565174091115,20.1533,1,2565,9.38293,18.237,18.2971,0.055788,0.067,87.5291985,15.6126796,0.94,t17_f5_c3,18.2815,0.084,False,False,True,23.12.x,0.0,2.565175041115015e+18,,,ZTF24aabhftn
ztf,60319.174571800046,2565174571115015017,2,2565174571115,20.155361,1,2565,9.489729,18.228714,18.3032,0.046287723,0.0675,87.5290963,15.6126897,0.94285715,t17_f5_c3,18.1914,0.0776,True,False,True,23.12.x,0.0,,0.99999,562120211.0,ZTF24aabhftn
ztf,60319.17504630005,2565175041115015020,2,2565175041115,20.223942,1,2565,9.481767,18.192987,18.2433,0.04939109,0.0631,87.5290014,15.6127325,0.9514286,t17_f5_c3,18.2374,0.0798,True,False,True,23.12.x,0.0,,0.999997,562120211.0,ZTF24aabhftn
