tid,mjd,candid,fid,pid,diffmaglim,isdiffpos,nid,distnr,magpsf,magap,sigmapsf,sigmagap,ra,dec,rb,rbversion,magapbig,sigmagapbig,has_stamp,corrected,dubious,step_id_corr,phase,parent_candid,drb,rfid,oid
ztf,60319.265497699846,2565265493415015029,2,2565265493415,20.3677,1,2565,16.669,18.7968,18.7682,0.07994,0.0844,90.8522266,19.1995598,0.962857,t17_f5_c3,18.8131,0.1121,False,False,True,23.12.x,0.0,2.565266903415015e+18,,,ZTF24aabiuwc
ztf,60319.26596060023,2565265963415015023,2,2565265963415,20.1695,1,2565,17.0361,18.8089,18.9128,0.089992,0.1035,90.8521058,19.1995009,0.844286,t17_f5_c3,18.9253,0.1337,False,False,True,23.12.x,0.0,2.565267373415015e+18,,,ZTF24aabiuwc
ztf,60319.26643519988,2565266433415015024,2,2565266433415,20.2268,1,2565,17.3033,18.7623,18.6878,0.084654,0.0835,90.8519623,19.1994852,0.914286,t17_f5_c3,18.7131,0.109,False,False,True,23.12.x,0.0,2.565267843415015e+18,,,ZTF24aabiuwc
ztf,60319.26690969989,2565266903415015022,2,2565266903415,20.253813,1,2565,17.633064,18.819338,18.8572,0.08531471,0.0958,90.8518546,19.1994326,0.96,t17_f5_c3,18.8049,0.1166,True,False,True,23.12.x,0.0,,0.99999994,562120234.0,ZTF24aabiuwc
ztf,60319.26737269992,2565267373415015028,2,2565267373415,20.336502,1,2565,17.45443,18.837402,18.9733,0.08170052,0.1037,90.8517432,19.199406,0.96,t17_f5_c3,18.8248,0.1157,True,False,True,23.12.x,0.0,,1.0,562120234.0,ZTF24aabiuwc
ztf,60319.267847199924,2565267843415015027,2,2565267843415,20.28464,1,2565,17.15523,18.763378,18.7606,0.07416216,0.0873,90.851643,19.1993684,0.96428573,t17_f5_c3,18.7312,0.1084,True,False,True,23.12.x,0.0,,0.9999988,562120234.0,ZTF24aabiuwc
ztf,60319.268321800046,2565268323415015032,2,2565268323415,20.407042,1,2565,16.737513,18.787697,18.7447,0.07005778,0.0804,90.8515022,19.1993135,0.95857143,t17_f5_c3,18.661,0.0949,True,False,True,23.12.x,0.0,,0.999996,562120234.0,ZTF24aabiuwc
