tid,mjd,candid,fid,pid,diffmaglim,isdiffpos,nid,distnr,magpsf,magap,sigmapsf,sigmagap,ra,dec,rb,rbversion,magapbig,sigmagapbig,has_stamp,corrected,dubious,step_id_corr,phase,parent_candid,drb,rfid,oid
ztf,60319.167986100074,2565167981115015017,2,2565167981115,19.9779,1,2565,9.76125,18.275,18.37,0.046943,0.076,87.5304669,15.6123999,0.92,t17_f5_c3,18.368,0.0968,False,False,True,23.12.x,0.0,2.565169861115015e+18,,,ZTF24aabhdxv
ztf,60319.16844910011,2565168441115015013,2,2565168441115,19.9262,1,2565,9.58111,18.2391,18.2846,0.054731,0.068,87.5303917,15.6124441,0.87,t17_f5_c3,18.2622,0.0848,False,False,True,23.12.x,0.0,2.565169861115015e+18,,,ZTF24aabhdxv
ztf,60319.16892360011,2565168921115015021,2,2565168921115,19.9997,1,2565,9.51186,18.3204,18.3148,0.055729,0.0696,87.5302593,15.6124604,0.901429,t17_f5_c3,18.3621,0.0924,False,False,True,23.12.x,0.0,2.565169861115015e+18,,,ZTF24aabhdxv
ztf,60319.169398100115,2565169391115015017,2,2565169391115,20.0234,1,2565,9.46231,18.2781,18.2861,0.057297,0.0691,87.5301694,15.6124732,0.917143,t17_f5_c3,18.225,0.0832,False,False,True,23.12.x,0.0,2.565171271115015e+18,,,ZTF24aabhdxv
ztf,60319.16986110015,2565169861115015026,2,2565169861115,20.039389,1,2565,9.319581,18.256432,18.2466,0.062086135,0.0664,87.53008,15.6125158,0.9185714,t17_f5_c3,18.2658,0.086,True,False,True,23.12.x,0.0,,0.9999814,562120211.0,ZTF24aabhdxv
ztf,60319.17033560015,2565170331115015018,2,2565170331115,20.051697,1,2565,9.355669,18.30302,18.2865,0.05086015,0.067,87.5299721,15.6125126,0.9085714,t17_f5_c3,18.238,0.0815,True,False,True,23.12.x,0.0,,0.99999964,562120211.0,ZTF24aabhdxv
ztf,60319.170798600186,2565170791115015013,2,2565170791115,19.97435,1,2565,9.221132,18.258093,18.3322,0.061484683,0.074,87.5298888,15.6125605,0.92285717,t17_f5_c3,18.2719,0.0892,True,False,True,23.12.x,0.0,,0.99989426,562120211.0,ZTF24aabhdxv
ztf,60319.17127310019,2565171271115015018,2,2565171271115,20.025381,1,2565,9.225101,18.262308,18.2785,0.04966674,0.0699,87.529791,15.6125696,0.93285716,t17_f5_c3,18.2523,0.0869,True,False,True,23.12.x,0.0,,0.99999976,562120211.0,ZTF24aabhdxv
ztf,60319.17222219985,2565172221115015019,2,2565172221115,20.10085,1,2565,9.233511,18.22934,18.1964,0.06308459,0.0614,87.5295812,15.6126076,0.93285716,t17_f5_c3,18.0965,0.0712,True,False,True,23.12.x,0.0,,0.9999976,562120211.0,ZTF24aabhdxv
