tid,mjd,candid,fid,pid,diffmaglim,isdiffpos,nid,distnr,magpsf,magap,sigmapsf,sigmagap,ra,dec,rb,rbversion,magapbig,sigmagapbig,has_stamp,corrected,dubious,step_id_corr,phase,parent_candid,drb,rfid,oid
ztf,60319.26126160007,2565261261015015011,2,2565261261015,20.3898,1,2565,4.2357,18.3426,18.3821,0.05097,0.0628,86.7538788,15.6853617,0.982857,t17_f5_c3,18.4231,0.0827,False,False,True,23.12.x,0.0,2.565262671015015e+18,,,ZTF24aabisnq
ztf,60319.261724499986,2565261721015015013,2,2565261721015,20.3661,1,2565,4.62533,18.3017,18.3539,0.058018,0.0619,86.7537624,15.6853585,0.978571,t17_f5_c3,18.3519,0.0785,False,False,True,23.12.x,0.0,2.565263131015015e+18,,,ZTF24aabisnq
ztf,60319.26219910011,2565262191015015016,2,2565262191015,20.342773,1,2565,5.0028043,18.323803,18.3132,0.04808634,0.0599,86.7536427,15.6853969,0.9728571,t17_f5_c3,18.3015,0.0752,True,False,True,23.12.x,0.0,,1.0,562120210.0,ZTF24aabisnq
ztf,60319.26267360011,2565262671015015013,2,2565262671015,20.3769,1,2565,5.384989,18.273327,18.3115,0.05957255,0.0592,86.75353,15.6853941,0.9785714,t17_f5_c3,18.3054,0.0747,True,False,True,23.12.x,0.0,,0.9999999,562120210.0,ZTF24aabisnq
ztf,60319.263136600144,2565263131015015010,2,2565263131015,20.395239,1,2565,5.768904,18.300297,18.4585,0.056819227,0.0673,86.7534155,15.6853911,0.98285717,t17_f5_c3,18.4558,0.0853,True,False,True,23.12.x,0.0,,1.0,562120210.0,ZTF24aabisnq
ztf,60319.26361110015,2565263611015015013,2,2565263611015,20.384665,1,2565,6.2181587,18.290545,18.2977,0.050487753,0.0584,86.7532819,15.6853981,0.97571427,t17_f5_c3,18.336,0.0768,True,False,True,23.12.x,0.0,,1.0,562120210.0,ZTF24aabisnq
ztf,60319.26408560015,2565264081015015009,2,2565264081015,20.416105,1,2565,6.543882,18.324549,18.4257,0.07591887,0.0646,86.7531829,15.6854219,0.9785714,t17_f5_c3,18.3739,0.0782,True,False,True,23.12.x,0.0,,0.99996024,562120210.0,ZTF24aabisnq
