tid,mjd,candid,fid,pid,diffmaglim,isdiffpos,nid,distnr,magpsf,magap,sigmapsf,sigmagap,ra,dec,rb,rbversion,magapbig,sigmagapbig,has_stamp,corrected,dubious,step_id_corr,phase,parent_candid,drb,rfid,oid
ztf,60317.27653940022,2563276531515015025,2,2563276531515,20.2384,1,2563,12.7832,19.8389,19.7228,0.187296,0.2125,93.3586983,15.3126205,0.611429,t17_f5_c3,19.6285,0.2497,False,False,True,23.12.x,0.0,2.563278881515015e+18,,,ZTF24aaaxomz
ztf,60317.277002300136,2563277001515015031,2,2563277001515,20.1484,1,2563,12.2922,19.7033,19.6323,0.165026,0.2004,93.3585686,15.3127121,0.598571,t17_f5_c3,19.8431,0.3114,False,False,True,23.12.x,0.0,2.563279831515015e+18,,,ZTF24aaaxomz
ztf,60317.277951399796,2563277951515015040,2,2563277951515,20.3295,1,2563,11.9563,19.8929,19.7603,0.180278,0.2114,93.3584616,15.312682,0.642857,t17_f5_c3,19.5737,0.2283,False,False,True,23.12.x,0.0,2.563279831515015e+18,,,ZTF24aaaxomz
ztf,60317.2784258998,2563278421515015031,2,2563278421515,20.2478,1,2563,11.8877,19.7599,19.9402,0.139818,0.2585,93.358444,15.3126752,0.744286,t17_f5_c3,19.857,0.3067,False,False,True,23.12.x,0.0,2.563279831515015e+18,,,ZTF24aaaxomz
ztf,60317.27888889983,2563278881515015056,2,2563278881515,20.306799,1,2563,11.427098,19.841513,19.697,0.15438132,0.2011,93.3583122,15.3127091,0.62,t17_f5_c3,19.8023,0.2837,True,False,True,23.12.x,0.0,,0.9999511,563120215.0,ZTF24aaaxomz
ztf,60317.27983799996,2563279831515015027,2,2563279831515,20.295155,1,2563,11.285122,19.767466,19.8848,0.17108263,0.2389,93.3582668,15.3126827,0.61714286,t17_f5_c3,19.7851,0.2792,True,False,True,23.12.x,0.0,,0.9999753,563120215.0,ZTF24aaaxomz
