tid,mjd,candid,fid,pid,diffmaglim,isdiffpos,nid,distnr,magpsf,magap,sigmapsf,sigmagap,ra,dec,rb,rbversion,magapbig,sigmagapbig,has_stamp,corrected,dubious,step_id_corr,phase,parent_candid,drb,rfid,oid
ztf,60319.23111109994,2565231112715015013,2,2565231112715,20.0919,1,2565,6.60736,18.4758,18.6469,0.059175,0.0805,87.7250183,17.7443733,0.782857,t17_f5_c3,18.7095,0.1092,False,False,False,23.12.x,0.0,2.565232992715015e+18,,,ZTF24aabifir
ztf,60319.23158559995,2565231582715015010,2,2565231582715,20.1629,1,2565,6.46882,18.4861,18.5533,0.068933,0.0734,87.7249319,17.7443581,0.898571,t17_f5_c3,18.6854,0.1058,False,False,False,23.12.x,0.0,2.565232992715015e+18,,,ZTF24aabifir
ztf,60319.23206020007,2565232062715015010,2,2565232062715,20.156,1,2565,6.42719,18.515,18.5252,0.05887,0.0727,87.7248341,17.744306,0.874286,t17_f5_c3,18.6717,0.1061,False,False,False,23.12.x,0.0,2.565233932715015e+18,,,ZTF24aabifir
ztf,60319.232523099985,2565232522715015010,2,2565232522715,20.1966,1,2565,6.17835,18.5328,18.5742,0.063585,0.0756,87.7247139,17.7443176,0.915714,t17_f5_c3,18.6213,0.1009,False,False,False,23.12.x,0.0,2.565233932715015e+18,,,ZTF24aabifir
ztf,60319.232997700106,2565232992715015009,2,2565232992715,20.171495,1,2565,6.1246605,18.502775,18.4292,0.06915939,0.067,87.724636,17.7442921,0.89285713,t17_f5_c3,18.5711,0.0972,True,False,False,23.12.x,0.0,,1.0,562120227.0,ZTF24aabifir
ztf,60319.23347220011,2565233472715015015,2,2565233472715,20.1416,1,2565,5.98224,18.539,18.4825,0.070682,0.0694,87.7245128,17.7442805,0.794286,t17_f5_c3,18.4796,0.0882,False,False,False,23.12.x,0.0,2.565233932715015e+18,,,ZTF24aabifir
ztf,60319.23393520014,2565233932715015011,2,2565233932715,20.166248,1,2565,5.9074407,18.565308,18.6021,0.071918674,0.0779,87.7244101,17.7442621,0.91571426,t17_f5_c3,18.7263,0.1112,True,False,False,23.12.x,0.0,,0.9999999,562120227.0,ZTF24aabifir
