tid,mjd,candid,fid,pid,diffmaglim,isdiffpos,nid,distnr,magpsf,magap,sigmapsf,sigmagap,ra,dec,rb,rbversion,magapbig,sigmagapbig,has_stamp,corrected,dubious,step_id_corr,phase,parent_candid,drb,rfid,oid
ztf,60319.147719900124,2565147714915015006,2,2565147714915,19.7198,1,2565,11.3453,18.6344,18.7148,0.113528,0.1247,90.8863898,22.5480514,0.8,t17_f5_c3,18.7512,0.165,False,False,True,23.12.x,0.0,2.565149134915015e+18,,,ZTF24aabgsmf
ztf,60319.14818290016,2565148184915015013,2,2565148184915,19.824146,1,2565,11.093636,18.583736,18.509,0.097886756,0.101,90.8862856,22.5480714,0.78,t17_f5_c3,18.5127,0.1296,True,False,True,23.12.x,0.0,,0.99999976,562120249.0,ZTF24aabgsmf
ztf,60319.14865740016,2565148654915015008,2,2565148654915,19.866919,1,2565,10.849576,18.680899,18.7611,0.097430535,0.1218,90.8862049,22.5481023,0.87285715,t17_f5_c3,18.7748,0.1579,True,False,True,23.12.x,0.0,,0.9999984,562120249.0,ZTF24aabgsmf
ztf,60319.149131900165,2565149134915015006,2,2565149134915,19.60185,1,2565,10.511223,18.703863,18.7004,0.10121797,0.1277,90.8860179,22.5481052,0.67,t17_f5_c3,18.7544,0.1719,True,False,True,23.12.x,0.0,,0.9999956,562120249.0,ZTF24aabgsmf
ztf,60319.1495949002,2565149594915015004,2,2565149594915,19.435751,1,2565,10.546749,18.670435,18.7139,0.14566568,0.1455,90.8860077,22.5480874,0.58428574,t17_f5_c3,18.6773,0.1804,True,False,True,23.12.x,0.0,,0.99999636,562120249.0,ZTF24aabgsmf
ztf,60319.1500694002,2565150064915015002,2,2565150064915,19.54295,1,2565,10.208918,18.638947,18.6877,0.15467368,0.1298,90.8858711,22.548121,0.66,t17_f5_c3,18.5719,0.1494,True,False,True,23.12.x,0.0,,0.9998227,562120249.0,ZTF24aabgsmf
ztf,60319.15054399986,2565150544915015005,2,2565150544915,19.67687,1,2565,10.043369,18.668724,18.8302,0.09470069,0.1445,90.8857435,22.5481128,0.80857146,t17_f5_c3,18.675,0.1607,True,False,True,23.12.x,0.0,,0.99999213,562120249.0,ZTF24aabgsmf
