tid,mjd,candid,fid,pid,diffmaglim,isdiffpos,nid,distnr,magpsf,magap,sigmapsf,sigmagap,ra,dec,rb,rbversion,magapbig,sigmagapbig,has_stamp,corrected,dubious,step_id_corr,phase,parent_candid,drb,rfid,oid
ztf,60319.345127299894,2565345120515015017,2,2565345120515,20.2102,1,2565,9.78905,18.6384,18.7857,0.063608,0.0958,88.5466521,16.6220947,0.94,t17_f5_c3,18.7219,0.1154,False,False,True,23.12.x,0.0,2.565347480515015e+18,,,ZTF24aabkmnx
ztf,60319.345601900015,2565345600515015015,2,2565345600515,20.2619,1,2565,10.0001,18.6805,18.6018,0.073603,0.0791,88.546583,16.6220883,0.947143,t17_f5_c3,18.4657,0.0892,False,False,True,23.12.x,0.0,2.565347480515015e+18,,,ZTF24aabkmnx
ztf,60319.34607640002,2565346070515015018,2,2565346070515,20.4146,1,2565,10.2863,18.7563,18.8393,0.061845,0.091,88.5464927,16.6220821,0.955714,t17_f5_c3,18.7794,0.1098,False,False,True,23.12.x,0.0,2.565347480515015e+18,,,ZTF24aabkmnx
ztf,60319.34653940005,2565346530515015012,2,2565346530515,20.3486,1,2565,10.5821,18.6811,18.5949,0.064101,0.0749,88.5464058,16.6220617,0.94,t17_f5_c3,18.5616,0.0926,False,False,True,23.12.x,0.0,2.565347480515015e+18,,,ZTF24aabkmnx
ztf,60319.34701390006,2565347010515015011,2,2565347010515,20.321507,1,2565,10.939188,18.655407,18.7007,0.064742565,0.0838,88.546292,16.6220512,0.95428574,t17_f5_c3,18.7509,0.1118,True,False,True,23.12.x,0.0,,1.0,562120205.0,ZTF24aabkmnx
ztf,60319.34748840006,2565347480515015014,2,2565347480515,20.278236,1,2565,11.148256,18.67958,18.6578,0.06704505,0.0826,88.5462223,16.6220516,0.95428574,t17_f5_c3,18.651,0.1046,True,False,True,23.12.x,0.0,,1.0,562120205.0,ZTF24aabkmnx
ztf,60319.347951400094,2565347950515015016,2,2565347950515,20.12165,1,2565,11.562353,18.696686,18.7107,0.07637599,0.0938,88.5460999,16.6220223,0.93857145,t17_f5_c3,18.5806,0.1064,True,False,True,23.12.x,0.0,,1.0,562120205.0,ZTF24aabkmnx
