tid,mjd,candid,fid,pid,diffmaglim,isdiffpos,nid,distnr,magpsf,magap,sigmapsf,sigmagap,ra,dec,rb,rbversion,magapbig,sigmagapbig,has_stamp,corrected,dubious,step_id_corr,phase,parent_candid,drb,rfid,oid
ztf,60319.31686339993,2565316864715015013,2,2565316864715,20.1815,1,2565,2.79113,19.4409,19.24,0.088032,0.1526,85.6028089,19.3482771,0.662857,t17_f5_c3,19.1107,0.1738,False,False,False,23.12.x,0.0,2.565319224715015e+18,,,ZTF24aabjwjb
ztf,60319.31733800005,2565317334715015014,2,2565317334715,20.2174,1,2565,3.00437,19.5125,19.9146,0.126153,0.2815,85.6028024,19.3483423,0.675714,t17_f5_c3,20.0417,0.4059,False,False,False,23.12.x,0.0,2.565319224715015e+18,,,ZTF24aabjwjb
ztf,60319.317812500056,2565317814715015016,2,2565317814715,20.2197,1,2565,3.10039,19.4683,19.5407,0.118895,0.2001,85.6027408,19.3483387,0.758571,t17_f5_c3,19.558,0.2606,False,False,False,23.12.x,0.0,2.565319694715015e+18,,,ZTF24aabjwjb
ztf,60319.31828700006,2565318284715015012,2,2565318284715,20.2172,1,2565,3.25778,19.4487,19.5439,0.107195,0.2022,85.6026122,19.3483072,0.84,t17_f5_c3,19.6902,0.2964,False,False,False,23.12.x,0.0,2.565319694715015e+18,,,ZTF24aabjwjb
ztf,60319.31875000009,2565318744715015016,2,2565318744715,20.2554,1,2565,3.4099,19.4496,19.6488,0.080923,0.2209,85.6025195,19.3482876,0.851429,t17_f5_c3,19.8205,0.3314,False,False,False,23.12.x,0.0,2.565319694715015e+18,,,ZTF24aabjwjb
ztf,60319.3192245001,2565319224715015010,2,2565319224715,20.268599,1,2565,3.6992805,19.44675,19.5002,0.095567025,0.1907,85.6023957,19.3482824,0.8442857,t17_f5_c3,19.4716,0.2382,True,False,False,23.12.x,0.0,,0.999921,562120247.0,ZTF24aabjwjb
ztf,60319.31969910022,2565319694715015012,2,2565319694715,20.252825,1,2565,3.9500897,19.428759,19.6444,0.11257999,0.2211,85.602325,19.3483129,0.8214286,t17_f5_c3,19.6191,0.277,True,False,False,23.12.x,0.0,,0.9962294,562120247.0,ZTF24aabjwjb
