tid,mjd,candid,fid,pid,diffmaglim,isdiffpos,nid,distnr,magpsf,magap,sigmapsf,sigmagap,ra,dec,rb,rbversion,magapbig,sigmagapbig,has_stamp,corrected,dubious,step_id_corr,phase,parent_candid,drb,rfid,oid
ztf,60319.25937499991,2565259371015015016,2,2565259371015,20.2703,1,2565,2.77831,18.3202,18.4198,0.06122,0.0673,86.7543452,15.6853096,0.972857,t17_f5_c3,18.4382,0.087,False,False,False,23.12.x,0.0,2.565260781015015e+18,,,ZTF24aabirxo
ztf,60319.25983799994,2565259831015015013,2,2565259831015,20.3145,1,2565,3.12869,18.3163,18.2543,0.052881,0.0568,86.7542246,15.6853371,0.967143,t17_f5_c3,18.3062,0.0756,False,False,False,23.12.x,0.0,2.565261261015015e+18,,,ZTF24aabirxo
ztf,60319.260312499944,2565260311015015014,2,2565260311015,20.3018,1,2565,3.55245,18.331,18.4124,0.067455,0.0663,86.7540955,15.6853289,0.972857,t17_f5_c3,18.3318,0.0783,False,False,False,23.12.x,0.0,2.565261261015015e+18,,,ZTF24aabirxo
ztf,60319.26078699995,2565260781015015010,2,2565260781015,20.354048,1,2565,3.8682835,18.333614,18.3605,0.0704067,0.0624,86.7539938,15.6853452,0.9785714,t17_f5_c3,18.3185,0.0763,True,False,False,23.12.x,0.0,,0.99999994,562120210.0,ZTF24aabirxo
ztf,60319.26126160007,2565261261015015011,2,2565261261015,20.389769,1,2565,4.2357,18.34261,18.3821,0.050970275,0.0628,86.7538788,15.6853617,0.98285717,t17_f5_c3,18.4231,0.0827,True,False,False,23.12.x,0.0,,1.0,562120210.0,ZTF24aabirxo
ztf,60319.261724499986,2565261721015015013,2,2565261721015,20.366123,1,2565,4.625326,18.301691,18.3539,0.05801796,0.0619,86.7537624,15.6853585,0.9785714,t17_f5_c3,18.3519,0.0785,True,False,True,23.12.x,0.0,,1.0,562120210.0,ZTF24aabirxo
