tid,mjd,candid,fid,pid,diffmaglim,isdiffpos,nid,distnr,magpsf,magap,sigmapsf,sigmagap,ra,dec,rb,rbversion,magapbig,sigmagapbig,has_stamp,corrected,dubious,step_id_corr,phase,parent_candid,drb,rfid,oid
ztf,60319.13027779991,2565130271615015002,2,2565130271615,19.0572,1,2565,12.1729,18.9018,19.052,0.233556,0.2772,91.6108571,18.6579218,0.571429,t17_f5_c3,19.0534,0.3563,False,False,True,23.12.x,0.0,2.565132161615015e+18,,,ZTF24aabghwx
ztf,60319.131215299945,2565131211615015021,2,2565131211615,19.2806,1,2565,12.4211,19.0057,18.9344,0.173478,0.2139,91.610686,18.6579717,0.704286,t17_f5_c3,19.1564,0.3364,False,False,True,23.12.x,0.0,2.565132161615015e+18,,,ZTF24aabghwx
ztf,60319.13168979995,2565131681615015007,2,2565131681615,19.476925,1,2565,12.678796,18.928005,18.7267,0.15601164,0.1516,91.6104932,18.6579086,0.6314286,t17_f5_c3,18.7383,0.1963,True,False,True,23.12.x,0.0,,0.99367607,562120216.0,ZTF24aabghwx
ztf,60319.13216440007,2565132161615015004,2,2565132161615,19.400515,1,2565,12.780804,19.016716,19.0009,0.16687605,0.1981,91.6104698,18.6579513,0.6314286,t17_f5_c3,18.9471,0.2418,True,False,True,23.12.x,0.0,,0.99301815,562120216.0,ZTF24aabghwx
ztf,60319.132638900075,2565132631615015005,2,2565132631615,19.33716,1,2565,12.640544,19.004784,19.2244,0.18323857,0.2502,91.6102837,18.6579816,0.66714287,t17_f5_c3,19.4727,0.4031,True,False,True,23.12.x,0.0,,0.9725578,562120216.0,ZTF24aabghwx
ztf,60319.13310190011,2565133101615015003,2,2565133101615,19.686565,1,2565,12.810673,19.09159,19.0234,0.12854305,0.167,91.6102227,18.6580546,0.8142857,t17_f5_c3,18.8441,0.1817,True,False,True,23.12.x,0.0,,0.9999896,562120216.0,ZTF24aabghwx
