tid,mjd,candid,fid,pid,diffmaglim,isdiffpos,nid,distnr,magpsf,magap,sigmapsf,sigmagap,ra,dec,rb,rbversion,magapbig,sigmagapbig,has_stamp,corrected,dubious,step_id_corr,phase,parent_candid,drb,rfid,oid
ztf,60319.312615700066,2565312611015015003,2,2565312611015,20.3925,1,2565,6.79999,19.8037,19.9456,0.124595,0.2609,86.6035124,15.9090356,0.794286,t17_f5_c3,20.0643,0.3732,False,False,True,23.12.x,0.0,2.565314021015015e+18,,,ZTF24aabjumc
ztf,60319.31309030019,2565313091015015004,2,2565313091015,20.3712,1,2565,6.74364,19.8985,19.6184,0.142657,0.1953,86.6034749,15.9090253,0.595714,t17_f5_c3,19.6016,0.2465,False,False,True,23.12.x,0.0,2.565314021015015e+18,,,ZTF24aabjumc
ztf,60319.31356480019,2565313561015015002,2,2565313561015,20.3452,1,2565,6.30705,19.9349,20.1688,0.144209,0.3294,86.6032988,15.9090503,0.727143,t17_f5_c3,20.0573,0.3817,False,False,True,23.12.x,0.0,2.565314021015015e+18,,,ZTF24aabjumc
ztf,60319.314027800225,2565314021015015004,2,2565314021015,20.27054,1,2565,6.0167246,19.84189,19.8245,0.15012403,0.2434,86.6032075,15.9090889,0.7014286,t17_f5_c3,20.0075,0.3692,True,False,True,23.12.x,0.0,,0.9999942,562120210.0,ZTF24aabjumc
ztf,60319.314976899885,2565314971015015001,2,2565314971015,20.345266,1,2565,5.780505,19.836533,19.8187,0.1478167,0.2383,86.6030336,15.9090681,0.74857146,t17_f5_c3,19.7485,0.2863,True,False,True,23.12.x,0.0,,0.9999523,562120210.0,ZTF24aabjumc
ztf,60319.31545139989,2565315451015015005,2,2565315451015,20.349337,1,2565,5.547813,19.737719,19.8986,0.1335257,0.2566,86.6028784,15.9090665,0.74285716,t17_f5_c3,19.6938,0.2726,True,False,True,23.12.x,0.0,,0.99991393,562120210.0,ZTF24aabjumc
ztf,60319.31592589989,2565315921015015005,2,2565315921015,20.362518,1,2565,5.479623,19.797571,19.5302,0.1345652,0.1826,86.6027769,15.9090512,0.5271429,t17_f5_c3,19.7252,0.2798,True,False,True,23.12.x,0.0,,0.99999714,562120210.0,ZTF24aabjumc
