tid,mjd,candid,fid,pid,diffmaglim,isdiffpos,nid,distnr,magpsf,magap,sigmapsf,sigmagap,ra,dec,rb,rbversion,magapbig,sigmagapbig,has_stamp,corrected,dubious,step_id_corr,phase,parent_candid,drb,rfid,oid
ztf,60319.28434030013,2565284341715015021,2,2565284341715,20.337,1,2565,7.15113,19.3771,19.416,0.112951,0.1572,91.0987205,18.3346247,0.911429,t17_f5_c3,19.3097,0.1826,False,False,True,23.12.x,0.0,2.565285751715015e+18,,,ZTF24aabjfsm
ztf,60319.284814800136,2565284811715015033,2,2565284811715,20.3461,1,2565,6.88539,19.3574,19.3928,0.106511,0.1559,91.0986338,18.3346344,0.885714,t17_f5_c3,19.4309,0.2068,False,False,True,23.12.x,0.0,2.565285751715015e+18,,,ZTF24aabjfsm
ztf,60319.28528939979,2565285281715015027,2,2565285281715,20.3755,1,2565,6.55464,19.3313,19.3718,0.1054,0.1516,91.0985355,18.3346638,0.901429,t17_f5_c3,19.2679,0.1765,False,False,True,23.12.x,0.0,2.565285751715015e+18,,,ZTF24aabjfsm
ztf,60319.28575230017,2565285751715015028,2,2565285751715,20.438263,1,2565,6.170364,19.35942,19.2469,0.1094712,0.1271,91.0984044,18.3346733,0.9085714,t17_f5_c3,19.1816,0.1529,True,False,True,23.12.x,0.0,,0.99999654,562120217.0,ZTF24aabjfsm
ztf,60319.28622689983,2565286221715015023,2,2565286221715,20.4053,1,2565,5.7838,19.2931,19.5261,0.106381,0.1662,91.0982954,18.3347152,0.927143,t17_f5_c3,19.5768,0.2227,False,False,False,23.12.x,0.0,2.565286701715015e+18,,,ZTF24aabjfsm
ztf,60319.28670139983,2565286701715015031,2,2565286701715,20.399092,1,2565,5.4655643,19.328247,19.3432,0.12634623,0.1427,91.098211,18.334758,0.9042857,t17_f5_c3,19.3028,0.176,True,False,False,23.12.x,0.0,,0.99999666,562120217.0,ZTF24aabjfsm
ztf,60319.28717589984,2565287171715015031,2,2565287171715,20.469557,1,2565,5.091886,19.39789,19.3855,0.11647488,0.1414,91.098088,18.3347813,0.9142857,t17_f5_c3,19.2669,0.1622,True,False,True,23.12.x,0.0,,0.9999825,562120217.0,ZTF24aabjfsm
