tid,mjd,candid,fid,pid,diffmaglim,isdiffpos,nid,distnr,magpsf,magap,sigmapsf,sigmagap,ra,dec,rb,rbversion,magapbig,sigmagapbig,has_stamp,corrected,dubious,step_id_corr,phase,parent_candid,drb,rfid,oid
ztf,60317.45743060019,2563457432615015010,2,2563457432615,19.609,1,2563,10.7996,18.9722,19.0149,0.14397,0.1578,94.4921991,17.6994603,0.671429,t17_f5_c3,18.9341,0.1879,False,False,True,23.12.x,0.0,2.563458842615015e+18,,,ZTF24aabbojt
ztf,60317.457893500105,2563457892615015019,2,2563457892615,19.5963,1,2563,10.4914,19.0951,19.0912,0.157866,0.1677,94.4921199,17.6993606,0.63,t17_f5_c3,19.364,0.276,False,False,True,23.12.x,0.0,2.563458842615015e+18,,,ZTF24aabbojt
ztf,60317.458368100226,2563458362615015014,2,2563458362615,19.5122,1,2563,11.0385,19.0175,18.8505,0.154326,0.1374,94.4919211,17.6994762,0.398571,t17_f5_c3,18.7618,0.1623,False,False,True,23.12.x,0.0,2.563459302615015e+18,,,ZTF24aabbojt
ztf,60317.45884260023,2563458842615015015,2,2563458842615,19.5304,1,2563,11.0447,19.0794,19.237,0.172947,0.1905,94.491765,17.6994432,0.577143,t17_f5_c3,19.0936,0.2144,False,False,True,23.12.x,0.0,2.563459302615015e+18,,,ZTF24aabbojt
ztf,60317.4593055998,2563459302615015014,2,2563459302615,19.594141,1,2563,11.200986,18.993574,19.3824,0.1413319,0.2223,94.4916249,17.6994442,0.5957143,t17_f5_c3,19.4093,0.2923,True,False,True,23.12.x,0.0,,0.9996678,563120226.0,ZTF24aabbojt
ztf,60317.4597800998,2563459782615015016,2,2563459782615,19.591496,1,2563,11.073389,18.95645,19.3313,0.13348493,0.2124,94.4915909,17.6993999,0.5542857,t17_f5_c3,19.257,0.2544,True,False,True,23.12.x,0.0,,0.9999449,563120226.0,ZTF24aabbojt
ztf,60317.460254599806,2563460252615015013,2,2563460252615,19.611107,1,2563,10.687431,18.961018,19.0299,0.15349407,0.1613,94.4913448,17.6994071,0.6342857,t17_f5_c3,18.9444,0.1912,True,False,True,23.12.x,0.0,,0.99991345,563120226.0,ZTF24aabbojt
