tid,mjd,candid,fid,pid,diffmaglim,isdiffpos,nid,distnr,magpsf,magap,sigmapsf,sigmagap,ra,dec,rb,rbversion,magapbig,sigmagapbig,has_stamp,corrected,dubious,step_id_corr,phase,parent_candid,drb,rfid,oid
ztf,60319.1599653,2565159961515015043,2,2565159961515,20.0312,1,2565,7.89505,19.4036,19.566,0.108186,0.2212,85.6337503,15.425808,0.798571,t17_f5_c3,19.5346,0.2757,False,False,True,23.12.x,0.0,2.565160911515015e+18,,,ZTF24aabgzfx
ztf,60319.160439800005,2565160431515015027,2,2565160431515,20.0793,1,2565,7.98314,19.385,19.3155,0.123174,0.167,85.6336467,15.4258744,0.725714,t17_f5_c3,19.2012,0.193,False,False,True,23.12.x,0.0,2.565161851515015e+18,,,ZTF24aabgzfx
ztf,60319.16091440013,2565160911515015048,2,2565160911515,20.029177,1,2565,8.09601,19.293825,19.2334,0.11088342,0.1604,85.6334793,15.4259618,0.68857145,t17_f5_c3,19.0873,0.18,True,False,True,23.12.x,0.0,,0.9994768,562120215.0,ZTF24aabgzfx
ztf,60319.16137730004,2565161371515015032,2,2565161371515,20.0798,1,2565,7.88853,19.2353,19.3411,0.119054,0.172,85.6333784,15.4259301,0.861429,t17_f5_c3,19.1053,0.1779,False,False,True,23.12.x,0.0,2.565161851515015e+18,,,ZTF24aabgzfx
ztf,60319.161851900164,2565161851515015027,2,2565161851515,20.089523,1,2565,7.847318,19.30572,19.1843,0.1145934,0.1476,85.6333721,15.4260344,0.79142857,t17_f5_c3,19.1927,0.1907,True,False,True,23.12.x,0.0,,0.9999996,562120215.0,ZTF24aabgzfx
ztf,60319.16232640017,2565162321515015035,2,2565162321515,20.11974,1,2565,7.7442207,19.348331,19.5263,0.11575303,0.2001,85.6332268,15.4259761,0.76,t17_f5_c3,19.2404,0.1977,True,False,True,23.12.x,0.0,,0.9999993,562120215.0,ZTF24aabgzfx
ztf,60319.1627894002,2565162781515015057,2,2565162781515,20.037167,1,2565,7.3885894,19.29095,19.1583,0.12342843,0.1458,85.6330892,15.4260145,0.69142854,t17_f5_c3,19.0558,0.1702,True,False,True,23.12.x,0.0,,0.9997795,562120215.0,ZTF24aabgzfx
