tid,mjd,candid,fid,pid,diffmaglim,isdiffpos,nid,distnr,magpsf,magap,sigmapsf,sigmagap,ra,dec,rb,rbversion,magapbig,sigmagapbig,has_stamp,corrected,dubious,step_id_corr,phase,parent_candid,drb,rfid,oid
ztf,60317.4385879999,2563438580215015006,2,2563438580215,19.7391,1,2563,6.99956,17.4328,17.3819,0.047881,0.0353,98.1768198,15.646604,0.902857,t17_f5_c3,17.3437,0.0431,False,False,True,23.12.x,0.0,2.563440000215015e+18,,,ZTF24aabbeuq
ztf,60317.43905089982,2563439050215015006,2,2563439050215,19.8186,1,2563,6.66574,17.4056,17.4594,0.053629,0.0372,98.1766854,15.6466493,0.955714,t17_f5_c3,17.4707,0.0474,False,False,False,23.12.x,0.0,2.563440470215015e+18,,,ZTF24aabbeuq
ztf,60317.43952549994,2563439520215015011,2,2563439520215,19.7799,1,2563,6.39187,17.4085,17.4557,0.044767,0.0374,98.1765609,15.6466971,0.924286,t17_f5_c3,17.4328,0.0463,False,False,False,23.12.x,0.0,2.563440470215015e+18,,,ZTF24aabbeuq
ztf,60317.439999999944,2563440000215015013,2,2563440000215,19.723282,1,2563,6.132597,17.421886,17.4154,0.049764395,0.037,98.1764308,15.6467552,0.92,t17_f5_c3,17.4249,0.0472,True,False,True,23.12.x,0.0,,0.9999958,563120202.0,ZTF24aabbeuq
ztf,60317.44047449995,2563440470215015007,2,2563440470215,19.809313,1,2563,5.857704,17.409372,17.4153,0.05248704,0.0361,98.1762915,15.646801,0.95857143,t17_f5_c3,17.4435,0.0468,True,False,False,23.12.x,0.0,,0.9999997,563120202.0,ZTF24aabbeuq
ztf,60317.44093749998,2563440930215015004,2,2563440930215,19.854763,1,2563,5.752216,17.41276,17.4228,0.060285937,0.0357,98.1761734,15.6468814,0.96428573,t17_f5_c3,17.3822,0.0434,True,False,False,23.12.x,0.0,,0.9999993,563120202.0,ZTF24aabbeuq
ztf,60317.441411999986,2563441410215015007,2,2563441410215,19.789543,1,2563,5.48163,17.409721,17.4232,0.048847247,0.0363,98.1760442,15.6468936,0.9442857,t17_f5_c3,17.3969,0.0448,True,False,False,23.12.x,0.0,,0.99998057,563120202.0,ZTF24aabbeuq
ztf,60317.44188660011,2563441880215015010,2,2563441880215,19.8613,1,2563,5.451274,17.404572,17.4092,0.04684342,0.0352,98.1759229,15.6469774,0.9671429,t17_f5_c3,17.419,0.0449,True,False,False,23.12.x,0.0,,1.0,563120202.0,ZTF24aabbeuq
