tid,mjd,candid,fid,pid,diffmaglim,isdiffpos,nid,distnr,magpsf,magap,sigmapsf,sigmagap,ra,dec,rb,rbversion,magapbig,sigmagapbig,has_stamp,corrected,dubious,step_id_corr,phase,parent_candid,drb,rfid,oid
ztf,60319.24618060002,2565246185115015030,2,2565246185115,19.9373,1,2565,10.2123,18.3755,18.4951,0.080496,0.0771,91.4403937,21.1806644,0.797143,t17_f5_c3,18.4528,0.0946,False,False,True,23.12.x,0.0,2.565247595115015e+18,,,ZTF24aabinee
ztf,60319.246655100025,2565246655115015042,2,2565246655115,19.9337,1,2565,10.0696,18.3538,18.4777,0.086956,0.078,91.440254,21.180653,0.812857,t17_f5_c3,18.4358,0.0957,False,False,True,23.12.x,0.0,2.565247595115015e+18,,,ZTF24aabinee
ztf,60319.24711810006,2565247115115015037,2,2565247115115,19.8817,1,2565,10.0168,18.3752,18.3695,0.07545,0.075,91.4401264,21.1806273,0.805714,t17_f5_c3,18.3796,0.0965,False,False,True,23.12.x,0.0,2.565247595115015e+18,,,ZTF24aabinee
ztf,60319.24759260006,2565247595115015046,2,2565247595115,19.976093,1,2565,9.974035,18.357113,18.5626,0.08093487,0.0823,91.4400169,21.1806077,0.82285714,t17_f5_c3,18.6385,0.1124,True,False,True,23.12.x,0.0,,0.9999989,562120251.0,ZTF24aabinee
ztf,60319.24806710007,2565248065115015041,2,2565248065115,20.032335,1,2565,9.940405,18.359821,18.3896,0.088484876,0.0698,91.4398951,21.1805869,0.79142857,t17_f5_c3,18.4424,0.0932,True,False,True,23.12.x,0.0,,0.99999374,562120251.0,ZTF24aabinee
ztf,60319.2485301001,2565248535115015034,2,2565248535115,20.091265,1,2565,9.90616,18.37734,18.4463,0.07153352,0.0731,91.43977,21.18057,0.85142857,t17_f5_c3,18.4647,0.0946,True,False,True,23.12.x,0.0,,0.9999956,562120251.0,ZTF24aabinee
ztf,60319.249004600104,2565249005115015024,2,2565249005115,20.0238,1,2565,9.953702,18.418982,18.4774,0.07729427,0.0772,91.4396236,21.1805285,0.8385714,t17_f5_c3,18.4872,0.0991,True,False,True,23.12.x,0.0,,0.99999964,562120251.0,ZTF24aabinee
ztf,60319.249479200225,2565249475115015035,2,2565249475115,20.009132,1,2565,9.958122,18.397255,18.4289,0.07760608,0.0749,91.4395097,21.1805197,0.8442857,t17_f5_c3,18.448,0.0971,True,False,True,23.12.x,0.0,,0.99999964,562120251.0,ZTF24aabinee
