tid,mjd,candid,fid,pid,diffmaglim,isdiffpos,nid,distnr,magpsf,magap,sigmapsf,sigmagap,ra,dec,rb,rbversion,magapbig,sigmagapbig,has_stamp,corrected,dubious,step_id_corr,phase,parent_candid,drb,rfid,oid
ztf,60319.17222219985,2565172220415015012,2,2565172220415,20.1041,1,2565,6.47787,19.8243,19.3597,0.182738,0.1702,89.3790408,16.5814477,0.314286,t17_f5_c3,19.2529,0.2064,False,False,True,23.12.x,0.0,2.565174090415015e+18,,,ZTF24aabhfxg
ztf,60319.17268519988,2565172680415015015,2,2565172680415,20.0313,1,2565,6.02566,19.7956,19.793,0.146591,0.2605,89.378904,16.5813956,0.535714,t17_f5_c3,20.3737,0.5987,False,False,True,23.12.x,0.0,2.565174090415015e+18,,,ZTF24aabhfxg
ztf,60319.17363430001,2565173630415015008,2,2565173630415,20.1537,1,2565,6.22592,19.8466,20.1166,0.149506,0.3419,89.3787728,16.5815649,0.728571,t17_f5_c3,19.5868,0.2737,False,False,True,23.12.x,0.0,2.565174090415015e+18,,,ZTF24aabhfxg
ztf,60319.174097199924,2565174090415015015,2,2565174090415,20.232653,1,2565,6.1098695,19.880903,19.7844,0.16543798,0.2382,89.3786891,16.5815797,0.6757143,t17_f5_c3,20.1326,0.4256,True,False,True,23.12.x,0.0,,0.9999207,562120204.0,ZTF24aabhfxg
ztf,60319.174571800046,2565174570415015014,2,2565174570415,20.2174,1,2565,5.90395,19.9218,20.0901,0.165015,0.3181,89.3786022,16.5815651,0.727143,t17_f5_c3,20.3023,0.5008,False,False,True,23.12.x,0.0,2.565175980415015e+18,,,ZTF24aabhfxg
ztf,60319.17504630005,2565175040415015016,2,2565175040415,20.3165,1,2565,5.94118,19.8283,19.9838,0.127373,0.271,89.3785757,16.5815876,0.737143,t17_f5_c3,19.7002,0.271,False,False,True,23.12.x,0.0,2.565175980415015e+18,,,ZTF24aabhfxg
ztf,60319.17598380009,2565175980415015014,2,2565175980415,20.2357,1,2565,5.574833,19.785133,19.6457,0.15074249,0.2079,89.3783469,16.5816616,0.75857145,t17_f5_c3,19.5021,0.2348,True,False,True,23.12.x,0.0,,0.9999963,562120204.0,ZTF24aabhfxg
