tid,mjd,candid,fid,pid,diffmaglim,isdiffpos,nid,distnr,magpsf,magap,sigmapsf,sigmagap,ra,dec,rb,rbversion,magapbig,sigmagapbig,has_stamp,corrected,dubious,step_id_corr,phase,parent_candid,drb,rfid,oid
ztf,60319.31121530011,2565311211515015000,2,2565311211515,20.2919,1,2565,5.51815,19.7688,19.5315,0.130138,0.1754,86.1532758,16.0185976,0.55,t17_f5_c3,19.5719,0.192,False,False,True,23.12.x,0.0,2.565313091515015e+18,,,ZTF24aabjtof
ztf,60319.31167820003,2565311671515015000,2,2565311671515,20.2414,1,2565,5.45501,19.7115,19.9752,0.145824,0.2605,86.1531466,16.0185934,0.627143,t17_f5_c3,20.0292,0.2849,False,False,True,23.12.x,0.0,2.565313091515015e+18,,,ZTF24aabjtof
ztf,60319.31215280015,2565312151515015000,2,2565312151515,20.1998,1,2565,5.45852,19.7173,19.9367,0.129209,0.2647,86.1531002,16.0185859,0.622857,t17_f5_c3,19.8945,0.2739,False,False,True,23.12.x,0.0,2.565313091515015e+18,,,ZTF24aabjtof
ztf,60319.312615700066,2565312611515015000,2,2565312611515,20.3616,1,2565,5.36608,19.7461,20.0445,0.157623,0.2718,86.1529485,16.0186094,0.621429,t17_f5_c3,20.0541,0.2891,False,False,True,23.12.x,0.0,2.565314501515015e+18,,,ZTF24aabjtof
ztf,60319.31309030019,2565313091515015000,2,2565313091515,20.333212,1,2565,5.6440063,19.94952,19.6949,0.15321405,0.1997,86.1528893,16.0185277,0.50714284,t17_f5_c3,19.739,0.2192,True,False,True,23.12.x,0.0,,0.52398175,562120215.0,ZTF24aabjtof
ztf,60319.31356480019,2565313561515015000,2,2565313561515,20.3111,1,2565,5.530726,19.684952,19.4726,0.13009039,0.1711,86.1528024,16.0185706,0.61714286,t17_f5_c3,19.4408,0.1806,True,False,True,23.12.x,0.0,,0.44910944,562120215.0,ZTF24aabjtof
ztf,60319.314027800225,2565314021515015000,2,2565314021515,20.251968,1,2565,5.694229,19.89866,19.8678,0.13982803,0.243,86.1527224,16.0185304,0.6514286,t17_f5_c3,19.9413,0.2826,True,False,True,23.12.x,0.0,,0.6804589,562120215.0,ZTF24aabjtof
ztf,60319.31450230023,2565314501515015000,2,2565314501515,20.247435,1,2565,5.523279,19.95609,20.5331,0.16396488,0.4528,86.1525943,16.018601,0.55,t17_f5_c3,20.4654,0.4782,True,False,True,23.12.x,0.0,,0.36097896,562120215.0,ZTF24aabjtof
