tid,mjd,candid,fid,pid,diffmaglim,isdiffpos,nid,distnr,magpsf,magap,sigmapsf,sigmagap,ra,dec,rb,rbversion,magapbig,sigmagapbig,has_stamp,corrected,dubious,step_id_corr,phase,parent_candid,drb,rfid,oid
ztf,60319.26361110015,2565263611415015020,2,2565263611415,20.3033,1,2565,10.5892,17.7727,17.7468,0.045982,0.0379,84.8051217,15.6060216,0.962857,t17_f5_c3,17.7029,0.0457,False,False,True,23.12.x,0.0,2.565265491415015e+18,,,ZTF24aabivoj
ztf,60319.26408560015,2565264081415015017,2,2565264081415,20.3649,1,2565,10.7192,17.7455,17.7482,0.049596,0.0365,84.8050316,15.6060049,0.952857,t17_f5_c3,17.7656,0.0465,False,False,True,23.12.x,0.0,2.565265491415015e+18,,,ZTF24aabivoj
ztf,60319.264548600186,2565264541415015021,2,2565264541415,20.3828,1,2565,10.8521,17.7122,17.7607,0.057433,0.0368,84.8049255,15.6059915,0.958571,t17_f5_c3,17.7734,0.0466,False,False,True,23.12.x,0.0,2.565266431415015e+18,,,ZTF24aabivoj
ztf,60319.26502310019,2565265021415015018,2,2565265021415,20.3376,1,2565,10.948,17.7397,17.7889,0.049121,0.0382,84.8048399,15.6059832,0.962857,t17_f5_c3,17.7228,0.0452,False,False,True,23.12.x,0.0,2.565266901415015e+18,,,ZTF24aabivoj
ztf,60319.265497699846,2565265491415015023,2,2565265491415,20.299301,1,2565,11.0701065,17.734114,17.7147,0.051580377,0.0361,84.8047459,15.6059778,0.9628571,t17_f5_c3,17.7223,0.0456,True,False,True,23.12.x,0.0,,0.99999976,562120214.0,ZTF24aabivoj
ztf,60319.26596060023,2565265961415015013,2,2565265961415,20.2203,1,2565,11.2002,17.7242,17.6891,0.057375,0.0362,84.8046469,15.6059697,0.915714,t17_f5_c3,17.662,0.0443,False,False,True,23.12.x,0.0,2.565266901415015e+18,,,ZTF24aabivoj
ztf,60319.26643519988,2565266431415015013,2,2565266431415,20.232555,1,2565,11.376734,17.724684,17.6974,0.044822697,0.0365,84.8045557,15.6059505,0.94857144,t17_f5_c3,17.6675,0.0446,True,False,True,23.12.x,0.0,,0.99999976,562120214.0,ZTF24aabivoj
ztf,60319.26690969989,2565266901415015012,2,2565266901415,20.12624,1,2565,11.54129,17.713196,17.728,0.057080504,0.0378,84.8044707,15.6059339,0.86714286,t17_f5_c3,17.7284,0.0476,True,False,True,23.12.x,0.0,,1.0,562120214.0,ZTF24aabivoj
ztf,60319.26737269992,2565267371415015013,2,2565267371415,20.173334,1,2565,11.628184,17.706852,17.6647,0.0497179,0.0355,84.8043656,15.6059454,0.9185714,t17_f5_c3,17.6533,0.0441,True,False,True,23.12.x,0.0,,0.99999857,562120214.0,ZTF24aabivoj
