tid,mjd,candid,fid,pid,diffmaglim,isdiffpos,nid,distnr,magpsf,magap,sigmapsf,sigmagap,ra,dec,rb,rbversion,magapbig,sigmagapbig,has_stamp,corrected,dubious,step_id_corr,phase,parent_candid,drb,rfid,oid
ztf,60319.17363430001,2565173630615015034,2,2565173630615,20.1263,1,2565,6.49177,20.031,19.9103,0.187865,0.2911,89.2703335,15.4844818,0.605714,t17_f5_c3,20.0763,0.4354,False,False,False,23.12.x,0.0,2.565175040615015e+18,,,ZTF24aabhgmk
ztf,60319.174097199924,2565174090615015038,2,2565174090615,20.1477,1,2565,6.02324,19.923,19.7852,0.183956,0.2548,89.2702024,15.4845432,0.655714,t17_f5_c3,19.7836,0.3265,False,False,False,23.12.x,0.0,2.565175040615015e+18,,,ZTF24aabhgmk
ztf,60319.174571800046,2565174570615015036,2,2565174570615,20.1879,1,2565,5.57851,19.7384,19.6452,0.171702,0.2179,89.2700727,15.4845511,0.721429,t17_f5_c3,19.7,0.2937,False,False,False,23.12.x,0.0,2.565175040615015e+18,,,ZTF24aabhgmk
ztf,60319.17504630005,2565175040615015024,2,2565175040615,20.313486,1,2565,5.23962,19.829247,19.859,0.17196044,0.2432,89.2699789,15.4846516,0.73,t17_f5_c3,19.7173,0.2735,True,False,False,23.12.x,0.0,,0.9999002,562120206.0,ZTF24aabhgmk
ztf,60319.17550930008,2565175500615015032,2,2565175500615,20.28069,1,2565,5.017511,19.84806,19.698,0.18158336,0.2151,89.2699148,15.4846375,0.63,t17_f5_c3,19.5878,0.249,True,False,False,23.12.x,0.0,,0.9998863,562120206.0,ZTF24aabhgmk
ztf,60319.17598380009,2565175980615015021,2,2565175980615,20.22822,1,2565,4.511838,19.918749,19.6952,0.17746061,0.2216,89.2697626,15.4847018,0.6357143,t17_f5_c3,19.8985,0.3423,True,False,False,23.12.x,0.0,,0.99991655,562120206.0,ZTF24aabhgmk
ztf,60319.17693290021,2565176930615015031,2,2565176930615,20.200645,1,2565,4.056034,19.99237,20.0254,0.19989963,0.3091,89.2696313,15.4847228,0.6542857,t17_f5_c3,19.8871,0.3491,True,False,False,23.12.x,0.0,,0.99993205,562120206.0,ZTF24aabhgmk
