tid,mjd,candid,fid,pid,diffmaglim,isdiffpos,nid,distnr,magpsf,magap,sigmapsf,sigmagap,ra,dec,rb,rbversion,magapbig,sigmagapbig,has_stamp,corrected,dubious,step_id_corr,phase,parent_candid,drb,rfid,oid
ztf,60317.19879630022,2563198796115015030,2,2563198796115,20.013,1,2563,8.13253,17.5252,17.5596,0.065925,0.0352,91.6900668,22.0963222,0.722857,t17_f5_c3,17.4961,0.0429,False,False,True,23.12.x,0.0,2.563200206115015e+18,,,ZTF24aaavbne
ztf,60317.19927080022,2563199276115015019,2,2563199276115,19.9359,1,2563,8.46735,17.597,17.6136,0.063099,0.0376,91.6899622,22.096306,0.744286,t17_f5_c3,17.5631,0.0462,False,False,True,23.12.x,0.0,2.563200206115015e+18,,,ZTF24aaavbne
ztf,60317.19973379979,2563199736115015012,2,2563199736115,19.8895,1,2563,8.89838,17.5387,17.6416,0.068218,0.0388,91.6898291,22.0963214,0.732857,t17_f5_c3,17.6169,0.0487,False,False,True,23.12.x,0.0,2.563200206115015e+18,,,ZTF24aaavbne
ztf,60317.20020829979,2563200206115015045,2,2563200206115,19.896011,1,2563,9.301005,17.542107,17.5486,0.05815325,0.0355,91.6897063,22.0963258,0.70714283,t17_f5_c3,17.4931,0.0431,True,False,True,23.12.x,0.0,,0.99999726,563120261.0,ZTF24aaavbne
ztf,60317.200682899915,2563200686115015034,2,2563200686115,20.0001,1,2563,9.65795,17.5296,17.5726,0.050459,0.0354,91.6895956,22.0963167,0.771429,t17_f5_c3,17.5308,0.0435,False,False,True,23.12.x,0.0,2.563201146115015e+18,,,ZTF24aaavbne
ztf,60317.20114579983,2563201146115015022,2,2563201146115,19.97964,1,2563,10.014087,17.564367,17.6023,0.048457813,0.0367,91.6894873,22.0963316,0.8057143,t17_f5_c3,17.5849,0.0458,True,False,True,23.12.x,0.0,,0.9999988,563120261.0,ZTF24aaavbne
ztf,60317.20162039995,2563201626115015028,2,2563201626115,19.96144,1,2563,10.429993,17.575027,17.5676,0.04966086,0.0354,91.6893588,22.096311,0.79285717,t17_f5_c3,17.5755,0.0451,True,False,True,23.12.x,0.0,,1.0,563120261.0,ZTF24aaavbne
