tid,mjd,candid,fid,pid,diffmaglim,isdiffpos,nid,distnr,magpsf,magap,sigmapsf,sigmagap,ra,dec,rb,rbversion,magapbig,sigmagapbig,has_stamp,corrected,dubious,step_id_corr,phase,parent_candid,drb,rfid,oid
ztf,60319.134988400154,2565134981715015008,2,2565134981715,19.3253,1,2565,3.59638,17.3466,17.3036,0.047909,0.052,91.2411253,18.4590262,0.954286,t17_f5_c3,17.3072,0.0664,False,False,False,23.12.x,0.0,2.565136411715015e+18,,,ZTF24aabghke
ztf,60319.13546299981,2565135461715015007,2,2565135461715,19.189947,1,2565,3.8099074,17.357838,17.3978,0.06050664,0.0622,91.2410033,18.4590734,0.9457143,t17_f5_c3,17.3961,0.0793,True,False,False,23.12.x,0.0,,0.9999995,562120217.0,ZTF24aabghke
ztf,60319.135937499814,2565135931715015004,2,2565135931715,19.089838,1,2565,3.9503622,17.338917,17.3117,0.07398801,0.0649,91.2408733,18.459087,0.9442857,t17_f5_c3,17.257,0.0789,True,False,False,23.12.x,0.0,,1.0,562120217.0,ZTF24aabghke
ztf,60319.13641199982,2565136411715015007,2,2565136411715,19.367252,1,2565,4.1845655,17.363667,17.2808,0.062966846,0.0476,91.2407694,18.4591247,0.93714285,t17_f5_c3,17.2322,0.058,True,False,False,23.12.x,0.0,,0.99999964,562120217.0,ZTF24aabghke
ztf,60319.13687499985,2565136871715015011,2,2565136871715,19.4814,1,2565,4.4623,17.402401,17.4006,0.05100536,0.0494,91.240667,18.4591739,0.95,t17_f5_c3,17.4373,0.0651,True,False,False,23.12.x,0.0,,,,ZTF24aabghke
ztf,60319.137349499855,2565137341715015006,2,2565137341715,19.496937,1,2565,4.6421843,17.341766,17.3931,0.057896726,0.0463,91.2405487,18.4591784,0.95,t17_f5_c3,17.364,0.0574,True,False,False,23.12.x,0.0,,0.99999964,562120217.0,ZTF24aabghke
