tid,mjd,candid,fid,pid,diffmaglim,isdiffpos,nid,distnr,magpsf,magap,sigmapsf,sigmagap,ra,dec,rb,rbversion,magapbig,sigmagapbig,has_stamp,corrected,dubious,step_id_corr,phase,parent_candid,drb,rfid,oid
ztf,60319.345601900015,2565345600315015004,2,2565345600315,20.0543,1,2565,10.9522,19.5213,19.4881,0.150633,0.2073,91.4901764,15.8370166,0.847143,t17_f5_c3,19.432,0.2522,False,False,True,23.12.x,0.0,2.565347010315015e+18,,,ZTF24aabkncz
ztf,60319.34607640002,2565346070315015005,2,2565346070315,20.203,1,2565,10.9368,19.3542,19.3126,0.116195,0.1603,91.4900272,15.836985,0.915714,t17_f5_c3,19.4816,0.2395,False,False,True,23.12.x,0.0,2.565347010315015e+18,,,ZTF24aabkncz
ztf,60319.34653940005,2565346530315015009,2,2565346530315,20.1886,1,2565,11.1899,19.4616,19.5717,0.119414,0.2046,91.4899106,15.8368956,0.865714,t17_f5_c3,19.4667,0.2379,False,False,True,23.12.x,0.0,2.565347950315015e+18,,,ZTF24aabkncz
ztf,60319.34701390006,2565347010315015005,2,2565347010315,20.0957,1,2565,11.2193,19.4399,19.329,0.149995,0.1753,91.489828,15.8367932,0.821429,t17_f5_c3,19.1412,0.1888,False,False,True,23.12.x,0.0,2.565348420315015e+18,,,ZTF24aabkncz
ztf,60319.34748840006,2565347480315015007,2,2565347480315,20.06029,1,2565,11.1829,19.375261,19.3568,0.18836135,0.1824,91.4897273,15.8368031,0.8542857,t17_f5_c3,19.4764,0.2608,True,False,True,23.12.x,0.0,,0.99997485,562120203.0,ZTF24aabkncz
ztf,60319.347951400094,2565347950315015005,2,2565347950315,19.912725,1,2565,10.749171,19.474497,19.4653,0.18007308,0.2176,91.4895649,15.8366972,0.66,t17_f5_c3,19.2552,0.23,True,False,True,23.12.x,0.0,,0.9943959,562120203.0,ZTF24aabkncz
ztf,60319.3484259001,2565348420315015007,2,2565348420315,19.992744,1,2565,10.697911,19.39706,19.4431,0.15306894,0.2044,91.4894915,15.8366925,0.85,t17_f5_c3,19.4324,0.2592,True,False,True,23.12.x,0.0,,0.9999495,562120203.0,ZTF24aabkncz
ztf,60319.34890050022,2565348900315015008,2,2565348900315,20.12897,1,2565,10.238239,19.29788,19.2001,0.12522937,0.1509,91.4893699,15.8365696,0.8257143,t17_f5_c3,19.3277,0.217,True,False,True,23.12.x,0.0,,0.9999858,562120203.0,ZTF24aabkncz
ztf,60319.34937500022,2565349370315015007,2,2565349370315,20.218927,1,2565,9.942416,19.385681,19.4837,0.11612535,0.1851,91.4892622,15.836492,0.9042857,t17_f5_c3,19.6442,0.2745,True,False,True,23.12.x,0.0,,0.99996907,562120203.0,ZTF24aabkncz
