tid,mjd,candid,fid,pid,diffmaglim,isdiffpos,nid,distnr,magpsf,magpsf_corr,magap,sigmapsf,sigmapsf_corr,sigmapsf_corr_ext,sigmagap,ra,dec,rb,rbversion,drb,magapbig,sigmagapbig,rfid,has_stamp,corrected,dubious,step_id_corr,phase,parent_candid,oid
ztf,61085.55776620004,3331557765315015033,2,3331557765315,19.907463,1,3331,0.14804386,17.368414,16.657309,17.4001,0.055322066,0.027405413,0.02873799,0.043,271.5794804,-17.1915163,0.8814286,t17_f5_c3,0.99957824,17.3987,0.0542,1324120253.0,True,True,False,27.5.7a32.dev1,0.0,,ZTF25acahles
ztf,61096.547106499784,3342547105315015021,2,3342547105315,19.112844,1,3342,0.2574497,17.660906,16.79941,17.5822,0.07541485,0.032652196,0.03410817,0.0946,271.5795132,-17.1915391,0.83,t17_f5_c3,0.9999988,17.4494,0.107,1324120253.0,True,True,False,27.5.7a32.dev1,0.0,,ZTF25acahles
ztf,61096.547106499784,3342547105315025021,2,3342547105315,19.1128,1,3342,0.25745,17.6609,16.799406,17.5822,0.075415,0.03265234,0.0341083,0.0946,271.5795132,-17.1915391,0.83,t17_f5_c3,,17.4494,0.107,,False,True,False,27.5.7a32.dev1,0.0,3.352535605315015e+18,ZTF25acahles
ztf,61099.54354170011,3345543545315015015,2,3345543545315,19.906126,1,3345,0.22760373,17.74025,16.834578,17.713,0.068877034,0.028122202,0.02990928,0.0535,271.5795047,-17.1915202,0.85142857,t17_f5_c3,0.99999976,17.731,0.0689,1324120253.0,True,True,False,27.5.7a32.dev1,0.0,,ZTF25acahles
ztf,61100.54230319988,3346542305315015012,2,3346542305315,19.338055,1,3346,0.25586554,17.754671,16.840816,17.8606,0.07630637,0.031250995,0.032886624,0.0957,271.5795043,-17.1915545,0.87714285,t17_f5_c3,1.0,17.8628,0.1225,1324120253.0,True,True,False,27.5.7a32.dev1,0.0,,ZTF25acahles
ztf,61101.54159720009,3347541595315015006,2,3347541595315,18.248783,1,3347,0.177483,17.69889,16.816425,17.8295,0.12906338,0.05637276,0.05725543,0.1952,271.5794693,-17.1915659,0.6557143,t17_f5_c3,0.9999989,17.7494,0.2327,1324120253.0,True,True,False,27.5.7a32.dev1,0.0,,ZTF25acahles
ztf,61105.53689809982,3351536895315015014,2,3351536895315,19.348093,1,3351,0.20152192,17.88358,16.894508,17.7962,0.06360506,0.02320374,0.02557782,0.0897,271.5794849,-17.1915609,0.8685714,t17_f5_c3,0.99999,17.8766,0.1234,1324120253.0,True,True,False,27.5.7a32.dev1,0.0,,ZTF25acahles
ztf,61106.53560189996,3352535605315015010,2,3352535605315,18.743475,1,3352,0.7541518,17.961454,16.925158,17.9716,0.12179333,0.04556732,0.046892624,0.1106,271.5796119,-17.1916577,0.55,t17_f5_c3,0.99095106,17.9588,0.1399,1324120253.0,True,True,False,27.5.7a32.dev1,0.0,,ZTF25acahles
