tid,mjd,candid,fid,pid,diffmaglim,isdiffpos,nid,distnr,magpsf,magap,sigmapsf,sigmagap,ra,dec,rb,rbversion,magapbig,sigmagapbig,has_stamp,corrected,dubious,step_id_corr,phase,parent_candid,drb,rfid,oid
ztf,60319.19953700015,2565199531015015001,2,2565199531015,20.1936,1,2565,4.9352,18.6499,18.5684,0.069549,0.08,86.7486207,15.9782326,0.947143,t17_f5_c3,18.5249,0.0978,False,False,False,23.12.x,0.0,2.565200941015015e+18,,,ZTF24aabhrin
ztf,60319.20001159981,2565200011015015001,2,2565200011015,20.155361,1,2565,4.7761517,18.633322,18.6571,0.07462746,0.087,86.7485209,15.9782725,0.9442857,t17_f5_c3,18.7038,0.1157,True,False,False,23.12.x,0.0,,0.9999995,562120210.0,ZTF24aabhrin
ztf,60319.20047450019,2565200471015015000,2,2565200471015,20.0904,1,2565,4.57165,18.6924,18.7897,0.076709,0.0984,86.7484255,15.9783303,0.934286,t17_f5_c3,18.7146,0.117,False,False,False,23.12.x,0.0,2.565200941015015e+18,,,ZTF24aabhrin
ztf,60319.200949099846,2565200941015015002,2,2565200941015,20.19142,1,2565,4.2058477,18.60163,18.6362,0.08102991,0.0851,86.7483153,15.9784464,0.95857143,t17_f5_c3,18.6372,0.1084,True,False,False,23.12.x,0.0,,0.99999976,562120210.0,ZTF24aabhrin
ztf,60319.20142359985,2565201421015015000,2,2565201421015,20.2354,1,2565,4.03104,18.6704,18.6918,0.070859,0.0888,86.7482021,15.9785154,0.961429,t17_f5_c3,18.6352,0.1073,False,False,False,23.12.x,0.0,2.565202361015015e+18,,,ZTF24aabhrin
ztf,60319.201898099855,2565201891015015001,2,2565201891015,20.169847,1,2565,3.9223344,18.627459,18.75,0.067512676,0.094,86.7481033,15.9785808,0.95714283,t17_f5_c3,18.7576,0.1205,True,False,False,23.12.x,0.0,,0.99999785,562120210.0,ZTF24aabhrin
ztf,60319.20236109989,2565202361015015000,2,2565202361015,20.17197,1,2565,3.7835739,18.622269,18.7384,0.07569072,0.093,86.748015,15.9786583,0.96,t17_f5_c3,18.7833,0.1234,True,False,False,23.12.x,0.0,,0.9999988,562120210.0,ZTF24aabhrin
