tid,mjd,candid,fid,pid,diffmaglim,isdiffpos,nid,distnr,magpsf,magap,sigmapsf,sigmagap,ra,dec,rb,rbversion,magapbig,sigmagapbig,has_stamp,corrected,dubious,step_id_corr,phase,parent_candid,drb,rfid,oid
ztf,60317.19267359981,2563192670015015010,2,2563192670015,19.9408,1,2563,11.2486,18.7783,18.7013,0.086185,0.1036,99.0866943,16.512782,0.902857,t17_f5_c3,18.7833,0.1427,False,False,True,23.12.x,0.0,2.563194080015015e+18,,,ZTF24aaauxwu
ztf,60317.19314809982,2563193140015015014,2,2563193140015,20.0488,1,2563,10.7903,18.7478,18.7877,0.086537,0.1062,99.0865477,16.5128315,0.938571,t17_f5_c3,18.8323,0.1411,False,False,True,23.12.x,0.0,2.563194080015015e+18,,,ZTF24aaauxwu
ztf,60317.19361109985,2563193610015015011,2,2563193610015,20.0527,1,2563,10.6368,18.7125,18.7913,0.109186,0.1062,99.0864518,16.5128126,0.908571,t17_f5_c3,18.7443,0.13,False,False,True,23.12.x,0.0,2.563194080015015e+18,,,ZTF24aaauxwu
ztf,60317.194085599855,2563194080015015011,2,2563194080015,19.996834,1,2563,10.145658,18.772589,18.8339,0.08168022,0.1142,99.0862974,16.5128754,0.93285716,t17_f5_c3,18.7833,0.1394,True,False,True,23.12.x,0.0,,0.99999714,563120200.0,ZTF24aaauxwu
ztf,60317.19454859989,2563194540015015007,2,2563194540015,20.030016,1,2563,9.883021,18.723886,18.7227,0.0862581,0.1008,99.0861932,16.5128942,0.92285717,t17_f5_c3,18.7838,0.136,True,False,True,23.12.x,0.0,,0.9999995,563120200.0,ZTF24aaauxwu
ztf,60317.19502309989,2563195020015015011,2,2563195020015,19.977179,1,2563,9.773006,18.734722,18.7899,0.0893311,0.1098,99.0860921,16.5128667,0.9114286,t17_f5_c3,18.7859,0.1397,True,False,True,23.12.x,0.0,,0.9999988,563120200.0,ZTF24aaauxwu
ztf,60317.19549770001,2563195490015015013,2,2563195490015,19.9587,1,2563,9.42434,18.677,18.6396,0.095595,0.0974,99.0859698,16.5129058,0.915714,t17_f5_c3,18.5541,0.115,False,False,True,23.12.x,0.0,2.563195960015015e+18,,,ZTF24aaauxwu
ztf,60317.19596059993,2563195960015015008,2,2563195960015,19.966858,1,2563,9.127162,18.64975,18.7452,0.08854997,0.106,99.0858421,16.5129342,0.9257143,t17_f5_c3,18.7257,0.133,True,False,True,23.12.x,0.0,,0.9999999,563120200.0,ZTF24aaauxwu
