tid,mjd,candid,fid,pid,diffmaglim,isdiffpos,nid,distnr,magpsf,magap,sigmapsf,sigmagap,ra,dec,rb,rbversion,magapbig,sigmagapbig,has_stamp,corrected,dubious,step_id_corr,phase,parent_candid,drb,rfid,oid
ztf,60319.31969910022,2565319690615015023,2,2565319690615,20.527,1,2565,5.31408,19.3591,19.1893,0.103162,0.118,89.0057898,15.55306,0.901429,t17_f5_c3,19.0552,0.1321,False,False,False,23.12.x,0.0,2.565321110615015e+18,,,ZTF24aabjyyl
ztf,60319.32017360022,2565320170615015024,2,2565320170615,20.5867,1,2565,5.1275,19.4122,19.5547,0.109772,0.1582,89.0057194,15.5530535,0.915714,t17_f5_c3,19.632,0.2147,False,False,False,23.12.x,0.0,2.565321110615015e+18,,,ZTF24aabjyyl
ztf,60319.32063659979,2565320630615015027,2,2565320630615,20.5556,1,2565,4.72307,19.3552,19.3153,0.119246,0.1303,89.0055658,15.5530488,0.915714,t17_f5_c3,19.4808,0.1912,False,False,False,23.12.x,0.0,2.565321110615015e+18,,,ZTF24aabjyyl
ztf,60319.321111099795,2565321110615015019,2,2565321110615,20.51908,1,2565,4.415632,19.333027,19.3049,0.10289216,0.1315,89.0054721,15.5530758,0.96,t17_f5_c3,19.425,0.185,True,False,False,23.12.x,0.0,,0.9999876,562120206.0,ZTF24aabjyyl
ztf,60319.32157409983,2565321570615015024,2,2565321570615,20.515291,1,2565,4.1334743,19.431845,19.3363,0.12107294,0.1371,89.0053412,15.5530621,0.91571426,t17_f5_c3,19.5395,0.2081,True,False,False,23.12.x,0.0,,0.9993707,562120206.0,ZTF24aabjyyl
ztf,60319.32204859983,2565322040615015018,2,2565322040615,20.558855,1,2565,3.8964157,19.403585,19.595,0.12378265,0.1671,89.0052578,15.553077,0.9028571,t17_f5_c3,19.9275,0.2855,True,False,False,23.12.x,0.0,,0.99179375,562120206.0,ZTF24aabjyyl
ztf,60319.322511599865,2565322510615015020,2,2565322510615,20.520079,1,2565,3.7013147,19.323992,19.4927,0.112202436,0.1589,89.0051312,15.5530508,0.93,t17_f5_c3,19.5157,0.2045,True,False,False,23.12.x,0.0,,0.99991995,562120206.0,ZTF24aabjyyl
ztf,60319.32346059987,2565323460615015023,2,2565323460615,20.459047,1,2565,3.3149197,19.350224,19.5854,0.10832532,0.1785,89.004931,15.5530635,0.93285716,t17_f5_c3,19.5798,0.2245,True,False,False,23.12.x,0.0,,0.9999749,562120206.0,ZTF24aabjyyl
ztf,60319.323935199995,2565323930615015026,2,2565323930615,20.559,1,2565,3.1267612,19.410583,19.5397,0.10887671,0.1593,89.0047993,15.5530678,0.9185714,t17_f5_c3,19.1295,0.1381,True,False,False,23.12.x,0.0,,0.9997097,562120206.0,ZTF24aabjyyl
