tid,mjd,candid,fid,pid,diffmaglim,isdiffpos,nid,distnr,magpsf,magap,sigmapsf,sigmagap,ra,dec,rb,rbversion,magapbig,sigmagapbig,has_stamp,corrected,dubious,step_id_corr,phase,parent_candid,drb,rfid,oid
ztf,60319.290011600126,2565290015215015045,2,2565290015215,20.2565,1,2565,2.45104,18.6819,18.6041,0.096116,0.0805,89.4714737,22.2105272,0.947143,t17_f5_c3,18.5782,0.1002,False,False,False,23.12.x,0.0,2.565291895215015e+18,,,ZTF24aabjjri
ztf,60319.29048610013,2565290485215015048,2,2565290485215,20.1019,1,2565,2.65114,18.6654,18.5429,0.093277,0.0865,89.4713913,22.2104587,0.922857,t17_f5_c3,18.4964,0.1059,False,False,False,23.12.x,0.0,2.565292375215015e+18,,,ZTF24aabjjri
ztf,60319.290960600134,2565290965215015053,2,2565290965215,20.2382,1,2565,2.60919,18.7069,18.5352,0.091818,0.0796,89.4712933,22.2104677,0.901429,t17_f5_c3,18.5323,0.1012,False,False,False,23.12.x,0.0,2.565292835215015e+18,,,ZTF24aabjjri
ztf,60319.29142360017,2565291425215015041,2,2565291425215,20.1859,1,2565,2.54313,18.6829,18.6398,0.110308,0.0882,89.4711782,22.2104962,0.932857,t17_f5_c3,18.6388,0.1124,False,False,False,23.12.x,0.0,2.565292835215015e+18,,,ZTF24aabjjri
ztf,60319.29189810017,2565291895215015049,2,2565291895215,20.309845,1,2565,2.6106608,18.69688,18.5825,0.06292814,0.0776,89.4710787,22.2104521,0.94,t17_f5_c3,18.5722,0.0978,True,False,False,23.12.x,0.0,,0.9999995,562120252.0,ZTF24aabjjri
ztf,60319.29237269983,2565292375215015041,2,2565292375215,20.241209,1,2565,2.7424254,18.739807,18.6778,0.07484004,0.0911,89.4709898,22.2104732,0.9614286,t17_f5_c3,18.6191,0.11,True,False,False,23.12.x,0.0,,0.9999957,562120252.0,ZTF24aabjjri
ztf,60319.29283560021,2565292835215015048,2,2565292835215,20.216475,1,2565,2.7599032,18.681229,18.719,0.07526099,0.0957,89.47087,22.2104374,0.9614286,t17_f5_c3,18.7667,0.1274,True,False,False,23.12.x,0.0,,0.99999994,562120252.0,ZTF24aabjjri
ztf,60319.293310199864,2565293315215015054,2,2565293315215,20.300922,1,2565,2.8053873,18.70463,18.6312,0.08009467,0.0811,89.4707883,22.2104136,0.95857143,t17_f5_c3,18.5925,0.0998,True,False,False,23.12.x,0.0,,0.9999875,562120252.0,ZTF24aabjjri
ztf,60319.29378469987,2565293785215015038,2,2565293785215,20.119387,1,2565,3.048264,18.679087,18.7,0.08058005,0.0993,89.4706539,22.2104146,0.95,t17_f5_c3,18.6721,0.1236,True,False,False,23.12.x,0.0,,0.9999997,562120252.0,ZTF24aabjjri
