tid,mjd,candid,fid,pid,diffmaglim,isdiffpos,nid,distnr,magpsf,magap,sigmapsf,sigmagap,ra,dec,rb,rbversion,magapbig,sigmagapbig,has_stamp,corrected,dubious,step_id_corr,phase,parent_candid,drb,rfid,oid
ztf,60319.3540856,2565354083015015131,2,2565354083015,20.0955,1,2565,14.0133,19.2743,19.2682,0.121405,0.1541,84.6380899,17.2539255,0.418571,t17_f5_c3,19.256,0.195,False,False,True,23.12.x,0.0,2.565355973015015e+18,,,ZTF24aabkqwi
ztf,60319.354560200125,2565354563015015054,2,2565354563015,20.1259,1,2565,13.8415,19.3715,19.3757,0.115159,0.1694,84.6379926,17.2539212,0.84,t17_f5_c3,19.4913,0.2412,False,False,True,23.12.x,0.0,2.565355973015015e+18,,,ZTF24aabkqwi
ztf,60319.35503470013,2565355033015015125,2,2565355033015,20.1175,1,2565,13.633,19.3811,19.3923,0.11619,0.1728,84.6378605,17.2538977,0.358571,t17_f5_c3,19.4361,0.2303,False,False,True,23.12.x,0.0,2.565355973015015e+18,,,ZTF24aabkqwi
ztf,60319.355509299785,2565355503015015057,2,2565355503015,20.0098,1,2565,13.4829,19.1689,19.2192,0.124588,0.1485,84.6377995,17.2539112,0.737143,t17_f5_c3,19.1322,0.1755,False,False,True,23.12.x,0.0,2.565357853015015e+18,,,ZTF24aabkqwi
ztf,60319.35597220017,2565355973015015054,2,2565355973015,20.076221,1,2565,13.300721,19.372107,19.3506,0.14174676,0.1659,84.6377141,17.2539228,0.7171429,t17_f5_c3,19.2809,0.1993,True,False,True,23.12.x,0.0,,0.99999034,562120230.0,ZTF24aabkqwi
ztf,60319.35644679982,2565356443015015070,2,2565356443015,20.079216,1,2565,13.213063,19.309137,19.4971,0.14220282,0.1902,84.6376385,17.2539033,0.71,t17_f5_c3,19.295,0.2025,True,False,True,23.12.x,0.0,,0.99998,562120230.0,ZTF24aabkqwi
ztf,60319.35738429986,2565357383015015102,2,2565357383015,20.234465,1,2565,12.979648,19.268192,19.1514,0.11603287,0.1324,84.6374462,17.2538787,0.6842857,t17_f5_c3,19.1225,0.165,True,False,True,23.12.x,0.0,,0.9999916,562120230.0,ZTF24aabkqwi
ztf,60319.35785879986,2565357853015015092,2,2565357853015,20.2081,1,2565,12.677396,19.321194,19.5651,0.12010006,0.1948,84.6374087,17.2539542,0.74,t17_f5_c3,19.6054,0.259,True,False,True,23.12.x,0.0,,0.9999571,562120230.0,ZTF24aabkqwi
ztf,60319.35833329987,2565358333015015098,2,2565358333015,20.278297,1,2565,12.704062,19.215715,19.3072,0.116949394,0.151,84.637297,17.2538875,0.6185714,t17_f5_c3,19.4415,0.2185,True,False,True,23.12.x,0.0,,0.99972,562120230.0,ZTF24aabkqwi
