tid,mjd,candid,fid,pid,diffmaglim,isdiffpos,nid,distnr,magpsf,magap,sigmapsf,sigmagap,ra,dec,rb,rbversion,magapbig,sigmagapbig,has_stamp,corrected,dubious,step_id_corr,phase,parent_candid,drb,rfid,oid
ztf,60319.38234949997,2565382340215015018,2,2565382340215,20.1905,1,2565,10.9062,19.5083,19.3728,0.129407,0.1752,90.8993421,15.3026417,0.815714,t17_f5_c3,19.2373,0.198,False,False,True,23.12.x,0.0,2.565384240215015e+18,,,ZTF24aablelo
ztf,60319.38282410009,2565382820215015015,2,2565382820215,20.1615,1,2565,11.1294,19.6042,19.7258,0.163149,0.2452,90.8992068,15.3026495,0.611429,t17_f5_c3,19.4771,0.2504,False,False,True,23.12.x,0.0,2.565384240215015e+18,,,ZTF24aablelo
ztf,60319.38329860009,2565383290215015025,2,2565383290215,20.104,1,2565,11.4159,19.6021,19.3618,0.158377,0.1792,90.8991587,15.3027233,0.702857,t17_f5_c3,19.1227,0.1844,False,False,True,23.12.x,0.0,2.565384240215015e+18,,,ZTF24aablelo
ztf,60319.3837731001,2565383770215015018,2,2565383770215,20.0684,1,2565,11.6764,19.532,19.4131,0.131034,0.1908,90.8990452,15.3027491,0.817143,t17_f5_c3,19.2399,0.2085,False,False,True,23.12.x,0.0,2.565384240215015e+18,,,ZTF24aablelo
ztf,60319.38424770022,2565384240215015019,2,2565384240215,20.083858,1,2565,11.867303,19.786837,19.7057,0.18635583,0.2504,90.8989831,15.3027813,0.75285715,t17_f5_c3,19.4549,0.2552,True,False,True,23.12.x,0.0,,0.999985,562120202.0,ZTF24aablelo
ztf,60319.384710600134,2565384710215015021,2,2565384710215,20.118402,1,2565,12.263474,19.582403,19.2517,0.14449415,0.1629,90.8988342,15.3028302,0.6242857,t17_f5_c3,19.3052,0.2192,True,False,True,23.12.x,0.0,,0.9995966,562120202.0,ZTF24aablelo
ztf,60319.38518519979,2565385180215015020,2,2565385180215,20.123074,1,2565,12.481594,19.605495,19.4648,0.14477278,0.1979,90.8987638,15.3028638,0.8042857,t17_f5_c3,19.3814,0.235,True,False,True,23.12.x,0.0,,0.99999815,562120202.0,ZTF24aablelo
ztf,60319.38564810017,2565385640215015019,2,2565385640215,19.99747,1,2565,12.013928,19.630585,19.4929,0.19613488,0.2115,90.898603,15.302875,0.65,t17_f5_c3,19.4976,0.2724,True,False,True,23.12.x,0.0,,0.9999807,562120202.0,ZTF24aablelo
ztf,60319.38612269983,2565386120215015024,2,2565386120215,20.080608,1,2565,11.845991,19.731865,19.5616,0.17282498,0.2208,90.8985612,15.3029347,0.70857143,t17_f5_c3,19.6582,0.3091,True,False,True,23.12.x,0.0,,0.9999902,562120202.0,ZTF24aablelo
