tid,mjd,candid,fid,pid,diffmaglim,isdiffpos,nid,distnr,magpsf,magap,sigmapsf,sigmagap,ra,dec,rb,rbversion,magapbig,sigmagapbig,has_stamp,corrected,dubious,step_id_corr,phase,parent_candid,drb,rfid,oid
ztf,60319.33099539997,2565330996215015025,2,2565330996215,20.1415,1,2565,7.62235,19.2814,19.3668,0.121893,0.1683,84.7845698,21.0507433,0.737143,t17_f5_c3,19.2625,0.1983,False,False,True,23.12.x,0.0,2.565332406215015e+18,,,ZTF24aabkeyv
ztf,60319.331469899975,2565331466215015027,2,2565331466215,20.117,1,2565,7.33744,19.2213,19.1316,0.108899,0.1363,84.7844764,21.0508212,0.844286,t17_f5_c3,19.1038,0.1728,False,False,True,23.12.x,0.0,2.565332406215015e+18,,,ZTF24aabkeyv
ztf,60319.33194439998,2565331946215015020,2,2565331946215,20.0733,1,2565,7.39267,19.4187,19.296,0.13953,0.1599,84.78437,21.0508015,0.701429,t17_f5_c3,19.21,0.1938,False,False,True,23.12.x,0.0,2.565332406215015e+18,,,ZTF24aabkeyv
ztf,60319.33240740001,2565332406215015031,2,2565332406215,20.105135,1,2565,6.9647574,19.292162,19.1463,0.13153139,0.1398,84.784231,21.0509281,0.80285716,t17_f5_c3,19.0955,0.1781,True,False,True,23.12.x,0.0,,0.99480593,562120262.0,ZTF24aabkeyv
ztf,60319.332881900016,2565332886215015028,2,2565332886215,20.18802,1,2565,6.833744,19.287846,19.0614,0.11030219,0.1281,84.7840488,21.0509809,0.74142855,t17_f5_c3,19.0584,0.1757,True,False,True,23.12.x,0.0,,0.6653192,562120262.0,ZTF24aabkeyv
ztf,60319.33335650014,2565333356215015020,2,2565333356215,20.051403,1,2565,6.6446395,19.31041,19.2307,0.13463464,0.1582,84.7840061,21.0510419,0.4557143,t17_f5_c3,18.9285,0.1648,True,False,True,23.12.x,0.0,,0.7939991,562120262.0,ZTF24aabkeyv
ztf,60319.33381940005,2565333816215015024,2,2565333816215,20.132713,1,2565,6.5024915,19.288889,19.3112,0.11628174,0.1663,84.7838887,21.0511098,0.82714283,t17_f5_c3,18.9678,0.1685,True,False,True,23.12.x,0.0,,0.9605486,562120262.0,ZTF24aabkeyv
ztf,60319.334294000175,2565334296215015023,2,2565334296215,20.047243,1,2565,6.5528235,19.323738,19.2054,0.14443055,0.1636,84.7837127,21.0511436,0.5857143,t17_f5_c3,18.9442,0.1754,True,False,True,23.12.x,0.0,,0.6233379,562120262.0,ZTF24aabkeyv
