tid,mjd,candid,fid,pid,diffmaglim,isdiffpos,nid,distnr,magpsf,magap,sigmapsf,sigmagap,ra,dec,rb,rbversion,magapbig,sigmagapbig,has_stamp,corrected,dubious,step_id_corr,phase,parent_candid,drb,rfid,oid
ztf,60317.18607639987,2563186075515015004,2,2563186075515,19.9534,1,2563,8.4839,18.5875,18.5865,0.080174,0.087,97.1532743,21.6930767,0.834286,t17_f5_c3,18.5904,0.112,False,False,True,23.12.x,0.0,2.563187485515015e+18,,,ZTF24aaauqwi
ztf,60317.186550899874,2563186555515015001,2,2563186555515,19.9616,1,2563,8.86809,18.6675,18.7878,0.082906,0.1036,97.153158,21.6930837,0.808571,t17_f5_c3,18.7583,0.1291,False,False,True,23.12.x,0.0,2.563187485515015e+18,,,ZTF24aaauqwi
ztf,60317.187025499996,2563187025515015001,2,2563187025515,19.8949,1,2563,9.06208,18.6196,18.712,0.084975,0.1007,97.1531003,21.6930995,0.712857,t17_f5_c3,18.7127,0.1292,False,False,True,23.12.x,0.0,2.563187485515015e+18,,,ZTF24aaauqwi
ztf,60317.18748839991,2563187485515015003,2,2563187485515,19.898487,1,2563,9.604295,18.64056,18.5352,0.0856549,0.0862,97.1529371,21.6931129,0.68,t17_f5_c3,18.5114,0.1079,True,False,True,23.12.x,0.0,,0.9999959,563120255.0,ZTF24aaauqwi
ztf,60317.18796300003,2563187965515015000,2,2563187965515,19.941849,1,2563,9.849977,18.585163,18.5133,0.0793792,0.0822,97.1528634,21.6931411,0.7757143,t17_f5_c3,18.6126,0.115,True,False,True,23.12.x,0.0,,1.0,563120255.0,ZTF24aaauqwi
ztf,60317.18843750004,2563188435515015002,2,2563188435515,19.873657,1,2563,10.138148,18.633753,18.7054,0.06466054,0.1046,97.1527753,21.693141,0.85,t17_f5_c3,18.6993,0.133,True,False,True,23.12.x,0.0,,1.0,563120255.0,ZTF24aaauqwi
ztf,60317.18890050007,2563188905515015001,2,2563188905515,19.9664,1,2563,10.6954,18.6701,18.6724,0.077397,0.0955,97.1526075,21.6931316,0.737143,t17_f5_c3,18.6073,0.115,False,False,True,23.12.x,0.0,2.563189375515015e+18,,,ZTF24aaauqwi
ztf,60317.189375000075,2563189375515015001,2,2563189375515,19.961222,1,2563,10.919559,18.548908,18.5876,0.08218009,0.0867,97.1525425,21.6931513,0.8142857,t17_f5_c3,18.5977,0.1116,True,False,True,23.12.x,0.0,,1.0,563120255.0,ZTF24aaauqwi
ztf,60317.18984950008,2563189845515015001,2,2563189845515,19.851988,1,2563,11.152491,18.704725,18.6705,0.09177576,0.1022,97.1524706,21.6931535,0.60714287,t17_f5_c3,18.5821,0.1205,True,False,True,23.12.x,0.0,,0.9999988,563120255.0,ZTF24aaauqwi
