tid,mjd,candid,fid,pid,diffmaglim,isdiffpos,nid,distnr,magpsf,magpsf_corr,magap,sigmapsf,sigmapsf_corr,sigmapsf_corr_ext,sigmagap,ra,dec,rb,rbversion,magapbig,sigmagapbig,has_stamp,corrected,dubious,step_id_corr,phase,parent_candid,drb,rfid,oid
ztf,59532.53475689981,1778534754415015008,2,1778534754415,19.7151,1,1778,0.797594,19.3612,17.872957,18.8321,0.167939,0.031174503,0.042643685,0.1389,175.9160374,-15.9532957,0.604286,t17_f5_c3,18.8843,0.1858,False,True,True,correction_1.0.6,0.0,1.778537304415015e+18,,,ZTF21acpouzc
ztf,59532.53730319999,1778537304415015003,2,1778537304415,19.71155,1,1778,0.7993526,19.470272,17.899633,19.2436,0.16161607,0.023615476,0.038039,0.203,175.9159488,-15.9529914,0.87857145,t17_f5_c3,19.4595,0.316,True,True,True,correction_1.0.6,0.0,,0.9989084,319120244.0,ZTF21acpouzc
ztf,59532.53984950017,1778539844415015002,2,1778539844415,19.659431,1,1778,0.23766723,19.544815,17.916723,19.3701,0.17972106,0.026304169,0.040120125,0.2284,175.916105,-15.9531452,0.89285713,t17_f5_c3,19.604,0.362,True,True,False,correction_1.0.6,0.0,,0.9999838,319120244.0,ZTF21acpouzc
ztf,59532.542384299915,1778542384415015003,2,1778542384415,19.738724,1,1778,0.39269626,19.203295,17.830635,19.2353,0.13890731,0.027498394,0.039233897,0.207,175.9160391,-15.9531136,0.9514286,t17_f5_c3,19.3189,0.2854,True,True,False,correction_1.0.6,0.0,,0.99990743,319120244.0,ZTF21acpouzc
ztf,59532.54491900001,1778544914415015004,2,1778544914415,19.566628,1,1778,0.6053488,19.310333,17.859814,19.542,0.1887714,0.040454637,0.049628213,0.2838,175.9160547,-15.9532423,0.85571426,t17_f5_c3,19.5471,0.3644,True,True,False,correction_1.0.6,0.0,,0.99997914,319120244.0,ZTF21acpouzc
ztf,59550.5251042,1796525104415015004,2,1796525104415,20.321377,1,1796,0.91314644,20.520817,18.070896,20.586,0.20784687,100.0,0.021765837,0.5301,175.9159155,-15.9532179,0.8414286,t17_f5_c3,20.5209,0.6362,True,True,False,correction_1.0.6,0.0,,0.99994814,319120244.0,ZTF21acpouzc
