tid,mjd,candid,fid,pid,diffmaglim,isdiffpos,nid,distnr,magpsf,magap,sigmapsf,sigmagap,ra,dec,rb,rbversion,magapbig,sigmagapbig,has_stamp,corrected,dubious,step_id_corr,phase,parent_candid,drb,rfid,oid
ztf,60317.44471060019,2563444711515015011,2,2563444711515,19.7857,1,2563,5.88214,19.1995,19.3596,0.164808,0.2062,93.2169363,15.8224353,0.391429,t17_f5_c3,19.4195,0.2791,False,False,True,23.12.x,0.0,2.563446131515015e+18,,,ZTF24aabbmsh
ztf,60317.445185199846,2563445181515015012,2,2563445181515,19.7299,1,2563,6.45207,19.2207,19.3676,0.162894,0.2103,93.2167814,15.8223403,0.471429,t17_f5_c3,19.4732,0.297,False,False,True,23.12.x,0.0,2.563446131515015e+18,,,ZTF24aabbmsh
ztf,60317.44565969985,2563445651515015010,2,2563445651515,19.8236,1,2563,6.2871,19.1626,19.2454,0.157272,0.1857,93.2166916,15.8224688,0.561429,t17_f5_c3,19.0757,0.2036,False,False,True,23.12.x,0.0,2.563446131515015e+18,,,ZTF24aabbmsh
ztf,60317.44613429997,2563446131515015008,2,2563446131515,19.809004,1,2563,6.4438133,19.226393,19.0578,0.13361058,0.1592,93.2165346,15.8225285,0.7185714,t17_f5_c3,18.9636,0.1869,True,False,True,23.12.x,0.0,,0.99999475,563120215.0,ZTF24aabbmsh
ztf,60317.446608799975,2563446601515015006,2,2563446601515,19.7868,1,2563,6.16925,19.2417,19.2452,0.162009,0.188,93.2164585,15.8225004,0.688571,t17_f5_c3,19.1927,0.2298,False,False,True,23.12.x,0.0,2.563447071515015e+18,,,ZTF24aabbmsh
ztf,60317.44707180001,2563447071515015008,2,2563447071515,19.72497,1,2563,5.543259,19.2159,19.1297,0.15424283,0.1701,93.2162555,15.8224686,0.61,t17_f5_c3,19.2835,0.251,True,False,True,23.12.x,0.0,,0.9999894,563120215.0,ZTF24aabbmsh
ztf,60317.44754630001,2563447541515015013,2,2563447541515,19.63436,1,2563,5.3106437,19.162182,19.2321,0.1336644,0.1886,93.2161847,15.8224499,0.55714285,t17_f5_c3,19.1072,0.2157,True,False,True,23.12.x,0.0,,0.99985814,563120215.0,ZTF24aabbmsh
