tid,mjd,candid,fid,pid,diffmaglim,isdiffpos,nid,distnr,magpsf,magap,sigmapsf,sigmagap,ra,dec,rb,rbversion,magapbig,sigmagapbig,has_stamp,corrected,dubious,step_id_corr,phase,parent_candid,drb,rfid,oid
ztf,60317.26711810008,2563267114515015004,2,2563267114515,20.2347,1,2563,9.61308,18.0335,18.0631,0.066282,0.0475,92.378753,20.6755177,0.917143,t17_f5_c3,18.0575,0.0597,False,False,True,23.12.x,0.0,2.563268534515015e+18,,,ZTF24aaaxetl
ztf,60317.26759260008,2563267594515015004,2,2563267594515,20.0222,1,2563,9.63813,18.0001,18.0037,0.062495,0.0518,92.3786386,20.6755189,0.917143,t17_f5_c3,18.0473,0.0684,False,False,True,23.12.x,0.0,2.563269464515015e+18,,,ZTF24aaaxetl
ztf,60317.268055600114,2563268054515015004,2,2563268054515,20.2202,1,2563,9.69081,18.0101,18.0069,0.060514,0.0461,92.3785147,20.6755212,0.922857,t17_f5_c3,17.973,0.0565,False,False,True,23.12.x,0.0,2.563269464515015e+18,,,ZTF24aaaxetl
ztf,60317.26853010012,2563268534515015003,2,2563268534515,20.23232,1,2563,9.6680355,18.011395,18.0791,0.06126911,0.0483,92.3784062,20.6755444,0.9242857,t17_f5_c3,18.0854,0.0615,True,False,True,23.12.x,0.0,,0.9999838,563120245.0,ZTF24aaaxetl
ztf,60317.26900460012,2563269004515015004,2,2563269004515,20.165684,1,2563,9.672484,18.020912,18.0101,0.05817923,0.0473,92.3782963,20.6755624,0.92,t17_f5_c3,18.0095,0.0598,True,False,True,23.12.x,0.0,,0.9999989,563120245.0,ZTF24aaaxetl
ztf,60317.269467600156,2563269464515015006,2,2563269464515,20.156233,1,2563,9.720299,18.037153,18.115,0.05075135,0.0525,92.3781994,20.6755707,0.9128571,t17_f5_c3,18.1394,0.0679,True,False,True,23.12.x,0.0,,0.99999964,563120245.0,ZTF24aaaxetl
ztf,60317.26994210016,2563269944515015003,2,2563269944515,20.091145,1,2563,9.768871,18.022966,18.0258,0.06795464,0.0503,92.3780908,20.6755869,0.9114286,t17_f5_c3,18.023,0.0636,True,False,True,23.12.x,0.0,,0.9999985,563120245.0,ZTF24aaaxetl
ztf,60317.270416699816,2563270414515015003,2,2563270414515,20.23563,1,2563,9.7783575,18.006475,18.045,0.06083281,0.047,92.3779958,20.6756104,0.92,t17_f5_c3,18.0091,0.0575,True,False,True,23.12.x,0.0,,0.9999918,563120245.0,ZTF24aaaxetl
