tid,mjd,candid,fid,pid,diffmaglim,isdiffpos,nid,distnr,magpsf,magap,sigmapsf,sigmagap,ra,dec,rb,rbversion,magapbig,sigmagapbig,has_stamp,corrected,dubious,step_id_corr,phase,parent_candid,drb,rfid,oid
ztf,60317.442824100144,2563442822015015010,2,2563442822015,19.7674,1,2563,9.83631,18.9595,19.0441,0.156921,0.1492,96.9153413,18.0751154,0.66,t17_f5_c3,19.0638,0.1947,False,False,True,23.12.x,0.0,2.563444242015015e+18,,,ZTF24aabbhfj
ztf,60317.44329860015,2563443292015015019,2,2563443292015,19.7724,1,2563,9.7829,18.9625,18.9049,0.133094,0.1299,96.9151526,18.0751417,0.652857,t17_f5_c3,18.9777,0.1779,False,False,True,23.12.x,0.0,2.563445182015015e+18,,,ZTF24aabbhfj
ztf,60317.44377310015,2563443772015015020,2,2563443772015,19.8003,1,2563,9.6407,18.9864,19.1754,0.097177,0.171,96.9151359,18.0751797,0.824286,t17_f5_c3,19.1665,0.2174,False,False,True,23.12.x,0.0,2.563445182015015e+18,,,ZTF24aabbhfj
ztf,60317.44424769981,2563444242015015016,2,2563444242015,19.658545,1,2563,9.670096,18.982948,19.0862,0.12495031,0.1732,96.9149716,18.0751901,0.75,t17_f5_c3,19.0385,0.2127,True,False,True,23.12.x,0.0,,0.99999917,563120220.0,ZTF24aabbhfj
ztf,60317.44471060019,2563444712015015010,2,2563444712015,19.8598,1,2563,9.68508,19.0047,18.9502,0.106541,0.1378,96.9149213,18.0751947,0.847143,t17_f5_c3,19.0152,0.1874,False,False,True,23.12.x,0.0,2.563445182015015e+18,,,ZTF24aabbhfj
ztf,60317.445185199846,2563445182015015009,2,2563445182015,19.826515,1,2563,9.873587,19.036108,19.0454,0.1156247,0.1506,96.9148137,18.075157,0.7942857,t17_f5_c3,19.0822,0.1997,True,False,True,23.12.x,0.0,,0.9999778,563120220.0,ZTF24aabbhfj
ztf,60317.44565969985,2563445652015015011,2,2563445652015,19.870924,1,2563,9.769455,18.98812,19.058,0.09652924,0.1506,96.9146812,18.0752149,0.8642857,t17_f5_c3,19.2558,0.2315,True,False,True,23.12.x,0.0,,0.9999999,563120220.0,ZTF24aabbhfj
ztf,60317.44613429997,2563446132015015009,2,2563446132015,19.757381,1,2563,9.810478,18.989853,19.0346,0.1373376,0.1643,96.9145874,18.0752289,0.79714286,t17_f5_c3,19.2088,0.2471,True,False,True,23.12.x,0.0,,0.9998682,563120220.0,ZTF24aabbhfj
ztf,60317.446608799975,2563446602015015014,2,2563446602015,19.886541,1,2563,9.936341,19.022121,18.8397,0.104394905,0.1232,96.9144466,18.0752322,0.75,t17_f5_c3,18.931,0.1715,True,False,True,23.12.x,0.0,,0.99996006,563120220.0,ZTF24aabbhfj
