tid,mjd,candid,fid,pid,diffmaglim,isdiffpos,nid,distnr,magpsf,magap,sigmapsf,sigmagap,ra,dec,rb,rbversion,magapbig,sigmagapbig,has_stamp,corrected,dubious,step_id_corr,phase,parent_candid,drb,rfid,oid
ztf,60317.26853010012,2563268530515015012,2,2563268530515,20.1883,1,2563,11.4493,18.4346,18.4439,0.06293,0.0669,95.6689026,16.5248856,0.952857,t17_f5_c3,18.4078,0.0823,False,False,True,23.12.x,0.0,2.563269940515015e+18,,,ZTF24aaaxcip
ztf,60317.26900460012,2563269000515015015,2,2563269000515,20.1085,1,2563,11.5194,18.474,18.4915,0.068645,0.073,95.6687557,16.5248875,0.94,t17_f5_c3,18.4311,0.0879,False,False,True,23.12.x,0.0,2.563269940515015e+18,,,ZTF24aaaxcip
ztf,60317.269467600156,2563269460515015010,2,2563269460515,20.0878,1,2563,11.592,18.4691,18.5683,0.079318,0.0788,95.6686379,16.5248844,0.935714,t17_f5_c3,18.5409,0.0979,False,False,True,23.12.x,0.0,2.563270410515015e+18,,,ZTF24aaaxcip
ztf,60317.26994210016,2563269940515015010,2,2563269940515,20.146877,1,2563,11.733082,18.470709,18.4058,0.06406556,0.0666,95.6685338,16.5249046,0.93285716,t17_f5_c3,18.3993,0.0842,True,False,True,23.12.x,0.0,,0.9999998,563120205.0,ZTF24aaaxcip
ztf,60317.270416699816,2563270410515015013,2,2563270410515,20.134132,1,2563,11.753846,18.48357,18.4794,0.06979486,0.0716,95.6683933,16.5248732,0.9128571,t17_f5_c3,18.5079,0.0935,True,False,True,23.12.x,0.0,,1.0,563120205.0,ZTF24aaaxcip
ztf,60317.27089119982,2563270890515015017,2,2563270890515,20.118593,1,2563,11.934561,18.457933,18.3986,0.07471784,0.0659,95.6682623,16.5248904,0.92285717,t17_f5_c3,18.3728,0.0818,True,False,True,23.12.x,0.0,,0.9999975,563120205.0,ZTF24aaaxcip
ztf,60317.27135419985,2563271350515015015,2,2563271350515,20.094788,1,2563,11.956646,18.486244,18.4457,0.06625083,0.0696,95.6681277,16.5248511,0.9285714,t17_f5_c3,18.3758,0.0832,True,False,True,23.12.x,0.0,,0.99999994,563120205.0,ZTF24aaaxcip
ztf,60317.27182869986,2563271820515015016,2,2563271820515,20.028715,1,2563,12.288184,18.50632,18.5293,0.10865833,0.0762,95.6679959,16.5249046,0.85142857,t17_f5_c3,18.6081,0.1043,True,False,True,23.12.x,0.0,,0.9999996,563120205.0,ZTF24aaaxcip
ztf,60317.27230319986,2563272300515015008,2,2563272300515,20.049166,1,2563,12.373035,18.508802,18.4215,0.084237136,0.0695,95.6678889,16.5248883,0.8957143,t17_f5_c3,18.4029,0.0871,True,False,True,23.12.x,0.0,,0.9999994,563120205.0,ZTF24aaaxcip
