tid,mjd,candid,fid,pid,diffmaglim,isdiffpos,nid,distnr,magpsf,magpsf_corr,magap,sigmapsf,sigmapsf_corr,sigmapsf_corr_ext,sigmagap,ra,dec,rb,rbversion,magapbig,sigmagapbig,has_stamp,corrected,dubious,step_id_corr,phase,parent_candid,drb,rfid,oid
ztf,61074.56388889998,3320563882215015012,2,3320563882215,18.9415,1,3320,0.334929,16.9318,15.009394,16.915,0.070331,100.0,0.011972475,0.0502,262.1160141,-14.6660405,0.79,t17_f5_c3,16.9014,0.0625,False,True,False,27.5.7a32.dev1,0.0,3.34354218591501e+18,,,ZTF26aaftpxc
ztf,61075.56292819977,3321562922215015010,2,3321562922215,19.1219,1,3321,0.914002,16.9603,15.014193,16.9635,0.089429,100.0,0.01489482,0.0458,262.1161746,-14.6661057,0.688571,t17_f5_c3,16.9232,0.0554,False,True,False,27.5.7a32.dev1,0.0,3.34354218591501e+18,,,ZTF26aaftpxc
ztf,61079.55913189985,3325559132215015006,2,3325559132215,19.08211,1,3325,1.4903878,17.955763,,17.5681,0.12671345,,,0.067,262.1156627,-14.6657029,0.41428572,t17_f5_c3,17.5376,0.0813,True,False,False,27.5.7a32.dev1,0.0,,0.91412663,1374120222.0,ZTF26aaftpxc
ztf,61083.55649309978,3329556495915010037,2,3329556495915,19.489,-1,3329,0.638605,17.6139,15.205096,17.7814,0.08588,100.0,0.009340519,0.0778,262.1158369,-14.6661789,0.694286,t17_f5_c3,17.8044,0.0987,False,True,False,27.5.7a32.dev1,0.0,3.34354218591501e+18,,,ZTF26aaftpxc
ztf,61094.54696760001,3340546965915010034,2,3340546965915,20.0447,-1,3340,0.147484,17.4256,15.227694,17.4511,0.054457,100.0,0.0071926843,0.0435,262.1158885,-14.6660099,0.818571,t17_f5_c3,17.4492,0.0525,False,True,False,27.5.7a32.dev1,0.0,3.34354218591501e+18,,,ZTF26aaftpxc
ztf,61095.54559030011,3341545595915010076,2,3341545595915,18.4233,-1,3341,0.296903,17.2511,15.252989,17.4209,0.083129,100.0,0.013197996,0.1519,262.1158541,-14.6659845,0.811429,t17_f5_c3,17.3658,0.1833,False,True,False,27.5.7a32.dev1,0.0,3.34354218591501e+18,,,ZTF26aaftpxc
ztf,61097.542187499814,3343542185915010034,2,3343542185915,19.669271,-1,3343,0.5710344,17.365952,15.235822,17.6623,0.098600365,100.0,0.013862018,0.057,262.1157753,-14.6659682,0.62714285,t17_f5_c3,17.6644,0.0698,True,True,False,27.5.7a32.dev1,0.0,,0.99591935,331120259.0,ZTF26aaftpxc
