tid,mjd,candid,fid,pid,diffmaglim,isdiffpos,nid,distnr,magpsf,magap,sigmapsf,sigmagap,ra,dec,rb,rbversion,magapbig,sigmagapbig,has_stamp,corrected,dubious,step_id_corr,phase,parent_candid,drb,rfid,oid
ztf,60319.1566666998,2565156662115015017,2,2565156662115,19.9024,1,2565,11.8903,19.5602,19.6874,0.1592,0.2749,88.8808819,18.052857,0.75,t17_f5_c3,19.6527,0.3418,False,False,True,23.12.x,0.0,2.565158072115015e+18,,,ZTF24aabgxgt
ztf,60319.1571411998,2565157142115015018,2,2565157142115,19.7011,1,2565,12.1237,19.6062,20.0445,0.194672,0.4577,88.8809062,18.052945,0.702857,t17_f5_c3,20.1104,0.6243,False,False,True,23.12.x,0.0,2.565158072115015e+18,,,ZTF24aabgxgt
ztf,60319.157615699805,2565157612115015016,2,2565157612115,19.8898,1,2565,11.665,19.7691,19.9254,0.222855,0.3324,88.8808188,18.052833,0.66,t17_f5_c3,20.0201,0.4656,False,False,True,23.12.x,0.0,2.565158072115015e+18,,,ZTF24aabgxgt
ztf,60319.15807869984,2565158072115015031,2,2565158072115,19.820395,1,2565,10.722483,19.5561,19.5164,0.18531989,0.2461,88.8805016,18.0528171,0.7114286,t17_f5_c3,19.417,0.2881,True,False,True,23.12.x,0.0,,0.9997219,562120221.0,ZTF24aabgxgt
ztf,60319.159027799964,2565159022115015013,2,2565159022115,19.949345,1,2565,10.124917,19.663332,19.7496,0.17685714,0.2543,88.8803577,18.0527211,0.61285716,t17_f5_c3,19.8325,0.352,True,False,True,23.12.x,0.0,,0.9986004,562120221.0,ZTF24aabgxgt
ztf,60319.15949069988,2565159492115015013,2,2565159492115,19.9472,1,2565,10.1011,19.8014,20.011,0.228285,0.3235,88.8801962,18.0529277,0.557143,t17_f5_c3,20.0285,0.4222,False,False,True,23.12.x,0.0,2.565159962115015e+18,,,ZTF24aabgxgt
ztf,60319.1599653,2565159962115015014,2,2565159962115,20.022207,1,2565,9.659098,19.81517,19.7013,0.18585524,0.2452,88.8800945,18.0528525,0.6585714,t17_f5_c3,19.6863,0.3101,True,False,True,23.12.x,0.0,,0.9998963,562120221.0,ZTF24aabgxgt
