tid,mjd,candid,fid,pid,diffmaglim,isdiffpos,nid,distnr,magpsf,magap,sigmapsf,sigmagap,ra,dec,rb,rbversion,magapbig,sigmagapbig,has_stamp,corrected,dubious,step_id_corr,phase,parent_candid,drb,rfid,magpsf_corr,sigmapsf_corr,sigmapsf_corr_ext,oid
ztf,60319.15384260006,2565153840815015011,2,2565153840815,19.141,1,2565,3.75692,17.1857,17.1792,0.060026,0.0536,88.2531078,16.1163746,0.925714,t17_f5_c3,17.1257,0.0651,False,False,False,23.12.x,0.0,2.565155720815015e+18,,,,,,ZTF24aabgwyd
ztf,60319.154305600096,2565154300815015021,2,2565154300815,18.8667,1,2565,3.39424,17.1922,17.2739,0.062651,0.0733,88.253002,16.1163811,0.902857,t17_f5_c3,17.1023,0.0801,False,False,False,23.12.x,0.0,2.565155720815015e+18,,,,,,ZTF24aabgwyd
ztf,60319.15479170019,2565154790815015009,2,2565154790815,18.9135,1,2565,3.05943,17.1367,17.1189,0.04922,0.0625,88.2529035,16.1163831,0.905714,t17_f5_c3,17.1057,0.0788,False,False,False,23.12.x,0.0,2.565155720815015e+18,,,,,,ZTF24aabgwyd
ztf,60319.155254600104,2565155250815015017,2,2565155250815,18.9599,1,2565,2.75323,17.2332,17.3774,0.057657,0.0751,88.2528124,16.1163797,0.915714,t17_f5_c3,17.3919,0.0972,False,False,False,23.12.x,0.0,2.565155720815015e+18,,,,,,ZTF24aabgwyd
ztf,60319.155729200225,2565155720815015129,2,2565155720815,19.279638,1,2565,2.4763594,17.378864,17.3698,0.03779425,0.0555,88.2527301,16.1163736,0.83,t17_f5_c3,17.3768,0.0711,True,False,False,23.12.x,0.0,,0.99999994,562120208.0,,,,ZTF24aabgwyd
ztf,60319.15620370023,2565156200815015014,2,2565156200815,19.676495,1,2565,2.1024184,17.18079,17.1806,0.04075804,0.0369,88.2526158,16.1163575,0.96,t17_f5_c3,17.1683,0.0463,True,False,False,23.12.x,0.0,,0.9999995,562120208.0,,,,ZTF24aabgwyd
ztf,60319.1566666998,2565156660815015029,2,2565156660815,19.781565,1,2565,1.7510102,17.223173,17.2316,0.046692472,0.0341,88.2525109,16.1163677,0.94285715,t17_f5_c3,17.2079,0.0421,True,False,False,23.12.x,0.0,,0.9999994,562120208.0,,,,ZTF24aabgwyd
ztf,60319.1571411998,2565157140815015017,2,2565157140815,19.760437,1,2565,1.5167698,17.139553,17.1682,0.049326487,0.0328,88.2524387,16.1163558,0.9357143,t17_f5_c3,17.1383,0.0403,True,False,False,23.12.x,0.0,,0.9999999,562120208.0,,,,ZTF24aabgwyd
ztf,60319.157615699805,2565157610815015016,2,2565157610815,19.874783,1,2565,1.1829966,17.19748,17.241,0.038590252,0.0307,88.252332,16.1163451,0.92142856,t17_f5_c3,17.1986,0.0372,True,True,True,23.12.x,0.0,,0.9999999,562120208.0,17.184862,0.03808636,0.03814437,ZTF24aabgwyd
