tid,mjd,candid,fid,pid,diffmaglim,isdiffpos,nid,distnr,magpsf,magpsf_corr,magap,sigmapsf,sigmapsf_corr,sigmapsf_corr_ext,sigmagap,ra,dec,rb,rbversion,drb,magapbig,sigmagapbig,rfid,has_stamp,corrected,dubious,step_id_corr,phase,parent_candid,oid
ztf,61080.56368059991,3326563680215010021,2,3326563680215,19.084072,-1,3326,0.27787232,15.294428,13.250873,15.6765,0.080459364,100.0,0.012250521,0.0195,295.4198665,4.5781389,0.63,t17_f5_c3,0.47740737,15.6869,0.0233,1535120202.0,True,True,False,27.5.7a32.dev1,0.0,,ZTF21abozopr
ztf,61080.56706020003,3326567060215010033,2,3326567060215,18.814306,-1,3326,0.97243166,15.173483,13.270529,15.5584,0.08560449,100.0,0.01483594,0.0201,295.4196686,4.5782082,0.58428574,t17_f5_c3,0.08710098,15.5621,0.0243,1535120202.0,True,True,False,27.5.7a32.dev1,0.0,,ZTF21abozopr
ztf,61083.561701400205,3329561700215010018,2,3329561700215,19.249588,-1,3329,0.70117986,15.374002,13.239253,15.7595,0.07237037,100.0,0.010131201,0.0187,295.4197897,4.5782949,0.62285715,t17_f5_c3,0.11402521,15.7604,0.0216,1535120202.0,True,True,False,27.5.7a32.dev1,0.0,,ZTF21abozopr
ztf,61083.56736110011,3329567360215010018,2,3329567360215,18.83821,-1,3329,0.47166067,15.457753,13.228027,15.7792,0.03462117,100.0,0.0044407,0.0244,295.4198205,4.5782332,0.63857144,t17_f5_c3,0.5240429,15.801,0.03,1535120202.0,True,True,False,27.5.7a32.dev1,0.0,,ZTF21abozopr
ztf,61105.542638900224,3351542630215015025,2,3351542630215,19.4191,1,3351,0.594319,14.8611,12.901809,15.766,0.106168,0.0050974614,0.017469358,0.0163,295.4200899,4.578093,0.468571,t17_f5_c3,,15.7172,0.0185,,False,True,False,27.5.7a32.dev1,0.0,3.353541055715015e+18,ZTF21abozopr
ztf,61105.542638900224,3351542630215015026,2,3351542630215,19.4191,1,3351,0.394931,15.0388,12.929121,15.0654,0.013168,100.0,0.0018864627,0.01,295.4200511,4.5781758,0.752857,t17_f5_c3,,15.0543,0.0111,,False,True,False,27.5.7a32.dev1,0.0,3.353541055715015e+18,ZTF21abozopr
ztf,61106.54134259978,3352541340215015053,2,3352541340215,18.821564,1,3352,0.22384767,14.707209,12.874938,14.91,0.053962223,100.0,0.009981177,0.0085,295.4199576,4.5782267,0.5814286,t17_f5_c3,0.8838949,14.8755,0.0093,1535120202.0,True,True,False,27.5.7a32.dev1,0.0,,ZTF21abozopr
ztf,61107.54105320014,3353541055715015007,2,3353541055715,18.680487,1,3353,0.6316087,14.93753,12.886072,15.1284,0.047780335,100.0,0.007222148,0.0101,295.420051,4.5780416,0.5742857,t17_f5_c3,0.53972507,15.0612,0.0109,1483120257.0,True,True,False,27.5.7a32.dev1,0.0,,ZTF21abozopr
