tid,mjd,candid,fid,pid,diffmaglim,isdiffpos,nid,distnr,magpsf,magap,sigmapsf,sigmagap,ra,dec,rb,rbversion,magapbig,sigmagapbig,has_stamp,corrected,dubious,step_id_corr,phase,parent_candid,drb,rfid,oid
ztf,60318.32902779989,2564329023315015005,2,2564329023315,19.9554,1,2564,8.17223,19.4713,19.3545,0.148908,0.1667,136.1192299,70.4251289,0.447143,t17_f5_c3,19.2541,0.1948,False,False,True,23.12.x,0.0,2.564330913315015e+18,,,ZTF24aabedya
ztf,60318.329502299894,2564329503315015005,2,2564329503315,19.9507,1,2564,8.22884,19.4258,19.4094,0.140124,0.1758,136.1189788,70.4251221,0.618571,t17_f5_c3,19.4895,0.2424,False,False,True,23.12.x,0.0,2.564331383315015e+18,,,ZTF24aabedya
ztf,60318.329976900015,2564329973315015006,2,2564329973315,19.9773,1,2564,7.85119,19.6937,19.7961,0.184906,0.2503,136.1186896,70.425207,0.674286,t17_f5_c3,20.026,0.3965,False,False,True,23.12.x,0.0,2.564331383315015e+18,,,ZTF24aabedya
ztf,60318.33045140002,2564330453315015009,2,2564330453315,20.0306,1,2564,7.17995,19.426,19.6227,0.225107,0.2111,136.1182523,70.4253262,0.745714,t17_f5_c3,19.8212,0.3248,False,False,True,23.12.x,0.0,2.564332333315015e+18,,,ZTF24aabedya
ztf,60318.33091440005,2564330913315015010,2,2564330913315,19.931122,1,2564,7.4090333,19.522348,19.5678,0.16183382,0.2023,136.1181817,70.4251848,0.68714285,t17_f5_c3,19.5697,0.2596,True,False,True,23.12.x,0.0,,0.9994547,840120233.0,ZTF24aabedya
ztf,60318.33138890006,2564331383315015005,2,2564331383315,19.985752,1,2564,6.9083505,19.469715,19.4067,0.14918536,0.1778,136.1178149,70.4252566,0.67142856,t17_f5_c3,19.505,0.2493,True,False,True,23.12.x,0.0,,0.99985856,840120233.0,ZTF24aabedya
ztf,60318.33186340006,2564331863315015010,2,2564331863315,19.99461,1,2564,6.4249945,19.440676,19.68,0.15363705,0.2221,136.1175317,70.4253558,0.73571426,t17_f5_c3,19.4812,0.2373,True,False,True,23.12.x,0.0,,0.99983144,840120233.0,ZTF24aabedya
ztf,60318.33233800018,2564332333315015009,2,2564332333315,20.000685,1,2564,6.3307614,19.453854,19.5453,0.14943287,0.1981,136.1174541,70.4253657,0.69714284,t17_f5_c3,19.9249,0.3599,True,False,True,23.12.x,0.0,,0.99999726,840120233.0,ZTF24aabedya
ztf,60318.3328009001,2564332803315015009,2,2564332803315,19.945547,1,2564,6.1973495,19.456024,19.1991,0.14943247,0.1464,136.1170683,70.4252726,0.5042857,t17_f5_c3,19.2097,0.1894,True,False,True,23.12.x,0.0,,0.99982184,840120233.0,ZTF24aabedya
