tid,mjd,candid,fid,pid,diffmaglim,isdiffpos,nid,distnr,magpsf,magap,sigmapsf,sigmagap,ra,dec,rb,rbversion,magapbig,sigmagapbig,has_stamp,corrected,dubious,step_id_corr,phase,parent_candid,drb,rfid,oid
ztf,60318.33656249987,2564336561115015006,2,2564336561115,20.2161,1,2564,11.6054,17.6494,17.6858,0.045146,0.035,126.696273,65.7019252,0.965714,t17_f5_c3,17.6762,0.0436,False,False,True,23.12.x,0.0,2.564338441115015e+18,,,ZTF24aabeeec
ztf,60318.337036999874,2564337031115015010,2,2564337031115,20.2683,1,2564,11.7686,17.6796,17.6765,0.049052,0.0342,126.696115,65.7019923,0.957143,t17_f5_c3,17.7008,0.0438,False,False,True,23.12.x,0.0,2.564338441115015e+18,,,ZTF24aabeeec
ztf,60318.337511599995,2564337511115015009,2,2564337511115,20.1734,1,2564,11.9364,17.6712,17.6234,0.051547,0.0335,126.6959465,65.7020847,0.955714,t17_f5_c3,17.6244,0.0422,False,False,True,23.12.x,0.0,2.564338441115015e+18,,,ZTF24aabeeec
ztf,60318.33797449991,2564337971115015009,2,2564337971115,20.1737,1,2564,12.1373,17.6855,17.7245,0.040911,0.0365,126.6957692,65.7021592,0.958571,t17_f5_c3,17.7202,0.0458,False,False,True,23.12.x,0.0,2.564339861115015e+18,,,ZTF24aabeeec
ztf,60318.33844910003,2564338441115015007,2,2564338441115,20.146383,1,2564,12.313647,17.631786,17.654,0.041961104,0.0346,126.6956203,65.7022199,0.95857143,t17_f5_c3,17.6562,0.0436,True,False,True,23.12.x,0.0,,0.9999999,840120211.0,ZTF24aabeeec
ztf,60318.33892360004,2564338921115015008,2,2564338921115,20.197325,1,2564,12.526858,17.681723,17.7195,0.052864067,0.0361,126.6954468,65.7022903,0.95,t17_f5_c3,17.7231,0.0456,True,False,True,23.12.x,0.0,,0.9999994,840120211.0,ZTF24aabeeec
ztf,60318.33939810004,2564339391115015003,2,2564339391115,20.261436,1,2564,12.737913,17.692436,17.7692,0.04907822,0.0373,126.6952731,65.7023755,0.9628571,t17_f5_c3,17.788,0.0477,True,False,True,23.12.x,0.0,,1.0,840120211.0,ZTF24aabeeec
ztf,60318.339861100074,2564339861115015009,2,2564339861115,20.223999,1,2564,12.928425,17.668346,17.7142,0.042646367,0.036,126.6951258,65.702448,0.9614286,t17_f5_c3,17.6852,0.0441,True,False,True,23.12.x,0.0,,0.9999999,840120211.0,ZTF24aabeeec
ztf,60318.34033560008,2564340331115015007,2,2564340331115,20.216492,1,2564,13.236649,17.703754,17.7019,0.044104576,0.0357,126.6948982,65.7025267,0.9442857,t17_f5_c3,17.6694,0.0435,True,False,True,23.12.x,0.0,,0.9999999,840120211.0,ZTF24aabeeec
