tid,mjd,candid,fid,pid,diffmaglim,isdiffpos,nid,distnr,magpsf,magap,sigmapsf,sigmagap,ra,dec,rb,rbversion,magapbig,sigmagapbig,has_stamp,corrected,dubious,step_id_corr,phase,parent_candid,drb,rfid,oid
ztf,60317.465902800206,2563465903015015001,2,2563465903015,19.4072,1,2563,6.23092,16.5848,16.613,0.045297,0.0199,92.3033751,17.9260404,0.58,t17_f5_c3,16.5866,0.0243,False,False,True,23.12.x,0.0,2.563467313015015e+18,,,ZTF24aabbrad
ztf,60317.46637730021,2563466373015015000,2,2563466373015,19.511,1,2563,6.21054,16.5869,16.5954,0.030544,0.0195,92.3032629,17.9260817,0.637143,t17_f5_c3,16.546,0.0233,False,False,True,23.12.x,0.0,2.563467783015015e+18,,,ZTF24aabbrad
ztf,60317.46684029978,2563466843015015000,2,2563466843015,19.5323,1,2563,6.41246,16.5894,16.601,0.035441,0.0194,92.3031092,17.92607,0.671429,t17_f5_c3,16.5967,0.0242,False,False,True,23.12.x,0.0,2.563467783015015e+18,,,ZTF24aabbrad
ztf,60317.46731479978,2563467313015015001,2,2563467313015,19.406633,1,2563,6.538933,16.595327,16.6015,0.03646914,0.0198,92.3029779,17.9260871,0.58428574,t17_f5_c3,16.581,0.0243,True,False,True,23.12.x,0.0,,0.9999939,563120230.0,ZTF24aabbrad
ztf,60317.4677893999,2563467783015015001,2,2563467783015,19.2112,1,2563,6.52393,16.6196,16.6952,0.04415,0.0217,92.3028756,17.9261436,0.45,t17_f5_c3,16.6619,0.0264,False,False,True,23.12.x,0.0,2.563468723015015e+18,,,ZTF24aabbrad
ztf,60317.46826389991,2563468263015015000,2,2563468263015,19.241571,1,2563,6.738132,16.598299,16.5898,0.04484344,0.0199,92.3027586,17.9261399,0.41428572,t17_f5_c3,16.5574,0.0242,True,False,True,23.12.x,0.0,,0.9998643,563120230.0,ZTF24aabbrad
ztf,60317.46872689994,2563468723015015000,2,2563468723015,19.38852,1,2563,6.786533,16.607506,16.6136,0.041152462,0.0201,92.3026319,17.9262061,0.56285715,t17_f5_c3,16.5912,0.0246,True,False,True,23.12.x,0.0,,0.9999832,563120230.0,ZTF24aabbrad
ztf,60317.469201399945,2563469203015015001,2,2563469203015,19.43168,1,2563,7.0936074,16.616995,16.617,0.04778535,0.0201,92.3024829,17.9262078,0.60142857,t17_f5_c3,16.6334,0.0255,True,False,True,23.12.x,0.0,,0.9999784,563120230.0,ZTF24aabbrad
