tid,mjd,candid,fid,pid,diffmaglim,isdiffpos,nid,distnr,magpsf,magap,sigmapsf,sigmagap,ra,dec,rb,rbversion,magapbig,sigmagapbig,has_stamp,corrected,dubious,step_id_corr,phase,parent_candid,drb,rfid,oid
ztf,60318.27581019979,2564275810815015004,2,2564275810815,20.1782,1,2564,5.10993,19.976,19.778,0.142934,0.2403,128.1851053,67.0733327,0.637143,t17_f5_c3,19.6545,0.2756,False,False,False,23.12.x,0.0,2.564277690815015e+18,,,ZTF24aabebtg
ztf,60318.276759299915,2564276750815015004,2,2564276750815,20.1969,1,2564,4.42521,19.9487,19.7799,0.182193,0.238,128.1843814,67.0733207,0.724286,t17_f5_c3,20.094,0.4077,False,False,False,23.12.x,0.0,2.564278640815015e+18,,,ZTF24aabebtg
ztf,60318.27723379992,2564277230815015004,2,2564277230815,20.2036,1,2564,4.76216,20.1453,20.5626,0.21283,0.4907,128.184297,67.0734564,0.6,t17_f5_c3,20.7588,0.7554,False,False,False,23.12.x,0.0,2.564278640815015e+18,,,ZTF24aabebtg
ztf,60318.27769679995,2564277690815015003,2,2564277690815,20.16579,1,2564,4.187434,19.909348,19.7597,0.19393654,0.2361,128.1840604,67.0733234,0.6157143,t17_f5_c3,19.7736,0.3072,True,False,False,23.12.x,0.0,,7.457e-05,840120208.0,ZTF24aabebtg
ztf,60318.27817129996,2564278170815015004,2,2564278170815,20.177422,1,2564,4.379072,20.13671,20.2512,0.17579101,0.3709,128.1835873,67.0734706,0.7771429,t17_f5_c3,20.1793,0.4459,True,False,False,23.12.x,0.0,,1.1e-06,840120208.0,ZTF24aabebtg
ztf,60318.27864579996,2564278640815015005,2,2564278640815,20.247612,1,2564,4.0183477,19.968393,20.2559,0.1979537,0.3629,128.1833672,67.0733928,0.5857143,t17_f5_c3,20.4601,0.5622,True,False,False,23.12.x,0.0,,0.66305155,840120208.0,ZTF24aabebtg
ztf,60318.27912040008,2564279120815015006,2,2564279120815,20.239452,1,2564,4.1046453,20.012093,20.4387,0.15167473,0.4322,128.1829299,67.0734569,0.73714286,t17_f5_c3,20.2221,0.4547,True,False,False,23.12.x,0.0,,0.00069255,840120208.0,ZTF24aabebtg
ztf,60318.28005790012,2564280050815015006,2,2564280050815,20.2003,1,2564,4.50157,19.9859,20.8541,0.237816,0.6421,128.1827073,67.0735771,0.655714,t17_f5_c3,20.7753,0.7657,False,False,False,23.12.x,0.0,2.564280530815015e+18,,,ZTF24aabebtg
ztf,60318.280532400124,2564280530815015001,2,2564280530815,20.18834,1,2564,4.3994126,19.896105,20.3647,0.17041923,0.4114,128.1824032,67.0735502,0.74857146,t17_f5_c3,20.0661,0.4009,True,False,False,23.12.x,0.0,,0.06373021,840120208.0,ZTF24aabebtg
