tid,mjd,candid,fid,pid,diffmaglim,isdiffpos,nid,distnr,magpsf,magap,sigmapsf,sigmagap,ra,dec,rb,rbversion,magapbig,sigmagapbig,has_stamp,corrected,dubious,step_id_corr,phase,parent_candid,drb,rfid,oid
ztf,60317.24215279985,2563242155915015014,2,2563242155915,20.2565,1,2563,6.58593,19.4609,19.7368,0.142388,0.2106,95.4015929,21.5544818,0.655714,t17_f5_c3,19.737,0.2706,False,False,True,23.12.x,0.0,2.563244035915015e+18,,,ZTF24aaawgxx
ztf,60317.24262729986,2563242625915015015,2,2563242625915,20.2239,1,2563,6.6332,19.3763,19.2512,0.139891,0.1368,95.4016109,21.5544648,0.671429,t17_f5_c3,19.0888,0.1515,False,False,True,23.12.x,0.0,2.563244035915015e+18,,,ZTF24aaawgxx
ztf,60317.24310189998,2563243105915015015,2,2563243105915,20.2863,1,2563,6.66221,19.403,19.3774,0.133832,0.1499,95.4014309,21.5545036,0.797143,t17_f5_c3,19.3759,0.1936,False,False,True,23.12.x,0.0,2.563244035915015e+18,,,ZTF24aaawgxx
ztf,60317.24357639998,2563243575915015015,2,2563243575915,20.4159,1,2563,6.75833,19.338,19.1795,0.118321,0.1154,95.4013585,21.5544979,0.708571,t17_f5_c3,19.219,0.1551,False,False,True,23.12.x,0.0,2.563244985915015e+18,,,ZTF24aaawgxx
ztf,60317.244039400015,2563244035915015017,2,2563244035915,20.312864,1,2563,6.7548823,19.39489,19.3064,0.120844744,0.1388,95.4012606,21.5545321,0.7814286,t17_f5_c3,19.1794,0.1602,True,False,True,23.12.x,0.0,,0.999984,563120259.0,ZTF24aaawgxx
ztf,60317.24451390002,2563244515915015013,2,2563244515915,20.286,1,2563,7.05591,19.4153,19.269,0.13623,0.1337,95.4011217,21.5544999,0.68,t17_f5_c3,19.0477,0.1416,False,False,True,23.12.x,0.0,2.563244985915015e+18,,,ZTF24aaawgxx
ztf,60317.24498840002,2563244985915015020,2,2563244985915,20.35505,1,2563,6.9659257,19.520357,19.5102,0.18578102,0.1597,95.4010045,21.5545877,0.7,t17_f5_c3,19.5232,0.2101,True,False,True,23.12.x,0.0,,0.99932843,563120259.0,ZTF24aaawgxx
ztf,60317.24545140006,2563245455915015016,2,2563245455915,20.372393,1,2563,7.256047,19.465725,19.3941,0.15433027,0.1429,95.4009173,21.5545386,0.7214286,t17_f5_c3,19.5269,0.2093,True,False,True,23.12.x,0.0,,0.999774,563120259.0,ZTF24aaawgxx
ztf,60317.24592590006,2563245925915015018,2,2563245925915,20.392082,1,2563,7.2248874,19.50588,19.4361,0.12240608,0.1455,95.4008187,21.5546133,0.74142855,t17_f5_c3,19.2754,0.1627,True,False,True,23.12.x,0.0,,0.9998814,563120259.0,ZTF24aaawgxx
