tid,mjd,candid,fid,pid,diffmaglim,isdiffpos,nid,distnr,magpsf,magap,sigmapsf,sigmagap,ra,dec,rb,rbversion,magapbig,sigmagapbig,has_stamp,corrected,dubious,step_id_corr,phase,parent_candid,drb,rfid,oid
ztf,60319.16091440013,2565160913515015038,2,2565160913515,19.9769,1,2565,11.5582,19.2642,19.0314,0.1466,0.1314,92.0758859,19.1456004,0.597143,t17_f5_c3,19.0108,0.1653,False,False,True,23.12.x,0.0,2.565162323515015e+18,,,ZTF24aabhcjj
ztf,60319.16137730004,2565161373515015018,2,2565161373515,19.9186,1,2565,12.0746,19.3737,19.265,0.142136,0.1789,92.0757414,19.1455499,0.631429,t17_f5_c3,19.3523,0.2488,False,False,True,23.12.x,0.0,2.565162783515015e+18,,,ZTF24aabhcjj
ztf,60319.161851900164,2565161853515015035,2,2565161853515,20.0056,1,2565,12.3707,19.2838,19.0627,0.13158,0.1367,92.075601,19.145647,0.581429,t17_f5_c3,19.0264,0.1694,False,False,True,23.12.x,0.0,2.565163263515015e+18,,,ZTF24aabhcjj
ztf,60319.16232640017,2565162323515015030,2,2565162323515,20.026785,1,2565,12.871361,19.285522,19.0081,0.15499999,0.1297,92.0754502,19.1456181,0.5714286,t17_f5_c3,18.9157,0.1525,True,False,True,23.12.x,0.0,,0.99998367,562120235.0,ZTF24aabhcjj
ztf,60319.1627894002,2565162783515015023,2,2565162783515,19.890951,1,2565,12.959118,19.37221,19.4978,0.14067529,0.2134,92.0754157,19.1456383,0.75,t17_f5_c3,19.6355,0.3107,True,False,True,23.12.x,0.0,,0.99999464,562120235.0,ZTF24aabhcjj
ztf,60319.163263900205,2565163263515015032,2,2565163263515,19.958788,1,2565,13.441311,19.181114,18.9139,0.14845827,0.1253,92.0752439,19.1456871,0.6,t17_f5_c3,18.8406,0.15,True,False,True,23.12.x,0.0,,0.9998774,562120235.0,ZTF24aabhcjj
ztf,60319.16373840021,2565163733515015040,2,2565163733515,20.080915,1,2565,13.842359,19.33286,19.2759,0.1472674,0.1633,92.0751199,19.1456773,0.76285714,t17_f5_c3,19.2404,0.2026,True,False,True,23.12.x,0.0,,0.99996877,562120235.0,ZTF24aabhcjj
ztf,60319.16420139978,2565164203515015034,2,2565164203515,20.032185,1,2565,14.320876,19.227295,19.1514,0.13730681,0.1492,92.0749549,19.1457128,0.8414286,t17_f5_c3,19.1006,0.1823,True,False,True,23.12.x,0.0,,0.99998605,562120235.0,ZTF24aabhcjj
ztf,60319.16467589978,2565164673515015027,2,2565164673515,20.022537,1,2565,14.70153,19.220095,19.2231,0.12408198,0.1579,92.0748475,19.1456836,0.8542857,t17_f5_c3,19.2108,0.2001,True,False,True,23.12.x,0.0,,0.9999969,562120235.0,ZTF24aabhcjj
