tid,mjd,candid,fid,pid,diffmaglim,isdiffpos,nid,distnr,magpsf,magpsf_corr,magap,sigmapsf,sigmapsf_corr,sigmapsf_corr_ext,sigmagap,ra,dec,rb,rbversion,drb,magapbig,sigmagapbig,rfid,has_stamp,corrected,dubious,step_id_corr,phase,parent_candid,oid
ztf,61057.56950230012,3303569502315015009,2,3303569502315,19.079315,1,3303,0.7434882,17.278582,14.983282,17.2774,0.080658965,100.0,0.009739418,0.05,244.2444052,-21.905618,0.80714285,t17_f5_c3,0.99996626,17.2085,0.0583,1320120223.0,True,True,False,27.5.7a32.dev1,0.0,,ZTF25aayvjws
ztf,61060.56855319999,3306568552315010008,2,3306568552315,19.801882,-1,3306,0.0124671515,17.024218,15.330004,17.0099,0.043901615,100.0,0.009221361,0.0336,244.2443913,-21.9054086,0.89857143,t17_f5_c3,1.0,16.9936,0.041,1320120223.0,True,True,False,27.5.7a32.dev1,0.0,,ZTF25aayvjws
ztf,61069.562372699846,3315562372315015009,2,3315562372315,19.7506,1,3315,0.734151,18.4629,15.07403,18.8022,0.160199,100.0,0.0070649916,0.1735,244.2443002,-21.9055972,0.478571,t17_f5_c3,,18.9238,0.2383,,False,True,False,27.5.7a32.dev1,0.0,3.326553902315015e+18,ZTF25aayvjws
ztf,61075.558032399975,3321558032315010017,2,3321558032315,19.164421,-1,3321,0.13256446,16.557518,15.4599495,16.5902,0.0396291,100.0,0.0144207105,0.0281,244.2443861,-21.9053721,0.8428571,t17_f5_c3,0.9999894,16.5846,0.0351,1320120223.0,True,True,False,27.5.7a32.dev1,0.0,,ZTF25aayvjws
ztf,61076.5578240999,3322557822315010008,2,3322557822315,18.747322,-1,3322,0.05491516,16.372656,15.535879,16.3738,0.027575305,100.0,0.012758797,0.0397,244.2443749,-21.9054058,0.79571426,t17_f5_c3,1.0,16.3667,0.0501,1320120223.0,True,True,False,27.5.7a32.dev1,0.0,,ZTF25aayvjws
ztf,61077.555358800106,3323555352315015004,2,3323555352315,19.50223,1,3323,0.13547614,15.972731,14.7142,16.0096,0.045219135,0.008984973,0.014187639,0.0168,244.244355,-21.9054223,0.85571426,t17_f5_c3,0.9999998,16.0051,0.0206,1320120223.0,True,True,False,27.5.7a32.dev1,0.0,,ZTF25aayvjws
ztf,61079.554236100055,3325554232315015007,2,3325554232315,19.19894,1,3325,0.54451704,16.644857,14.884046,16.7453,0.06506468,0.000605258,0.0128534725,0.0294,244.2442624,-21.9053131,0.77,t17_f5_c3,0.9994626,16.7279,0.0357,1320120223.0,True,True,False,27.5.7a32.dev1,0.0,,ZTF25aayvjws
ztf,61080.55390049983,3326553902315015002,2,3326553902315,19.69112,1,3326,0.5258577,17.929665,15.044081,18.1155,0.15203142,100.0,0.010658591,0.1017,244.2442307,-21.9054356,0.36285713,t17_f5_c3,0.4031756,18.2255,0.1397,1320120223.0,True,True,False,27.5.7a32.dev1,0.0,,ZTF25aayvjws
