tid,mjd,candid,fid,pid,diffmaglim,isdiffpos,nid,distnr,magpsf,magpsf_corr,magap,sigmapsf,sigmapsf_corr,sigmapsf_corr_ext,sigmagap,ra,dec,rb,rbversion,drb,magapbig,sigmagapbig,rfid,has_stamp,corrected,dubious,step_id_corr,phase,oid
ztf,61020.56635419978,3266566355115015004,2,3266566355115,18.809137,1,3266,0.21770078,15.787061,14.070793,16.0478,0.07566835,0.010032238,0.015574251,0.0329,222.7768098,-10.7775971,0.5814286,t17_f5_c3,0.8396126,16.046,0.0412,1368120251,True,True,False,27.5.7a32.dev1,0.0,ZTF23aajbemh
ztf,61024.563530100044,3270563535115015002,2,3270563535115,19.363567,1,3270,0.24281587,15.701222,14.052563,15.9559,0.1072225,0.020356813,0.023486694,0.0179,222.7768985,-10.7776266,0.56714284,t17_f5_c3,0.9870012,15.922,0.0207,1368120251,True,True,False,27.5.7a32.dev1,0.0,ZTF23aajbemh
ztf,61024.56592589989,3270565925115015001,2,3270565925115,19.281643,1,3270,0.3574236,15.702351,14.05281,15.9628,0.080383964,0.013124207,0.017593527,0.019,222.7769344,-10.7776314,0.5542857,t17_f5_c3,0.99959886,15.9484,0.0225,1368120251,True,True,False,27.5.7a32.dev1,0.0,ZTF23aajbemh
ztf,61024.57037039986,3270570375115015000,2,3270570375115,19.218134,1,3270,0.29806468,15.729841,14.058767,15.9376,0.097799,0.017365463,0.020984795,0.0206,222.7769149,-10.7776251,0.5114286,t17_f5_c3,0.22846904,15.9321,0.0249,1368120251,True,True,False,27.5.7a32.dev1,0.0,ZTF23aajbemh
ztf,61025.56539350003,3271565395115015000,2,3271565395115,19.03575,1,3271,0.3299031,15.702307,14.0528,15.9209,0.060349096,0.006098453,0.01320894,0.0187,222.7768967,-10.7775835,0.8157143,t17_f5_c3,0.9999387,15.9241,0.0226,1368120251,True,True,False,27.5.7a32.dev1,0.0,ZTF23aajbemh
ztf,61025.5693518999,3271569355115015001,2,3271569355115,18.869913,1,3271,0.45317996,15.696922,14.051619,15.9194,0.053560328,0.001229392,0.011768521,0.0219,222.7769639,-10.777644,0.6514286,t17_f5_c3,0.9998995,15.8995,0.0265,1368120251,True,True,False,27.5.7a32.dev1,0.0,ZTF23aajbemh
ztf,61025.575555600226,3271575555115015009,2,3271575555115,18.116217,1,3271,0.22472808,15.791125,14.071629,15.9755,0.052490357,100.0,0.010771614,0.0425,222.7768553,-10.7775935,0.5714286,t17_f5_c3,0.9864415,15.9756,0.054,1368120251,True,True,False,27.5.7a32.dev1,0.0,ZTF23aajbemh
ztf,61051.56223380007,3297562235115015002,2,3297562235115,19.20113,1,3297,0.47339344,16.657274,14.2015705,16.8582,0.09657426,100.0,0.010059578,0.0363,222.7769591,-10.7776008,0.7214286,t17_f5_c3,0.9986034,16.8103,0.0415,1368120251,True,True,False,27.5.7a32.dev1,0.0,ZTF23aajbemh
