tid,mjd,candid,fid,pid,diffmaglim,isdiffpos,nid,distnr,magpsf,magpsf_corr,magap,sigmapsf,sigmapsf_corr,sigmapsf_corr_ext,sigmagap,ra,dec,rb,rbversion,drb,magapbig,sigmagapbig,rfid,has_stamp,corrected,dubious,step_id_corr,phase,parent_candid,oid
ztf,61096.54857640015,3342548571915010020,2,3342548571915,19.483335,-1,3342,0.10097982,15.841917,14.073479,15.9162,0.05487874,100.0,0.010765366,0.0171,281.4814466,-22.3199686,0.72,t17_f5_c3,0.98503554,15.909,0.0201,1325120219.0,True,True,False,27.5.7a32.dev1,0.0,,ZTF25aazspqu
ztf,61099.54545139987,3345545451915010022,2,3345545451915,19.676918,-1,3345,0.59148157,15.627512,14.121003,15.8204,0.044883497,100.0,0.011206839,0.014,281.4813036,-22.3199047,0.6457143,t17_f5_c3,0.995589,15.8258,0.0164,1325120219.0,True,True,False,27.5.7a32.dev1,0.0,,ZTF25aazspqu
ztf,61100.54422450019,3346544221915010019,2,3346544221915,19.145958,-1,3346,0.40057084,15.608273,14.12586,15.7824,0.050531927,100.0,0.012900338,0.0178,281.4813623,-22.3199128,0.7828571,t17_f5_c3,0.9991215,15.8001,0.0221,1325120219.0,True,True,False,27.5.7a32.dev1,0.0,,ZTF25aazspqu
ztf,61100.54422450019,3346544221915020019,2,3346544221915,19.146,-1,3346,0.400571,15.6083,14.125854,15.7824,0.050532,100.0,0.012899944,0.0178,281.4813623,-22.3199128,0.782857,t17_f5_c3,,15.8001,0.0221,,False,True,False,27.5.7a32.dev1,0.0,3.35454002191501e+18,ZTF25aazspqu
ztf,61101.54349539988,3347543491915010020,2,3347543491915,17.936478,-1,3347,0.5358733,15.835862,14.074671,16.0505,0.04685956,100.0,0.00925383,0.0499,281.4813137,-22.3199812,0.57285714,t17_f5_c3,0.99955016,16.1343,0.068,1325120219.0,True,True,False,27.5.7a32.dev1,0.0,,ZTF25aazspqu
ztf,61105.53881940013,3351538811915010022,2,3351538811915,19.128338,-1,3351,0.22020185,15.212355,14.255234,15.3859,0.04148801,100.0,0.017182026,0.0125,281.4814194,-22.3199217,0.77428573,t17_f5_c3,0.99960655,15.3835,0.0153,1325120219.0,True,True,False,27.5.7a32.dev1,0.0,,ZTF25aazspqu
ztf,61108.5400231001,3354540021915010017,2,3354540021915,19.09075,-1,3354,0.10806363,15.250025,14.240008,15.2146,0.031208709,100.0,0.012310313,0.0109,281.4814418,-22.3199558,0.7614286,t17_f5_c3,1.0,15.2139,0.0132,1325120219.0,True,True,False,27.5.7a32.dev1,0.0,,ZTF25aazspqu
