tid,mjd,candid,fid,pid,diffmaglim,isdiffpos,nid,distnr,magpsf,magap,sigmapsf,sigmagap,ra,dec,rb,rbversion,drb,magapbig,sigmagapbig,rfid,has_stamp,corrected,dubious,step_id_corr,phase,parent_candid,oid
ztf,60306.55500000017,2552555002815015001,2,2552555002815,19.69246,1,2552,6.009398,19.392248,19.4098,0.18145403,0.3158,230.6262123,3.9901914,0.89,t17_f5_c3,0.9999225,19.2939,0.3638,480120228.0,True,False,True,23.12.x,0.0,,ZTF23abvsevq
ztf,60306.55748840002,2552557482815015000,2,2552557482815,19.626745,1,2552,5.962123,19.219288,19.15,0.14326644,0.2558,230.6261225,3.9901651,0.9071429,t17_f5_c3,0.9999299,18.9739,0.2787,480120228.0,True,False,True,23.12.x,0.0,,ZTF23abvsevq
ztf,60306.55998839997,2552559982815015001,2,2552559982815,19.60876,1,2552,6.212643,19.394163,19.2278,0.1707966,0.287,230.6261753,3.9902444,0.81142855,t17_f5_c3,0.9987138,19.1197,0.3333,480120228.0,True,False,True,23.12.x,0.0,,ZTF23abvsevq
ztf,60306.56248839991,2552562482815015006,2,2552562482815,19.649662,1,2552,6.2976017,19.493385,19.1877,0.17457806,0.2688,230.6261895,3.9902703,0.8314286,t17_f5_c3,0.9999875,18.8918,0.2625,480120228.0,True,False,True,23.12.x,0.0,,ZTF23abvsevq
ztf,60306.564976899885,2552564972815015007,2,2552564972815,19.358751,1,2552,6.26564,19.197325,18.9238,0.17500025,0.2661,230.6261875,3.990261,0.74714285,t17_f5_c3,0.9999226,19.0814,0.3949,480120228.0,True,False,True,23.12.x,0.0,,ZTF23abvsevq
ztf,60311.545011600014,2557545012815015000,2,2557545012815,19.981369,1,2557,6.312959,19.33053,19.8012,0.14489083,0.3439,230.6261999,3.9902761,0.8385714,t17_f5_c3,0.99999535,19.7984,0.4395,480120228.0,True,False,True,23.12.x,0.0,,ZTF23abvsevq
ztf,60315.559178200085,2561559172815015004,1,2561559172815,19.966213,1,2561,6.2363057,19.168821,19.1092,0.12186242,0.1466,230.6261834,3.9902169,0.8371429,t17_f5_c3,0.99996614,19.1178,0.1888,480120128.0,True,False,False,23.12.x,0.0,,ZTF23abvsevq
ztf,60327.51843750011,2573518432815015006,1,2573518432815,20.2493,1,2573,6.24238,20.2836,20.3255,0.244721,0.3537,230.6261489,3.9902136,0.764286,t17_f5_c3,,20.5756,0.5694,,False,False,False,23.12.x,0.0,2.573529612815015e+18,ZTF23abvsevq
ztf,60327.5296180998,2573529612815015005,2,2573529612815,20.308432,1,2573,6.2828836,19.654226,19.456,0.14939232,0.1775,230.6261751,3.9902643,0.8528572,t17_f5_c3,0.9999951,19.2883,0.1944,480120228.0,True,False,True,23.12.x,0.0,,ZTF23abvsevq
