tid,mjd,candid,fid,pid,diffmaglim,isdiffpos,nid,distnr,magpsf,magpsf_corr,magap,sigmapsf,sigmapsf_corr,sigmapsf_corr_ext,sigmagap,ra,dec,rb,rbversion,drb,magapbig,sigmagapbig,rfid,has_stamp,corrected,dubious,step_id_corr,phase,parent_candid,oid
ztf,61057.56950230012,3303569503615015004,2,3303569503615,19.14316,1,3303,0.31823435,15.820149,14.433928,15.8811,0.035912473,100.0,0.010017436,0.0144,243.5454299,-19.0010616,0.86142856,t17_f5_c3,0.9996035,15.846,0.0169,1320120236.0,True,True,False,27.5.7a32.dev1,0.0,,ZTF25absbiem
ztf,61060.56855319999,3306568553615015003,2,3306568553615,19.8454,1,3306,0.253971,15.8611,14.445196,15.8695,0.039558,100.0,0.010736745,0.0129,243.5454045,-19.00117,0.608571,t17_f5_c3,,15.8642,0.0153,,False,True,False,27.5.7a32.dev1,0.0,3.325554233615015e+18,ZTF25absbiem
ztf,61069.562372699846,3315562373615015001,2,3315562373615,19.6901,1,3315,0.214336,15.8322,14.437276,15.9897,0.07866,0.016263869,0.021766277,0.0147,243.5453777,-19.001173,0.735714,t17_f5_c3,,15.9667,0.0172,,False,True,False,27.5.7a32.dev1,0.0,3.325554233615015e+18,ZTF25absbiem
ztf,61070.56201389991,3316562013615015004,2,3316562013615,19.457932,1,3316,0.01851946,15.975296,14.475022,15.9877,0.04139988,100.0,0.01039656,0.0139,243.5453592,-19.0011131,0.87857145,t17_f5_c3,0.99979264,15.9619,0.0161,1320120236.0,True,True,False,27.5.7a32.dev1,0.0,,ZTF25absbiem
ztf,61075.558032399975,3321558033615015005,2,3321558033615,19.231958,1,3321,0.13577168,16.056055,14.494745,16.1795,0.05042411,100.0,0.011970555,0.0198,243.5453954,-19.0011211,0.7757143,t17_f5_c3,0.99994266,16.1921,0.0245,1320120236.0,True,True,False,27.5.7a32.dev1,0.0,,ZTF25absbiem
ztf,61076.5578240999,3322557823615015042,2,3322557823615,18.845863,1,3322,0.42584392,16.456951,14.577391,16.5139,0.06218221,100.0,0.011011382,0.042,243.5453136,-19.0010034,0.81714284,t17_f5_c3,0.999892,16.5115,0.0527,1320120236.0,True,True,False,27.5.7a32.dev1,0.0,,ZTF25absbiem
ztf,61079.554236100055,3325554233615015013,2,3325554233615,19.237923,1,3325,0.27577803,15.970341,14.473776,16.3119,0.07480158,0.011465962,0.018848848,0.0199,243.5454096,-19.0011747,0.7657143,t17_f5_c3,0.9999316,16.3208,0.0243,1320120236.0,True,True,False,27.5.7a32.dev1,0.0,,ZTF25absbiem
