tid,mjd,candid,fid,pid,diffmaglim,isdiffpos,nid,distnr,magpsf,magap,sigmapsf,sigmagap,ra,dec,rb,rbversion,magapbig,sigmagapbig,has_stamp,corrected,dubious,step_id_corr,phase,parent_candid,drb,rfid,oid
ztf,60319.341828700155,2565341823715015027,2,2565341823715,20.1422,1,2565,8.51782,18.6827,18.6727,0.076447,0.0939,88.7228438,20.2803932,0.827143,t17_f5_c3,18.5699,0.1092,False,False,True,23.12.x,0.0,2.565343243715015e+18,,,ZTF24aabkjbh
ztf,60319.34230320016,2565342303715015033,2,2565342303715,20.1641,1,2565,8.48491,18.6558,18.6323,0.064171,0.091,88.7227279,20.2803929,0.867143,t17_f5_c3,18.596,0.1125,False,False,True,23.12.x,0.0,2.565343243715015e+18,,,ZTF24aabkjbh
ztf,60319.342777799815,2565342773715015021,2,2565342773715,20.0846,1,2565,8.42697,18.7294,18.7872,0.071661,0.1064,88.7226279,20.2804025,0.848571,t17_f5_c3,18.7843,0.1354,False,False,True,23.12.x,0.0,2.565343243715015e+18,,,ZTF24aabkjbh
ztf,60319.3432407002,2565343243715015017,2,2565343243715,20.196938,1,2565,8.356807,18.64229,18.5588,0.058048315,0.0843,88.72249,20.2804203,0.8542857,t17_f5_c3,18.5474,0.1064,True,False,True,23.12.x,0.0,,0.99967545,562120237.0,ZTF24aabkjbh
ztf,60319.34371529985,2565343713715015027,2,2565343713715,20.1614,1,2565,8.46451,18.7035,18.6201,0.063132,0.09,88.7224185,20.2803913,0.808571,t17_f5_c3,18.658,0.1189,False,False,True,23.12.x,0.0,2.565344183715015e+18,,,ZTF24aabkjbh
ztf,60319.34418979986,2565344183715015018,2,2565344183715,20.19671,1,2565,8.372299,18.650501,18.6073,0.069488995,0.0876,88.7222787,20.2804284,0.8385714,t17_f5_c3,18.6546,0.1167,True,False,True,23.12.x,0.0,,0.9998894,562120237.0,ZTF24aabkjbh
