tid,mjd,candid,fid,pid,diffmaglim,isdiffpos,nid,distnr,magpsf,magap,sigmapsf,sigmagap,ra,dec,rb,rbversion,magapbig,sigmagapbig,has_stamp,corrected,dubious,step_id_corr,phase,parent_candid,drb,rfid,oid
ztf,60319.3244097,2565324401815015009,2,2565324401815,20.4773,1,2565,11.2064,19.9748,19.8412,0.169547,0.2196,91.0308483,17.8413442,0.702857,t17_f5_c3,19.9243,0.3036,False,False,True,23.12.x,0.0,2.565326751815015e+18,,,ZTF24aabkapw
ztf,60319.325347200036,2565325341815015007,2,2565325341815,20.4124,1,2565,11.5493,20.083,20.341,0.165843,0.3598,91.0307232,17.8413122,0.761429,t17_f5_c3,20.2862,0.4389,False,False,True,23.12.x,0.0,2.565327221815015e+18,,,ZTF24aabkapw
ztf,60319.32582180016,2565325821815015007,2,2565325821815,20.3193,1,2565,11.6712,20.1647,20.2353,0.258491,0.3592,91.0306918,17.8412891,0.515714,t17_f5_c3,20.3988,0.5355,False,False,True,23.12.x,0.0,2.565327221815015e+18,,,ZTF24aabkapw
ztf,60319.32628470007,2565326281815015004,2,2565326281815,20.4505,1,2565,11.6301,20.0829,20.3466,0.189378,0.3535,91.030623,17.8413575,0.672857,t17_f5_c3,20.3204,0.4433,False,False,True,23.12.x,0.0,2.565327221815015e+18,,,ZTF24aabkapw
ztf,60319.326759300195,2565326751815015006,2,2565326751815,20.437744,1,2565,12.232603,20.327135,20.4143,0.17473656,0.3765,91.0304723,17.8412614,0.72571427,t17_f5_c3,20.4127,0.4826,True,False,True,23.12.x,0.0,,0.99987596,562120218.0,ZTF24aabkapw
ztf,60319.32722220011,2565327221815015007,2,2565327221815,20.444267,1,2565,12.226156,20.050892,20.0992,0.17303896,0.284,91.0303539,17.8413619,0.73285717,t17_f5_c3,20.2674,0.4248,True,False,True,23.12.x,0.0,,0.99999976,562120218.0,ZTF24aabkapw
ztf,60319.32769680023,2565327691815015006,2,2565327691815,20.3428,1,2565,12.25,19.9001,20.0433,0.182303,0.3014,91.0303647,17.8413425,0.755714,t17_f5_c3,19.8369,0.32,False,False,True,23.12.x,0.0,2.565330051815015e+18,,,ZTF24aabkapw
ztf,60319.3286342998,2565328631815015006,2,2565328631815,20.46188,1,2565,12.944398,20.12613,20.2468,0.18826804,0.3199,91.0301965,17.8412261,0.6685714,t17_f5_c3,20.435,0.4884,True,False,True,23.12.x,0.0,,0.9998709,562120218.0,ZTF24aabkapw
ztf,60319.33005789993,2565330051815015004,2,2565330051815,20.229954,1,2565,12.719936,20.046474,19.9071,0.19288695,0.2761,91.0301277,17.8413771,0.6085714,t17_f5_c3,20.1646,0.449,True,False,True,23.12.x,0.0,,0.9998522,562120218.0,ZTF24aabkapw
