tid,mjd,candid,fid,pid,diffmaglim,isdiffpos,nid,distnr,magpsf,magap,sigmapsf,sigmagap,ra,dec,rb,rbversion,magapbig,sigmagapbig,has_stamp,corrected,dubious,step_id_corr,phase,parent_candid,drb,rfid,oid
ztf,60319.51872690022,2565518725215015005,2,2565518725215,20.0594,1,2565,2.56866,19.4506,19.3797,0.151312,0.1925,152.62787,8.1526107,0.727143,t17_f5_c3,19.5886,0.2987,False,False,True,23.12.x,0.0,2.565519665215015e+18,,,ZTF24aabmyvi
ztf,60319.51966439979,2565519665215015004,2,2565519665215,19.940683,1,2565,3.1515284,19.348696,19.4788,0.1288697,0.2205,152.6277748,8.1528797,0.75142854,t17_f5_c3,19.4828,0.2835,True,False,True,23.12.x,0.0,,0.99999607,468120252.0,ZTF24aabmyvi
ztf,60319.520138899796,2565520135215015004,2,2565520135215,20.100357,1,2565,3.485915,19.45717,19.6901,0.11183034,0.2424,152.6276896,8.1529213,0.81142855,t17_f5_c3,19.4745,0.2552,True,False,True,23.12.x,0.0,,0.9999966,468120252.0,ZTF24aabmyvi
ztf,60319.52060189983,2565520605215015004,2,2565520605215,19.933603,1,2565,3.881614,19.422495,19.3024,0.17824733,0.1949,152.6276461,8.15308,0.74857146,t17_f5_c3,19.2189,0.2315,True,False,True,23.12.x,0.0,,0.9998462,468120252.0,ZTF24aabmyvi
ztf,60319.52107639983,2565521075215015002,2,2565521075215,19.993816,1,2565,4.2169976,19.588705,19.4439,0.16805285,0.206,152.6275679,8.1531344,0.7171429,t17_f5_c3,19.5224,0.2837,True,False,True,23.12.x,0.0,,0.99999416,468120252.0,ZTF24aabmyvi
ztf,60319.52155089984,2565521555215015004,2,2565521555215,20.040564,1,2565,4.42329,19.40361,19.3477,0.15101355,0.1869,152.6275197,8.1531795,0.6957143,t17_f5_c3,19.2867,0.2263,True,False,True,23.12.x,0.0,,0.9998043,468120252.0,ZTF24aabmyvi
ztf,60319.52201389987,2565522015215015002,2,2565522015215,20.005741,1,2565,4.9104176,19.415913,19.4244,0.16753167,0.2109,152.6274629,8.1533306,0.7128571,t17_f5_c3,19.2044,0.2209,True,False,True,23.12.x,0.0,,0.99885786,468120252.0,ZTF24aabmyvi
