tid,mjd,candid,fid,pid,diffmaglim,isdiffpos,nid,distnr,magpsf,magap,sigmapsf,sigmagap,ra,dec,rb,rbversion,magapbig,sigmagapbig,has_stamp,corrected,dubious,step_id_corr,phase,parent_candid,drb,rfid,oid
ztf,60318.23812500015,2564238120815015001,2,2564238120815,20.1874,1,2564,2.98823,19.9367,20.115,0.175369,0.3307,128.2053426,67.0716015,0.814286,t17_f5_c3,20.0032,0.3829,False,False,False,23.12.x,0.0,2.564239530815015e+18,,,ZTF24aabdzrv
ztf,60318.23858800018,2564238580815015003,2,2564238580815,20.2725,1,2564,2.79801,20.1924,20.1433,0.186735,0.3284,128.2051301,67.0716121,0.691429,t17_f5_c3,19.5925,0.2542,False,False,False,23.12.x,0.0,2.564240480815015e+18,,,ZTF24aabdzrv
ztf,60318.239062500186,2564239060815015002,2,2564239060815,20.26,1,2564,2.85356,19.9092,19.7579,0.166162,0.2321,128.2048923,67.0717062,0.697143,t17_f5_c3,19.8269,0.317,False,False,False,23.12.x,0.0,2.564240480815015e+18,,,ZTF24aabdzrv
ztf,60318.23953700019,2564239530815015007,2,2564239530815,20.24277,1,2564,2.4675167,20.0022,20.3467,0.1972822,0.4011,128.2046104,67.071647,0.72,t17_f5_c3,20.026,0.3831,True,False,False,23.12.x,0.0,,0.99510115,840120208.0,ZTF24aabdzrv
ztf,60318.240011599846,2564240010815015008,2,2564240010815,20.1549,1,2564,2.5096,19.9601,19.923,0.175573,0.2801,128.204355,67.0717063,0.75,t17_f5_c3,19.7233,0.2991,False,False,False,23.12.x,0.0,2.564240480815015e+18,,,ZTF24aabdzrv
ztf,60318.24048609985,2564240480815015001,2,2564240480815,20.195438,1,2564,2.4512362,19.842178,19.8838,0.19838475,0.2661,128.2041026,67.0717169,0.5871429,t17_f5_c3,20.2594,0.4821,True,False,False,23.12.x,0.0,,0.9987279,840120208.0,ZTF24aabdzrv
ztf,60318.24094909988,2564240940815015007,2,2564240940815,20.138006,1,2564,2.366804,19.927843,19.5661,0.18093367,0.203,128.2039706,67.071703,0.36857143,t17_f5_c3,19.6401,0.2787,True,False,False,23.12.x,0.0,,0.99871993,840120208.0,ZTF24aabdzrv
ztf,60318.24142359989,2564241420815015003,2,2564241420815,20.1843,1,2564,2.4105814,19.767807,19.9362,0.1772827,0.2812,128.2038172,67.0717211,0.5885714,t17_f5_c3,19.7133,0.294,True,False,False,23.12.x,0.0,,0.99741185,840120208.0,ZTF24aabdzrv
