tid,mjd,candid,fid,pid,diffmaglim,isdiffpos,nid,distnr,magpsf,magap,sigmapsf,sigmagap,ra,dec,rb,rbversion,magapbig,sigmagapbig,has_stamp,corrected,dubious,step_id_corr,phase,parent_candid,drb,rfid,oid
ztf,60042.43657410005,2288436570215015003,2,2288436570215,19.8068,1,2288,3.33541,19.8872,20.0782,0.223718,0.561,254.8935971,15.7071529,0.625714,t17_f5_c3,20.4068,0.9708,False,False,False,1.1.6,0.0,2.301401080215015e+18,,,ZTF23aaenhed
ztf,60055.40108799981,2301401080215015001,2,2301401080215,20.547537,1,2301,3.28821,20.422289,20.931,0.18848483,0.6161,254.8936118,15.7071572,0.64428574,t17_f5_c3,20.8274,0.7076,True,False,False,1.1.6,0.0,,0.9999773,585120202.0,ZTF23aaenhed
ztf,60057.431041699834,2303431040215015000,2,2303431040215,20.2543,1,2303,3.12138,20.6888,20.5834,0.357013,0.5797,254.8936715,15.7071669,0.397143,t17_f5_c3,20.1848,0.5107,False,False,False,1.2.0,0.0,2.305435700215015e+18,,,ZTF23aaenhed
ztf,60059.435705999844,2305435700215015004,2,2305435700215,20.492249,1,2305,3.063817,20.347347,20.6291,0.20462374,0.47,254.8936177,15.7072467,0.7714286,t17_f5_c3,20.27,0.4261,True,False,False,1.2.0,0.0,,0.99988294,585120202.0,ZTF23aaenhed
ztf,60063.464780100156,2309464780215015003,2,2309464780215,20.4471,1,2309,3.23163,20.3934,20.4451,0.226679,0.4046,254.8936076,15.7071826,0.667143,t17_f5_c3,20.0898,0.3691,False,False,False,1.2.0,0.0,2.324402230215015e+18,,,ZTF23aaenhed
ztf,60075.332245400175,2321332240215015004,2,2321332240215,20.5324,1,2321,2.99695,20.3898,20.7869,0.24859,0.5486,254.893693,15.7071948,0.571429,t17_f5_c3,20.5626,0.5639,False,False,False,1.2.0,0.0,2.324402230215015e+18,,,ZTF23aaenhed
ztf,60078.40223379992,2324402230215015005,2,2324402230215,20.560722,1,2324,3.41126,20.5906,20.7373,0.21417086,0.4877,254.8935715,15.7071515,0.6857143,t17_f5_c3,20.6015,0.5417,True,False,False,1.2.0,0.0,,0.99901295,585120202.0,ZTF23aaenhed
