tid,mjd,candid,fid,pid,diffmaglim,isdiffpos,nid,distnr,magpsf,magap,sigmapsf,sigmagap,ra,dec,rb,rbversion,magapbig,sigmagapbig,has_stamp,corrected,dubious,step_id_corr,phase,parent_candid,drb,rfid,oid
ztf,60319.17645830009,2565176450715015013,2,2565176450715,20.3778,1,2565,9.20047,18.4757,18.4627,0.069391,0.0641,89.4958839,15.8014435,0.962857,t17_f5_c3,18.5112,0.0849,False,False,True,23.12.x,0.0,2.565178340715015e+18,,,ZTF24aabhjrp
ztf,60319.17693290021,2565176930715015014,2,2565176930715,20.325,1,2565,8.85876,18.4575,18.5105,0.072044,0.0693,89.4957912,15.8014835,0.964286,t17_f5_c3,18.5038,0.0876,False,False,True,23.12.x,0.0,2.565178340715015e+18,,,ZTF24aabhjrp
ztf,60319.17739580013,2565177390715015008,2,2565177390715,20.2761,1,2565,8.56443,18.4622,18.3876,0.063563,0.064,89.495709,15.8015197,0.954286,t17_f5_c3,18.421,0.0839,False,False,True,23.12.x,0.0,2.565178340715015e+18,,,ZTF24aabhjrp
ztf,60319.177870399784,2565177870715015013,2,2565177870715,20.2234,1,2565,8.12236,18.4683,18.5556,0.069327,0.0766,89.4955848,15.8015491,0.967143,t17_f5_c3,18.5697,0.0987,False,False,True,23.12.x,0.0,2.565178340715015e+18,,,ZTF24aabhjrp
ztf,60319.17834489979,2565178340715015017,2,2565178340715,20.175716,1,2565,7.8478036,18.506529,18.574,0.08121081,0.0792,89.4955128,15.801585,0.96,t17_f5_c3,18.5238,0.0963,True,False,True,23.12.x,0.0,,0.9999999,562120207.0,ZTF24aabhjrp
ztf,60319.17881939979,2565178810715015009,2,2565178810715,20.226698,1,2565,7.5446253,18.4756,18.4974,0.08695393,0.0718,89.4954295,15.8016259,0.9614286,t17_f5_c3,18.4778,0.0897,True,False,True,23.12.x,0.0,,0.9999944,562120207.0,ZTF24aabhjrp
ztf,60319.179282399826,2565179280715015013,2,2565179280715,20.1846,1,2565,7.20008,18.4621,18.4806,0.082619,0.0731,89.4953341,15.8016652,0.965714,t17_f5_c3,18.4742,0.0925,False,False,True,23.12.x,0.0,2.565179750715015e+18,,,ZTF24aabhjrp
ztf,60319.17975689983,2565179750715015013,2,2565179750715,20.165113,1,2565,6.870238,18.46527,18.4597,0.091055006,0.0721,89.4952391,15.8016754,0.9457143,t17_f5_c3,18.4839,0.0938,True,False,True,23.12.x,0.0,,0.9999999,562120207.0,ZTF24aabhjrp
