tid,mjd,candid,fid,pid,diffmaglim,isdiffpos,nid,distnr,magpsf,magap,sigmapsf,sigmagap,ra,dec,rb,rbversion,magapbig,sigmagapbig,has_stamp,corrected,dubious,step_id_corr,phase,parent_candid,drb,rfid,oid
ztf,60319.303669000044,2565303663315015035,2,2565303663315,20.189,1,2565,8.71214,19.4409,19.3953,0.129891,0.162,91.1759455,19.9507938,0.735714,t17_f5_c3,19.214,0.1763,False,False,True,23.12.x,0.0,2.565305093315015e+18,,,ZTF24aabjovs
ztf,60319.30414350005,2565304143315015035,2,2565304143315,20.261,1,2565,9.13804,19.3268,19.2813,0.103508,0.1432,91.1758269,19.9507409,0.87,t17_f5_c3,19.2284,0.1753,False,False,True,23.12.x,0.0,2.565305093315015e+18,,,ZTF24aabjovs
ztf,60319.30461810017,2565304613315015033,2,2565304613315,20.2777,1,2565,9.3988,19.3762,19.3963,0.130205,0.1589,91.1757345,19.9508014,0.835714,t17_f5_c3,19.1346,0.1606,False,False,True,23.12.x,0.0,2.565306033315015e+18,,,ZTF24aabjovs
ztf,60319.305092600174,2565305093315015025,2,2565305093315,20.2557,1,2565,9.939345,19.467493,19.1679,0.12794861,0.1297,91.1755816,19.9507667,0.6571429,t17_f5_c3,19.2085,0.1726,True,False,True,23.12.x,0.0,,0.9998293,562120233.0,ZTF24aabjovs
ztf,60319.30555560021,2565305553315015044,2,2565305553315,20.297913,1,2565,10.323056,19.34185,19.4867,0.10197607,0.1699,91.1754569,19.9507834,0.81,t17_f5_c3,19.5015,0.2207,True,False,True,23.12.x,0.0,,0.99959916,562120233.0,ZTF24aabjovs
ztf,60319.30603010021,2565306033315015037,2,2565306033315,20.30374,1,2565,10.586346,19.329355,19.2645,0.11841306,0.1409,91.1753675,19.9508413,0.85714287,t17_f5_c3,19.3052,0.1873,True,False,True,23.12.x,0.0,,0.9999993,562120233.0,ZTF24aabjovs
ztf,60319.306504600216,2565306503315015032,2,2565306503315,20.177116,1,2565,11.097059,19.324043,19.2271,0.12718701,0.1388,91.1752168,19.9508473,0.67142856,t17_f5_c3,19.1871,0.1714,True,False,True,23.12.x,0.0,,0.99991894,562120233.0,ZTF24aabjovs
ztf,60319.30696759978,2565306963315015035,2,2565306963315,20.221645,1,2565,11.401897,19.492289,19.5427,0.12578052,0.1851,91.1751194,19.9508506,0.7814286,t17_f5_c3,19.603,0.2505,True,False,True,23.12.x,0.0,,0.9999958,562120233.0,ZTF24aabjovs
