tid,mjd,candid,fid,pid,diffmaglim,isdiffpos,nid,distnr,magpsf,magap,sigmapsf,sigmagap,ra,dec,rb,rbversion,magapbig,sigmagapbig,has_stamp,corrected,dubious,step_id_corr,phase,parent_candid,drb,rfid,oid
ztf,60319.25230319984,2565252303015015053,2,2565252303015,20.249,1,2565,11.6256,19.123,19.0943,0.102397,0.1187,84.9759877,17.1473508,0.761429,t17_f5_c3,19.0291,0.1429,False,False,True,23.12.x,0.0,2.565253713015015e+18,,,ZTF24aabipul
ztf,60319.252777799964,2565252773015015048,2,2565252773015,20.2558,1,2565,11.8026,19.0837,18.9989,0.091206,0.1087,84.9758887,17.1473479,0.931429,t17_f5_c3,19.0328,0.1432,False,False,True,23.12.x,0.0,2.565253713015015e+18,,,ZTF24aabipul
ztf,60319.25325229997,2565253253015015023,2,2565253253015,20.2512,1,2565,12.0487,19.07,19.0276,0.095889,0.111,84.975766,17.1473492,0.918571,t17_f5_c3,18.9646,0.1339,False,False,True,23.12.x,0.0,2.565253713015015e+18,,,ZTF24aabipul
ztf,60319.2537153,2565253713015015016,2,2565253713015,20.1939,1,2565,12.258463,19.068735,18.9229,0.09872397,0.1037,84.9756511,17.1473894,0.87142855,t17_f5_c3,18.8823,0.1277,True,False,True,23.12.x,0.0,,0.99999094,562120230.0,ZTF24aabipul
ztf,60319.254189800005,2565254183015015022,2,2565254183015,20.198,1,2565,12.4123,19.0736,19.0401,0.093659,0.1155,84.9755797,17.1473386,0.92,t17_f5_c3,19.0882,0.1543,False,False,True,23.12.x,0.0,2.565255603015015e+18,,,ZTF24aabipul
ztf,60319.25466440013,2565254663015015014,2,2565254663015,20.1854,1,2565,12.3609,19.077,19.123,0.094042,0.1261,84.9754964,17.1473755,0.895714,t17_f5_c3,19.1082,0.159,False,False,True,23.12.x,0.0,2.565255603015015e+18,,,ZTF24aabipul
ztf,60319.25513890013,2565255133015015032,2,2565255133015,20.2503,1,2565,12.4983,19.1151,19.141,0.110466,0.1236,84.9753743,17.1473561,0.837143,t17_f5_c3,19.0413,0.1443,False,False,True,23.12.x,0.0,2.565255603015015e+18,,,ZTF24aabipul
ztf,60319.255601900164,2565255603015015019,2,2565255603015,20.292986,1,2565,12.527168,19.175814,19.1601,0.124186,0.1242,84.9752559,17.1473702,0.8842857,t17_f5_c3,19.2516,0.1726,True,False,True,23.12.x,0.0,,0.99999523,562120230.0,ZTF24aabipul
ztf,60319.25607640017,2565256073015015020,2,2565256073015,20.343176,1,2565,12.727873,19.129656,19.0027,0.08909681,0.1053,84.9751422,17.1473377,0.91,t17_f5_c3,18.9072,0.1232,True,False,True,23.12.x,0.0,,0.9999968,562120230.0,ZTF24aabipul
