tid,mjd,candid,fid,pid,diffmaglim,isdiffpos,nid,distnr,magpsf,magap,sigmapsf,sigmagap,ra,dec,rb,rbversion,magapbig,sigmagapbig,has_stamp,corrected,dubious,step_id_corr,phase,parent_candid,drb,rfid,oid
ztf,60317.458368100226,2563458365215015059,2,2563458365215,19.4048,1,2563,5.46372,17.268,17.2494,0.064008,0.0369,96.7315468,21.9167399,0.575714,t17_f5_c3,17.2424,0.0465,False,False,True,23.12.x,0.0,2.563459785215015e+18,,,ZTF24aabbqun
ztf,60317.45884260023,2563458845215015070,2,2563458845215,19.4557,1,2563,5.5118,17.1998,17.2063,0.058793,0.0356,96.7314292,21.9167119,0.645714,t17_f5_c3,17.1918,0.0445,False,False,True,23.12.x,0.0,2.563459785215015e+18,,,ZTF24aabbqun
ztf,60317.4593055998,2563459305215015043,2,2563459305215,19.5296,1,2563,5.59942,17.2169,17.2406,0.066006,0.0358,96.7313155,21.9166959,0.722857,t17_f5_c3,17.1906,0.0434,False,False,True,23.12.x,0.0,2.563460715215015e+18,,,ZTF24aabbqun
ztf,60317.4597800998,2563459785215015041,2,2563459785215,19.637142,1,2563,5.6921535,17.224154,17.2114,0.049235255,0.0325,96.7312292,21.9166823,0.70285714,t17_f5_c3,17.1817,0.0399,True,False,True,23.12.x,0.0,,0.9999967,563120252.0,ZTF24aabbqun
ztf,60317.460254599806,2563460255215015030,2,2563460255215,19.483519,1,2563,5.745042,17.201077,17.1732,0.052651323,0.0351,96.7310916,21.9166246,0.7185714,t17_f5_c3,17.1302,0.0428,True,False,True,23.12.x,0.0,,0.99999756,563120252.0,ZTF24aabbqun
ztf,60317.46071759984,2563460715215015036,2,2563460715215,19.53007,1,2563,5.946191,17.161713,17.1776,0.049810387,0.0352,96.7309835,21.9166232,0.7785714,t17_f5_c3,17.1804,0.0447,True,False,True,23.12.x,0.0,,0.9999993,563120252.0,ZTF24aabbqun
ztf,60317.46119209984,2563461195215015022,2,2563461195215,19.515654,1,2563,6.105988,17.191944,17.1871,0.05416121,0.036,96.7308672,21.9165973,0.7814286,t17_f5_c3,17.1667,0.0448,True,False,True,23.12.x,0.0,,0.9999998,563120252.0,ZTF24aabbqun
ztf,60317.461666699965,2563461665215015026,2,2563461665215,19.46069,1,2563,6.265971,17.196373,17.2865,0.05083996,0.0415,96.7307598,21.9165699,0.82714283,t17_f5_c3,17.3261,0.0546,True,False,True,23.12.x,0.0,,1.0,563120252.0,ZTF24aabbqun
