tid,mjd,candid,fid,pid,diffmaglim,isdiffpos,nid,distnr,magpsf,magap,sigmapsf,sigmagap,ra,dec,rb,rbversion,magapbig,sigmagapbig,has_stamp,corrected,dubious,step_id_corr,phase,parent_candid,drb,rfid,oid
ztf,60319.18540510023,2565185401315015015,2,2565185401315,19.7616,1,2565,9.28984,17.6027,17.6681,0.070495,0.037,85.0034041,16.2719268,0.745714,t17_f5_c3,17.6489,0.0458,False,False,True,23.12.x,0.0,2.565187291315015e+18,,,ZTF24aabhpdx
ztf,60319.18587959977,2565185871315015023,2,2565185871315,19.8659,1,2565,9.39429,17.6419,17.666,0.069773,0.0364,85.0032803,16.2719404,0.794286,t17_f5_c3,17.6535,0.0453,False,False,True,23.12.x,0.0,2.565187291315015e+18,,,ZTF24aabhpdx
ztf,60319.18635419989,2565186351315015034,2,2565186351315,19.8938,1,2565,9.33193,17.6359,17.7278,0.061799,0.039,85.0031984,16.2719895,0.805714,t17_f5_c3,17.7208,0.0488,False,False,True,23.12.x,0.0,2.565187291315015e+18,,,ZTF24aabhpdx
ztf,60319.18729169993,2565187291315015037,2,2565187291315,19.87056,1,2565,9.472001,17.649971,17.7295,0.05292154,0.0385,85.0030171,16.2720241,0.7657143,t17_f5_c3,17.715,0.0479,True,False,True,23.12.x,0.0,,0.99995136,562120213.0,ZTF24aabhpdx
