tid,mjd,candid,fid,pid,diffmaglim,isdiffpos,nid,distnr,magpsf,magap,sigmapsf,sigmagap,ra,dec,rb,rbversion,magapbig,sigmagapbig,has_stamp,corrected,dubious,step_id_corr,phase,parent_candid,drb,rfid,oid
ztf,60319.36163190007,2565361633315015016,2,2565361633315,20.231,1,2565,5.16303,19.4672,19.6007,0.112044,0.2041,91.1640661,20.4988619,0.844286,t17_f5_c3,19.8786,0.3375,False,False,True,23.12.x,0.0,2.565363513315015e+18,,,ZTF24aabkukv
ztf,60319.36210650019,2565362103315015022,2,2565362103315,20.2386,1,2565,5.31715,19.4682,19.3913,0.115171,0.1672,91.1639358,20.4989037,0.722857,t17_f5_c3,19.3386,0.204,False,False,True,23.12.x,0.0,2.565363513315015e+18,,,ZTF24aabkukv
ztf,60319.36304400023,2565363043315015015,2,2565363043315,20.0725,1,2565,5.1251,19.4548,19.8224,0.142235,0.2588,91.1636888,20.4988207,0.75,t17_f5_c3,19.5365,0.2552,False,False,True,23.12.x,0.0,2.565364453315015e+18,,,ZTF24aabkukv
ztf,60319.36351849977,2565363513315015021,2,2565363513315,19.997198,1,2565,5.230438,19.515266,19.3854,0.15346378,0.1759,91.1636266,20.4988334,0.68285716,t17_f5_c3,19.5221,0.2557,True,False,True,23.12.x,0.0,,0.9998443,562120233.0,ZTF24aabkukv
ztf,60319.36399309989,2565363993315015014,2,2565363993315,20.074623,1,2565,5.5669594,19.422504,19.4286,0.141731,0.1804,91.163498,20.4988962,0.82857144,t17_f5_c3,19.4537,0.2365,True,False,True,23.12.x,0.0,,0.99999577,562120233.0,ZTF24aabkukv
ztf,60319.36445599981,2565364453315015013,2,2565364453315,20.034306,1,2565,5.539211,19.62055,19.6326,0.17708625,0.2209,91.1634136,20.4988587,0.7385714,t17_f5_c3,19.5653,0.2661,True,False,True,23.12.x,0.0,,0.9999918,562120233.0,ZTF24aabkukv
ztf,60319.36493059993,2565364933315015016,2,2565364933315,20.005743,1,2565,5.8659606,19.433817,19.6752,0.12987556,0.2331,91.1632987,20.4989149,0.7714286,t17_f5_c3,19.4808,0.2501,True,False,True,23.12.x,0.0,,0.99996746,562120233.0,ZTF24aabkukv
ztf,60319.36540509993,2565365403315015014,2,2565365403315,20.007483,1,2565,6.089968,19.550789,19.5597,0.13153607,0.2084,91.1631387,20.4989085,0.7457143,t17_f5_c3,19.4646,0.2448,True,False,True,23.12.x,0.0,,0.99998057,562120233.0,ZTF24aabkukv
ztf,60319.365868099965,2565365863315015014,2,2565365863315,20.013721,1,2565,6.0182424,19.547756,19.3165,0.13103881,0.1651,91.1630007,20.4988063,0.56142855,t17_f5_c3,19.284,0.2053,True,False,True,23.12.x,0.0,,0.9999436,562120233.0,ZTF24aabkukv
