tid,mjd,candid,fid,pid,diffmaglim,isdiffpos,nid,distnr,magpsf,magpsf_corr,magap,sigmapsf,sigmapsf_corr,sigmapsf_corr_ext,sigmagap,ra,dec,rb,rbversion,magapbig,sigmagapbig,has_stamp,corrected,dubious,step_id_corr,phase,parent_candid,drb,rfid,oid
ztf,61093.56865740009,3339568653915015008,2,3339568653915,18.7443,1,3339,0.311903,18.4188,15.931218,18.4724,0.235246,0.01744828,0.02379521,0.2904,269.4961551,-12.7008118,0.552857,t17_f5_c3,18.842,0.5251,False,True,False,27.5.7a32.dev1,0.0,3.351536433915015e+18,,,ZTF25acanqvi
ztf,61096.546157400124,3342546153915015010,2,3342546153915,19.127077,1,3342,0.2214118,18.017412,15.883175,18.002,0.13894023,0.011793052,0.019459564,0.1409,269.4962398,-12.7008959,0.6857143,t17_f5_c3,17.9958,0.1806,True,True,False,27.5.7a32.dev1,0.0,,1.0,1375120239.0,ZTF25acanqvi
ztf,61096.546157400124,3342546153915025010,2,3342546153915,19.1271,1,3342,0.221412,18.0174,15.883173,18.002,0.13894,0.011793322,0.01945971,0.1409,269.4962398,-12.7008959,0.685714,t17_f5_c3,17.9958,0.1806,False,True,False,27.5.7a32.dev1,0.0,3.351536433915015e+18,,,ZTF25acanqvi
ztf,61099.54306709999,3345543063915015019,2,3345543063915,19.860888,1,3345,0.25623953,17.782013,15.846969,17.947,0.10579523,0.009630241,0.01780117,0.0725,269.4962443,-12.7008626,0.7342857,t17_f5_c3,17.8862,0.0891,True,True,False,27.5.7a32.dev1,0.0,,0.99999994,1375120239.0,ZTF25acanqvi
ztf,61099.54306709999,3345543063915025019,2,3345543063915,19.8609,1,3345,0.25624,17.782,15.846967,17.947,0.105795,0.009630556,0.017801313,0.0725,269.4962443,-12.7008626,0.734286,t17_f5_c3,17.8862,0.0891,False,True,False,27.5.7a32.dev1,0.0,3.351536433915015e+18,,,ZTF25acanqvi
ztf,61100.541840299964,3346541843915015010,2,3346541843915,19.797626,1,3346,0.18289825,17.709055,15.834345,17.8511,0.092743404,0.0072907894,0.016496774,0.0722,269.4962297,-12.7008783,0.75714284,t17_f5_c3,17.824,0.0916,True,True,False,27.5.7a32.dev1,0.0,,0.9999995,1375120239.0,ZTF25acanqvi
ztf,61101.54112270009,3347541123915015013,2,3347541123915,18.781876,1,3347,0.17125349,17.61296,15.816618,17.4687,0.08639848,0.0078042485,0.016518446,0.0986,269.4962073,-12.7009302,0.8,t17_f5_c3,17.3738,0.116,True,True,False,27.5.7a32.dev1,0.0,,0.9999957,1375120239.0,ZTF25acanqvi
ztf,61105.5364351999,3351536433915015011,2,3351536433915,19.566504,1,3351,0.25265837,17.512178,15.796613,17.4635,0.061028615,100.0,0.012569189,0.0561,269.4961774,-12.7008199,0.83285713,t17_f5_c3,17.4927,0.0739,True,True,False,27.5.7a32.dev1,0.0,,0.99999815,1375120239.0,ZTF25acanqvi
