tid,mjd,candid,fid,pid,diffmaglim,isdiffpos,nid,distnr,magpsf,magap,sigmapsf,sigmagap,ra,dec,rb,rbversion,magapbig,sigmagapbig,has_stamp,corrected,dubious,step_id_corr,phase,parent_candid,drb,rfid,oid
ztf,60317.40136570018,2563401365815015027,2,2563401365815,20.0186,1,2563,11.7187,18.3991,18.4378,0.073621,0.0765,94.5706292,21.2308534,0.9,t17_f5_c3,18.4115,0.0951,False,False,True,23.12.x,0.0,2.563402785815015e+18,,,ZTF24aabaism
ztf,60317.40184029983,2563401845815015047,2,2563401845815,20.1006,1,2563,11.932,18.4598,18.568,0.072885,0.0812,94.5704788,21.2308887,0.9,t17_f5_c3,18.5862,0.1052,False,False,True,23.12.x,0.0,2.563402785815015e+18,,,ZTF24aabaism
ztf,60317.40231479984,2563402315815015043,2,2563402315815,20.1213,1,2563,12.3924,18.3771,18.4078,0.092969,0.0698,94.5703511,21.230996,0.877143,t17_f5_c3,18.4605,0.0932,False,False,True,23.12.x,0.0,2.563402785815015e+18,,,ZTF24aabaism
ztf,60317.40278939996,2563402785815015042,2,2563402785815,20.108418,1,2563,12.53571,18.403421,18.2997,0.08364937,0.0638,94.5702201,21.2310062,0.7942857,t17_f5_c3,18.2477,0.0774,True,False,True,23.12.x,0.0,,0.99999166,563120258.0,ZTF24aabaism
ztf,60317.40326389996,2563403265815015034,2,2563403265815,20.129732,1,2563,13.016825,18.410059,18.5085,0.07035632,0.0765,94.5700952,21.2311139,0.92142856,t17_f5_c3,18.429,0.0906,True,False,True,23.12.x,0.0,,0.9999995,563120258.0,ZTF24aabaism
ztf,60317.4037269,2563403725815015036,2,2563403725815,20.181337,1,2563,13.505833,18.398403,18.5839,0.07573934,0.0797,94.5699848,21.2312261,0.9085714,t17_f5_c3,18.5042,0.0944,True,False,True,23.12.x,0.0,,0.9999981,563120258.0,ZTF24aabaism
ztf,60317.4042014,2563404205815015042,2,2563404205815,20.102737,1,2563,13.820838,18.389416,18.4341,0.082014605,0.0718,94.569829,21.2312956,0.88857144,t17_f5_c3,18.412,0.0896,True,False,True,23.12.x,0.0,,0.9999995,563120258.0,ZTF24aabaism
