tid,mjd,candid,fid,pid,diffmaglim,isdiffpos,nid,distnr,magpsf,magap,sigmapsf,sigmagap,ra,dec,rb,rbversion,magapbig,sigmagapbig,has_stamp,corrected,dubious,step_id_corr,phase,parent_candid,drb,rfid,oid
ztf,60319.19011570001,2565190114215015006,2,2565190114215,20.0064,1,2565,5.4236,19.3221,19.2239,0.141497,0.1515,87.1216343,19.6582496,0.654286,t17_f5_c3,19.1264,0.1775,False,False,True,23.12.x,0.0,2.565190594215015e+18,,,ZTF24aabhnzp
ztf,60319.19059030013,2565190594215015007,2,2565190594215,19.98698,1,2565,5.1935225,19.345274,19.3054,0.12123227,0.1624,87.1215566,19.6582258,0.5985714,t17_f5_c3,19.1904,0.1872,True,False,True,23.12.x,0.0,,0.9996024,562120242.0,ZTF24aabhnzp
ztf,60319.191064800136,2565191064215015008,2,2565191064215,19.919931,1,2565,5.006033,19.341883,19.3315,0.115371205,0.1714,87.1214271,19.6580522,0.64857143,t17_f5_c3,19.2081,0.1962,True,False,True,23.12.x,0.0,,0.9999814,562120242.0,ZTF24aabhnzp
ztf,60319.19152780017,2565191524215015007,2,2565191524215,19.959919,1,2565,4.561099,19.280216,19.3727,0.13230357,0.1774,87.1213074,19.6581129,0.70285714,t17_f5_c3,19.2807,0.209,True,False,True,23.12.x,0.0,,0.999993,562120242.0,ZTF24aabhnzp
