tid,mjd,candid,fid,pid,diffmaglim,isdiffpos,nid,distnr,magpsf,magap,sigmapsf,sigmagap,ra,dec,rb,rbversion,magapbig,sigmagapbig,has_stamp,corrected,dubious,step_id_corr,phase,parent_candid,drb,rfid,oid
ztf,60319.160439800005,2565160430615015023,2,2565160430615,20.0222,1,2565,6.18051,19.444,19.5574,0.148091,0.2198,88.7628003,15.4122093,0.824286,t17_f5_c3,19.7851,0.3487,False,False,True,23.12.x,0.0,2.565162320615015e+18,,,ZTF24aabgzvc
ztf,60319.16091440013,2565160910615015055,2,2565160910615,19.9772,1,2565,6.2354,19.4227,19.2832,0.17467,0.1732,88.7626994,15.4121309,0.775714,t17_f5_c3,19.3542,0.2376,False,False,True,23.12.x,0.0,2.565162320615015e+18,,,ZTF24aabgzvc
ztf,60319.16137730004,2565161370615015021,2,2565161370615,20.00965,1,2565,6.4552174,19.308407,19.0651,0.15468793,0.1427,88.7626509,15.4121723,0.66,t17_f5_c3,19.0571,0.1819,True,False,True,23.12.x,0.0,,0.9998928,562120206.0,ZTF24aabgzvc
ztf,60319.16232640017,2565162320615015028,2,2565162320615,20.06414,1,2565,6.919072,19.460167,19.4716,0.16853963,0.1982,88.7624362,15.4121177,0.73285717,t17_f5_c3,19.4331,0.2456,True,False,True,23.12.x,0.0,,0.9998257,562120206.0,ZTF24aabgzvc
ztf,60319.1627894002,2565162780615015033,2,2565162780615,19.942852,1,2565,7.2000775,19.413979,19.2326,0.18373871,0.1687,88.7623324,15.4121123,0.57285714,t17_f5_c3,19.3965,0.2515,True,False,True,23.12.x,0.0,,0.99994063,562120206.0,ZTF24aabgzvc
ztf,60319.163263900205,2565163260615015021,2,2565163260615,19.995028,1,2565,7.4788575,19.506758,19.3914,0.15283476,0.1946,88.7622417,15.4121277,0.79,t17_f5_c3,19.296,0.2286,True,False,True,23.12.x,0.0,,0.9999967,562120206.0,ZTF24aabgzvc
ztf,60319.16373840021,2565163730615015028,2,2565163730615,20.176346,1,2565,7.700896,19.49393,19.7998,0.12944975,0.2534,88.7621434,15.4120913,0.80857146,t17_f5_c3,19.4725,0.2407,True,False,True,23.12.x,0.0,,0.9999989,562120206.0,ZTF24aabgzvc
