tid,mjd,candid,fid,pid,diffmaglim,isdiffpos,nid,distnr,magpsf,magap,sigmapsf,sigmagap,ra,dec,rb,rbversion,magapbig,sigmagapbig,has_stamp,corrected,dubious,step_id_corr,phase,parent_candid,drb,rfid,oid
ztf,60319.29283560021,2565292835115015015,2,2565292835115,20.2452,1,2565,4.0603,19.0062,18.9058,0.083128,0.1144,91.4144071,21.439233,0.95,t17_f5_c3,18.905,0.1456,False,False,False,23.12.x,0.0,2.565294245115015e+18,,,ZTF24aabjmte
ztf,60319.293310199864,2565293315115015013,2,2565293315115,20.2766,1,2565,4.44144,19.0394,18.9794,0.090972,0.1183,91.4142559,21.4392465,0.915714,t17_f5_c3,18.9535,0.1471,False,False,False,23.12.x,0.0,2.565294725115015e+18,,,ZTF24aabjmte
ztf,60319.29378469987,2565293785115015016,2,2565293785115,20.1214,1,2565,4.61909,19.0017,18.9874,0.114477,0.1331,91.4141633,21.4392906,0.931429,t17_f5_c3,19.0057,0.1727,False,False,False,23.12.x,0.0,2.565294725115015e+18,,,ZTF24aabjmte
ztf,60319.2942476999,2565294245115015019,2,2565294245115,20.14269,1,2565,5.0110693,18.980677,18.8214,0.13617316,0.1073,91.4140226,21.439297,0.80285716,t17_f5_c3,18.9077,0.1479,True,False,False,23.12.x,0.0,,0.99999875,562120251.0,ZTF24aabjmte
ztf,60319.294722199906,2565294725115015013,2,2565294725115,20.22762,1,2565,5.245653,19.070463,19.0141,0.10159652,0.126,91.4139404,21.4393034,0.9342857,t17_f5_c3,19.1674,0.1849,True,False,False,23.12.x,0.0,,0.99999917,562120251.0,ZTF24aabjmte
ztf,60319.29519680003,2565295195115015015,2,2565295195115,20.171167,1,2565,5.1076527,19.007452,18.9277,0.10298954,0.1151,91.4138083,21.4393359,0.91571426,t17_f5_c3,19.0335,0.1616,True,False,False,23.12.x,0.0,,0.99999076,562120251.0,ZTF24aabjmte
ztf,60319.29565969994,2565295655115015014,2,2565295655115,20.103964,1,2565,4.6878314,19.006187,18.7799,0.110740446,0.1025,91.4136812,21.4393425,0.62857145,t17_f5_c3,18.8422,0.1384,True,False,False,23.12.x,0.0,,0.9999865,562120251.0,ZTF24aabjmte
ztf,60319.296134300064,2565296135115015014,2,2565296135115,20.1149,1,2565,4.23865,19.103,18.9544,0.127048,0.1182,91.4135536,21.4393801,0.73,t17_f5_c3,18.879,0.1414,False,False,False,23.12.x,0.0,2.565296605115015e+18,,,ZTF24aabjmte
ztf,60319.29660880007,2565296605115015011,2,2565296605115,20.130085,1,2565,3.960251,18.99591,18.9129,0.111708984,0.115,91.413464,21.4393683,0.88,t17_f5_c3,18.8422,0.138,True,False,False,23.12.x,0.0,,0.9999939,562120251.0,ZTF24aabjmte
