tid,mjd,candid,fid,pid,diffmaglim,isdiffpos,nid,distnr,magpsf,magap,sigmapsf,sigmagap,ra,dec,rb,rbversion,magapbig,sigmagapbig,has_stamp,corrected,dubious,step_id_corr,phase,parent_candid,drb,rfid,oid
ztf,60319.30320600001,2565303205615015012,2,2565303205615,20.2583,1,2565,3.59385,19.3637,19.3063,0.106534,0.1502,87.7652814,22.3667441,0.901429,t17_f5_c3,19.2927,0.1906,False,False,True,23.12.x,0.0,2.565305095615015e+18,,,ZTF24aabjpgj
ztf,60319.303669000044,2565303665615015016,2,2565303665615,20.1013,1,2565,3.28019,19.3229,19.2295,0.152325,0.1524,87.7651921,22.3667025,0.715714,t17_f5_c3,19.1925,0.1897,False,False,True,23.12.x,0.0,2.565305095615015e+18,,,ZTF24aabjpgj
ztf,60319.30414350005,2565304145615015014,2,2565304145615,20.218803,1,2565,3.1515787,19.339426,19.3098,0.14986129,0.1539,87.7650418,22.3667478,0.8057143,t17_f5_c3,19.0786,0.1611,True,False,True,23.12.x,0.0,,0.9999759,562120256.0,ZTF24aabjpgj
ztf,60319.30461810017,2565304615615015011,2,2565304615615,20.174538,1,2565,3.1777904,19.341806,19.1085,0.1257172,0.1346,87.7650448,22.3667543,0.7785714,t17_f5_c3,18.9884,0.1554,True,False,True,23.12.x,0.0,,0.9999919,562120256.0,ZTF24aabjpgj
ztf,60319.305092600174,2565305095615015012,2,2565305095615,20.2187,1,2565,3.0412586,19.333918,19.425,0.13127577,0.1727,87.7648999,22.3667765,0.88714284,t17_f5_c3,19.1558,0.1753,True,False,True,23.12.x,0.0,,0.99999803,562120256.0,ZTF24aabjpgj
ztf,60319.30555560021,2565305555615015015,2,2565305555615,20.272125,1,2565,2.784668,19.272198,19.0495,0.12027635,0.1184,87.7647972,22.3667339,0.77,t17_f5_c3,18.8757,0.1316,True,False,True,23.12.x,0.0,,0.9999988,562120256.0,ZTF24aabjpgj
ztf,60319.30603010021,2565306035615015014,2,2565306035615,20.284615,1,2565,2.7903137,19.311218,19.2912,0.12561041,0.1482,87.7646472,22.3667606,0.88857144,t17_f5_c3,19.1871,0.1762,True,False,True,23.12.x,0.0,,0.99999833,562120256.0,ZTF24aabjpgj
ztf,60319.306504600216,2565306505615015011,2,2565306505615,20.14009,1,2565,2.5515456,19.249577,19.1409,0.1187656,0.1353,87.7645781,22.3666977,0.61714286,t17_f5_c3,18.9385,0.1463,True,False,True,23.12.x,0.0,,0.9999998,562120256.0,ZTF24aabjpgj
