tid,mjd,candid,fid,pid,diffmaglim,isdiffpos,nid,distnr,magpsf,magap,sigmapsf,sigmagap,ra,dec,rb,rbversion,magapbig,sigmagapbig,has_stamp,corrected,dubious,step_id_corr,phase,parent_candid,drb,rfid,oid
ztf,60317.43011569977,2563430113215015014,2,2563430113215,19.9903,1,2563,5.80294,16.776,16.7641,0.037664,0.0183,99.2019651,20.3851709,0.91,t17_f5_c3,16.7733,0.0229,False,False,True,23.12.x,0.0,2.563431993215015e+18,,,ZTF24aabbcqh
ztf,60317.4305786998,2563430573215015015,2,2563430573215,20.0714,1,2563,6.18052,16.7817,16.7775,0.037069,0.0174,99.2018422,20.3851734,0.911429,t17_f5_c3,16.7605,0.0213,False,False,True,23.12.x,0.0,2.563432463215015e+18,,,ZTF24aabbcqh
ztf,60317.431053199805,2563431053215015021,2,2563431053215,19.9941,1,2563,6.51791,16.785,16.8087,0.030773,0.0187,99.201729,20.3851859,0.917143,t17_f5_c3,16.8248,0.0236,False,False,True,23.12.x,0.0,2.563432933215015e+18,,,ZTF24aabbcqh
ztf,60317.43152779993,2563431523215015017,2,2563431523215,20.0159,1,2563,6.8201,16.7889,16.7682,0.034326,0.0178,99.2016341,20.385189,0.907143,t17_f5_c3,16.7658,0.0221,False,False,True,23.12.x,0.0,2.563432933215015e+18,,,ZTF24aabbcqh
ztf,60317.43199069984,2563431993215015021,2,2563431993215,19.89024,1,2563,7.124321,16.7786,16.8099,0.03696554,0.0194,99.2015293,20.3852173,0.8814286,t17_f5_c3,16.7931,0.0238,True,False,True,23.12.x,0.0,,0.9999997,563120232.0,ZTF24aabbcqh
ztf,60317.432465299964,2563432463215015014,2,2563432463215,19.896332,1,2563,7.5363503,16.823782,16.8206,0.046118386,0.0197,99.2014048,20.3852041,0.8857143,t17_f5_c3,16.8042,0.0242,True,False,True,23.12.x,0.0,,0.999998,563120232.0,ZTF24aabbcqh
ztf,60317.43293979997,2563432933215015015,2,2563432933215,19.986471,1,2563,7.8394265,16.79889,16.7981,0.035360146,0.0186,99.2013051,20.3852231,0.9114286,t17_f5_c3,16.7939,0.023,True,False,True,23.12.x,0.0,,1.0,563120232.0,ZTF24aabbcqh
ztf,60317.4334028,2563433403215015015,2,2563433403215,19.938408,1,2563,8.176584,16.77728,16.8095,0.03650434,0.0191,99.2011958,20.3852369,0.89857143,t17_f5_c3,16.805,0.0236,True,False,True,23.12.x,0.0,,0.99999917,563120232.0,ZTF24aabbcqh
ztf,60317.433877300005,2563433873215015013,2,2563433873215,19.906347,1,2563,8.541846,16.763466,16.777,0.034016352,0.0188,99.2010834,20.3852423,0.86714286,t17_f5_c3,16.7616,0.0231,True,False,True,23.12.x,0.0,,0.99999917,563120232.0,ZTF24aabbcqh
