tid,mjd,candid,fid,pid,diffmaglim,isdiffpos,nid,distnr,magpsf,magpsf_corr,magap,sigmapsf,sigmapsf_corr,sigmapsf_corr_ext,sigmagap,ra,dec,rb,rbversion,drb,magapbig,sigmagapbig,rfid,has_stamp,corrected,dubious,step_id_corr,phase,parent_candid,oid
ztf,60458.46848380007,2704468481615015004,2,2704468481615,19.352903,1,2704,0.7607497,19.319204,17.917036,19.4467,0.19261958,100.0,0.05294597,0.3812,24.2481484,39.7460042,0.8957143,t17_f5_c3,0.99998915,19.7055,0.6189,696120216.0,True,True,False,24.4.1,0.0,,ZTF24aapcxje
ztf,60458.47824069997,2704478242915015010,2,2704478242915,19.2583,1,2704,0.979138,19.4853,17.926092,19.7837,0.247859,100.0,0.058955077,0.6216,24.2482793,39.7460807,0.847143,t17_f5_c3,,19.5823,0.6629,,False,True,False,24.5.1,0.0,2.706467431615015e+18,ZTF24aapcxje
ztf,60458.478703700006,2704478702915015008,2,2704478702915,19.1637,1,2704,1.05925,19.4452,17.916418,19.1336,0.252072,100.0,0.06166119,0.3496,24.2480836,39.7460897,0.707143,t17_f5_c3,,18.9665,0.385,,False,True,False,24.5.1,0.0,2.706467431615015e+18,ZTF24aapcxje
ztf,60459.46746530011,2705467461615015006,2,2705467461615,19.4144,1,2705,1.04875,19.5627,17.97871,19.4999,0.219263,100.0,0.05097645,0.3901,24.2482685,39.7460857,0.912857,t17_f5_c3,,19.2804,0.4087,,False,True,False,24.5.1,0.0,2.706467431615015e+18,ZTF24aapcxje
ztf,60459.47078699991,2705470781615015007,2,2705470781615,19.474031,1,2705,1.1808558,19.434242,17.947462,19.0657,0.16306272,100.0,0.041461237,0.2646,24.2483336,39.7461161,0.9185714,t17_f5_c3,0.99999857,19.2279,0.393,696120216.0,True,True,False,24.5.1,0.0,,ZTF24aapcxje
ztf,60459.47651620023,2705476512915015010,2,2705476512915,19.2947,1,2705,1.0498,19.5247,17.935333,19.7966,0.220581,100.0,0.051029548,0.6268,24.2483272,39.7460919,0.772857,t17_f5_c3,,19.5766,0.6574,,False,True,False,24.5.1,0.0,2.706467431615015e+18,ZTF24aapcxje
ztf,60459.4774536998,2705477452915015009,2,2705477452915,19.235,1,2705,0.779917,19.4621,17.920528,19.1876,0.233956,100.0,0.05655951,0.3745,24.2481597,39.7460247,0.858571,t17_f5_c3,,19.5574,0.6745,,False,True,False,24.5.1,0.0,2.706467431615015e+18,ZTF24aapcxje
ztf,60460.467430599965,2706467431615015005,2,2706467431615,19.609377,1,2706,1.0027157,19.615168,17.990685,19.275,0.21485773,100.0,0.04812357,0.2915,24.2482829,39.7460738,0.9185714,t17_f5_c3,0.997053,19.5472,0.4785,696120216.0,True,True,False,24.5.1,0.0,,ZTF24aapcxje
