tid,mjd,candid,fid,pid,diffmaglim,isdiffpos,nid,distnr,magpsf,magpsf_corr,magap,sigmapsf,sigmapsf_corr,sigmapsf_corr_ext,sigmagap,ra,dec,rb,rbversion,drb,magapbig,sigmagapbig,rfid,has_stamp,corrected,dubious,step_id_corr,phase,parent_candid,oid
ztf,61065.5690394002,3311569030715015029,2,3311569030715,18.82478,1,3311,0.58164406,18.434406,17.232363,18.5875,0.13184243,0.040232394,0.04357502,0.2198,273.2186901,-9.7712345,0.74857146,t17_f5_c3,0.9999473,18.5809,0.2802,1428120207.0,True,True,False,27.5.7a32.dev1,0.0,,ZTF22acbrjxp
ztf,61072.564317100216,3318564310715015012,2,3318564310715,18.667377,1,3318,0.9516023,18.721655,17.319159,18.8018,0.17817639,0.045480628,0.04896114,0.3605,273.2186471,-9.7714216,0.71,t17_f5_c3,0.9999235,18.6884,0.4171,1428120207.0,True,True,False,27.5.7a32.dev1,0.0,,ZTF22acbrjxp
ztf,61072.56766200019,3318567660715015018,2,3318567660715,18.7179,1,3318,0.83926,18.7438,17.3252,18.2507,0.17892,0.044879913,0.048441615,0.2143,273.2187202,-9.7713269,0.635714,t17_f5_c3,,18.3053,0.2891,,False,True,False,27.5.7a32.dev1,0.0,3.345544020715015e+18,ZTF22acbrjxp
ztf,61072.5719792,3318571970715015017,2,3318571970715,18.6674,1,3318,0.444814,18.878,17.359926,19.279,0.252298,0.059417654,0.062328156,0.6274,273.21863,-9.77126,0.58,t17_f5_c3,,19.293,0.8166,,False,True,False,27.5.7a32.dev1,0.0,3.345544020715015e+18,ZTF22acbrjxp
ztf,61085.55729170004,3331557290715015025,2,3331557290715,19.883442,1,3331,0.4029308,19.117214,17.414305,19.0432,0.14289704,0.022246525,0.029775515,0.1833,273.2186428,-9.7712158,0.87857145,t17_f5_c3,0.9997798,19.1527,0.2592,1428120207.0,True,True,False,27.5.7a32.dev1,0.0,,ZTF22acbrjxp
ztf,61099.544027800206,3345544020715015060,2,3345544020715,20.063967,1,3345,0.174633,19.100529,17.410807,19.3582,0.16074738,0.02757435,0.033904314,0.2126,273.2185809,-9.7712007,0.79,t17_f5_c3,0.9999855,19.4033,0.2832,1428120207.0,True,True,False,27.5.7a32.dev1,0.0,,ZTF22acbrjxp
ztf,61099.544027800206,3345544020715035060,2,3345544020715,20.064,1,3345,0.174633,19.1005,17.4108,19.3582,0.160747,0.027575197,0.03390494,0.2126,273.2185809,-9.7712007,0.79,t17_f5_c3,,19.4033,0.2832,,False,True,False,27.5.7a32.dev1,0.0,3.351537380715015e+18,ZTF22acbrjxp
ztf,61105.53738430003,3351537380715015044,2,3351537380715,19.623251,1,3351,0.1639538,19.378567,17.463816,19.0251,0.20235966,0.02782854,0.034691535,0.214,273.2185332,-9.7712245,0.84,t17_f5_c3,0.99998313,18.9973,0.267,1428120207.0,True,True,False,27.5.7a32.dev1,0.0,,ZTF22acbrjxp
