tid,mjd,candid,fid,pid,diffmaglim,isdiffpos,nid,distnr,magpsf,magpsf_corr,magap,sigmapsf,sigmapsf_corr,sigmapsf_corr_ext,sigmagap,ra,dec,rb,rbversion,magapbig,sigmagapbig,has_stamp,corrected,dubious,step_id_corr,phase,parent_candid,drb,rfid,oid
ztf,60178.50233800011,2424502330615015001,2,2424502330615,19.648,1,2424,1.03675,19.9433,19.057262,20.4816,0.269135,0.11689164,0.119002275,0.8123,118.3543383,30.1907926,0.691429,t17_f5_c3,20.1518,0.7699,False,True,False,1.2.0,0.0,2.438506050615015e+18,,,ZTF23abbaddb
ztf,60179.50281250011,2425502810615015002,2,2425502810615,19.5511,1,2425,0.901258,19.7127,18.94922,19.7185,0.248349,0.121262714,0.12293364,0.4259,118.3543808,30.1908151,0.798571,t17_f5_c3,19.498,0.4462,False,True,False,1.2.0,0.0,2.438506050615015e+18,,,ZTF23abbaddb
ztf,60191.495312499814,2437495310615015000,2,2437495310615,19.5411,1,2437,0.765244,19.9734,19.070469,19.5997,0.244856,0.104174994,0.10659539,0.3733,118.3545686,30.1908268,0.75,t17_f5_c3,19.5196,0.445,False,True,False,1.2.0,0.0,2.438506050615015e+18,,,ZTF23abbaddb
ztf,60192.49589119991,2438495890615015002,2,2438495890615,19.7274,1,2438,0.991603,20.2015,19.163944,19.9353,0.221866,0.08169504,0.0853234,0.454,118.3545267,30.190761,0.71,t17_f5_c3,19.3061,0.3266,False,True,False,1.2.0,0.0,2.438506050615015e+18,,,ZTF23abbaddb
ztf,60192.50350689981,2438503500615015000,2,2438503500615,20.0029,1,2438,0.62787,20.028,19.093903,21.0023,0.224246,0.09201016,0.09486053,1.01,118.3544547,30.190871,0.681429,t17_f5_c3,20.1851,0.6111,False,True,False,1.2.0,0.0,2.438506050615015e+18,,,ZTF23abbaddb
ztf,60192.50605319999,2438506050615015006,2,2438506050615,19.954157,1,2438,0.6137034,19.97171,19.069733,20.6374,0.18528767,0.07751452,0.080733865,0.7406,118.354471,30.1908703,0.76,t17_f5_c3,20.3124,0.7049,True,True,False,1.2.0,0.0,,0.9999595,663120206.0,ZTF23abbaddb
ztf,60193.47142359987,2439471420615015001,2,2439471420615,19.656689,1,2439,1.0562638,19.806313,18.99455,19.956,0.2112109,0.097759776,0.100002706,0.4889,118.3547167,30.1907941,0.8385714,t17_f5_c3,19.6768,0.4857,True,True,False,1.2.0,0.0,,0.99980843,663120206.0,ZTF23abbaddb
ztf,60213.50201389985,2459502010615015011,2,2459502010615,20.395596,1,2459,0.73556596,20.189123,19.159166,20.0125,0.20574173,0.07581513,0.079678275,0.278,118.3544814,30.1908332,0.81142855,t17_f5_c3,19.8879,0.3174,True,True,False,1.2.1,0.0,,0.9998715,663120206.0,ZTF23abbaddb
