tid,mjd,candid,fid,pid,diffmaglim,isdiffpos,nid,distnr,magpsf,magap,sigmapsf,sigmagap,ra,dec,rb,rbversion,magapbig,sigmagapbig,has_stamp,corrected,dubious,step_id_corr,phase,parent_candid,drb,rfid,oid
ztf,60317.4093865999,2563409383115015032,2,2563409383115,19.8424,1,2563,9.7928,19.5344,19.6845,0.121611,0.2778,92.9762576,17.5043733,0.685714,t17_f5_c3,19.6423,0.3431,False,False,True,23.12.x,0.0,2.563410793115015e+18,,,ZTF24aabaoup
ztf,60317.40984949982,2563409843115015032,2,2563409843115,19.8574,1,2563,10.2945,19.4851,19.2535,0.119919,0.1871,92.9760988,17.5042885,0.417143,t17_f5_c3,19.129,0.2141,False,False,True,23.12.x,0.0,2.563411733115015e+18,,,ZTF24aabaoup
ztf,60317.41032409994,2563410323115015035,2,2563410323115,19.8077,1,2563,10.3972,19.5041,19.4207,0.127351,0.2198,92.9760085,17.5042849,0.585714,t17_f5_c3,19.2881,0.2498,False,False,True,23.12.x,0.0,2.563411733115015e+18,,,ZTF24aabaoup
ztf,60317.41079859994,2563410793115015037,2,2563410793115,19.8461,1,2563,10.6493,19.4872,19.497,0.112626,0.2339,92.9759171,17.5043239,0.675714,t17_f5_c3,19.5974,0.3291,False,False,True,23.12.x,0.0,2.563411733115015e+18,,,ZTF24aabaoup
ztf,60317.41126159998,2563411263115015036,2,2563411263115,19.8384,1,2563,10.7078,19.3977,19.8529,0.118672,0.3233,92.9758059,17.5042936,0.681429,t17_f5_c3,19.9143,0.439,False,False,True,23.12.x,0.0,2.563412683115015e+18,,,ZTF24aabaoup
ztf,60317.41173609998,2563411733115015035,2,2563411733115,19.7844,1,2563,10.9416,19.4772,19.3694,0.141179,0.2092,92.97567,17.5043013,0.428571,t17_f5_c3,19.4687,0.2938,False,False,True,23.12.x,0.0,2.563412683115015e+18,,,ZTF24aabaoup
ztf,60317.412210599985,2563412213115015043,2,2563412213115,19.876392,1,2563,11.155666,19.36874,19.3669,0.09711667,0.2081,92.9755431,17.5043021,0.68142855,t17_f5_c3,19.2219,0.2336,True,False,True,23.12.x,0.0,,0.99999976,563120231.0,ZTF24aabaoup
ztf,60317.412685200106,2563412683115015033,2,2563412683115,19.85788,1,2563,11.376021,19.501446,19.6293,0.114803344,0.2679,92.9754391,17.5043148,0.7185714,t17_f5_c3,19.4805,0.2996,True,False,True,23.12.x,0.0,,0.99998313,563120231.0,ZTF24aabaoup
ztf,60317.41314810002,2563413143115015028,2,2563413143115,19.717934,1,2563,11.635789,19.409407,19.5737,0.12663662,0.2536,92.9752683,17.5042953,0.6614286,t17_f5_c3,19.5642,0.3224,True,False,True,23.12.x,0.0,,0.9999578,563120231.0,ZTF24aabaoup
