tid,mjd,candid,fid,pid,diffmaglim,isdiffpos,nid,distnr,magpsf,magap,sigmapsf,sigmagap,ra,dec,rb,rbversion,magapbig,sigmagapbig,has_stamp,corrected,dubious,step_id_corr,phase,parent_candid,drb,rfid,oid
ztf,60317.43481480004,2563434814615015027,2,2563434814615,19.8579,1,2563,10.3892,19.0431,19.0028,0.122596,0.1382,92.1809402,19.0773843,0.647143,t17_f5_c3,18.9037,0.1619,False,False,True,23.12.x,0.0,2.563436224615015e+18,,,ZTF24aabbfqc
ztf,60317.435289400164,2563435284615015024,2,2563435284615,19.8636,1,2563,10.6822,19.0472,19.1609,0.128433,0.1606,92.1808312,19.0773881,0.72,t17_f5_c3,18.8382,0.1532,False,False,True,23.12.x,0.0,2.563436704615015e+18,,,ZTF24aabbfqc
ztf,60317.43576390017,2563435764615015032,2,2563435764615,19.8539,1,2563,11.1395,18.972,19.0884,0.134684,0.1504,92.1806863,19.0773651,0.655714,t17_f5_c3,18.9342,0.1673,False,False,True,23.12.x,0.0,2.563436704615015e+18,,,ZTF24aabbfqc
ztf,60317.4362269002,2563436224615015024,2,2563436224615,19.7975,1,2563,11.431,18.9944,18.9127,0.129943,0.1299,92.1806141,19.0773339,0.475714,t17_f5_c3,18.9315,0.1693,False,False,True,23.12.x,0.0,2.563438114615015e+18,,,ZTF24aabbfqc
ztf,60317.436701400205,2563436704615015026,2,2563436704615,19.8223,1,2563,11.5839,18.9703,19.1765,0.125589,0.1655,92.1804828,19.0774729,0.671429,t17_f5_c3,19.1634,0.2096,False,False,True,23.12.x,0.0,2.563438114615015e+18,,,ZTF24aabbfqc
ztf,60317.43716439977,2563437164615015027,2,2563437164615,19.8007,1,2563,11.6426,19.0083,19.1008,0.113348,0.154,92.1804153,19.0774741,0.635714,t17_f5_c3,19.0301,0.185,False,False,True,23.12.x,0.0,2.563438114615015e+18,,,ZTF24aabbfqc
ztf,60317.43763889978,2563437634615015021,2,2563437634615,19.782442,1,2563,11.150828,19.068754,19.1727,0.14329222,0.166,92.1802602,19.0774778,0.59,t17_f5_c3,19.0967,0.1984,True,False,True,23.12.x,0.0,,0.99975026,563120246.0,ZTF24aabbfqc
ztf,60317.43811339978,2563438114615015025,2,2563438114615,19.803715,1,2563,11.047034,19.089035,19.027,0.11907835,0.1452,92.1802336,19.0775061,0.54714286,t17_f5_c3,19.0002,0.1816,True,False,True,23.12.x,0.0,,0.9999625,563120246.0,ZTF24aabbfqc
