tid,mjd,candid,fid,pid,diffmaglim,isdiffpos,nid,distnr,magpsf,magap,sigmapsf,sigmagap,ra,dec,rb,rbversion,magapbig,sigmagapbig,has_stamp,corrected,dubious,step_id_corr,phase,parent_candid,drb,rfid,oid
ztf,60317.44329860015,2563443292715015056,2,2563443292715,19.7907,1,2563,11.5384,19.131,19.0859,0.139728,0.1495,95.232386,17.3887101,0.608571,t17_f5_c3,19.0657,0.1882,False,False,True,23.12.x,0.0,2.563444712715015e+18,,,ZTF24aabbhkc
ztf,60317.44377310015,2563443772715015029,2,2563443772715,19.8518,1,2563,11.4678,19.0048,18.9006,0.113743,0.1278,95.2322947,17.3887566,0.768571,t17_f5_c3,18.8056,0.15,False,False,True,23.12.x,0.0,2.563445182715015e+18,,,ZTF24aabbhkc
ztf,60317.44424769981,2563444242715015062,2,2563444242715,19.7617,1,2563,11.5005,19.0141,19.0227,0.122657,0.1453,95.2322641,17.3887592,0.632857,t17_f5_c3,18.975,0.1784,False,False,True,23.12.x,0.0,2.563445182715015e+18,,,ZTF24aabbhkc
ztf,60317.44471060019,2563444712715015032,2,2563444712715,19.890324,1,2563,11.439043,19.083054,19.2497,0.12360972,0.1759,95.2320634,17.3888493,0.8214286,t17_f5_c3,19.4771,0.2778,True,False,True,23.12.x,0.0,,1.0,563120227.0,ZTF24aabbhkc
ztf,60317.445185199846,2563445182715015025,2,2563445182715,19.849955,1,2563,11.895598,19.272352,19.3585,0.1374218,0.1967,95.2319388,17.3887607,0.76428574,t17_f5_c3,19.3285,0.2455,True,False,True,23.12.x,0.0,,1.0,563120227.0,ZTF24aabbhkc
ztf,60317.44565969985,2563445652715015034,2,2563445652715,19.910389,1,2563,12.040843,19.02221,19.097,0.09726491,0.1517,95.231761,17.3887979,0.8457143,t17_f5_c3,18.9545,0.1706,True,False,True,23.12.x,0.0,,0.99999416,563120227.0,ZTF24aabbhkc
ztf,60317.44613429997,2563446132715015034,2,2563446132715,19.880772,1,2563,12.205511,19.061598,19.086,0.12512304,0.1526,95.2316404,17.3888054,0.76428574,t17_f5_c3,19.1205,0.202,True,False,True,23.12.x,0.0,,0.9999997,563120227.0,ZTF24aabbhkc
ztf,60317.446608799975,2563446602715015034,2,2563446602715,19.858156,1,2563,12.547588,19.068386,18.9542,0.1284791,0.137,95.2314608,17.3887965,0.7285714,t17_f5_c3,19.0828,0.1974,True,False,True,23.12.x,0.0,,0.9999998,563120227.0,ZTF24aabbhkc
ztf,60317.44707180001,2563447072715015030,2,2563447072715,19.812685,1,2563,12.516021,19.079515,19.285,0.11829758,0.1848,95.2313909,17.3888489,0.74857146,t17_f5_c3,19.258,0.2311,True,False,True,23.12.x,0.0,,1.0,563120227.0,ZTF24aabbhkc
