tid,mjd,candid,fid,pid,diffmaglim,isdiffpos,nid,distnr,magpsf,magap,sigmapsf,sigmagap,ra,dec,rb,rbversion,magapbig,sigmagapbig,has_stamp,corrected,dubious,step_id_corr,phase,parent_candid,drb,rfid,oid
ztf,60319.19011570001,2565190115115015014,2,2565190115115,20.0131,1,2565,11.2997,18.6986,18.9024,0.108725,0.1164,92.2283956,21.5840796,0.8,t17_f5_c3,18.8131,0.1369,False,False,True,23.12.x,0.0,2.565191525115015e+18,,,ZTF24aabhpkl
ztf,60319.19059030013,2565190595115015014,2,2565190595115,19.924286,1,2565,11.519217,18.867638,18.816,0.084864825,0.1124,92.2282662,21.584139,0.6642857,t17_f5_c3,18.8093,0.1428,True,False,True,23.12.x,0.0,,0.99997544,562120251.0,ZTF24aabhpkl
ztf,60319.191064800136,2565191065115015006,2,2565191065115,19.813974,1,2565,11.885406,18.744537,18.9052,0.111722894,0.1296,92.2281451,21.5841191,0.80285716,t17_f5_c3,18.8943,0.164,True,False,True,23.12.x,0.0,,0.9999938,562120251.0,ZTF24aabhpkl
ztf,60319.19152780017,2565191525115015010,2,2565191525115,19.877367,1,2565,12.277533,18.828852,18.8283,0.10518195,0.1154,92.2279953,21.5841224,0.76714283,t17_f5_c3,18.8232,0.147,True,False,True,23.12.x,0.0,,0.9999968,562120251.0,ZTF24aabhpkl
ztf,60319.19200230017,2565192005115015009,2,2565192005115,19.937193,1,2565,12.543509,18.779615,18.7368,0.09444053,0.1014,92.227883,21.5841535,0.6942857,t17_f5_c3,18.6956,0.1247,True,False,True,23.12.x,0.0,,0.9999779,562120251.0,ZTF24aabhpkl
ztf,60319.19247689983,2565192475115015010,2,2565192475115,19.9981,1,2565,12.5861,18.8407,18.8368,0.096564,0.1104,92.2277552,21.5841329,0.824286,t17_f5_c3,19.0072,0.1649,False,False,True,23.12.x,0.0,2.565193415115015e+18,,,ZTF24aabhpkl
ztf,60319.19293980021,2565192935115015009,2,2565192935115,20.067884,1,2565,12.15249,18.817083,18.929,0.08618564,0.1186,92.2276285,21.5841118,0.86,t17_f5_c3,18.8825,0.1452,True,False,True,23.12.x,0.0,,0.99999964,562120251.0,ZTF24aabhpkl
ztf,60319.193414399866,2565193415115015008,2,2565193415115,19.951756,1,2565,11.783419,18.844675,19.0201,0.1102153,0.1362,92.2275059,21.5841559,0.82285714,t17_f5_c3,19.0947,0.1864,True,False,True,23.12.x,0.0,,0.99999917,562120251.0,ZTF24aabhpkl
