tid,mjd,candid,fid,pid,diffmaglim,isdiffpos,nid,distnr,magpsf,magpsf_corr,magap,sigmapsf,sigmapsf_corr,sigmapsf_corr_ext,sigmagap,ra,dec,rb,rbversion,drb,magapbig,sigmagapbig,rfid,has_stamp,corrected,dubious,step_id_corr,phase,parent_candid,oid
ztf,61079.56107639987,3325561073715015031,2,3325561073715,19.191122,1,3325,0.882765,17.723988,16.01888,18.2647,0.13119003,0.022754682,0.027280888,0.1158,268.3196734,-12.2178456,0.5742857,t17_f5_c3,0.9931742,18.2059,0.1393,1375120237.0,True,True,False,27.5.7a32.dev1,0.0,,ZTF24abgpkbs
ztf,61093.56865740009,3339568653715010074,2,3339568653715,18.804451,-1,3339,0.52250427,18.557549,16.413061,18.5286,0.13445109,100.0,0.018653901,0.2889,268.3193739,-12.2179016,0.7385714,t17_f5_c3,0.9997141,18.242,0.2845,1375120237.0,True,True,False,27.5.7a32.dev1,0.0,,ZTF24abgpkbs
ztf,61099.54306709999,3345543063715010070,2,3345543063715,19.992199,-1,3345,0.18823263,18.359797,16.44358,18.2026,0.16501269,0.017404545,0.028250815,0.0806,268.3193912,-12.217801,0.67,t17_f5_c3,0.9999994,18.1804,0.0994,1375120237.0,True,True,False,27.5.7a32.dev1,0.0,,ZTF24abgpkbs
ztf,61099.54306709999,3345543063715020070,2,3345543063715,19.9922,-1,3345,0.188233,18.3598,16.44358,18.2026,0.165013,0.01740446,0.028250752,0.0806,268.3193912,-12.217801,0.67,t17_f5_c3,,18.1804,0.0994,,False,True,False,27.5.7a32.dev1,0.0,3.35153643371501e+18,ZTF24abgpkbs
ztf,61100.541840299964,3346541843715010052,2,3346541843715,19.81666,-1,3346,0.29376036,18.17315,16.47902,18.2573,0.12067939,0.010678802,0.02535017,0.1,268.3193738,-12.2178255,0.7814286,t17_f5_c3,0.9999942,18.2475,0.1259,1375120237.0,True,True,False,27.5.7a32.dev1,0.0,,ZTF24abgpkbs
ztf,61101.54112270009,3347541123715010058,2,3347541123715,18.899237,-1,3347,0.03688648,18.078714,16.499945,18.1054,0.1307075,0.019570263,0.030534618,0.1623,268.3194422,-12.2177632,0.81857145,t17_f5_c3,0.9999526,18.1983,0.226,1375120237.0,True,True,False,27.5.7a32.dev1,0.0,,ZTF24abgpkbs
ztf,61105.5364351999,3351536433715010024,2,3351536433715,19.604609,-1,3351,0.08848684,18.166452,16.48043,18.3361,0.091300644,100.0,0.01932258,0.12,268.3194119,-12.2177571,0.82714283,t17_f5_c3,0.99998283,18.3596,0.1559,1375120237.0,True,True,False,27.5.7a32.dev1,0.0,,ZTF24abgpkbs
