tid,mjd,candid,fid,pid,diffmaglim,isdiffpos,nid,distnr,magpsf,magap,sigmapsf,sigmagap,ra,dec,rb,rbversion,magapbig,sigmagapbig,has_stamp,corrected,dubious,step_id_corr,phase,parent_candid,drb,rfid,oid
ztf,60317.19219909981,2563192192515015016,2,2563192192515,20.1035,1,2563,5.38498,19.4534,19.5317,0.144248,0.1911,94.1904955,18.1111581,0.694286,t17_f5_c3,19.3716,0.2114,False,False,False,23.12.x,0.0,2.563193612515015e+18,,,ZTF24aaauxhx
ztf,60317.19267359981,2563192672515015022,2,2563192672515,20.1049,1,2563,5.17923,19.4069,19.3752,0.134949,0.1657,94.190413,18.1111164,0.758571,t17_f5_c3,19.4481,0.227,False,False,False,23.12.x,0.0,2.563193612515015e+18,,,ZTF24aaauxhx
ztf,60317.19314809982,2563193142515015021,2,2563193142515,20.2323,1,2563,4.64631,19.3551,19.3162,0.122069,0.1455,94.1902617,18.1111542,0.835714,t17_f5_c3,19.465,0.2133,False,False,False,23.12.x,0.0,2.563193612515015e+18,,,ZTF24aaauxhx
ztf,60317.19361109985,2563193612515015024,2,2563193612515,20.221495,1,2563,4.307154,19.458378,19.6714,0.12455348,0.2026,94.1901594,18.1111693,0.79714286,t17_f5_c3,19.7651,0.2827,True,False,False,23.12.x,0.0,,0.9999988,563120225.0,ZTF24aaauxhx
ztf,60317.194085599855,2563194082515015028,2,2563194082515,20.2231,1,2563,4.0201344,19.471445,19.4709,0.12957704,0.1678,94.1900687,18.1111794,0.76428574,t17_f5_c3,19.4774,0.2161,True,False,False,23.12.x,0.0,,0.99999905,563120225.0,ZTF24aaauxhx
ztf,60317.19454859989,2563194542515015024,2,2563194542515,20.168556,1,2563,3.6894455,19.498474,19.5734,0.14567567,0.1908,94.1899405,18.1111457,0.6957143,t17_f5_c3,19.6211,0.2552,True,False,False,23.12.x,0.0,,0.99999464,563120225.0,ZTF24aaauxhx
ztf,60317.19502309989,2563195022515015028,2,2563195022515,20.14833,1,2563,3.2185972,19.414263,19.6289,0.13149846,0.2028,94.1897967,18.1111824,0.7771429,t17_f5_c3,19.5934,0.2514,True,False,False,23.12.x,0.0,,0.99997747,563120225.0,ZTF24aaauxhx
ztf,60317.19549770001,2563195492515015023,2,2563195492515,20.1622,1,2563,2.94073,19.4412,19.4133,0.130297,0.1658,94.1896782,18.1111615,0.71,t17_f5_c3,19.5803,0.2471,False,False,False,23.12.x,0.0,2.563195962515015e+18,,,ZTF24aaauxhx
ztf,60317.19596059993,2563195962515015038,2,2563195962515,20.141418,1,2563,2.7882426,19.46586,19.405,0.15604948,0.166,94.1896353,18.1111838,0.63714284,t17_f5_c3,19.1942,0.1752,True,False,False,23.12.x,0.0,,0.999246,563120225.0,ZTF24aaauxhx
