tid,mjd,candid,fid,pid,diffmaglim,isdiffpos,nid,distnr,magpsf,magpsf_corr,magap,sigmapsf,sigmapsf_corr,sigmapsf_corr_ext,sigmagap,ra,dec,rb,rbversion,magapbig,sigmagapbig,has_stamp,corrected,dubious,step_id_corr,phase,parent_candid,drb,rfid,oid
ztf,60781.50298610004,3027502985015015008,2,3027502985015,19.1043,1,3027,0.150262,18.748,16.378134,18.412,0.198621,0.012417595,0.022391295,0.1984,358.7908821,42.8082506,0.905714,t17_f5_c3,18.2983,0.2283,False,True,False,26.0.1,0.0,3.040495406215015e+18,,,ZTF25aaotwca
ztf,60785.497523100115,3031497522215015004,2,3031497522215,19.5979,1,3031,0.195984,18.0913,16.25814,17.9628,0.098094,0.007928278,0.018129215,0.0883,358.7908969,42.8082666,0.828571,t17_f5_c3,17.9643,0.1121,False,True,False,26.0.1,0.0,3.040495406215015e+18,,,ZTF25aaotwca
ztf,60785.5025231,3031502522215015004,2,3031502522215,19.4156,1,3031,0.437779,17.8994,16.220024,17.9691,0.059704,100.0,0.012713142,0.1003,358.7908436,42.8083216,0.924286,t17_f5_c3,17.9225,0.1223,False,True,False,26.0.1,0.0,3.040495406215015e+18,,,ZTF25aaotwca
ztf,60788.490393499844,3034490395015015004,2,3034490395015,19.9389,1,3034,0.171279,18.4235,16.336313,18.3883,0.097353,100.0,0.014238844,0.1061,358.7908723,42.8082557,0.91,t17_f5_c3,18.377,0.132,False,True,False,26.0.1,0.0,3.040495406215015e+18,,,ZTF25aaotwca
ztf,60788.502175900154,3034502176215015009,2,3034502176215,19.5222,1,3034,0.090298,17.7786,16.24271,17.8586,0.086725,0.009276927,0.021075988,0.0904,358.7909316,42.8082549,0.905714,t17_f5_c3,17.8829,0.1172,False,True,False,26.0.1,0.0,3.040495406215015e+18,,,ZTF25aaotwca
ztf,60789.497777800076,3035497776215015018,2,3035497776215,19.387,1,3035,0.315718,17.9978,16.292051,18.0343,0.072933,100.0,0.015157386,0.0913,358.7908797,42.8083067,0.894286,t17_f5_c3,17.9166,0.1035,False,True,False,26.0.1,0.0,3.040495406215015e+18,,,ZTF25aaotwca
ztf,60789.49824069999,3035498246215015022,2,3035498246215,19.4967,1,3035,0.0759,18.0982,16.312166,18.1556,0.092358,100.0,0.017826296,0.104,358.7909218,42.8082189,0.915714,t17_f5_c3,18.227,0.1403,False,True,False,26.0.1,0.0,3.040495406215015e+18,,,ZTF25aaotwca
ztf,60794.49540509982,3040495406215015011,2,3040495406215,19.282745,1,3040,1.4711366,18.582352,,18.8276,0.14009847,,,0.2006,358.79048,42.8084644,0.74285716,t17_f5_c3,18.7143,0.2294,True,False,True,26.0.1,0.0,,0.98311985,694120262.0,ZTF25aaotwca
