tid,mjd,candid,fid,pid,diffmaglim,isdiffpos,nid,distnr,magpsf,magap,sigmapsf,sigmagap,ra,dec,rb,rbversion,magapbig,sigmagapbig,has_stamp,corrected,dubious,step_id_corr,phase,parent_candid,drb,rfid,oid
ztf,60317.190787000116,2563190783315015034,2,2563190783315,19.9792,1,2563,7.79856,18.7387,18.7442,0.091162,0.0997,98.3853119,20.247774,0.658571,t17_f5_c3,18.7408,0.1272,False,False,True,23.12.x,0.0,2.563192673315015e+18,,,ZTF24aaauusq
ztf,60317.19126159977,2563191263315015030,2,2563191263315,20.0981,1,2563,7.51621,18.7133,18.9372,0.079891,0.1125,98.3852264,20.2478053,0.872857,t17_f5_c3,19.018,0.1551,False,False,True,23.12.x,0.0,2.563192673315015e+18,,,ZTF24aaauusq
ztf,60317.19172450015,2563191723315015018,2,2563191723315,20.0393,1,2563,7.15928,18.6798,18.6962,0.100754,0.0931,98.3850979,20.2478097,0.842857,t17_f5_c3,18.6748,0.1167,False,False,False,23.12.x,0.0,2.563193613315015e+18,,,ZTF24aaauusq
ztf,60317.19219909981,2563192193315015025,2,2563192193315,20.0678,1,2563,6.82308,18.7402,18.7008,0.095529,0.0926,98.3849851,20.2478246,0.825714,t17_f5_c3,18.67,0.1151,False,False,False,23.12.x,0.0,2.563193613315015e+18,,,ZTF24aaauusq
ztf,60317.19267359981,2563192673315015023,2,2563192673315,20.020617,1,2563,6.554491,18.81624,18.9827,0.11900296,0.1226,98.3848933,20.2478406,0.81142855,t17_f5_c3,19.1076,0.1761,True,False,True,23.12.x,0.0,,0.9979029,563120233.0,ZTF24aaauusq
ztf,60317.19314809982,2563193143315015025,2,2563193143315,20.143707,1,2563,6.3066955,18.717628,18.8291,0.08448002,0.0996,98.3848073,20.2478475,0.91714287,t17_f5_c3,18.8876,0.1343,True,False,False,23.12.x,0.0,,0.9992782,563120233.0,ZTF24aaauusq
ztf,60317.19361109985,2563193613315015029,2,2563193613315,20.165876,1,2563,5.9648056,18.764626,18.8024,0.082398824,0.0957,98.3846608,20.2478409,0.8457143,t17_f5_c3,18.8146,0.1238,True,False,False,23.12.x,0.0,,0.79635453,563120233.0,ZTF24aaauusq
