tid,mjd,candid,fid,pid,diffmaglim,isdiffpos,nid,distnr,magpsf,magap,sigmapsf,sigmagap,ra,dec,rb,rbversion,magapbig,sigmagapbig,has_stamp,corrected,dubious,step_id_corr,phase,parent_candid,drb,rfid,oid
ztf,60319.19482639991,2565194821815015013,2,2565194821815,20.2326,1,2565,8.90607,18.944,18.8966,0.110049,0.1028,90.784004,17.6907349,0.884286,t17_f5_c3,18.8981,0.1314,False,False,True,23.12.x,0.0,2.565196231815015e+18,,,ZTF24aabhpts
ztf,60319.19530089991,2565195301815015013,2,2565195301815,20.1793,1,2565,8.86625,18.9886,18.9624,0.116108,0.1175,90.7839153,17.690823,0.922857,t17_f5_c3,18.8959,0.1415,False,False,True,23.12.x,0.0,2.565196231815015e+18,,,ZTF24aabhpts
ztf,60319.195763899945,2565195761815015017,2,2565195761815,20.3914,1,2565,8.67709,18.9952,18.969,0.081484,0.1026,90.7838138,17.690848,0.961429,t17_f5_c3,18.9949,0.1341,False,False,True,23.12.x,0.0,2.565196231815015e+18,,,ZTF24aabhpts
ztf,60319.19623839995,2565196231815015009,2,2565196231815,20.190252,1,2565,8.559859,18.998262,19.1021,0.09836906,0.1257,90.7837291,17.6908879,0.9142857,t17_f5_c3,19.1686,0.1708,True,False,True,23.12.x,0.0,,0.99999434,562120218.0,ZTF24aabhpts
ztf,60319.19670139998,2565196701815015011,2,2565196701815,20.13213,1,2565,8.401744,18.979568,19.0848,0.09415962,0.127,90.7836036,17.6909436,0.94142854,t17_f5_c3,19.2107,0.1822,True,False,True,23.12.x,0.0,,0.9999969,562120218.0,ZTF24aabhpts
ztf,60319.197175899986,2565197171815015010,2,2565197171815,20.116852,1,2565,8.1665945,19.011591,18.9545,0.11268026,0.1122,90.7834895,17.6909506,0.86285716,t17_f5_c3,19.0161,0.1516,True,False,True,23.12.x,0.0,,0.9999965,562120218.0,ZTF24aabhpts
ztf,60319.19765050011,2565197651815015008,2,2565197651815,20.168875,1,2565,8.08167,19.018536,19.0601,0.117896825,0.1277,90.7833641,17.6910129,0.9028571,t17_f5_c3,19.0596,0.1632,True,False,True,23.12.x,0.0,,0.99999976,562120218.0,ZTF24aabhpts
