tid,mjd,candid,fid,pid,diffmaglim,isdiffpos,nid,distnr,magpsf,magap,sigmapsf,sigmagap,ra,dec,rb,rbversion,magapbig,sigmagapbig,has_stamp,corrected,dubious,step_id_corr,phase,parent_candid,drb,rfid,oid
ztf,60319.232997700106,2565232990615015004,2,2565232990615,20.0869,1,2565,10.0472,19.6229,19.7537,0.173964,0.2383,88.9044392,15.8574975,0.738571,t17_f5_c3,19.7649,0.3085,False,False,True,23.12.x,0.0,2.565233930615015e+18,,,ZTF24aabihmc
ztf,60319.23347220011,2565233470615015002,2,2565233470615,20.07855,1,2565,10.190266,19.680407,19.8382,0.17867711,0.2552,88.9043859,15.8575172,0.6314286,t17_f5_c3,19.8531,0.3319,True,False,True,23.12.x,0.0,,0.99964356,562120206.0,ZTF24aabihmc
ztf,60319.23393520014,2565233930615015008,2,2565233930615,20.103746,1,2565,10.606816,19.689135,19.7603,0.13565187,0.2374,88.9042729,15.8575913,0.7842857,t17_f5_c3,19.6509,0.2752,True,False,True,23.12.x,0.0,,0.9994346,562120206.0,ZTF24aabihmc
ztf,60319.23440970015,2565234400615015002,2,2565234400615,20.1276,1,2565,10.9965,19.6575,19.5825,0.151523,0.2016,88.904178,15.8576649,0.772857,t17_f5_c3,19.7418,0.299,False,False,True,23.12.x,0.0,2.565234880615015e+18,,,ZTF24aabihmc
ztf,60319.2348842998,2565234880615015006,2,2565234880615,20.100224,1,2565,11.097833,19.67289,19.593,0.16100109,0.2026,88.9040093,15.8576038,0.71428573,t17_f5_c3,19.7132,0.2903,True,False,True,23.12.x,0.0,,0.99996245,562120206.0,ZTF24aabihmc
ztf,60319.235347200185,2565235340615015006,2,2565235340615,20.195627,1,2565,11.397211,19.812511,19.5395,0.15507445,0.1864,88.9039844,15.8576844,0.5857143,t17_f5_c3,19.5084,0.2321,True,False,True,23.12.x,0.0,,0.9998369,562120206.0,ZTF24aabihmc
