tid,mjd,candid,fid,pid,diffmaglim,isdiffpos,nid,distnr,magpsf,magap,sigmapsf,sigmagap,ra,dec,rb,rbversion,magapbig,sigmagapbig,has_stamp,corrected,dubious,step_id_corr,phase,parent_candid,drb,rfid,oid
ztf,60317.189375000075,2563189374815015027,2,2563189374815,19.7713,1,2563,10.1097,18.6865,18.8926,0.099465,0.1355,98.5864049,21.9396655,0.67,t17_f5_c3,18.8615,0.1696,False,False,True,23.12.x,0.0,2.563190784815015e+18,,,ZTF24aaauvsa
ztf,60317.18984950008,2563189844815015027,2,2563189844815,19.71,1,2563,9.5753,18.7234,18.8224,0.107809,0.1337,98.5862643,21.9397544,0.742857,t17_f5_c3,18.9977,0.202,False,False,True,23.12.x,0.0,2.563190784815015e+18,,,ZTF24aaauvsa
ztf,60317.19031250011,2563190314815015020,2,2563190314815,19.799,1,2563,9.41011,18.7377,18.9188,0.120183,0.1404,98.5861439,21.9397337,0.735714,t17_f5_c3,18.9453,0.1846,False,False,True,23.12.x,0.0,2.563191264815015e+18,,,ZTF24aaauvsa
ztf,60317.190787000116,2563190784815015027,2,2563190784815,19.772,1,2563,9.11467,18.7318,18.9347,0.11615,0.1439,98.586005,21.9397415,0.715714,t17_f5_c3,18.8367,0.1688,False,False,True,23.12.x,0.0,2.563191264815015e+18,,,ZTF24aaauvsa
ztf,60317.19126159977,2563191264815015031,2,2563191264815,19.9971,1,2563,8.88771,18.723,18.8285,0.099161,0.1145,98.5858803,21.9397413,0.868571,t17_f5_c3,18.8665,0.1519,False,False,True,23.12.x,0.0,2.563191724815015e+18,,,ZTF24aaauvsa
ztf,60317.19172450015,2563191724815015030,2,2563191724815,19.928598,1,2563,8.662067,18.815355,18.8055,0.11076286,0.116,98.5857661,21.9397638,0.80714285,t17_f5_c3,18.8044,0.1484,True,False,True,23.12.x,0.0,,0.99975425,563120248.0,ZTF24aaauvsa
ztf,60317.19219909981,2563192194815015021,2,2563192194815,19.859798,1,2563,8.41096,18.696892,18.775,0.101128384,0.1214,98.5856298,21.9397695,0.8471429,t17_f5_c3,18.8981,0.174,True,False,True,23.12.x,0.0,,0.9999449,563120248.0,ZTF24aaauvsa
ztf,60317.19267359981,2563192674815015025,2,2563192674815,19.891886,1,2563,8.246455,18.69186,18.8907,0.09371921,0.1291,98.5855099,21.9397664,0.81,t17_f5_c3,19.0349,0.1885,True,False,True,23.12.x,0.0,,0.9999478,563120248.0,ZTF24aaauvsa
ztf,60317.19314809982,2563193144815015026,2,2563193144815,19.944786,1,2563,8.301289,18.703115,18.5534,0.13044997,0.0944,98.5854231,21.9397163,0.66714287,t17_f5_c3,18.5759,0.123,True,False,True,23.12.x,0.0,,0.9999934,563120248.0,ZTF24aaauvsa
