tid,mjd,candid,fid,pid,diffmaglim,isdiffpos,nid,distnr,magpsf,magap,sigmapsf,sigmagap,ra,dec,rb,rbversion,magapbig,sigmagapbig,has_stamp,corrected,dubious,step_id_corr,phase,parent_candid,drb,rfid,oid
ztf,60319.14112270018,2565141125615015017,2,2565141125615,19.7128,1,2565,4.09095,19.196,19.278,0.138742,0.2009,87.7998843,22.3671306,0.712857,t17_f5_c3,19.3976,0.2873,False,False,True,23.12.x,0.0,2.565143005615015e+18,,,ZTF24aabgnxb
ztf,60319.141597200185,2565141595615015013,2,2565141595615,19.4723,1,2565,4.28595,19.0985,19.2646,0.206647,0.2586,87.7998596,22.3670819,0.74,t17_f5_c3,19.3472,0.3576,False,False,True,23.12.x,0.0,2.565143005615015e+18,,,ZTF24aabgnxb
ztf,60319.14207179984,2565142075615015009,2,2565142075615,18.9871,1,2565,4.44094,19.0269,19.2149,0.280749,0.3572,87.799775,22.367089,0.375714,t17_f5_c3,19.1387,0.4276,False,False,True,23.12.x,0.0,2.565143005615015e+18,,,ZTF24aabgnxb
ztf,60319.14253470022,2565142535615015030,2,2565142535615,19.062525,1,2565,4.8250837,19.050386,19.397,0.21593793,0.4071,87.7995754,22.3671155,0.56857145,t17_f5_c3,19.102,0.3986,True,False,True,23.12.x,0.0,,0.99991715,562120256.0,ZTF24aabgnxb
ztf,60319.14300929988,2565143005615015028,2,2565143005615,19.67904,1,2565,4.7649755,19.12287,19.0485,0.17246269,0.1841,87.7995449,22.3671778,0.65,t17_f5_c3,18.8989,0.2057,True,False,True,23.12.x,0.0,,0.9998866,562120256.0,ZTF24aabgnxb
ztf,60319.14348379988,2565143485615015012,2,2565143485615,19.772158,1,2565,5.205099,19.207067,19.4782,0.13372727,0.2518,87.7993977,22.3671472,0.79571426,t17_f5_c3,19.4414,0.3129,True,False,True,23.12.x,0.0,,0.99998724,562120256.0,ZTF24aabgnxb
ztf,60319.14395829989,2565143955615015010,2,2565143955615,19.672441,1,2565,5.579339,19.35551,19.2756,0.16409408,0.2332,87.799316,22.3670792,0.73,t17_f5_c3,19.0461,0.2427,True,False,True,23.12.x,0.0,,0.99992573,562120256.0,ZTF24aabgnxb
ztf,60319.14442129992,2565144425615015017,2,2565144425615,19.97161,1,2565,5.4876842,19.130392,19.2576,0.12134256,0.1837,87.7992522,22.3671997,0.8857143,t17_f5_c3,19.3053,0.2465,True,False,True,23.12.x,0.0,,0.99999964,562120256.0,ZTF24aabgnxb
