tid,mjd,candid,fid,pid,diffmaglim,isdiffpos,nid,distnr,magpsf,magpsf_corr,magap,sigmapsf,sigmapsf_corr,sigmapsf_corr_ext,sigmagap,ra,dec,rb,rbversion,drb,magapbig,sigmagapbig,rfid,has_stamp,corrected,dubious,step_id_corr,phase,parent_candid,oid
ztf,61080.56074069999,3326560741815010059,2,3326560741815,19.54371,-1,3326,0.25577438,16.762314,14.508292,16.7283,0.0873237,100.0,0.010952762,0.033,270.7795925,-15.1494276,0.6742857,t17_f5_c3,0.99703026,16.7173,0.0404,1375120218.0,True,True,False,27.5.7a32.dev1,0.0,,ZTF24aarwrth
ztf,61081.56089119986,3327560891815010041,2,3327560891815,18.643242,-1,3327,1.0290719,16.423948,14.559268,16.5898,0.08854446,100.0,0.015896054,0.0559,270.779429,-15.149249,0.64,t17_f5_c3,0.36469337,16.5424,0.0677,1375120218.0,True,True,False,27.5.7a32.dev1,0.0,,ZTF24aarwrth
ztf,61093.56865740009,3339568651815010029,2,3339568651815,18.681837,-1,3339,0.14127418,15.773939,14.7321005,15.9117,0.039633714,100.0,0.015182004,0.0284,270.7796587,-15.1493903,0.8057143,t17_f5_c3,0.9995486,15.9144,0.0362,1375120218.0,True,True,False,27.5.7a32.dev1,0.0,,ZTF24aarwrth
ztf,61096.546157400124,3342546151815010102,2,3342546151815,19.076519,-1,3342,0.11625748,15.699038,14.762218,15.6784,0.050536882,100.0,0.021324594,0.0186,270.7796345,-15.1494369,0.76714283,t17_f5_c3,0.9993389,15.6162,0.022,1375120218.0,True,True,False,27.5.7a32.dev1,0.0,,ZTF24aarwrth
ztf,61099.54306709999,3345543061815010062,2,3345543061815,19.811728,-1,3345,0.020279154,15.697955,14.762675,15.6991,0.045983046,100.0,0.019430585,0.0108,270.7796578,-15.1494276,0.7657143,t17_f5_c3,1.0,15.7041,0.0133,1375120218.0,True,True,False,27.5.7a32.dev1,0.0,,ZTF24aarwrth
ztf,61099.54306709999,3345543061815020062,2,3345543061815,19.8117,-1,3345,0.020279,15.698,14.762658,15.6991,0.045983,100.0,0.019429449,0.0108,270.7796578,-15.1494276,0.765714,t17_f5_c3,,15.7041,0.0133,,False,True,False,27.5.7a32.dev1,0.0,3.3515364318150103e+18,ZTF24aarwrth
ztf,61101.54112270009,3347541121815010055,2,3347541121815,18.497643,-1,3347,0.05014772,15.535397,14.839425,15.5591,0.021611989,100.0,0.011384292,0.0214,270.7796534,-15.1494347,0.7657143,t17_f5_c3,0.9996344,15.5316,0.0264,1375120218.0,True,True,False,27.5.7a32.dev1,0.0,,ZTF24aarwrth
ztf,61105.5364351999,3351536431815010053,2,3351536431815,19.421652,-1,3351,0.0909145,15.613333,14.800516,15.6328,0.029218378,100.0,0.013820675,0.0123,270.7796873,-15.1494387,0.69,t17_f5_c3,1.0,15.6302,0.0153,1375120218.0,True,True,False,27.5.7a32.dev1,0.0,,ZTF24aarwrth
