tid,mjd,candid,fid,pid,diffmaglim,isdiffpos,nid,distnr,magpsf,magap,sigmapsf,sigmagap,ra,dec,rb,rbversion,magapbig,sigmagapbig,has_stamp,corrected,dubious,step_id_corr,phase,parent_candid,drb,rfid,oid
ztf,60317.44047449995,2563440472315015024,2,2563440472315,19.7759,1,2563,2.53348,19.4336,19.3375,0.175028,0.2052,97.1033139,17.3404274,0.661429,t17_f5_c3,19.6818,0.3628,False,False,False,23.12.x,0.0,2.563441882315015e+18,,,ZTF24aabbfps
ztf,60317.44093749998,2563440932315015028,2,2563440932315,19.8605,1,2563,3.28041,19.5359,19.4717,0.17407,0.22,97.1031548,17.3405759,0.592857,t17_f5_c3,19.2141,0.2243,False,False,False,23.12.x,0.0,2.563442362315015e+18,,,ZTF24aabbfps
ztf,60317.441411999986,2563441412315015037,2,2563441412315,19.7214,1,2563,3.27196,19.405,19.417,0.14138,0.2251,97.1030752,17.3405025,0.66,t17_f5_c3,19.2973,0.2598,False,False,False,23.12.x,0.0,2.563442362315015e+18,,,ZTF24aabbfps
ztf,60317.44188660011,2563441882315015024,2,2563441882315,19.8463,1,2563,3.53456,19.4119,19.5339,0.139963,0.2355,97.1029356,17.3404569,0.771429,t17_f5_c3,19.6871,0.3498,False,False,False,23.12.x,0.0,2.563442362315015e+18,,,ZTF24aabbfps
ztf,60317.44236110011,2563442362315015029,2,2563442362315,19.8086,1,2563,3.7969322,19.53023,19.7809,0.16143396,0.2969,97.1028259,17.3404349,0.6742857,t17_f5_c3,19.8945,0.4246,True,False,False,23.12.x,0.0,,0.9986433,563120223.0,ZTF24aabbfps
ztf,60317.442824100144,2563442822315015028,2,2563442822315,19.701685,1,2563,4.110018,19.311945,19.4821,0.15521592,0.2386,97.1027435,17.3404751,0.60142857,t17_f5_c3,19.3579,0.2738,True,False,False,23.12.x,0.0,,0.9731303,563120223.0,ZTF24aabbfps
ztf,60317.44377310015,2563443772315015025,2,2563443772315,19.773523,1,2563,4.8637805,19.601746,20.0233,0.1695557,0.3837,97.1024676,17.3404321,0.62714285,t17_f5_c3,19.6888,0.3616,True,False,False,23.12.x,0.0,,0.9955722,563120223.0,ZTF24aabbfps
