tid,mjd,candid,fid,pid,diffmaglim,isdiffpos,nid,distnr,magpsf,magpsf_corr,magap,sigmapsf,sigmapsf_corr,sigmapsf_corr_ext,sigmagap,ra,dec,rb,rbversion,drb,magapbig,sigmagapbig,rfid,has_stamp,corrected,dubious,step_id_corr,phase,parent_candid,oid
ztf,60087.35564809991,2333355645915015035,2,2333355645915,20.267675,1,2333,0.35099697,18.856394,16.835535,19.0339,0.11524784,0.011767253,0.017917978,0.1325,242.6773322,-22.1061233,0.8957143,t17_f5_c3,0.9999998,19.1338,0.1813,278120259.0,True,True,False,1.2.0,0.0,,ZTF23aalldlu
ztf,61057.56950230012,3303569502215015020,2,3303569502215,19.119156,1,3303,0.43004012,18.7384,17.006746,18.8041,0.15540747,0.013082616,0.03153629,0.1855,242.6774294,-22.1062343,0.5557143,t17_f5_c3,2e-08,18.6885,0.213,1320120222.0,True,True,False,27.5.7a32.dev1,0.0,,ZTF23aalldlu
ztf,61069.562372699846,3315562372215015034,2,3315562372215,19.6915,1,3315,0.357574,18.8684,17.031898,18.8216,0.198703,0.021860605,0.036610305,0.1657,242.6773696,-22.1061315,0.721429,t17_f5_c3,,18.7262,0.1934,,False,True,False,27.5.7a32.dev1,0.0,3.326553902215015e+18,ZTF23aalldlu
ztf,61075.558032399975,3321558032215015017,2,3321558032215,19.201117,1,3321,0.15020636,18.938938,17.044554,18.9952,0.17961025,0.010079261,0.03137456,0.2386,242.6774303,-22.1061165,0.7128571,t17_f5_c3,0.04451102,19.0199,0.312,1320120222.0,True,True,False,27.5.7a32.dev1,0.0,,ZTF23aalldlu
ztf,61077.555358800106,3323555352215015005,2,3323555352215,19.4551,1,3323,0.607317,19.0354,17.060799,19.1522,0.235836,0.023545839,0.03826215,0.2759,242.6772899,-22.1060972,0.61,t17_f5_c3,,18.862,0.2701,,False,True,False,27.5.7a32.dev1,0.0,3.326553902215015e+18,ZTF23aalldlu
ztf,61079.554236100055,3325554232215015015,2,3325554232215,19.263613,1,3325,0.5989623,18.67825,16.994268,19.2111,0.16794494,0.021527039,0.035610188,0.2528,242.6775131,-22.1062845,0.66714287,t17_f5_c3,0.8367945,19.2668,0.3394,1320120222.0,True,True,False,27.5.7a32.dev1,0.0,,ZTF23aalldlu
ztf,61080.55390049983,3326553902215015022,2,3326553902215,19.70488,1,3326,0.62653553,18.837427,17.026125,18.5598,0.21223225,0.027356764,0.04002121,0.1421,242.6772859,-22.1060854,0.49142858,t17_f5_c3,0.02150539,19.1167,0.3023,1320120222.0,True,True,False,27.5.7a32.dev1,0.0,,ZTF23aalldlu
