tid,mjd,candid,fid,pid,diffmaglim,isdiffpos,nid,distnr,magpsf,magap,sigmapsf,sigmagap,ra,dec,rb,rbversion,magapbig,sigmagapbig,has_stamp,corrected,dubious,step_id_corr,phase,parent_candid,drb,rfid,oid
ztf,60319.15054399986,2565150545415015009,2,2565150545415,19.7684,1,2565,2.4071,18.8958,19.23,0.144557,0.1897,89.3469102,21.4673594,0.778571,t17_f5_c3,19.2745,0.2535,False,False,False,23.12.x,0.0,2.565151015415015e+18,,,ZTF24aabgurh
ztf,60319.15101849986,2565151015415015007,2,2565151015415,19.672905,1,2565,2.2787576,18.88993,18.8902,0.1304095,0.1517,89.3468061,21.4673406,0.8471429,t17_f5_c3,18.8424,0.1859,True,False,False,23.12.x,0.0,,0.9985013,562120254.0,ZTF24aabgurh
ztf,60319.151481499895,2565151485415015006,2,2565151485415,19.493391,1,2565,2.1380723,18.922148,18.863,0.14341046,0.1711,89.346652,21.4673096,0.8042857,t17_f5_c3,18.8059,0.208,True,False,False,23.12.x,0.0,,0.9937048,562120254.0,ZTF24aabgurh
ztf,60319.1519559999,2565151955415015004,2,2565151955415,19.181246,1,2565,2.095993,18.943789,19.0814,0.20268863,0.2974,89.3466462,21.4672966,0.71,t17_f5_c3,19.2944,0.4646,True,False,False,23.12.x,0.0,,0.79062533,562120254.0,ZTF24aabgurh
