tid,mjd,candid,fid,pid,diffmaglim,isdiffpos,nid,distnr,magpsf,magpsf_corr,magap,sigmapsf,sigmapsf_corr,sigmapsf_corr_ext,sigmagap,ra,dec,rb,rbversion,magapbig,sigmagapbig,has_stamp,corrected,dubious,step_id_corr,phase,parent_candid,drb,rfid,oid
ztf,60967.538113399874,3213538111815015010,2,3213538111815,19.0373,1,3213,0.237987,19.3756,18.028435,19.1926,0.225554,0.063806735,0.06522049,0.4389,179.9461924,20.8187685,0.861429,t17_f5_c3,18.766,0.3806,False,True,False,27.5.7a32.dev1,0.0,3.218530381815015e+18,,,ZTF24aacanhj
ztf,60972.53038189979,3218530381815015008,2,3218530381815,19.87595,1,3218,0.34098315,19.58662,18.085356,19.416,0.1902472,0.045560878,0.047732286,0.2643,179.9461931,20.8187976,0.9142857,t17_f5_c3,19.2777,0.2979,True,True,False,27.5.7a32.dev1,0.0,,0.99984527,1620120218.0,ZTF24aacanhj
ztf,60972.53432870004,3218534321815015012,2,3218534321815,19.83985,1,3218,0.11352481,19.667969,18.1052,20.1221,0.21612759,0.049146097,0.051239226,0.5257,179.946229,20.8187128,0.9185714,t17_f5_c3,20.0334,0.6208,True,True,False,27.5.7a32.dev1,0.0,,0.9965809,1620120218.0,ZTF24aacanhj
ztf,60972.5382869998,3218538281815015004,2,3218538281815,19.788837,1,3218,0.33771122,19.410755,18.038483,19.4161,0.16298103,0.04398601,0.04604986,0.3016,179.9462073,20.8187962,0.9071429,t17_f5_c3,19.3064,0.3494,True,True,False,27.5.7a32.dev1,0.0,,0.9999796,1620120218.0,ZTF24aacanhj
ztf,60973.53679399984,3219536791815015004,2,3219536791815,19.852097,1,3219,0.29486996,19.692226,18.1109,20.1498,0.19078463,0.04200898,0.044464514,0.546,179.94625,20.8187682,0.89857143,t17_f5_c3,20.1948,0.729,True,True,False,27.5.7a32.dev1,0.0,,0.9999589,1620120218.0,ZTF24aacanhj
ztf,60973.54078700021,3219540781815015005,2,3219540781815,19.4507,1,3219,0.346706,19.4099,18.038242,19.6473,0.225668,0.062325235,0.063797906,0.4776,179.946272,20.8187694,0.92,t17_f5_c3,19.3756,0.4773,False,True,False,27.5.7a32.dev1,0.0,3.220533111815015e+18,,,ZTF24aacanhj
ztf,60974.533113399986,3220533111815015007,2,3220533111815,19.862333,1,3220,0.30165157,19.62835,18.095675,19.2618,0.2163147,0.050729256,0.052724976,0.2145,179.9462284,20.8187813,0.72,t17_f5_c3,19.3598,0.3,True,True,False,27.5.7a32.dev1,0.0,,0.99948514,1620120218.0,ZTF24aacanhj
