tid,mjd,candid,fid,pid,diffmaglim,isdiffpos,nid,distnr,magpsf,magap,sigmapsf,sigmagap,ra,dec,rb,rbversion,magapbig,sigmagapbig,has_stamp,corrected,dubious,step_id_corr,phase,parent_candid,drb,rfid,oid
ztf,60319.17739580013,2565177392315015011,2,2565177392315,20.268,1,2565,4.047,19.4763,19.483,0.093668,0.1852,90.1371916,17.3527466,0.877143,t17_f5_c3,19.4601,0.2326,False,False,False,23.12.x,0.0,2.565178812315015e+18,,,ZTF24aabhgjb
ztf,60319.177870399784,2565177872315015015,2,2565177872315,20.229,1,2565,4.15848,19.4218,19.6345,0.103995,0.2121,90.1370586,17.3527173,0.825714,t17_f5_c3,19.437,0.2269,False,False,False,23.12.x,0.0,2.565179282315015e+18,,,ZTF24aabhgjb
ztf,60319.17834489979,2565178342315015022,2,2565178342315,20.1849,1,2565,3.99289,19.5709,19.5321,0.123901,0.1956,90.1369179,17.3527789,0.765714,t17_f5_c3,19.5006,0.2433,False,False,False,23.12.x,0.0,2.565179282315015e+18,,,ZTF24aabhgjb
ztf,60319.17881939979,2565178812315015018,2,2565178812315,20.21407,1,2565,4.0019693,19.431017,19.5663,0.10734833,0.2003,90.1367939,17.3528028,0.7657143,t17_f5_c3,19.6566,0.2788,True,False,False,23.12.x,0.0,,0.99959105,562120223.0,ZTF24aabhgjb
ztf,60319.179282399826,2565179282315015017,2,2565179282315,20.19472,1,2565,4.1652513,19.44326,19.3163,0.09695085,0.1609,90.1367056,17.3527846,0.81857145,t17_f5_c3,19.189,0.1831,True,False,False,23.12.x,0.0,,0.9989913,562120223.0,ZTF24aabhgjb
