tid,mjd,candid,fid,pid,diffmaglim,isdiffpos,nid,distnr,magpsf,magap,sigmapsf,sigmagap,ra,dec,rb,rbversion,magapbig,sigmagapbig,has_stamp,corrected,dubious,step_id_corr,phase,parent_candid,drb,rfid,oid
ztf,60319.29142360017,2565291421715015001,2,2565291421715,20.3648,1,2565,11.4077,16.9852,16.9799,0.032843,0.0182,91.2112213,18.7752495,0.897143,t17_f5_c3,16.9566,0.022,False,False,True,23.12.x,0.0,2.565293311715015e+18,,,ZTF24aabjjhb
ztf,60319.29189810017,2565291891715015001,2,2565291891715,20.4029,1,2565,11.1303,16.9918,16.9692,0.035301,0.0176,91.2111273,18.7752255,0.898571,t17_f5_c3,16.9496,0.0214,False,False,True,23.12.x,0.0,2.565293781715015e+18,,,ZTF24aabjjhb
ztf,60319.29237269983,2565292371715015002,2,2565292371715,20.3784,1,2565,10.8655,16.9902,16.9953,0.038991,0.0184,91.2110324,18.7752124,0.91,t17_f5_c3,16.9932,0.0227,False,False,True,23.12.x,0.0,2.565293781715015e+18,,,ZTF24aabjjhb
ztf,60319.29283560021,2565292831715015002,2,2565292831715,20.4248,1,2565,10.5883,16.9983,16.998,0.034299,0.0179,91.2109338,18.7751944,0.907143,t17_f5_c3,16.9967,0.022,False,False,True,23.12.x,0.0,2.565293781715015e+18,,,ZTF24aabjjhb
ztf,60319.293310199864,2565293311715015001,2,2565293311715,20.449516,1,2565,10.286317,16.990656,16.9939,0.03756515,0.0175,91.2108302,18.7751753,0.9142857,t17_f5_c3,17.0134,0.0219,True,False,True,23.12.x,0.0,,1.0,562120217.0,ZTF24aabjjhb
ztf,60319.29378469987,2565293781715015001,2,2565293781715,20.381268,1,2565,10.028052,16.990982,17.0131,0.03582475,0.0186,91.2107355,18.7751528,0.9142857,t17_f5_c3,17.03,0.0233,True,False,True,23.12.x,0.0,,1.0,562120217.0,ZTF24aabjjhb
ztf,60319.2942476999,2565294241715015001,2,2565294241715,20.269402,1,2565,9.752992,17.031076,17.0277,0.034257744,0.0196,91.210637,18.7751341,0.8971428,t17_f5_c3,17.0279,0.0244,True,False,True,23.12.x,0.0,,1.0,562120217.0,ZTF24aabjjhb
ztf,60319.294722199906,2565294721715015001,2,2565294721715,20.417446,1,2565,9.5080595,16.986204,16.9972,0.039527483,0.018,91.2105397,18.7751223,0.9128571,t17_f5_c3,17.0014,0.0223,True,False,True,23.12.x,0.0,,1.0,562120217.0,ZTF24aabjjhb
ztf,60319.29519680003,2565295191715015001,2,2565295191715,20.315268,1,2565,9.272766,16.998926,17.002,0.03267703,0.0187,91.2104515,18.7751023,0.89857143,t17_f5_c3,17.0032,0.0233,True,False,True,23.12.x,0.0,,1.0,562120217.0,ZTF24aabjjhb
