tid,mjd,candid,fid,pid,diffmaglim,isdiffpos,nid,distnr,magpsf,magap,sigmapsf,sigmagap,ra,dec,rb,rbversion,magapbig,sigmagapbig,has_stamp,corrected,dubious,step_id_corr,phase,parent_candid,drb,rfid,oid
ztf,60317.28972220002,2563289720715015014,2,2563289720715,20.0402,1,2563,3.58977,19.3796,19.407,0.149296,0.1712,97.1820545,15.298915,0.788571,t17_f5_c3,19.3828,0.2142,False,False,True,23.12.x,0.0,2.563291130715015e+18,,,ZTF24aaaxtfn
ztf,60317.29019680014,2563290190715015014,2,2563290190715,20.0287,1,2563,3.8483,19.3721,19.3837,0.151865,0.1652,97.1819492,15.2989086,0.751429,t17_f5_c3,19.3999,0.2146,False,False,True,23.12.x,0.0,2.563291130715015e+18,,,ZTF24aaaxtfn
ztf,60317.29067130014,2563290670715015016,2,2563290670715,19.9811,1,2563,4.46453,19.3918,19.7039,0.20306,0.2225,97.1817732,15.2989688,0.62,t17_f5_c3,19.7123,0.2872,False,False,True,23.12.x,0.0,2.563291130715015e+18,,,ZTF24aaaxtfn
ztf,60317.291134300176,2563291130715015021,2,2563291130715,20.005005,1,2563,4.8172393,19.386427,19.2559,0.1593252,0.148,97.1816719,15.2990015,0.5928571,t17_f5_c3,19.1372,0.1698,True,False,True,23.12.x,0.0,,0.9998738,563120207.0,ZTF24aaaxtfn
ztf,60317.29160880018,2563291600715015013,2,2563291600715,20.0787,1,2563,5.03301,19.4001,19.2247,0.122055,0.1424,97.1815116,15.2988562,0.584286,t17_f5_c3,19.0161,0.1505,False,False,False,23.12.x,0.0,2.563292070715015e+18,,,ZTF24aaaxtfn
ztf,60317.29207180021,2563292070715015014,2,2563292070715,20.116987,1,2563,5.3957224,19.397223,19.1256,0.13817708,0.129,97.1814274,15.2989191,0.62,t17_f5_c3,18.9784,0.1442,True,False,False,23.12.x,0.0,,0.99997973,563120207.0,ZTF24aaaxtfn
ztf,60317.29254630022,2563292540715015012,2,2563292540715,20.050863,1,2563,5.8008537,19.615395,19.5329,0.1497092,0.1909,97.1813046,15.298944,0.6757143,t17_f5_c3,19.4616,0.229,True,False,True,23.12.x,0.0,,0.99992335,563120207.0,ZTF24aaaxtfn
ztf,60317.29302080022,2563293020715015012,2,2563293020715,20.145744,1,2563,6.2691703,19.361368,19.0317,0.11566487,0.1175,97.1811393,15.2989056,0.50142854,t17_f5_c3,18.9061,0.1338,True,False,True,23.12.x,0.0,,0.99998695,563120207.0,ZTF24aaaxtfn
ztf,60317.29348379979,2563293480715015015,2,2563293480715,20.192509,1,2563,6.720793,19.461359,19.4794,0.13054791,0.1731,97.1809975,15.2989055,0.77,t17_f5_c3,19.301,0.1881,True,False,True,23.12.x,0.0,,0.9998878,563120207.0,ZTF24aaaxtfn
