tid,mjd,candid,fid,pid,diffmaglim,isdiffpos,nid,distnr,magpsf,magap,sigmapsf,sigmagap,ra,dec,rb,rbversion,magapbig,sigmagapbig,has_stamp,corrected,dubious,step_id_corr,phase,parent_candid,drb,rfid,oid
ztf,60319.22828700021,2565228280815015013,2,2565228280815,20.1294,1,2565,9.64392,19.3681,19.1344,0.115245,0.1296,87.8872178,16.4927709,0.695714,t17_f5_c3,19.17,0.1713,False,False,True,23.12.x,0.0,2.565230630815015e+18,,,ZTF24aabieex
ztf,60319.22874999978,2565228750815015019,2,2565228750815,20.0239,1,2565,9.33177,19.549,19.5311,0.206581,0.1868,87.8871287,16.4927731,0.568571,t17_f5_c3,19.5262,0.2382,False,False,True,23.12.x,0.0,2.565230630815015e+18,,,ZTF24aabieex
ztf,60319.22922449978,2565229220815015016,2,2565229220815,20.0553,1,2565,9.0221,19.3788,19.3798,0.154268,0.1643,87.887037,16.4927469,0.752857,t17_f5_c3,19.3943,0.2132,False,False,True,23.12.x,0.0,2.565230630815015e+18,,,ZTF24aabieex
ztf,60319.2296990999,2565229690815015018,2,2565229690815,20.0875,1,2565,8.63191,19.3658,19.3174,0.183327,0.1538,87.8869232,16.4927798,0.742857,t17_f5_c3,19.2263,0.181,False,False,True,23.12.x,0.0,2.565230630815015e+18,,,ZTF24aabieex
ztf,60319.23016199982,2565230160815015008,2,2565230160815,20.013195,1,2565,8.38033,19.494658,19.6091,0.1923742,0.2013,87.886845,16.4928207,0.64428574,t17_f5_c3,19.6116,0.2584,True,False,True,23.12.x,0.0,,0.9999926,562120208.0,ZTF24aabieex
ztf,60319.23063659994,2565230630815015014,2,2565230630815,20.054007,1,2565,8.234606,19.33382,19.3396,0.16287363,0.1576,87.8868085,16.492773,0.6157143,t17_f5_c3,19.2567,0.1871,True,False,True,23.12.x,0.0,,0.99999964,562120208.0,ZTF24aabieex
ztf,60319.23158559995,2565231580815015021,2,2565231580815,20.119753,1,2565,7.569158,19.317759,19.4208,0.11756576,0.169,87.8866097,16.492793,0.8142857,t17_f5_c3,19.299,0.1934,True,False,True,23.12.x,0.0,,1.0,562120208.0,ZTF24aabieex
