tid,mjd,candid,fid,pid,diffmaglim,isdiffpos,nid,distnr,magpsf,magpsf_corr,magap,sigmapsf,sigmapsf_corr,sigmapsf_corr_ext,sigmagap,ra,dec,rb,rbversion,drb,magapbig,sigmagapbig,rfid,has_stamp,corrected,dubious,step_id_corr,phase,parent_candid,oid
ztf,61093.56865740009,3339568651615015014,2,3339568651615,18.639727,1,3339,0.13118254,17.499,16.107113,17.5297,0.08574907,0.015488967,0.02379438,0.1323,271.4661752,-14.3581588,0.7457143,t17_f5_c3,0.99947655,17.5153,0.1657,1375120216.0,True,True,False,27.5.7a32.dev1,0.0,,ZTF25acanlii
ztf,61096.546157400124,3342546151615015022,2,3342546151615,19.021852,1,3342,0.095234945,17.097767,15.980139,17.2611,0.08515318,0.025828576,0.03041933,0.082,271.4661756,-14.358173,0.8757143,t17_f5_c3,0.999779,17.08,0.0859,1375120216.0,True,True,False,27.5.7a32.dev1,0.0,,ZTF25acanlii
ztf,61099.54306709999,3345543061615015047,2,3345543061615,19.728806,1,3345,0.08246959,16.909243,15.908976,16.8178,0.06364063,0.020373784,0.02532956,0.0324,271.466178,-14.35819,0.8642857,t17_f5_c3,0.9874549,16.8338,0.0393,1375120216.0,True,True,False,27.5.7a32.dev1,0.0,,ZTF25acanlii
ztf,61099.54306709999,3345543061615025047,2,3345543061615,19.7288,1,3345,0.08247,16.9092,15.9089575,16.8178,0.063641,0.020374827,0.025330268,0.0324,271.466178,-14.35819,0.864286,t17_f5_c3,,16.8338,0.0393,,False,True,False,27.5.7a32.dev1,0.0,3.351536431615015e+18,ZTF25acanlii
ztf,61100.541840299964,3346541841615015025,2,3346541841615,19.64469,1,3346,0.06296746,16.94739,15.923998,17.0462,0.057435215,0.016368415,0.022378022,0.0432,271.4661697,-14.3581961,0.88,t17_f5_c3,0.99626064,16.9788,0.0493,1375120216.0,True,True,False,27.5.7a32.dev1,0.0,,ZTF25acanlii
ztf,61101.54112270009,3347541121615015013,2,3347541121615,18.4913,1,3347,0.13224982,17.038176,15.958473,17.3237,0.04881783,0.008832639,0.018059164,0.1088,271.4661652,-14.3581532,0.81857145,t17_f5_c3,0.99540126,17.3298,0.1382,1375120216.0,True,True,False,27.5.7a32.dev1,0.0,,ZTF25acanlii
ztf,61105.5364351999,3351536431615015041,2,3351536431615,19.52653,1,3351,0.077357635,16.884735,15.899155,16.9923,0.050558526,0.013913842,0.020396814,0.0422,271.4661759,-14.3581899,0.8742857,t17_f5_c3,0.9998849,16.8504,0.0454,1375120216.0,True,True,False,27.5.7a32.dev1,0.0,,ZTF25acanlii
