tid,mjd,candid,fid,pid,diffmaglim,isdiffpos,nid,distnr,magpsf,magpsf_corr,magap,sigmapsf,sigmapsf_corr,sigmapsf_corr_ext,sigmagap,ra,dec,rb,rbversion,magapbig,sigmagapbig,has_stamp,corrected,dubious,step_id_corr,phase,parent_candid,drb,rfid,oid
ztf,61070.56586810015,3316565862015015181,2,3316565862015,18.7234,1,3316,0.822487,16.4284,14.541059,16.3752,0.045464,100.0,0.007993389,0.0282,258.0428252,-21.3605254,0.558571,t17_f5_c3,16.3775,0.0351,False,True,False,27.5.7a32.dev1,0.0,3.339565702015015e+18,,,ZTF26aaezxkk
ztf,61074.56341439998,3320563412015015017,2,3320563412015,18.8748,1,3320,0.71553,16.3888,14.53399,16.4651,0.069942,0.0031139432,0.012671099,0.0361,258.0429039,-21.3604108,0.781429,t17_f5_c3,16.4399,0.0443,False,True,False,27.5.7a32.dev1,0.0,3.339565702015015e+18,,,ZTF26aaezxkk
ztf,61075.56193289999,3321561932015015044,2,3321561932015,18.946295,1,3321,0.73558706,16.62436,14.573047,16.4205,0.038072214,100.0,0.0057555027,0.0305,258.0428476,-21.3601563,0.74142855,t17_f5_c3,16.3755,0.0365,True,True,False,27.5.7a32.dev1,0.0,,0.9999978,1322120220.0,ZTF26aaezxkk
ztf,61077.55925930012,3323559252015015022,2,3323559252015,19.704346,1,3323,0.40890944,16.614714,14.571584,16.4825,0.072798066,100.0,0.01108837,0.0235,258.0428216,-21.360371,0.8385714,t17_f5_c3,16.4552,0.0278,True,True,False,27.5.7a32.dev1,0.0,,0.9999962,1322120220.0,ZTF26aaezxkk
ztf,61079.55813660007,3325558132015015102,2,3325558132015,18.923836,1,3325,0.76870364,16.04103,14.462155,16.3038,0.06726363,0.010709961,0.015711956,0.0233,258.0426636,-21.3601076,0.5757143,t17_f5_c3,16.2856,0.0283,True,True,False,27.5.7a32.dev1,0.0,,0.95120734,1322120220.0,ZTF26aaezxkk
ztf,61080.55780090019,3326557802015015037,2,3326557802015,19.712206,1,3326,0.35374576,16.420074,14.539589,16.4726,0.07911816,0.006598044,0.013998517,0.0224,258.0428024,-21.3602657,0.78571427,t17_f5_c3,16.4669,0.027,True,True,False,27.5.7a32.dev1,0.0,,0.9999293,1322120220.0,ZTF26aaezxkk
ztf,61081.55793979997,3327557932015015029,2,3327557932015,18.923574,1,3327,0.22602354,16.439865,14.543064,16.3718,0.052808724,100.0,0.0092041865,0.0384,258.0427774,-21.3603281,0.88285714,t17_f5_c3,16.3554,0.0474,True,True,False,27.5.7a32.dev1,0.0,,0.9999987,1322120220.0,ZTF26aaezxkk
ztf,61093.5657060002,3339565702015015042,2,3339565702015,19.28282,1,3339,0.24948803,16.43567,14.542333,16.4251,0.05031391,100.0,0.008797365,0.0289,258.0427707,-21.3602766,0.8242857,t17_f5_c3,16.4042,0.0354,True,True,False,27.5.7a32.dev1,0.0,,0.99999964,1322120220.0,ZTF26aaezxkk
