tid,mjd,candid,fid,pid,diffmaglim,isdiffpos,nid,distnr,magpsf,magap,sigmapsf,sigmagap,ra,dec,rb,rbversion,magapbig,sigmagapbig,has_stamp,corrected,dubious,step_id_corr,phase,parent_candid,drb,rfid,oid
ztf,60317.386759299785,2563386755715015025,2,2563386755715,19.8955,1,2563,11.4601,18.6546,18.7021,0.070036,0.1087,94.076644,22.0730782,0.802857,t17_f5_c3,18.7448,0.1446,False,False,True,23.12.x,0.0,2.563388175715015e+18,,,ZTF24aabaaih
ztf,60317.38722220017,2563387225715015044,2,2563387225715,19.8065,1,2563,11.0092,18.7281,18.6478,0.097154,0.1089,94.0765036,22.0730391,0.751429,t17_f5_c3,18.5753,0.1305,False,False,True,23.12.x,0.0,2.563388175715015e+18,,,ZTF24aabaaih
ztf,60317.38769679982,2563387695715015041,2,2563387695715,19.7855,1,2563,10.6286,18.6007,18.5631,0.092145,0.1017,94.0763893,22.0730577,0.807143,t17_f5_c3,18.5639,0.1301,False,False,True,23.12.x,0.0,2.563388175715015e+18,,,ZTF24aabaaih
ztf,60317.388171299826,2563388175715015045,2,2563388175715,19.941055,1,2563,10.227398,18.663157,18.6019,0.07250927,0.0962,94.076268,22.0730643,0.85714287,t17_f5_c3,18.6633,0.13,True,False,True,23.12.x,0.0,,0.9999999,563120257.0,ZTF24aabaaih
ztf,60317.38863429986,2563388635715015035,2,2563388635715,19.9979,1,2563,9.77188,18.5928,18.6322,0.06976,0.0961,94.0761284,22.0730555,0.761429,t17_f5_c3,18.48,0.1069,False,False,True,23.12.x,0.0,2.563389105715015e+18,,,ZTF24aabaaih
ztf,60317.38910879986,2563389105715015040,2,2563389105715,19.90607,1,2563,9.279511,18.61179,18.686,0.071738906,0.1072,94.0759802,22.0730661,0.8857143,t17_f5_c3,18.6786,0.1362,True,False,True,23.12.x,0.0,,1.0,563120257.0,ZTF24aabaaih
ztf,60317.38958329987,2563389585715015037,2,2563389585715,19.8707,1,2563,8.98016,18.5957,18.6019,0.071498,0.1008,94.0758867,22.0730325,0.875714,t17_f5_c3,18.567,0.1248,False,False,True,23.12.x,0.0,2.563390525715015e+18,,,ZTF24aabaaih
ztf,60317.39005789999,2563390055715015052,2,2563390055715,20.034416,1,2563,8.581174,18.596395,18.5699,0.06823296,0.089,94.0757678,22.0730589,0.89285713,t17_f5_c3,18.5882,0.1156,True,False,True,23.12.x,0.0,,1.0,563120257.0,ZTF24aabaaih
ztf,60317.390520799905,2563390525715015046,2,2563390525715,20.068344,1,2563,8.163453,18.647202,18.6856,0.070404336,0.0967,94.0756393,22.073047,0.87,t17_f5_c3,18.7239,0.1278,True,False,True,23.12.x,0.0,,0.99999994,563120257.0,ZTF24aabaaih
