tid,mjd,candid,fid,pid,diffmaglim,isdiffpos,nid,distnr,magpsf,magap,sigmapsf,sigmagap,ra,dec,rb,rbversion,drb,magapbig,sigmagapbig,rfid,has_stamp,corrected,dubious,step_id_corr,phase,parent_candid,oid
ztf,59932.34320600005,2178343202215015018,2,2178343202215,20.54656,1,2178,7.896238,20.177446,20.0355,0.15590203,0.2375,102.2584468,31.9032026,0.6085714,t17_f5_c3,0.9425056,20.3452,0.404,661120222.0,True,False,False,1.1.6,0.0,,ZTF22abzgzrb
ztf,59934.344490699936,2180344492215015033,2,2180344492215,20.647964,1,2180,8.056421,19.812662,19.7545,0.11802998,0.1734,102.2583906,31.9032013,0.68714285,t17_f5_c3,0.98742956,19.4715,0.1714,661120222.0,True,False,False,1.1.6,0.0,,ZTF22abzgzrb
ztf,59936.27579860017,2182275792215015023,2,2182275792215,20.461618,1,2182,8.073028,19.479572,19.3392,0.12872307,0.135,102.2583773,31.9031769,0.66571426,t17_f5_c3,0.99814415,19.2256,0.1556,661120222.0,True,False,False,1.1.6,0.0,,ZTF22abzgzrb
ztf,59940.329074100126,2186329072215015010,2,2186329072215,19.568182,1,2186,8.190283,19.240808,19.7548,0.14702834,0.4672,102.2583438,31.9032091,0.51857144,t17_f5_c3,0.99398464,19.7656,0.6059,661120222.0,True,False,False,1.1.6,0.0,,ZTF22abzgzrb
ztf,59956.24802079983,2202248022215015007,2,2202248022215,20.189148,1,2202,8.124499,19.67981,19.7695,0.12811525,0.2458,102.2583503,31.9031553,0.76,t17_f5_c3,0.9944159,19.7743,0.3167,661120222.0,True,False,False,1.1.6,0.0,,ZTF22abzgzrb
ztf,59965.23440970015,2211234402215015017,2,2211234402215,20.166746,1,2211,8.176379,19.914478,20.0545,0.17497396,0.2885,102.2583241,31.9031178,0.69285715,t17_f5_c3,0.9978498,20.0596,0.372,661120222.0,True,False,False,1.1.6,0.0,,ZTF22abzgzrb
ztf,59967.24781250022,2213247812215015024,2,2213247812215,19.9787,1,2213,7.97157,19.7644,19.9226,0.218685,0.2465,102.2583974,31.9031328,0.488571,t17_f5_c3,,19.8744,0.3024,,False,False,False,1.1.6,0.0,2.215302182215015e+18,ZTF22abzgzrb
ztf,59969.302187500056,2215302182215015015,2,2215302182215,20.370092,1,2215,7.8320885,20.179893,20.0053,0.17683624,0.2574,102.2584458,31.9031322,0.5957143,t17_f5_c3,0.95552206,20.0086,0.331,661120222.0,True,False,False,1.1.6,0.0,,ZTF22abzgzrb
ztf,59971.319571800064,2217319572215015022,2,2217319572215,20.308882,1,2217,7.6685696,20.14267,20.2083,0.1812174,0.3177,102.2585291,31.9032191,0.5,t17_f5_c3,0.9991387,20.4654,0.5164,661120222.0,True,False,False,1.1.6,0.0,,ZTF22abzgzrb
