tid,mjd,candid,fid,pid,diffmaglim,isdiffpos,nid,distnr,magpsf,magap,sigmapsf,sigmagap,ra,dec,rb,rbversion,magapbig,sigmagapbig,has_stamp,corrected,dubious,step_id_corr,phase,parent_candid,drb,rfid,oid
ztf,60319.50083329994,2565500832215015013,2,2565500832215,20.2251,1,2565,16.3196,18.1698,18.1101,0.057614,0.0522,151.4596657,3.1707787,0.942857,t17_f5_c3,18.1426,0.0681,False,False,True,23.12.x,0.0,2.565503182215015e+18,,,ZTF24aabmtxr
ztf,60319.501296299975,2565501292215015012,2,2565501292215,20.2866,1,2565,16.2989,18.229,18.1354,0.073955,0.0537,151.4595913,3.1707893,0.931429,t17_f5_c3,18.1629,0.0699,False,False,True,23.12.x,0.0,2.565503652215015e+18,,,ZTF24aabmtxr
ztf,60319.50177079998,2565501772215015007,2,2565501772215,20.4059,1,2565,16.1698,18.2231,18.1975,0.056237,0.0533,151.4595295,3.1707653,0.962857,t17_f5_c3,18.1312,0.0636,False,False,True,23.12.x,0.0,2.565503652215015e+18,,,ZTF24aabmtxr
ztf,60319.50223380001,2565502232215015011,2,2565502232215,20.3774,1,2565,16.0395,18.2394,18.2107,0.062259,0.0545,151.4594482,3.1707432,0.97,t17_f5_c3,18.2613,0.0724,False,False,True,23.12.x,0.0,2.565503652215015e+18,,,ZTF24aabmtxr
ztf,60319.50270830002,2565502702215015007,2,2565502702215,20.3818,1,2565,15.9056,18.2002,18.1759,0.056419,0.0529,151.45939,3.1707155,0.97,t17_f5_c3,18.1589,0.0661,False,False,True,23.12.x,0.0,2.565503652215015e+18,,,ZTF24aabmtxr
ztf,60319.50318290014,2565503182215015010,2,2565503182215,20.338219,1,2565,15.735158,18.21658,18.2263,0.052450776,0.0562,151.4593188,3.1706788,0.9728571,t17_f5_c3,18.2282,0.0715,True,False,True,23.12.x,0.0,,0.99999976,468120222.0,ZTF24aabmtxr
ztf,60319.50365740014,2565503652215015015,2,2565503652215,20.380733,1,2565,15.674992,18.251951,18.1314,0.05470582,0.0513,151.4592393,3.1706733,0.95285714,t17_f5_c3,18.1419,0.0656,True,False,True,23.12.x,0.0,,0.9999999,468120222.0,ZTF24aabmtxr
ztf,60319.504120400175,2565504122215015008,2,2565504122215,20.20867,1,2565,15.490177,18.267836,18.243,0.061456323,0.0641,151.4591844,3.1706283,0.9771429,t17_f5_c3,18.2057,0.0789,True,False,True,23.12.x,0.0,,1.0,468120222.0,ZTF24aabmtxr
ztf,60319.50459490018,2565504592215015008,2,2565504592215,20.408398,1,2565,15.398021,18.20367,18.193,0.05167753,0.0534,151.4591144,3.1706106,0.9728571,t17_f5_c3,18.1663,0.0662,True,False,True,23.12.x,0.0,,0.99999917,468120222.0,ZTF24aabmtxr
