tid,mjd,candid,fid,pid,diffmaglim,isdiffpos,nid,distnr,magpsf,magpsf_corr,magap,sigmapsf,sigmapsf_corr,sigmapsf_corr_ext,sigmagap,ra,dec,rb,rbversion,drb,magapbig,sigmagapbig,rfid,has_stamp,corrected,dubious,step_id_corr,phase,oid
ztf,60707.57481480017,2953574812415015001,2,2953574812415,18.13304,1,2953,0.9582343,16.82386,14.786537,16.8206,0.0843128,100.0,0.012911131,0.0879,297.0535131,15.2038249,0.5385714,t17_f5_c3,0.9186218,16.7791,0.1075,1587120224,True,True,False,26.0.1,0.0,ZTF20abcnnis
ztf,60710.5676851999,2956567682415015004,2,2956567682415,19.17581,1,2956,0.489361,16.886526,14.795902,17.0611,0.061171938,100.0,0.008918721,0.0528,297.0533781,15.2038571,0.6957143,t17_f5_c3,0.6305734,17.072,0.0662,1587120224,True,True,False,26.0.1,0.0,ZTF20abcnnis
ztf,60724.546076400205,2970546072415015004,2,2970546072415,19.148876,1,2970,0.9226036,17.19427,14.835692,17.3701,0.0902161,100.0,0.01027669,0.0747,297.0534981,15.2038219,0.62,t17_f5_c3,0.93552244,17.3789,0.0934,1587120224,True,True,False,26.0.1,0.0,ZTF20abcnnis
ztf,60724.54896989977,2970548962415015000,2,2970548962415,19.186367,1,2970,0.71975213,17.315739,14.848863,17.4726,0.10273755,100.0,0.010592021,0.0822,297.0534592,15.2038824,0.62142855,t17_f5_c3,0.99942654,17.4562,0.1004,1587120224,True,True,False,26.0.1,0.0,ZTF20abcnnis
ztf,60724.553379599936,2970553372415015001,2,2970553372415,19.212193,1,2970,0.8452665,17.055965,14.819019,17.3375,0.12524755,100.0,0.015958449,0.0692,297.0534864,15.2039148,0.5714286,t17_f5_c3,0.9276094,17.3939,0.0903,1587120224,True,True,False,26.0.1,0.0,ZTF20abcnnis
ztf,60725.546076400205,2971546072415015000,2,2971546072415,19.469093,1,2971,0.8421495,17.701227,14.882842,17.5674,0.08396617,100.0,0.0062625394,0.0775,297.0534903,15.2039213,0.6357143,t17_f5_c3,0.996789,17.6597,0.1034,1587120224,True,True,False,26.0.1,0.0,ZTF20abcnnis
ztf,60727.54884260008,2973548842415015008,2,2973548842415,19.582588,1,2973,1.1078664,17.126448,14.827749,17.2378,0.05601602,100.0,0.006742685,0.0476,297.0535632,15.2038482,0.5914286,t17_f5_c3,0.92446035,17.2535,0.0585,1587120224,True,True,False,26.0.1,0.0,ZTF20abcnnis
ztf,61073.57818289986,3319578182415010006,2,3319578182415,18.080118,-1,3319,0.6172565,17.51342,15.076356,17.6065,0.14270777,100.0,0.015122448,0.2472,297.0531128,15.204022,0.50714284,t17_f5_c3,0.06288379,17.8089,0.3813,1587120224,True,True,False,27.5.7a32.dev1,0.0,ZTF20abcnnis
