tid,mjd,candid,fid,pid,diffmaglim,isdiffpos,nid,distnr,magpsf,magpsf_corr,magap,sigmapsf,sigmapsf_corr,sigmapsf_corr_ext,sigmagap,ra,dec,rb,rbversion,drb,magapbig,sigmagapbig,rfid,has_stamp,corrected,dubious,step_id_corr,phase,oid
ztf,61100.54709490016,3346547093115015034,2,3346547093115,19.2242,1,3346,0.22874129,15.884862,14.789539,15.9939,0.053971037,0.0116197,0.019680304,0.0187,286.2212911,-15.0797157,0.7442857,t17_f5_c3,0.999995,15.9668,0.0227,1378120231,True,True,False,27.5.7a32.dev1,0.0,ZTF24abaihmv
ztf,61101.5463657002,3347546363115015095,2,3347546363115,17.748045,1,3347,0.20200342,15.83625,14.771561,15.908,0.050699953,0.0108420905,0.019016545,0.052,286.2213009,-15.0796947,0.61714286,t17_f5_c3,0.99999785,15.8781,0.0645,1378120231,True,True,False,27.5.7a32.dev1,0.0,ZTF24abaihmv
ztf,61105.54167820001,3351541673115015024,2,3351541673115,19.431122,1,3351,0.19698943,16.05874,14.849767,16.115,0.06436122,0.012839627,0.02113659,0.0198,286.2212957,-15.0796946,0.6457143,t17_f5_c3,0.99999976,16.1193,0.0247,1378120231,True,True,False,27.5.7a32.dev1,0.0,ZTF24abaihmv
ztf,61108.542928200215,3354542923115015011,2,3354542923115,19.213354,1,3354,0.34112433,16.330158,14.931645,16.4002,0.052126456,100.0,0.014376496,0.0281,286.2213397,-15.0796966,0.7785714,t17_f5_c3,1.0,16.3623,0.034,1378120231,True,True,False,27.5.7a32.dev1,0.0,ZTF24abaihmv
ztf,61110.53449069988,3356534493115015102,2,3356534493115,19.195892,1,3356,0.1956157,16.330612,14.93177,16.3152,0.040256348,100.0,0.011099354,0.0219,286.2213002,-15.0796802,0.5557143,t17_f5_c3,0.9999181,16.3032,0.0268,1378120231,True,True,False,27.5.7a32.dev1,0.0,ZTF24abaihmv
ztf,61113.532627299894,3359532623115015014,2,3359532623115,20.13645,1,3359,0.20259015,16.506008,14.97737,16.6232,0.07438385,100.0,0.018197995,0.0201,286.2212945,-15.0796941,0.82714283,t17_f5_c3,1.0,16.6097,0.0237,1378120231,True,True,False,27.5.7a32.dev1,0.0,ZTF24abaihmv
ztf,61116.52783560008,3362527833115015111,2,3362527833115,19.08899,1,3362,0.30717424,16.391375,14.948187,16.5686,0.072245345,0.0052650683,0.019122068,0.0293,286.2213319,-15.0796868,0.6357143,t17_f5_c3,0.9995549,16.5572,0.0359,1378120231,True,True,False,27.5.7a32.dev1,0.0,ZTF24abaihmv
ztf,61117.52785879979,3363527853115015020,2,3363527853115,19.939516,1,3363,0.34708238,16.63571,15.0077,16.7314,0.072742045,100.0,0.016239827,0.0236,286.221291,-15.0795837,0.8242857,t17_f5_c3,0.99986434,16.7559,0.0293,1378120231,True,True,False,27.5.7a32.dev1,0.0,ZTF24abaihmv
