tid,mjd,candid,fid,pid,diffmaglim,isdiffpos,nid,distnr,magpsf,magpsf_corr,magap,sigmapsf,sigmapsf_corr,sigmapsf_corr_ext,sigmagap,ra,dec,rb,rbversion,drb,magapbig,sigmagapbig,rfid,has_stamp,corrected,dubious,step_id_corr,phase,oid
ztf,61057.57386570005,3303573863715010004,2,3303573863715,18.50297,-1,3303,0.95121586,17.895603,16.44425,17.9744,0.14431612,0.02935501,0.037911717,0.14,261.6793455,-11.8349354,0.6185714,t17_f5_c3,0.999926,17.8244,0.1561,1374120237,True,True,False,27.5.7a32.dev1,0.0,ZTF25aamhdzq
ztf,61057.57539349981,3303575393715010013,2,3303575393715,18.256104,-1,3303,0.959147,17.9569,16.428705,17.9836,0.18784982,0.03942684,0.045976188,0.1639,261.6792024,-11.8345859,0.53571427,t17_f5_c3,0.9864514,18.0151,0.2162,1374120237,True,True,False,27.5.7a32.dev1,0.0,ZTF25aamhdzq
ztf,61058.57112269988,3304571123715015001,2,3304571123715,19.372763,1,3304,0.5036826,18.019466,16.00614,18.1913,0.0950537,100.0,0.014881226,0.1304,261.6794659,-11.8345495,0.8457143,t17_f5_c3,1.0,18.1182,0.1552,1374120237,True,True,False,27.5.7a32.dev1,0.0,ZTF25aamhdzq
ztf,61058.57614579983,3304576143715015002,2,3304576143715,18.955002,1,3304,0.61311597,18.439037,16.062038,18.4756,0.11272155,100.0,0.012624297,0.2624,261.6794958,-11.8348592,0.79714286,t17_f5_c3,0.9999988,18.4615,0.3316,1374120237,True,True,False,27.5.7a32.dev1,0.0,ZTF25aamhdzq
ztf,61059.57182870014,3305571823715010002,2,3305571823715,19.2091,-1,3305,0.44871378,18.284466,16.361614,18.7258,0.13358507,0.004731415,0.022730924,0.2182,261.6793501,-11.8346195,0.73571426,t17_f5_c3,0.99999654,18.6423,0.2577,1374120237,True,True,False,27.5.7a32.dev1,0.0,ZTF25aamhdzq
ztf,61059.57628470007,3305576283715010006,2,3305576283715,18.86191,-1,3305,0.34171855,18.052174,16.406607,18.3688,0.1358982,0.018819537,0.029852938,0.2136,261.6794404,-11.8347829,0.77,t17_f5_c3,0.9999844,18.5637,0.3273,1374120237,True,True,False,27.5.7a32.dev1,0.0,ZTF25aamhdzq
ztf,61059.58171299985,3305581713715010031,2,3305581713715,18.389162,-1,3305,0.06923955,17.93761,16.43348,17.8513,0.106212325,0.011921219,0.02657799,0.2328,261.6794636,-11.8346765,0.74714285,t17_f5_c3,0.99994326,17.6158,0.2407,1374120237,True,True,False,27.5.7a32.dev1,0.0,ZTF25aamhdzq
ztf,61081.558935199864,3327558933715010006,2,3327558933715,18.63997,-1,3327,0.26682243,18.032665,16.41094,18.3972,0.08622661,100.0,0.019362042,0.2603,261.6794278,-11.8347604,0.82714283,t17_f5_c3,0.999933,18.5335,0.3779,1374120237,True,True,False,27.5.7a32.dev1,0.0,ZTF25aamhdzq
