tid,mjd,candid,fid,pid,diffmaglim,isdiffpos,nid,distnr,magpsf,magap,sigmapsf,sigmagap,ra,dec,rb,rbversion,magapbig,sigmagapbig,has_stamp,corrected,dubious,step_id_corr,phase,parent_candid,drb,rfid,oid
ztf,60319.23016199982,2565230163315015028,2,2565230163315,19.963,1,2565,6.9198,19.5289,19.437,0.16241,0.1722,91.1360766,19.9292927,0.504286,t17_f5_c3,19.197,0.177,False,False,True,23.12.x,0.0,2.565232063315015e+18,,,ZTF24aabific
ztf,60319.23063659994,2565230633315015027,2,2565230633315,19.9926,1,2565,7.34065,19.5613,19.6116,0.166512,0.1987,91.1360831,19.9294184,0.681429,t17_f5_c3,19.3964,0.209,False,False,True,23.12.x,0.0,2.565232063315015e+18,,,ZTF24aabific
ztf,60319.23111109994,2565231113315015022,2,2565231113315,20.0207,1,2565,7.1552,19.5743,19.4134,0.16493,0.1669,91.1359355,19.9293306,0.575714,t17_f5_c3,19.5525,0.2428,False,False,True,23.12.x,0.0,2.565232063315015e+18,,,ZTF24aabific
ztf,60319.23158559995,2565231583315015034,2,2565231583315,20.0862,1,2565,7.31079,19.7098,19.5976,0.189172,0.1966,91.1359164,19.92937,0.651429,t17_f5_c3,19.3811,0.2067,False,False,True,23.12.x,0.0,2.565232993315015e+18,,,ZTF24aabific
ztf,60319.23206020007,2565232063315015028,2,2565232063315,20.095026,1,2565,7.5642033,19.648388,19.5258,0.1400699,0.1855,91.1357731,19.9294008,0.61,t17_f5_c3,19.3874,0.2094,True,False,True,23.12.x,0.0,,0.9998635,562120233.0,ZTF24aabific
ztf,60319.232523099985,2565232523315015035,2,2565232523315,20.1125,1,2565,7.61009,19.6557,19.7857,0.179641,0.2385,91.1356736,19.9293833,0.628571,t17_f5_c3,19.7135,0.2861,False,False,True,23.12.x,0.0,2.565232993315015e+18,,,ZTF24aabific
ztf,60319.232997700106,2565232993315015032,2,2565232993315,20.08782,1,2565,8.054378,19.84459,19.7151,0.16098572,0.2246,91.135489,19.9294399,0.61,t17_f5_c3,19.5418,0.2456,True,False,True,23.12.x,0.0,,0.9999076,562120233.0,ZTF24aabific
ztf,60319.23347220011,2565233473315015034,2,2565233473315,20.117569,1,2565,8.047215,19.561768,19.3479,0.16178317,0.1558,91.1354195,19.9294045,0.6314286,t17_f5_c3,19.3262,0.1955,True,False,True,23.12.x,0.0,,0.9994012,562120233.0,ZTF24aabific
