tid,mjd,candid,fid,pid,diffmaglim,isdiffpos,nid,distnr,magpsf,magpsf_corr,magap,sigmapsf,sigmapsf_corr,sigmapsf_corr_ext,sigmagap,ra,dec,rb,rbversion,magapbig,sigmagapbig,has_stamp,corrected,dubious,step_id_corr,phase,parent_candid,drb,rfid,oid
ztf,60317.448009300046,2563448005815015010,2,2563448005815,19.6331,1,2563,0.989755,17.6527,17.642422,17.5786,0.056074,0.055464253,0.05554564,0.043,93.6741852,21.4533965,0.767143,t17_f5_c3,17.5362,0.0526,False,True,True,23.12.x,0.0,2.563449895815015e+18,,,ZTF24aabblos
ztf,60317.44848380005,2563448485815015011,2,2563448485815,19.6185,1,2563,1.26427,17.6817,17.671144,17.7115,0.054974,0.054354563,0.05444212,0.0482,93.6740743,21.4534002,0.721429,t17_f5_c3,17.6601,0.0584,False,True,True,23.12.x,0.0,2.563449895815015e+18,,,ZTF24aabblos
ztf,60317.448958300054,2563448955815015013,2,2563448955815,19.5574,1,2563,1.4723,17.6245,,17.6057,0.048852,,,0.0434,93.6739941,21.4534127,0.678571,t17_f5_c3,17.5459,0.0521,False,False,False,23.12.x,0.0,2.563449895815015e+18,,,ZTF24aabblos
ztf,60317.449432900175,2563449435815015014,2,2563449435815,19.5278,1,2563,1.76241,17.6566,,17.6747,0.053473,,,0.0475,93.6738964,21.4534112,0.711429,t17_f5_c3,17.6729,0.0602,False,False,False,23.12.x,0.0,2.563451305815015e+18,,,ZTF24aabblos
ztf,60317.44989580009,2563449895815015015,2,2563449895815,19.663794,1,2563,2.05321,17.673431,,17.5965,0.06402098,,,0.043,93.6737955,21.4534391,0.70285714,t17_f5_c3,17.5648,0.053,True,False,False,23.12.x,0.0,,0.9994074,563120258.0,ZTF24aabblos
ztf,60317.45037040021,2563450375815015017,2,2563450375815,19.6807,1,2563,2.43652,17.7333,,17.6694,0.063325,,,0.0458,93.6736756,21.4534322,0.765714,t17_f5_c3,17.6442,0.0568,False,False,False,23.12.x,0.0,2.563450835815015e+18,,,ZTF24aabblos
ztf,60317.45083330013,2563450835815015016,2,2563450835815,19.5922,1,2563,2.81084,17.6941,,17.6057,0.061363,,,0.0439,93.6735709,21.453396,0.652857,t17_f5_c3,17.5413,0.0526,False,False,False,23.12.x,0.0,2.563451785815015e+18,,,ZTF24aabblos
ztf,60317.451307899784,2563451305815015015,2,2563451305815,19.620565,1,2563,2.8907325,17.659403,,17.6209,0.07061001,,,0.045,93.6735326,21.4534536,0.76714283,t17_f5_c3,17.6264,0.0574,True,False,False,23.12.x,0.0,,0.99996924,563120258.0,ZTF24aabblos
ztf,60317.45178239979,2563451785815015020,2,2563451785815,19.677734,1,2563,3.3280778,17.670633,,17.6887,0.055888988,,,0.0477,93.6733994,21.4534482,0.81714284,t17_f5_c3,17.6743,0.0598,True,False,False,23.12.x,0.0,,0.99999905,563120258.0,ZTF24aabblos
