tid,mjd,candid,fid,pid,diffmaglim,isdiffpos,nid,distnr,magpsf,magpsf_corr,magap,sigmapsf,sigmapsf_corr,sigmapsf_corr_ext,sigmagap,ra,dec,rb,rbversion,magapbig,sigmagapbig,has_stamp,corrected,dubious,step_id_corr,phase,parent_candid,drb,rfid,oid
ztf,61007.556840300094,3253556845915010000,2,3253556845915,19.762,-1,3253,0.593397,19.7606,17.992542,19.3183,0.242316,0.041093808,0.047550946,0.2739,201.923635,-3.5979884,0.78,t17_f5_c3,19.1567,0.3025,False,True,False,27.5.7a32.dev1,0.0,3.27555924591501e+18,,,ZTF25acfjsgs
ztf,61007.5613425998,3253561345915010000,2,3253561345915,19.4198,-1,3253,0.626582,19.6387,18.018156,19.0513,0.218982,0.04269792,0.0492256,0.2814,201.9236041,-3.5979853,0.678571,t17_f5_c3,18.9056,0.3157,False,True,False,27.5.7a32.dev1,0.0,3.27555924591501e+18,,,ZTF25acfjsgs
ztf,61008.55730320001,3254557305915010000,2,3254557305915,19.59778,-1,3254,0.3356758,19.80783,17.98351,19.5277,0.2148751,0.03224881,0.040036645,0.3491,201.92369,-3.5979244,0.86714286,t17_f5_c3,19.2272,0.3393,True,True,False,27.5.7a32.dev1,0.0,,0.9998714,1418120259.0,ZTF25acfjsgs
ztf,61022.560000000056,3268559995915010000,2,3268559995915,19.805195,-1,3268,0.8080214,19.738188,17.996994,19.5536,0.21126413,0.035054356,0.04249604,0.3149,201.9235926,-3.5980351,0.8485714,t17_f5_c3,19.5295,0.3943,True,True,False,27.5.7a32.dev1,0.0,,0.9999627,1418120259.0,ZTF25acfjsgs
ztf,61026.560682899784,3272560685915010000,2,3272560685915,19.615255,-1,3272,0.13434702,19.055391,18.207321,19.114,0.14870289,0.061532293,0.06809121,0.2544,201.9236832,-3.5978675,0.9457143,t17_f5_c3,19.0255,0.3006,True,True,False,27.5.7a32.dev1,0.0,,0.99999535,1418120259.0,ZTF25acfjsgs
ztf,61028.560046299826,3274560045915010000,2,3274560045915,20.107935,-1,3274,0.11646587,18.96562,18.251043,18.8066,0.095632546,0.039123744,0.04951933,0.1218,201.9236737,-3.597859,0.91571426,t17_f5_c3,18.8029,0.1549,True,True,False,27.5.7a32.dev1,0.0,,0.999995,1418120259.0,ZTF25acfjsgs
ztf,61029.55924770003,3275559245915010000,2,3275559245915,20.17254,-1,3275,0.13944528,18.88892,18.292995,18.7477,0.09211686,0.04284225,0.05320707,0.1076,201.9236487,-3.5978238,0.9357143,t17_f5_c3,18.7286,0.1348,True,True,False,27.5.7a32.dev1,0.0,,0.99999475,1418120259.0,ZTF25acfjsgs
