tid,mjd,candid,fid,pid,diffmaglim,isdiffpos,nid,distnr,magpsf,magpsf_corr,magap,sigmapsf,sigmapsf_corr,sigmapsf_corr_ext,sigmagap,ra,dec,rb,rbversion,magapbig,sigmagapbig,has_stamp,corrected,dubious,step_id_corr,phase,parent_candid,drb,rfid,oid
ztf,59776.410219899844,2022410212415015002,2,2022410212415,19.6,1,2022,0.707228,19.8627,18.447088,19.6576,0.264721,100.0,0.07186935,0.4568,18.4721739,4.2231739,0.637143,t17_f5_c3,19.3387,0.4352,False,True,False,dev,0.0,2.039383542415015e+18,,,ZTF22aavutwp
ztf,59789.46331019979,2035463312415015029,2,2035463312415,19.8977,1,2035,0.597752,19.423,18.309074,18.5815,0.166714,100.0,0.059758805,0.1296,18.4721846,4.2232536,0.435714,t17_f5_c3,18.2677,0.1228,False,True,False,dev,0.0,2.039383542415015e+18,,,ZTF22aavutwp
ztf,59793.383541699965,2039383542415015007,2,2039383542415,20.343721,1,2039,0.8667307,19.94889,18.46982,19.9717,0.1477218,100.0,0.037828237,0.323,18.4722234,4.2231641,0.8442857,t17_f5_c3,19.8244,0.3543,True,True,False,dev,0.0,,0.9998702,449120224.0,ZTF22aavutwp
ztf,59802.472870400175,2048472872415015004,2,2048472872415,19.9522,1,2048,0.735732,19.7999,18.429676,19.2251,0.142388,100.0,0.040307306,0.2193,18.4722123,4.2232181,0.68,t17_f5_c3,19.1656,0.2639,False,True,False,dev,0.0,2.055469532415015e+18,,,ZTF22aavutwp
ztf,59809.46953700017,2055469532415015003,2,2055469532415,20.09661,1,2055,0.86212385,19.874792,18.450357,19.7961,0.15103579,100.0,0.040672984,0.3388,18.4722578,4.2232382,0.84,t17_f5_c3,19.9577,0.4982,True,True,False,dev,0.0,,0.99999774,449120224.0,ZTF22aavutwp
ztf,59812.40758100012,2058407582415015011,2,2058407582415,20.711655,1,2058,0.9162806,20.318157,18.553091,21.0051,0.16099323,100.0,0.031679712,0.6506,18.4722581,4.2231958,0.68857145,t17_f5_c3,20.7288,0.6305,True,True,False,dev,0.0,,0.99992085,449120224.0,ZTF22aavutwp
ztf,59814.408171299845,2060408172415015013,2,2060408172415,20.772226,1,2060,0.83474153,20.369497,18.563004,20.9659,0.18153673,100.0,0.034384847,0.5976,18.4722388,4.2232089,0.7157143,t17_f5_c3,20.6911,0.5767,True,True,False,dev,0.0,,0.9996079,449120224.0,ZTF22aavutwp
