tid,mjd,candid,fid,pid,diffmaglim,isdiffpos,nid,distnr,magpsf,magap,sigmapsf,sigmagap,ra,dec,rb,rbversion,magapbig,sigmagapbig,has_stamp,corrected,dubious,step_id_corr,phase,parent_candid,drb,rfid,oid
ztf,60317.42398149986,2563423983415015011,2,2563423983415,20.0073,1,2563,9.25157,19.4758,19.295,0.135915,0.166,97.7325077,19.5038885,0.597143,t17_f5_c3,19.0995,0.1777,False,False,True,23.12.x,0.0,2.563425393415015e+18,,,ZTF24aabawac
ztf,60317.42445599986,2563424453415015013,2,2563424453415,20.0508,1,2563,9.07167,19.4396,19.4484,0.137033,0.1882,97.732398,19.5038481,0.814286,t17_f5_c3,19.4226,0.2356,False,False,True,23.12.x,0.0,2.563425863415015e+18,,,ZTF24aabawac
ztf,60317.424930599984,2563424933415015013,2,2563424933415,20.0609,1,2563,8.75445,19.5083,19.682,0.1425,0.2323,97.7323358,19.5039134,0.761429,t17_f5_c3,19.7185,0.3079,False,False,True,23.12.x,0.0,2.563426343415015e+18,,,ZTF24aabawac
ztf,60317.4253934999,2563425393415015010,2,2563425393415,19.9949,1,2563,7.96346,19.58,19.5765,0.186276,0.2236,97.7321053,19.5040033,0.755714,t17_f5_c3,19.5818,0.2881,False,False,True,23.12.x,0.0,2.563426343415015e+18,,,ZTF24aabawac
ztf,60317.42586810002,2563425863415015016,2,2563425863415,20.012587,1,2563,7.7559524,19.45458,19.3919,0.14523937,0.1865,97.732038,19.5040218,0.75857145,t17_f5_c3,19.6131,0.2928,True,False,True,23.12.x,0.0,,0.9999916,563120234.0,ZTF24aabawac
ztf,60317.426342600025,2563426343415015016,2,2563426343415,20.027098,1,2563,7.52436,19.482027,19.4374,0.14199592,0.1901,97.7319263,19.5040079,0.7785714,t17_f5_c3,19.5573,0.2718,True,False,True,23.12.x,0.0,,0.9999968,563120234.0,ZTF24aabawac
ztf,60317.42680560006,2563426803415015016,2,2563426803415,19.987766,1,2563,7.371326,19.581926,19.4279,0.19194983,0.1909,97.7318976,19.5040417,0.6142857,t17_f5_c3,19.313,0.2202,True,False,True,23.12.x,0.0,,0.9999882,563120234.0,ZTF24aabawac
ztf,60317.42728010006,2563427283415015011,2,2563427283415,19.985966,1,2563,6.716036,19.46623,19.308,0.15605037,0.1745,97.7316698,19.5040958,0.54571426,t17_f5_c3,19.1936,0.2014,True,False,True,23.12.x,0.0,,0.9999892,563120234.0,ZTF24aabawac
