tid,mjd,candid,fid,pid,diffmaglim,isdiffpos,nid,distnr,magpsf,magpsf_corr,magap,sigmapsf,sigmapsf_corr,sigmapsf_corr_ext,sigmagap,ra,dec,rb,rbversion,magapbig,sigmagapbig,has_stamp,corrected,dubious,step_id_corr,phase,parent_candid,drb,rfid,oid
ztf,61053.57350690011,3299573502715015028,2,3299573502715,18.2489,1,3299,0.815023,13.7654,12.568042,13.6622,0.006091,100.0,0.0020218333,0.0035,249.11413,-22.3239448,0.438571,t17_f5_c3,13.5375,0.0036,False,True,False,27.5.7a32.dev1,0.0,3.326555842715015e+18,,,ZTF26aaawctn
ztf,61053.575625000056,3299575622715015041,2,3299575622715,18.109613,1,3299,1.1831464,13.214308,12.352591,13.3413,0.024749758,0.0052927607,0.011191391,0.0033,249.1146506,-22.3242337,0.55285716,t17_f5_c3,13.3207,0.0038,True,True,False,27.5.7a32.dev1,0.0,,0.9602716,1321120227.0,ZTF26aaawctn
ztf,61053.581145800184,3299581142715015087,2,3299581142715,17.486227,1,3299,0.87254673,13.498855,12.472123,13.5124,0.011436499,100.0,0.004442225,0.0054,249.114542,-22.3242289,0.50857145,t17_f5_c3,13.4799,0.0065,True,True,False,27.5.7a32.dev1,0.0,,0.8862562,1321120227.0,ZTF26aaawctn
ztf,61070.56394679984,3316563942715015010,2,3316563942715,19.251389,1,3316,0.5735234,14.485959,12.758639,14.6469,0.041549902,100.0,0.008465297,0.0064,249.1144678,-22.3241795,0.80714285,t17_f5_c3,14.6268,0.0068,True,True,False,27.5.7a32.dev1,0.0,,0.9963428,1321120227.0,ZTF26aaawctn
ztf,61074.56096060015,3320560962715015028,2,3320560962715,18.990461,1,3320,0.56932634,14.959919,12.8398485,14.9976,0.030118907,100.0,0.0042737694,0.0105,249.114299,-22.3242372,0.8457143,t17_f5_c3,14.9943,0.0121,True,True,False,27.5.7a32.dev1,0.0,,0.9998908,1321120227.0,ZTF26aaawctn
ztf,61075.5599769,3321559972715015017,2,3321559972715,19.160952,1,3321,0.9016276,15.007613,12.84649,15.0913,0.037349395,100.0,0.005103103,0.0103,249.1145061,-22.3242747,0.7785714,t17_f5_c3,15.0806,0.0116,True,True,False,27.5.7a32.dev1,0.0,,0.9647423,1321120227.0,ZTF26aaawctn
ztf,61079.55619210005,3325556192715015022,2,3325556192715,19.219429,1,3325,0.79150087,15.337954,12.88612,15.5979,0.07733652,100.0,0.008084461,0.0147,249.1145714,-22.3240854,0.57285714,t17_f5_c3,15.5753,0.0161,True,True,False,27.5.7a32.dev1,0.0,,0.98117876,1321120227.0,ZTF26aaawctn
ztf,61080.5558449002,3326555842715015018,2,3326555842715,19.690825,1,3326,0.6644315,15.654667,12.915222,15.8831,0.091831975,100.0,0.007365737,0.0187,249.1145029,-22.3241777,0.62857145,t17_f5_c3,15.8931,0.0209,True,True,False,27.5.7a32.dev1,0.0,,0.88804007,1321120227.0,ZTF26aaawctn
