tid,mjd,candid,fid,pid,diffmaglim,isdiffpos,nid,distnr,magpsf,magap,sigmapsf,sigmagap,ra,dec,rb,rbversion,magapbig,sigmagapbig,has_stamp,corrected,dubious,step_id_corr,phase,parent_candid,drb,rfid,oid
ztf,60319.14630790008,2565146303515015017,2,2565146303515,19.9455,1,2565,7.38334,19.2384,19.1852,0.135364,0.1627,91.6417403,19.4604497,0.808571,t17_f5_c3,19.1667,0.2051,False,False,True,23.12.x,0.0,2.565147713515015e+18,,,ZTF24aabgueg
ztf,60319.14678240009,2565146783515015017,2,2565146783515,19.8353,1,2565,7.63646,19.1947,19.1736,0.141804,0.1684,91.6416453,19.4605551,0.721429,t17_f5_c3,19.3473,0.2534,False,False,True,23.12.x,0.0,2.565148183515015e+18,,,ZTF24aabgueg
ztf,60319.14724540012,2565147243515015016,2,2565147243515,19.8914,1,2565,8.09343,19.195,19.4287,0.126477,0.2067,91.6415129,19.4605201,0.82,t17_f5_c3,19.3532,0.2474,False,False,True,23.12.x,0.0,2.565148183515015e+18,,,ZTF24aabgueg
ztf,60319.147719900124,2565147713515015015,2,2565147713515,19.862026,1,2565,8.269707,19.298803,19.2237,0.13756923,0.174,91.6413276,19.4605886,0.82714283,t17_f5_c3,19.2889,0.2371,True,False,True,23.12.x,0.0,,0.99874526,562120235.0,ZTF24aabgueg
ztf,60319.14818290016,2565148183515015020,2,2565148183515,19.987692,1,2565,8.504247,19.186445,19.1553,0.14938934,0.1556,91.6412319,19.4605343,0.7728571,t17_f5_c3,18.9875,0.1711,True,False,True,23.12.x,0.0,,0.9758843,562120235.0,ZTF24aabgueg
ztf,60319.14865740016,2565148653515015020,2,2565148653515,19.9787,1,2565,8.36395,19.1774,19.106,0.114436,0.1483,91.6411097,19.4605262,0.718571,t17_f5_c3,18.8987,0.1572,False,False,True,23.12.x,0.0,2.565149133515015e+18,,,ZTF24aabgueg
ztf,60319.149131900165,2565149133515015012,2,2565149133515,19.777624,1,2565,8.710894,19.262014,19.0679,0.18251914,0.1514,91.6410385,19.460647,0.5971429,t17_f5_c3,18.9816,0.1793,True,False,True,23.12.x,0.0,,0.9881855,562120235.0,ZTF24aabgueg
