tid,mjd,candid,fid,pid,diffmaglim,isdiffpos,nid,distnr,magpsf,magap,sigmapsf,sigmagap,ra,dec,rb,rbversion,magapbig,sigmagapbig,has_stamp,corrected,dubious,step_id_corr,phase,parent_candid,drb,rfid,oid
ztf,60317.353784699924,2563353782915015007,2,2563353782915,20.0338,1,2563,10.7211,18.8667,19.0171,0.099146,0.1219,92.0147522,18.5722248,0.9,t17_f5_c3,18.9565,0.1475,False,False,False,23.12.x,0.0,2.563355202915015e+18,,,ZTF24aaazenz
ztf,60317.354259300046,2563354252915015013,2,2563354252915,20.0401,1,2563,10.5163,18.862,18.922,0.113342,0.1106,92.0146714,18.5722616,0.877143,t17_f5_c3,18.9261,0.1418,False,False,False,23.12.x,0.0,2.563355202915015e+18,,,ZTF24aaazenz
ztf,60317.35473380005,2563354732915015014,2,2563354732915,19.9628,1,2563,10.4513,18.8723,18.9659,0.096767,0.1186,92.0145797,18.5722553,0.801429,t17_f5_c3,18.9148,0.1449,False,False,False,23.12.x,0.0,2.563356142915015e+18,,,ZTF24aaazenz
ztf,60317.355208300054,2563355202915015008,2,2563355202915,19.9944,1,2563,10.0123,19.0039,19.0651,0.126131,0.1278,92.0144535,18.5723487,0.724286,t17_f5_c3,19.0476,0.1609,False,False,False,23.12.x,0.0,2.563356142915015e+18,,,ZTF24aaazenz
ztf,60317.355682900175,2563355682915015011,2,2563355682915,19.9655,1,2563,10.1221,18.8938,18.8368,0.113267,0.1057,92.0143158,18.572288,0.645714,t17_f5_c3,18.7917,0.1295,False,False,False,23.12.x,0.0,2.563356142915015e+18,,,ZTF24aaazenz
ztf,60317.35614580009,2563356142915015017,2,2563356142915,19.886738,1,2563,9.951323,18.869375,18.8762,0.11368982,0.1099,92.014231,18.5723236,0.5657143,t17_f5_c3,18.9201,0.1462,True,False,False,23.12.x,0.0,,0.9999831,563120229.0,ZTF24aaazenz
ztf,60317.35662040021,2563356622915015009,2,2563356622915,19.9738,1,2563,9.93156,18.8731,18.6644,0.10922,0.0894,92.0140851,18.5723062,0.555714,t17_f5_c3,18.552,0.103,False,False,False,23.12.x,0.0,2.563357092915015e+18,,,ZTF24aaazenz
ztf,60317.35709490022,2563357092915015014,2,2563357092915,20.055754,1,2563,9.786036,18.877048,18.6691,0.095605575,0.0869,92.0140309,18.5723435,0.48142856,t17_f5_c3,18.5802,0.1022,True,False,False,23.12.x,0.0,,0.9999525,563120229.0,ZTF24aaazenz
ztf,60317.357557899784,2563357552915015009,2,2563357552915,20.037983,1,2563,9.543338,18.94735,19.015,0.10696832,0.1205,92.0139121,18.5723999,0.85571426,t17_f5_c3,18.9992,0.1519,True,False,False,23.12.x,0.0,,0.9999969,563120229.0,ZTF24aaazenz
