tid,mjd,candid,fid,pid,diffmaglim,isdiffpos,nid,distnr,magpsf,magap,sigmapsf,sigmagap,ra,dec,rb,rbversion,magapbig,sigmagapbig,has_stamp,corrected,dubious,step_id_corr,phase,parent_candid,drb,rfid,oid
ztf,60317.42870370019,2563428701515015008,2,2563428701515,19.9509,1,2563,5.20933,19.0999,19.2139,0.103648,0.1749,93.221019,15.822373,0.755714,t17_f5_c3,19.2949,0.2498,False,False,True,23.12.x,0.0,2.563430111515015e+18,,,ZTF24aabbecn
ztf,60317.429166700225,2563429161515015008,2,2563429161515,20.0015,1,2563,5.3335,19.0873,19.082,0.0985,0.151,93.2208513,15.8223153,0.78,t17_f5_c3,19.5554,0.3104,False,False,True,23.12.x,0.0,2.563431051515015e+18,,,ZTF24aabbecn
ztf,60317.42964120023,2563429641515015011,2,2563429641515,19.9625,1,2563,5.42892,19.1049,18.9259,0.120855,0.1314,93.2208038,15.8223146,0.431429,t17_f5_c3,19.1814,0.2209,False,False,True,23.12.x,0.0,2.563431051515015e+18,,,ZTF24aabbecn
ztf,60317.43011569977,2563430111515015011,2,2563430111515,19.96744,1,2563,5.848232,19.123226,19.2823,0.109610476,0.182,93.2206504,15.8223496,0.78571427,t17_f5_c3,19.61,0.3262,True,False,True,23.12.x,0.0,,0.99954623,563120215.0,ZTF24aabbecn
ztf,60317.4305786998,2563430571515015008,2,2563430571515,19.937647,1,2563,6.0096183,19.098825,19.044,0.118295215,0.1454,93.2205745,15.8223461,0.6857143,t17_f5_c3,19.0491,0.1932,True,False,True,23.12.x,0.0,,0.99652004,563120215.0,ZTF24aabbecn
ztf,60317.431053199805,2563431051515015007,2,2563431051515,19.898136,1,2563,6.238338,19.15298,18.9823,0.1656648,0.1404,93.2204537,15.822324,0.5957143,t17_f5_c3,19.5516,0.3099,True,False,True,23.12.x,0.0,,0.94866675,563120215.0,ZTF24aabbecn
ztf,60317.43152779993,2563431521515015009,2,2563431521515,19.9259,1,2563,6.48146,19.1544,19.2118,0.125479,0.1704,93.2203695,15.8223389,0.731429,t17_f5_c3,19.611,0.3211,False,False,True,23.12.x,0.0,2.563431991515015e+18,,,ZTF24aabbecn
ztf,60317.43199069984,2563431991515015008,2,2563431991515,19.852226,1,2563,6.9945574,19.323175,19.41,0.14234349,0.2047,93.2202134,15.8223892,0.6257143,t17_f5_c3,19.3438,0.2503,True,False,True,23.12.x,0.0,,0.9998827,563120215.0,ZTF24aabbecn
