tid,mjd,candid,fid,pid,diffmaglim,isdiffpos,nid,distnr,magpsf,magap,sigmapsf,sigmagap,ra,dec,rb,rbversion,magapbig,sigmagapbig,has_stamp,corrected,dubious,step_id_corr,phase,parent_candid,drb,rfid,oid
ztf,60319.34701390006,2565347011815015030,2,2565347011815,20.3163,1,2565,19.2542,19.7685,19.5168,0.162289,0.1765,90.4414269,17.363004,0.43,t17_f5_c3,19.5307,0.2289,False,False,True,23.12.x,0.0,2.565347951815015e+18,,,ZTF24aabkmnc
ztf,60319.34748840006,2565347481815015037,2,2565347481815,20.2632,1,2565,19.0072,19.8308,19.5609,0.129014,0.1869,90.4413315,17.363019,0.638571,t17_f5_c3,19.5786,0.2434,False,False,True,23.12.x,0.0,2.565347951815015e+18,,,ZTF24aabkmnc
ztf,60319.347951400094,2565347951815015051,2,2565347951815,20.0711,1,2565,18.788351,19.770466,19.7312,0.1573231,0.2454,90.4411622,17.3629748,0.7614286,t17_f5_c3,19.6604,0.2949,True,False,True,23.12.x,0.0,,0.99993795,562120218.0,ZTF24aabkmnc
ztf,60319.3484259001,2565348421815015025,2,2565348421815,20.2016,1,2565,18.9246,19.7649,19.6018,0.15686,0.2012,90.4411867,17.3629458,0.622857,t17_f5_c3,19.4633,0.2269,False,False,True,23.12.x,0.0,2.565348901815015e+18,,,ZTF24aabkmnc
ztf,60319.34890050022,2565348901815015022,2,2565348901815,20.300217,1,2565,18.387068,19.628595,19.6304,0.14164321,0.1977,90.4409904,17.3629917,0.78571427,t17_f5_c3,19.8448,0.3084,True,False,True,23.12.x,0.0,,0.9999486,562120218.0,ZTF24aabkmnc
ztf,60319.34937500022,2565349371815015032,2,2565349371815,20.336325,1,2565,18.39447,19.73811,19.5775,0.1642234,0.1875,90.4409713,17.3629844,0.7,t17_f5_c3,19.3888,0.2019,True,False,True,23.12.x,0.0,,0.9998827,562120218.0,ZTF24aabkmnc
ztf,60319.34984950023,2565349841815015042,2,2565349841815,20.409704,1,2565,18.027042,19.88482,20.166,0.1974075,0.3068,90.4408343,17.363015,0.68857145,t17_f5_c3,20.2784,0.436,True,False,True,23.12.x,0.0,,0.9999509,562120218.0,ZTF24aabkmnc
ztf,60319.350312499795,2565350311815015033,2,2565350311815,20.358526,1,2565,18.181557,19.696678,19.6479,0.20318682,0.1951,90.4407571,17.3629189,0.51428574,t17_f5_c3,19.5098,0.2199,True,False,True,23.12.x,0.0,,0.99909806,562120218.0,ZTF24aabkmnc
ztf,60319.3507869998,2565350781815015030,2,2565350781815,20.3507,1,2565,17.898582,19.816452,20.0999,0.14596672,0.2989,90.4406704,17.3629637,0.7557143,t17_f5_c3,20.0203,0.3564,True,False,True,23.12.x,0.0,,0.99994856,562120218.0,ZTF24aabkmnc
