tid,mjd,candid,fid,pid,diffmaglim,isdiffpos,nid,distnr,magpsf,magap,sigmapsf,sigmagap,ra,dec,rb,rbversion,magapbig,sigmagapbig,has_stamp,corrected,dubious,step_id_corr,phase,parent_candid,drb,rfid,oid
ztf,60317.39005789999,2563390053915015005,2,2563390053915,20.2296,1,2563,9.82395,18.1519,18.2038,0.056403,0.0549,96.5867824,19.750517,0.905714,t17_f5_c3,18.2305,0.0716,False,False,True,23.12.x,0.0,2.563391463915015e+18,,,ZTF24aaazyin
ztf,60317.390520799905,2563390523915015010,2,2563390523915,20.2873,1,2563,10.0608,18.1426,18.1339,0.050958,0.0493,96.5866535,19.7505641,0.902857,t17_f5_c3,18.1678,0.0646,False,False,True,23.12.x,0.0,2.563391463915015e+18,,,ZTF24aaazyin
ztf,60317.39099540003,2563390993915015008,2,2563390993915,20.1653,1,2563,10.2583,18.1596,18.1478,0.054533,0.0555,96.5865524,19.7506,0.907143,t17_f5_c3,18.1909,0.0734,False,False,True,23.12.x,0.0,2.563392403915015e+18,,,ZTF24aaazyin
ztf,60317.39146990003,2563391463915015007,2,2563391463915,20.3082,1,2563,10.546,18.1466,18.1711,0.053776,0.0511,96.5864263,19.750629,0.914286,t17_f5_c3,18.1527,0.0637,False,False,True,23.12.x,0.0,2.563392403915015e+18,,,ZTF24aaazyin
ztf,60317.391944400035,2563391943915015009,2,2563391943915,20.2331,1,2563,10.8126,18.1822,18.1374,0.056123,0.0518,96.5863153,19.7506533,0.905714,t17_f5_c3,18.096,0.0634,False,False,True,23.12.x,0.0,2.563392403915015e+18,,,ZTF24aaazyin
ztf,60317.39240740007,2563392403915015008,2,2563392403915,20.275002,1,2563,11.051538,18.119953,18.1802,0.051499605,0.0525,96.5862063,19.7506924,0.92,t17_f5_c3,18.1903,0.0672,True,False,True,23.12.x,0.0,,0.9999975,563120239.0,ZTF24aaazyin
ztf,60317.39288190007,2563392883915015007,2,2563392883915,20.198025,1,2563,11.368227,18.18629,18.1397,0.059456076,0.0537,96.5860886,19.750706,0.8914286,t17_f5_c3,18.1261,0.0673,True,False,True,23.12.x,0.0,,1.0,563120239.0,ZTF24aaazyin
ztf,60317.39335650019,2563393353915015007,2,2563393353915,20.084139,1,2563,11.624447,18.163088,18.1826,0.063233,0.0602,96.585979,19.750741,0.89428574,t17_f5_c3,18.2155,0.079,True,False,True,23.12.x,0.0,,0.99999976,563120239.0,ZTF24aaazyin
