tid,mjd,candid,fid,pid,diffmaglim,isdiffpos,nid,distnr,magpsf,magap,sigmapsf,sigmagap,ra,dec,rb,rbversion,magapbig,sigmagapbig,has_stamp,corrected,dubious,step_id_corr,phase,parent_candid,drb,rfid,oid
ztf,60319.13971060002,2565139713415015100,2,2565139713415,18.9039,1,2565,6.74519,18.697,18.9492,0.183207,0.2972,90.4572791,19.529286,0.652857,t17_f5_c3,18.8975,0.3638,False,False,False,23.12.x,0.0,2.565141123415015e+18,,,ZTF24aabgnsu
ztf,60319.140173600055,2565140173415015035,2,2565140173415,19.3418,1,2565,6.70297,18.6506,18.6885,0.109544,0.1604,90.4572217,19.5293482,0.772857,t17_f5_c3,18.5726,0.1848,False,False,False,23.12.x,0.0,2.565141593415015e+18,,,ZTF24aabgnsu
ztf,60319.14064810006,2565140643415015020,2,2565140643415,19.4563,1,2565,6.29126,18.8235,19.249,0.109658,0.2452,90.4570784,19.5293325,0.747143,t17_f5_c3,19.1307,0.2822,False,False,False,23.12.x,0.0,2.565141593415015e+18,,,ZTF24aabgnsu
ztf,60319.14112270018,2565141123415015014,2,2565141123415,19.534527,1,2565,5.911109,18.716383,18.5609,0.11468491,0.1233,90.4569474,19.5293169,0.73571426,t17_f5_c3,18.4941,0.1487,True,False,False,23.12.x,0.0,,0.99996376,562120234.0,ZTF24aabgnsu
ztf,60319.141597200185,2565141593415015007,2,2565141593415,19.671265,1,2565,5.6702595,18.781603,18.9211,0.10027603,0.1565,90.4568047,19.5293706,0.9,t17_f5_c3,18.8694,0.1914,True,False,False,23.12.x,0.0,,0.99996537,562120234.0,ZTF24aabgnsu
ztf,60319.14207179984,2565142073415015018,2,2565142073415,19.302427,1,2565,5.3828826,18.793613,19.1628,0.12342564,0.2572,90.456718,19.5293316,0.75285715,t17_f5_c3,18.9655,0.2753,True,False,False,23.12.x,0.0,,0.9999213,562120234.0,ZTF24aabgnsu
ztf,60319.14253470022,2565142533415015075,2,2565142533415,19.052416,1,2565,5.2187824,18.762075,18.7948,0.13528083,0.2461,90.4566374,19.529345,0.67,t17_f5_c3,18.8186,0.3227,True,False,False,23.12.x,0.0,,0.99957365,562120234.0,ZTF24aabgnsu
ztf,60319.14300929988,2565143003415015080,2,2565143003415,19.122055,1,2565,5.258715,18.869757,18.8479,0.15885447,0.2544,90.4565304,19.5294394,0.71428573,t17_f5_c3,18.6426,0.2704,True,False,False,23.12.x,0.0,,0.99999416,562120234.0,ZTF24aabgnsu
ztf,60319.14395829989,2565143953415015005,2,2565143953415,19.842691,1,2565,4.89618,18.857885,18.8975,0.10113428,0.1408,90.4563063,19.5294579,0.95,t17_f5_c3,18.9492,0.189,True,False,False,23.12.x,0.0,,0.99999875,562120234.0,ZTF24aabgnsu
