tid,mjd,candid,fid,pid,diffmaglim,isdiffpos,nid,distnr,magpsf,magpsf_corr,magap,sigmapsf,sigmapsf_corr,sigmapsf_corr_ext,sigmagap,ra,dec,rb,rbversion,drb,magapbig,sigmagapbig,rfid,has_stamp,corrected,dubious,step_id_corr,phase,oid
ztf,61077.561203700025,3323561204115015044,2,3323561204115,19.700108,1,3323,0.46650627,16.516212,14.339012,16.6046,0.09056181,100.0,0.012191722,0.0263,262.6039626,-19.3552891,0.69142854,t17_f5_c3,0.92901886,16.6025,0.0316,1323120241,True,True,False,27.5.7a32.dev1,0.0,ZTF26aafhtpk
ztf,61080.55974540021,3326559744115015081,2,3326559744115,19.711124,1,3326,0.23042174,16.91815,14.385205,17.0301,0.11884716,100.0,0.011529512,0.0368,262.6037911,-19.3553647,0.5385714,t17_f5_c3,0.9988361,17.0507,0.0453,1323120241,True,True,False,27.5.7a32.dev1,0.0,ZTF26aafhtpk
ztf,61093.56766200019,3339567664115010052,2,3339567664115,18.931171,-1,3339,0.38298,16.904013,14.621112,16.875,0.07171115,100.0,0.008758433,0.0555,262.6037533,-19.3552268,0.70285714,t17_f5_c3,0.99988484,16.9046,0.0722,1323120241,True,True,False,27.5.7a32.dev1,0.0,ZTF26aafhtpk
ztf,61096.54516200023,3342545164115010061,2,3342545164115,19.328873,-1,3342,0.28515416,16.363237,14.7102785,16.5374,0.05338441,100.0,0.011647453,0.0315,262.6037806,-19.3553755,0.68714285,t17_f5_c3,0.9998946,16.5162,0.0381,1323120241,True,True,False,27.5.7a32.dev1,0.0,ZTF26aafhtpk
ztf,61099.541631899774,3345541634115010084,2,3345541634115,19.954115,-1,3345,0.28398296,16.356077,14.711847,16.4167,0.051191892,100.0,0.011259243,0.0175,262.6037649,-19.3553626,0.7814286,t17_f5_c3,0.9999965,16.4019,0.0207,1323120241,True,True,False,27.5.7a32.dev1,0.0,ZTF26aafhtpk
ztf,61100.54039350012,3346540394115010030,2,3346540394115,19.676538,-1,3346,0.11946182,16.320415,14.719851,16.3571,0.059284795,100.0,0.013574295,0.0198,262.6037996,-19.3553308,0.7785714,t17_f5_c3,0.99999976,16.3449,0.0239,1323120241,True,True,False,27.5.7a32.dev1,0.0,ZTF26aafhtpk
ztf,61101.53968749987,3347539684115010131,2,3347539684115,18.758524,-1,3347,0.19456519,16.126575,14.769563,16.2656,0.047315434,100.0,0.013558069,0.0361,262.6037672,-19.3553034,0.78,t17_f5_c3,0.9999495,16.2527,0.0451,1323120241,True,True,False,27.5.7a32.dev1,0.0,ZTF26aafhtpk
