tid,mjd,candid,fid,pid,diffmaglim,isdiffpos,nid,distnr,magpsf,magap,sigmapsf,sigmagap,ra,dec,rb,rbversion,magapbig,sigmagapbig,has_stamp,corrected,dubious,step_id_corr,phase,parent_candid,drb,rfid,oid
ztf,60317.30385420006,2563303851715015018,2,2563303851715,19.9131,1,2563,10.3027,19.0459,19.0011,0.125257,0.1212,97.920801,18.4107408,0.61,t17_f5_c3,18.9348,0.1462,False,False,True,23.12.x,0.0,2.563305261715015e+18,,,ZTF24aaayclb
ztf,60317.30432870006,2563304321715015017,2,2563304321715,19.925,1,2563,10.8514,18.9839,19.1215,0.124314,0.1351,97.9206355,18.4107284,0.62,t17_f5_c3,19.2219,0.1897,False,False,True,23.12.x,0.0,2.563306211715015e+18,,,ZTF24aaayclb
ztf,60317.304803200066,2563304801715015016,2,2563304801715,19.9431,1,2563,11.1742,18.956,19.0554,0.12928,0.128,97.9205382,18.410705,0.648571,t17_f5_c3,19.0048,0.1564,False,False,True,23.12.x,0.0,2.563306211715015e+18,,,ZTF24aaayclb
ztf,60317.3052662001,2563305261715015016,2,2563305261715,20.042,1,2563,11.6653,18.9605,18.8215,0.105296,0.0997,97.9203955,18.4107393,0.652857,t17_f5_c3,18.8548,0.1314,False,False,True,23.12.x,0.0,2.563306211715015e+18,,,ZTF24aaayclb
ztf,60317.3057407001,2563305741715015013,2,2563305741715,19.9815,1,2563,12.0404,18.9829,19.0215,0.101615,0.1232,97.9202808,18.4106952,0.667143,t17_f5_c3,19.0131,0.1565,False,False,True,23.12.x,0.0,2.563306211715015e+18,,,ZTF24aaayclb
ztf,60317.306215300225,2563306211715015016,2,2563306211715,19.988598,1,2563,12.287846,18.970922,18.9651,0.11963399,0.1178,97.9202056,18.4107042,0.71428573,t17_f5_c3,19.0135,0.1575,True,False,True,23.12.x,0.0,,0.9999999,563120217.0,ZTF24aaayclb
ztf,60317.30667820014,2563306671715015013,2,2563306671715,20.0252,1,2563,12.8538,18.9511,18.9261,0.106207,0.1112,97.9200361,18.4106938,0.734286,t17_f5_c3,19.0056,0.1529,False,False,True,23.12.x,0.0,2.563307621715015e+18,,,ZTF24aaayclb
ztf,60317.307152799796,2563307151715015016,2,2563307151715,19.9453,1,2563,13.258,18.9856,19.0718,0.118432,0.1313,97.9199151,18.4106766,0.724286,t17_f5_c3,18.9879,0.1555,False,False,True,23.12.x,0.0,2.563307621715015e+18,,,ZTF24aaayclb
ztf,60317.3076272998,2563307621715015016,2,2563307621715,20.00623,1,2563,13.649232,19.082138,19.0424,0.12313309,0.1251,97.9197959,18.410657,0.70428574,t17_f5_c3,19.0726,0.1645,True,False,True,23.12.x,0.0,,0.99999994,563120217.0,ZTF24aaayclb
