tid,mjd,candid,fid,pid,diffmaglim,isdiffpos,nid,distnr,magpsf,magap,sigmapsf,sigmagap,ra,dec,rb,rbversion,magapbig,sigmagapbig,has_stamp,corrected,dubious,step_id_corr,phase,parent_candid,drb,rfid,oid
ztf,60319.22216439992,2565222164715015007,2,2565222164715,20.1182,1,2565,8.26948,19.4016,19.307,0.119906,0.1501,85.6211893,19.3479689,0.607143,t17_f5_c3,19.261,0.1845,False,False,True,23.12.x,0.0,2.565224514715015e+18,,,ZTF24aabibth
ztf,60319.22262729984,2565222624715015006,2,2565222624715,20.0217,1,2565,8.37169,19.3986,19.5164,0.12302,0.1804,85.6211093,19.3480083,0.64,t17_f5_c3,19.3691,0.2022,False,False,True,23.12.x,0.0,2.565224514715015e+18,,,ZTF24aabibth
ztf,60319.22310189996,2565223104715015006,2,2565223104715,20.0456,1,2565,8.86268,19.5206,19.7062,0.1453,0.2134,85.6210039,19.3479076,0.594286,t17_f5_c3,19.7716,0.2909,False,False,True,23.12.x,0.0,2.565224514715015e+18,,,ZTF24aabibth
ztf,60319.22357639996,2565223574715015006,2,2565223574715,20.0486,1,2565,8.92742,19.3696,19.2773,0.123666,0.1442,85.6209057,19.3479966,0.615714,t17_f5_c3,19.4395,0.2145,False,False,True,23.12.x,0.0,2.565224514715015e+18,,,ZTF24aabibth
ztf,60319.2240394,2565224034715015008,2,2565224034715,19.981274,1,2565,9.25999,19.40792,19.4363,0.11255733,0.1658,85.6207667,19.3480152,0.6628571,t17_f5_c3,19.5322,0.2322,True,False,True,23.12.x,0.0,,0.9980349,562120247.0,ZTF24aabibth
ztf,60319.2245139,2565224514715015009,2,2565224514715,20.081938,1,2565,9.245772,19.406809,19.3203,0.1552521,0.1509,85.6207706,19.3480211,0.6314286,t17_f5_c3,19.2207,0.1767,True,False,True,23.12.x,0.0,,0.99973583,562120247.0,ZTF24aabibth
ztf,60319.224988400005,2565224984715015005,2,2565224984715,20.00915,1,2565,9.611141,19.474354,19.3172,0.16238555,0.1493,85.6206634,19.3479513,0.5857143,t17_f5_c3,19.1998,0.1721,True,False,True,23.12.x,0.0,,0.99949574,562120247.0,ZTF24aabibth
ztf,60319.225463000126,2565225464715015005,2,2565225464715,19.88647,1,2565,9.067681,19.48592,19.4851,0.1663619,0.1739,85.6204787,19.3479242,0.41,t17_f5_c3,19.5189,0.2306,True,False,True,23.12.x,0.0,,0.9589708,562120247.0,ZTF24aabibth
