tid,mjd,candid,fid,pid,diffmaglim,isdiffpos,nid,distnr,magpsf,magpsf_corr,magap,sigmapsf,sigmapsf_corr,sigmapsf_corr_ext,sigmagap,ra,dec,rb,rbversion,drb,magapbig,sigmagapbig,rfid,has_stamp,corrected,dubious,step_id_corr,phase,oid
ztf,61080.56802080013,3326568024115010004,2,3326568024115,18.819506,-1,3326,0.10969772,16.352299,15.296159,16.3877,0.03727465,100.0,0.014091513,0.0396,280.7520447,-11.7246924,0.66571426,t17_f5_c3,1.0,16.4132,0.0517,1377120241,True,True,False,27.5.7a32.dev1,0.0,ZTF22abjkkcl
ztf,61080.56848380016,3326568484115010011,2,3326568484115,18.86961,-1,3326,0.24467106,16.24746,15.338588,16.3137,0.034398764,100.0,0.014893413,0.0355,280.752014,-11.7246454,0.7771429,t17_f5_c3,0.99997497,16.3398,0.0464,1377120241,True,True,False,27.5.7a32.dev1,0.0,ZTF22abjkkcl
ztf,61080.57052080007,3326570524115010010,2,3326570524115,18.729006,-1,3326,0.24792759,16.256062,15.334885,16.3164,0.040737785,100.0,0.017439201,0.0409,280.7520039,-11.7246692,0.75857145,t17_f5_c3,0.99999976,16.3589,0.0543,1377120241,True,True,False,27.5.7a32.dev1,0.0,ZTF22abjkkcl
ztf,61083.56328700017,3329563284115010012,2,3329563284115,19.38698,-1,3329,0.30312154,16.360258,15.293165,16.3848,0.040811684,100.0,0.015273806,0.0249,280.7519877,-11.7246725,0.8042857,t17_f5_c3,0.99999803,16.4055,0.032,1377120241,True,True,False,27.5.7a32.dev1,0.0,ZTF22abjkkcl
ztf,61096.5500115999,3342550014115010027,2,3342550014115,19.553411,-1,3342,0.3467702,16.76429,15.17372,16.8953,0.07307104,100.0,0.016885636,0.0362,280.7519779,-11.724663,0.8142857,t17_f5_c3,0.9959372,16.8526,0.0434,1377120241,True,True,False,27.5.7a32.dev1,0.0,ZTF22abjkkcl
ztf,61099.54688660009,3345546884115010015,2,3345546884115,19.91187,-1,3345,0.3645017,17.440498,15.0632305,17.4222,0.092953436,100.0,0.010407784,0.0455,280.7519723,-11.7246983,0.7157143,t17_f5_c3,0.98518276,17.3707,0.0539,1377120241,True,True,False,27.5.7a32.dev1,0.0,ZTF22abjkkcl
