tid,mjd,candid,fid,pid,diffmaglim,isdiffpos,nid,distnr,magpsf,magap,sigmapsf,sigmagap,ra,dec,rb,rbversion,magapbig,sigmagapbig,has_stamp,corrected,dubious,step_id_corr,phase,parent_candid,drb,rfid,oid
ztf,60317.390520799905,2563390525515015039,2,2563390525515,20.2748,1,2563,5.22906,19.448,19.4842,0.121199,0.1659,96.7509559,21.2615647,0.82,t17_f5_c3,19.3712,0.1913,False,False,True,23.12.x,0.0,2.563391945515015e+18,,,ZTF24aaazyar
ztf,60317.39099540003,2563390995515015033,2,2563390995515,20.2344,1,2563,5.45553,19.3466,19.3102,0.115141,0.1486,96.7508599,21.261578,0.841429,t17_f5_c3,19.5232,0.231,False,False,True,23.12.x,0.0,2.563391945515015e+18,,,ZTF24aaazyar
ztf,60317.39146990003,2563391465515015026,2,2563391465515,20.2803,1,2563,5.66525,19.2345,19.2033,0.100523,0.1303,96.7507912,21.2615674,0.882857,t17_f5_c3,19.094,0.1507,False,False,True,23.12.x,0.0,2.563391945515015e+18,,,ZTF24aaazyar
ztf,60317.391944400035,2563391945515015042,2,2563391945515,20.231455,1,2563,6.0851603,19.365927,19.3825,0.10383871,0.1572,96.7506346,21.2615781,0.7985714,t17_f5_c3,19.4875,0.2214,True,False,True,23.12.x,0.0,,0.99995875,563120255.0,ZTF24aaazyar
ztf,60317.39240740007,2563392405515015040,2,2563392405515,20.295313,1,2563,6.4381385,19.27846,19.2258,0.111448824,0.1318,96.7504951,21.2616055,0.86,t17_f5_c3,19.1748,0.1608,True,False,True,23.12.x,0.0,,0.9999237,563120255.0,ZTF24aaazyar
ztf,60317.39288190007,2563392885515015039,2,2563392885515,20.1729,1,2563,6.66209,19.2909,19.3956,0.096593,0.169,96.7504168,21.2616066,0.881429,t17_f5_c3,19.3005,0.1984,False,False,True,23.12.x,0.0,2.563393355515015e+18,,,ZTF24aaazyar
ztf,60317.39335650019,2563393355515015030,2,2563393355515,20.095636,1,2563,6.9676433,19.487822,19.5081,0.17096885,0.1969,96.7503446,21.2615453,0.70285714,t17_f5_c3,19.6892,0.2982,True,False,True,23.12.x,0.0,,0.9975707,563120255.0,ZTF24aaazyar
