tid,mjd,candid,fid,pid,diffmaglim,isdiffpos,nid,distnr,magpsf,magap,sigmapsf,sigmagap,ra,dec,rb,rbversion,magapbig,sigmagapbig,has_stamp,corrected,dubious,step_id_corr,phase,parent_candid,drb,rfid,oid
ztf,60317.28737269994,2563287372815015015,2,2563287372815,20.1047,1,2563,5.94145,17.0157,17.0381,0.033143,0.0198,93.2659459,18.4738827,0.878571,t17_f5_c3,17.0215,0.0243,False,False,False,23.12.x,0.0,2.563288782815015e+18,,,ZTF24aaaxqhb
ztf,60317.28784719994,2563287842815015020,2,2563287842815,20.0984,1,2563,6.22875,16.9916,17.0293,0.038358,0.0195,93.2658075,18.4738775,0.871429,t17_f5_c3,17.0111,0.0238,False,False,True,23.12.x,0.0,2.563289252815015e+18,,,ZTF24aaaxqhb
ztf,60317.288310199976,2563288312815015010,2,2563288312815,20.074,1,2563,6.49895,16.9937,17.0327,0.037044,0.0198,93.265686,18.4738777,0.854286,t17_f5_c3,17.0159,0.0242,False,False,True,23.12.x,0.0,2.563289252815015e+18,,,ZTF24aaaxqhb
ztf,60317.28878469998,2563288782815015018,2,2563288782815,20.156485,1,2563,6.8406396,16.980513,16.9935,0.037751053,0.0187,93.2655486,18.4738868,0.8814286,t17_f5_c3,16.9743,0.0227,True,False,False,23.12.x,0.0,,0.9999977,563120228.0,ZTF24aaaxqhb
ztf,60317.2892593001,2563289252815015018,2,2563289252815,20.155546,1,2563,7.162497,16.979649,16.9988,0.033427898,0.0187,93.2654284,18.4738944,0.87857145,t17_f5_c3,16.9858,0.0229,True,False,True,23.12.x,0.0,,0.99999857,563120228.0,ZTF24aaaxqhb
ztf,60317.28972220002,2563289722815015009,2,2563289722815,20.066423,1,2563,7.511774,16.988901,17.0095,0.037015885,0.0193,93.2652878,18.4738912,0.8528572,t17_f5_c3,16.975,0.0232,True,False,True,23.12.x,0.0,,0.99999756,563120228.0,ZTF24aaaxqhb
ztf,60317.29019680014,2563290192815015021,2,2563290192815,20.054794,1,2563,7.834818,17.018246,17.0223,0.03909204,0.0195,93.2651676,18.4738943,0.82714283,t17_f5_c3,17.0086,0.024,True,False,True,23.12.x,0.0,,0.99999017,563120228.0,ZTF24aaaxqhb
ztf,60317.29067130014,2563290672815015015,2,2563290672815,20.035807,1,2563,8.198454,17.02701,17.0536,0.040987298,0.0199,93.2650391,18.473902,0.81142855,t17_f5_c3,17.0313,0.0242,True,False,True,23.12.x,0.0,,0.9999902,563120228.0,ZTF24aaaxqhb
