tid,mjd,candid,fid,pid,diffmaglim,isdiffpos,nid,distnr,magpsf,magap,sigmapsf,sigmagap,ra,dec,rb,rbversion,magapbig,sigmagapbig,has_stamp,corrected,dubious,step_id_corr,phase,parent_candid,drb,rfid,oid
ztf,60319.17598380009,2565175980615015021,2,2565175980615,20.2282,1,2565,4.51184,19.9187,19.6952,0.177461,0.2216,89.2697626,15.4847018,0.635714,t17_f5_c3,19.8985,0.3423,False,False,False,23.12.x,0.0,2.565177390615015e+18,,,ZTF24aabhisv
ztf,60319.17645830009,2565176450615015033,2,2565176450615,20.3472,1,2565,4.01411,19.8833,19.8931,0.143608,0.2448,89.2696206,15.4846638,0.69,t17_f5_c3,20.0077,0.3486,False,False,False,23.12.x,0.0,2.565177390615015e+18,,,ZTF24aabhisv
ztf,60319.17693290021,2565176930615015031,2,2565176930615,20.2006,1,2565,4.05603,19.9924,20.0254,0.1999,0.3091,89.2696313,15.4847228,0.654286,t17_f5_c3,19.8871,0.3491,False,False,False,23.12.x,0.0,2.565177390615015e+18,,,ZTF24aabhisv
ztf,60319.17739580013,2565177390615015029,2,2565177390615,20.237722,1,2565,3.5233452,20.010567,20.2499,0.21227926,0.365,89.2694767,15.4847241,0.64,t17_f5_c3,20.0295,0.3828,True,False,False,23.12.x,0.0,,0.9999939,562120206.0,ZTF24aabhisv
ztf,60319.177870399784,2565177870615015017,2,2565177870615,20.17252,1,2565,2.8998432,19.729103,19.8117,0.1434259,0.2553,89.2692861,15.4847973,0.76285714,t17_f5_c3,19.8433,0.3366,True,False,False,23.12.x,0.0,,0.9999762,562120206.0,ZTF24aabhisv
ztf,60319.17834489979,2565178340615015036,2,2565178340615,20.1122,1,2565,2.86442,20.0404,20.3124,0.240924,0.4148,89.2692677,15.4848344,0.588571,t17_f5_c3,20.4016,0.578,False,False,False,23.12.x,0.0,2.565179280615015e+18,,,ZTF24aabhisv
ztf,60319.17881939979,2565178810615015034,2,2565178810615,20.196287,1,2565,2.2475538,19.81347,20.0564,0.19400689,0.3127,89.2690747,15.4848545,0.62857145,t17_f5_c3,19.9143,0.3519,True,False,False,23.12.x,0.0,,0.9999789,562120206.0,ZTF24aabhisv
ztf,60319.179282399826,2565179280615015033,2,2565179280615,20.177992,1,2565,1.7696152,19.815792,19.7677,0.17775902,0.2438,89.2689338,15.4848325,0.7057143,t17_f5_c3,19.674,0.2868,True,False,False,23.12.x,0.0,,0.9999997,562120206.0,ZTF24aabhisv
