tid,mjd,candid,fid,pid,diffmaglim,isdiffpos,nid,distnr,magpsf,magap,sigmapsf,sigmagap,ra,dec,rb,rbversion,magapbig,sigmagapbig,has_stamp,corrected,dubious,step_id_corr,phase,parent_candid,drb,rfid,oid
ztf,60319.2942476999,2565294241615015008,2,2565294241615,20.2291,1,2565,9.48579,18.0547,18.0583,0.058872,0.0486,91.9433579,18.6214913,0.965714,t17_f5_c3,18.0292,0.0599,False,False,True,23.12.x,0.0,2.565294721615015e+18,,,ZTF24aabjmgr
ztf,60319.294722199906,2565294721615015011,2,2565294721615,20.37431,1,2565,9.328686,18.041025,18.0112,0.048879836,0.0439,91.9432326,18.6215129,0.9628571,t17_f5_c3,18.0348,0.0567,True,False,True,23.12.x,0.0,,1.0,562120216.0,ZTF24aabjmgr
ztf,60319.29519680003,2565295191615015006,2,2565295191615,20.302052,1,2565,9.2205105,18.084385,18.0584,0.054120626,0.0465,91.9431168,18.621538,0.96428573,t17_f5_c3,18.0272,0.0572,True,False,True,23.12.x,0.0,,0.99999964,562120216.0,ZTF24aabjmgr
ztf,60319.29565969994,2565295651615015005,2,2565295651615,20.213203,1,2565,9.061012,18.060802,18.0446,0.061346363,0.0473,91.9429851,18.6215524,0.95428574,t17_f5_c3,18.0178,0.0584,True,False,True,23.12.x,0.0,,0.9999999,562120216.0,ZTF24aabjmgr
