tid,mjd,candid,fid,pid,diffmaglim,isdiffpos,nid,distnr,magpsf,magap,sigmapsf,sigmagap,ra,dec,rb,rbversion,magapbig,sigmagapbig,has_stamp,corrected,dubious,step_id_corr,phase,parent_candid,drb,rfid,oid
ztf,60319.20518520009,2565205180015015019,2,2565205180015,19.886,1,2565,9.42779,17.4789,17.4577,0.022743,0.0385,91.4092247,16.2137855,0.964286,t17_f5_c3,17.4277,0.0474,False,False,True,23.12.x,0.0,2.565206590015015e+18,,,ZTF24aabhujt
ztf,60319.20565970009,2565205650015015022,2,2565205650015,19.7999,1,2565,9.21776,17.4946,17.5562,0.023177,0.0429,91.4091426,16.2137706,0.961429,t17_f5_c3,17.5357,0.0534,False,False,True,23.12.x,0.0,2.565206590015015e+18,,,ZTF24aabhujt
ztf,60319.20613430021,2565206130015015019,2,2565206130015,19.7752,1,2565,8.90325,17.4883,17.5144,0.023593,0.0415,91.40901,16.2137523,0.96,t17_f5_c3,17.4844,0.0512,False,False,True,23.12.x,0.0,2.565208000015015e+18,,,ZTF24aabhujt
ztf,60319.20659720013,2565206590015015023,2,2565206590015,19.772995,1,2565,8.691445,17.491167,17.4921,0.027348187,0.0407,91.4089056,16.2137473,0.95285714,t17_f5_c3,17.498,0.0519,True,False,True,23.12.x,0.0,,0.99999976,562120200.0,ZTF24aabhujt
ztf,60319.207071799785,2565207070015015021,2,2565207070015,19.856352,1,2565,8.537372,17.4968,17.5049,0.025146075,0.0405,91.4088145,16.2137547,0.9657143,t17_f5_c3,17.4923,0.0508,True,False,True,23.12.x,0.0,,0.9999997,562120200.0,ZTF24aabhujt
ztf,60319.20753470017,2565207530015015027,2,2565207530015,19.811913,1,2565,8.281715,17.469772,17.4769,0.024781996,0.0401,91.4087014,16.2137343,0.96,t17_f5_c3,17.4589,0.05,True,False,True,23.12.x,0.0,,0.9999994,562120200.0,ZTF24aabhujt
ztf,60319.20800929982,2565208000015015025,2,2565208000015,19.774065,1,2565,8.064749,17.456263,17.4729,0.02664224,0.0402,91.4085932,16.2137162,0.9514286,t17_f5_c3,17.4568,0.0503,True,False,True,23.12.x,0.0,,0.9999999,562120200.0,ZTF24aabhujt
