tid,mjd,candid,fid,pid,diffmaglim,isdiffpos,nid,distnr,magpsf,magap,sigmapsf,sigmagap,ra,dec,rb,rbversion,magapbig,sigmagapbig,has_stamp,corrected,dubious,step_id_corr,phase,parent_candid,drb,rfid,oid
ztf,60319.45748839993,2565457485215015003,2,2565457485215,20.2658,1,2565,6.0194,19.4201,19.1339,0.125038,0.1363,152.6358181,8.1398378,0.615714,t17_f5_c3,19.2843,0.1999,False,False,True,23.12.x,0.0,2.565458905215015e+18,,,ZTF24aabmflt
ztf,60319.45796300005,2565457965215015004,2,2565457965215,20.1944,1,2565,6.05971,19.414,19.1291,0.143328,0.1457,152.6357872,8.1399317,0.66,t17_f5_c3,19.0355,0.1711,False,False,True,23.12.x,0.0,2.565459375215015e+18,,,ZTF24aabmflt
ztf,60319.458437500056,2565458435215015004,2,2565458435215,20.315,1,2565,6.0288,19.302,19.0188,0.148225,0.1221,152.6357496,8.1399847,0.662857,t17_f5_c3,19.0036,0.1539,False,False,True,23.12.x,0.0,2.565459845215015e+18,,,ZTF24aabmflt
ztf,60319.45890050009,2565458905215015005,2,2565458905215,20.35264,1,2565,6.0674715,19.403776,19.3068,0.12658714,0.1531,152.6356906,8.1401042,0.58,t17_f5_c3,19.1149,0.1642,True,False,True,23.12.x,0.0,,0.9646143,468120252.0,ZTF24aabmflt
ztf,60319.45937500009,2565459375215015003,2,2565459375215,20.304016,1,2565,5.9995837,19.348225,19.1954,0.122818306,0.145,152.6355926,8.1402081,0.81285715,t17_f5_c3,19.1227,0.1734,True,False,True,23.12.x,0.0,,0.9999913,468120252.0,ZTF24aabmflt
ztf,60319.4598495001,2565459845215015004,2,2565459845215,20.2001,1,2565,6.20174,19.3723,19.2674,0.152645,0.1661,152.6355884,8.1403038,0.845714,t17_f5_c3,19.5388,0.2726,False,False,True,23.12.x,0.0,2.565460325215015e+18,,,ZTF24aabmflt
ztf,60319.46032410022,2565460325215015005,2,2565460325215,20.152115,1,2565,6.0689225,19.34394,19.2421,0.13382883,0.1638,152.6354592,8.140387,0.8442857,t17_f5_c3,19.2071,0.203,True,False,True,23.12.x,0.0,,0.9779143,468120252.0,ZTF24aabmflt
ztf,60319.460787000135,2565460785215015003,2,2565460785215,20.278664,1,2565,6.3305097,19.354494,19.3105,0.13526064,0.1613,152.635422,8.1405216,0.89428574,t17_f5_c3,19.4816,0.2415,True,False,True,23.12.x,0.0,,0.9999999,468120252.0,ZTF24aabmflt
