tid,mjd,candid,fid,pid,diffmaglim,isdiffpos,nid,distnr,magpsf,magap,sigmapsf,sigmagap,ra,dec,rb,rbversion,magapbig,sigmagapbig,has_stamp,corrected,dubious,step_id_corr,phase,parent_candid,drb,rfid,oid
ztf,60317.157349499874,2563157345715015005,2,2563157345715,19.8574,1,2563,3.25743,19.2656,19.2282,0.138682,0.1825,94.3944793,22.608607,0.628571,t17_f5_c3,19.3174,0.2543,False,False,False,23.12.x,0.0,2.563159235715015e+18,,,ZTF24aaauflk
ztf,60317.157824099995,2563157825715015008,2,2563157825715,19.8529,1,2563,3.45942,19.3529,19.37,0.121185,0.2127,94.3944346,22.6086766,0.738571,t17_f5_c3,19.2634,0.2477,False,False,False,23.12.x,0.0,2.563159235715015e+18,,,ZTF24aaauflk
ztf,60317.15828699991,2563158285715015009,2,2563158285715,19.8329,1,2563,3.9065,19.3383,19.4839,0.158052,0.2344,94.3942869,22.6086043,0.705714,t17_f5_c3,19.4413,0.2894,False,False,False,23.12.x,0.0,2.563159235715015e+18,,,ZTF24aaauflk
ztf,60317.15876160003,2563158765715015005,2,2563158765715,19.8594,1,2563,4.21952,19.2987,19.4931,0.123107,0.2323,94.3941833,22.6085757,0.658571,t17_f5_c3,19.4272,0.2808,False,False,False,23.12.x,0.0,2.563159235715015e+18,,,ZTF24aaauflk
ztf,60317.15923610004,2563159235715015007,2,2563159235715,19.820124,1,2563,4.6595507,19.572742,19.5259,0.14032997,0.2446,94.3940498,22.6085853,0.56857145,t17_f5_c3,19.471,0.2984,True,False,False,23.12.x,0.0,,0.9999765,563120257.0,ZTF24aaauflk
ztf,60317.15971060004,2563159715715015003,2,2563159715715,19.762186,1,2563,4.9156117,19.285936,19.1741,0.13176201,0.1835,94.3939812,22.6086209,0.5342857,t17_f5_c3,19.2047,0.2422,True,False,False,23.12.x,0.0,,0.9999162,563120257.0,ZTF24aaauflk
ztf,60317.160173600074,2563160175715015006,2,2563160175715,19.7485,1,2563,5.61253,19.3455,19.3502,0.141075,0.213,94.3937574,22.6085743,0.601429,t17_f5_c3,19.272,0.2543,False,False,True,23.12.x,0.0,2.563160645715015e+18,,,ZTF24aaauflk
ztf,60317.16064810008,2563160645715015006,2,2563160645715,19.827587,1,2563,5.9288373,19.305593,19.2735,0.13912058,0.1924,94.3936584,22.6085763,0.61714286,t17_f5_c3,19.5772,0.3263,True,False,True,23.12.x,0.0,,0.99999774,563120257.0,ZTF24aaauflk
ztf,60317.1611227002,2563161125715015007,2,2563161125715,19.78996,1,2563,6.223422,19.325453,19.2064,0.13784823,0.1845,94.3935677,22.6084798,0.62857145,t17_f5_c3,19.1721,0.2292,True,False,True,23.12.x,0.0,,0.9999974,563120257.0,ZTF24aaauflk
