tid,mjd,candid,fid,pid,diffmaglim,isdiffpos,nid,distnr,magpsf,magap,sigmapsf,sigmagap,ra,dec,rb,rbversion,magapbig,sigmagapbig,has_stamp,corrected,dubious,step_id_corr,phase,parent_candid,drb,rfid,oid
ztf,60319.17268519988,2565172684415015023,2,2565172684415,19.9572,1,2565,5.7007,18.2298,18.1751,0.070896,0.0599,85.6061255,20.2000232,0.787143,t17_f5_c3,18.185,0.0768,False,False,False,23.12.x,0.0,2.565174094415015e+18,,,ZTF24aabhfxc
ztf,60319.17315969989,2565173154415015021,2,2565173154415,19.9282,1,2565,5.42,18.2582,18.3267,0.064799,0.069,85.6060315,20.2001059,0.762857,t17_f5_c3,18.2534,0.0822,False,False,False,23.12.x,0.0,2.565174094415015e+18,,,ZTF24aabhfxc
ztf,60319.17363430001,2565173634415015022,2,2565173634415,20.0717,1,2565,5.08441,18.2218,18.1727,0.055809,0.0583,85.6059217,20.2001648,0.897143,t17_f5_c3,18.103,0.0696,False,False,False,23.12.x,0.0,2.565174094415015e+18,,,ZTF24aabhfxc
ztf,60319.174097199924,2565174094415015025,2,2565174094415,20.080612,1,2565,4.7102647,18.25063,18.156,0.052693155,0.0569,85.6058018,20.2001845,0.8214286,t17_f5_c3,18.0989,0.0687,True,False,False,23.12.x,0.0,,0.99998516,562120244.0,ZTF24aabhfxc
