tid,mjd,candid,fid,pid,diffmaglim,isdiffpos,nid,distnr,magpsf,magap,sigmapsf,sigmagap,ra,dec,rb,rbversion,magapbig,sigmagapbig,has_stamp,corrected,dubious,step_id_corr,phase,parent_candid,drb,rfid,oid
ztf,60319.356921299826,2565356921115015017,2,2565356921115,20.1227,1,2565,6.8213,19.6349,19.7911,0.129351,0.2674,87.9423552,15.6320975,0.708571,t17_f5_c3,19.6117,0.2916,False,False,False,23.12.x,0.0,2.565358791115015e+18,,,ZTF24aabkrwm
ztf,60319.35738429986,2565357381115015023,2,2565357381115,20.1656,1,2565,7.09775,19.6059,19.5091,0.126588,0.207,87.9422158,15.6320776,0.702857,t17_f5_c3,19.2556,0.2106,False,False,False,23.12.x,0.0,2.565358791115015e+18,,,ZTF24aabkrwm
ztf,60319.35785879986,2565357851115015019,2,2565357851115,20.1408,1,2565,7.30097,19.5986,19.4165,0.116845,0.1898,87.9421388,15.6320512,0.657143,t17_f5_c3,19.3916,0.2378,False,False,False,23.12.x,0.0,2.565359741115015e+18,,,ZTF24aabkrwm
ztf,60319.3587962999,2565358791115015013,2,2565358791115,20.137009,1,2565,6.9232497,19.697794,19.8877,0.12871468,0.2927,87.9419528,15.6321029,0.7285714,t17_f5_c3,19.815,0.3515,True,False,False,23.12.x,0.0,,0.99999195,562120211.0,ZTF24aabkrwm
ztf,60319.359270799905,2565359271115015023,2,2565359271115,20.176472,1,2565,6.5341377,19.697386,19.7341,0.1258824,0.2553,87.9418396,15.63215,0.73285717,t17_f5_c3,19.8325,0.3588,True,False,False,23.12.x,0.0,,0.9999976,562120211.0,ZTF24aabkrwm
ztf,60319.35974540003,2565359741115015018,2,2565359741115,20.210411,1,2565,6.3872447,19.73539,19.8358,0.12725258,0.2775,87.9417515,15.6321267,0.7128571,t17_f5_c3,19.7193,0.3197,True,False,False,23.12.x,0.0,,0.99873054,562120211.0,ZTF24aabkrwm
ztf,60319.36021990003,2565360211115015018,2,2565360211115,20.111748,1,2565,5.956499,19.671375,19.6643,0.14723152,0.2386,87.9416226,15.6321788,0.61285716,t17_f5_c3,19.7412,0.3284,True,False,False,23.12.x,0.0,,0.99984986,562120211.0,ZTF24aabkrwm
ztf,60319.360694400035,2565360691115015020,2,2565360691115,20.151958,1,2565,5.8353806,19.95089,19.9582,0.1836312,0.3154,87.9416203,15.6322209,0.5871429,t17_f5_c3,19.973,0.4102,True,False,False,23.12.x,0.0,,0.99966294,562120211.0,ZTF24aabkrwm
