tid,mjd,candid,fid,pid,diffmaglim,isdiffpos,nid,distnr,magpsf,magap,sigmapsf,sigmagap,ra,dec,rb,rbversion,magapbig,sigmagapbig,has_stamp,corrected,dubious,step_id_corr,phase,parent_candid,drb,rfid,oid
ztf,60319.317812500056,2565317816315015049,2,2565317816315,20.2254,1,2565,3.37776,19.2603,19.2267,0.082419,0.1457,85.9201895,21.3060878,0.917143,t17_f5_c3,19.3121,0.2015,False,False,False,23.12.x,0.0,2.565319226315015e+18,,,ZTF24aabjxhx
ztf,60319.31828700006,2565318286315015051,2,2565318286315,20.2267,1,2565,3.46561,19.2108,19.3165,0.095786,0.1588,85.9201011,21.3060987,0.844286,t17_f5_c3,19.3537,0.2103,False,False,False,23.12.x,0.0,2.565319226315015e+18,,,ZTF24aabjxhx
ztf,60319.31875000009,2565318746315015042,2,2565318746315,20.2815,1,2565,3.3474,19.2272,19.1935,0.092222,0.1403,85.9199697,21.3060305,0.925714,t17_f5_c3,19.2911,0.1964,False,False,False,23.12.x,0.0,2.565320636315015e+18,,,ZTF24aabjxhx
ztf,60319.3192245001,2565319226315015046,2,2565319226315,20.292757,1,2565,3.5260742,19.203468,19.1864,0.0778429,0.139,85.9198573,21.306043,0.94285715,t17_f5_c3,19.1462,0.1715,True,False,False,23.12.x,0.0,,0.9999987,562120263.0,ZTF24aabjxhx
ztf,60319.31969910022,2565319696315015055,2,2565319696315,20.296865,1,2565,3.6324897,19.24061,19.5434,0.083369456,0.1908,85.9197704,21.3060346,0.8542857,t17_f5_c3,19.5221,0.2397,True,False,False,23.12.x,0.0,,0.9999995,562120263.0,ZTF24aabjxhx
ztf,60319.32017360022,2565320176315015042,2,2565320176315,20.313124,1,2565,3.8753781,19.125824,19.1433,0.088263296,0.133,85.9196329,21.3060364,0.94,t17_f5_c3,19.0643,0.1582,True,False,False,23.12.x,0.0,,0.9999999,562120263.0,ZTF24aabjxhx
ztf,60319.32063659979,2565320636315015050,2,2565320636315,20.27092,1,2565,3.9221196,19.18304,19.2139,0.088406816,0.1429,85.9195484,21.3059937,0.8814286,t17_f5_c3,19.1127,0.1667,True,False,False,23.12.x,0.0,,0.9999999,562120263.0,ZTF24aabjxhx
ztf,60319.321111099795,2565321116315015045,2,2565321116315,20.270346,1,2565,4.2311535,19.143547,19.0038,0.093110465,0.118,85.9194336,21.3060167,0.94142854,t17_f5_c3,19.1519,0.1728,True,False,False,23.12.x,0.0,,0.9999981,562120263.0,ZTF24aabjxhx
