tid,mjd,candid,fid,pid,diffmaglim,isdiffpos,nid,distnr,magpsf,magap,sigmapsf,sigmagap,ra,dec,rb,rbversion,magapbig,sigmagapbig,has_stamp,corrected,dubious,step_id_corr,phase,parent_candid,drb,rfid,oid
ztf,60317.30055559985,2563300554115015021,2,2563300554115,20.0307,1,2563,8.76421,19.732,19.5935,0.163426,0.2009,94.129812,20.1111972,0.427143,t17_f5_c3,19.4626,0.2293,False,False,True,23.12.x,0.0,2.563302444115015e+18,,,ZTF24aaaxztm
ztf,60317.30103009986,2563301034115015036,2,2563301034115,20.0637,1,2563,8.90215,19.8265,19.9305,0.178593,0.2724,94.1297673,20.1112029,0.578571,t17_f5_c3,20.107,0.4123,False,False,True,23.12.x,0.0,2.563302444115015e+18,,,ZTF24aaaxztm
ztf,60317.30150459986,2563301504115015027,2,2563301504115,20.1273,1,2563,9.20573,19.6906,19.68,0.157483,0.2079,94.1296652,20.1112105,0.621429,t17_f5_c3,19.7916,0.2962,False,False,True,23.12.x,0.0,2.563302444115015e+18,,,ZTF24aaaxztm
ztf,60317.301967599895,2563301964115015029,2,2563301964115,20.2078,1,2563,9.54772,19.6928,19.6957,0.14847,0.2032,94.1295543,20.1112267,0.657143,t17_f5_c3,19.7039,0.2628,False,False,True,23.12.x,0.0,2.563302444115015e+18,,,ZTF24aaaxztm
ztf,60317.3024420999,2563302444115015023,2,2563302444115,20.04751,1,2563,9.832282,19.746635,20.1374,0.19609016,0.3352,94.1294563,20.1112277,0.6042857,t17_f5_c3,20.0915,0.4126,True,False,True,23.12.x,0.0,,0.99999666,563120241.0,ZTF24aaaxztm
ztf,60317.30291670002,2563302914115015014,2,2563302914115,19.995916,1,2563,10.205658,19.72181,19.7592,0.18378729,0.2397,94.1292973,20.1111709,0.6242857,t17_f5_c3,19.8798,0.3442,True,False,True,23.12.x,0.0,,0.99997157,563120241.0,ZTF24aaaxztm
ztf,60317.303379599936,2563303374115015028,2,2563303374115,19.95449,1,2563,10.307142,19.737213,19.8245,0.18897398,0.2599,94.1292639,20.1111712,0.56714284,t17_f5_c3,19.6846,0.2937,True,False,True,23.12.x,0.0,,0.99595535,563120241.0,ZTF24aaaxztm
ztf,60317.30385420006,2563303854115015025,2,2563303854115,19.87662,1,2563,10.887648,19.614258,19.789,0.17693523,0.255,94.1290622,20.1111582,0.5057143,t17_f5_c3,20.1998,0.4775,True,False,True,23.12.x,0.0,,0.7600844,563120241.0,ZTF24aaaxztm
