tid,mjd,candid,fid,pid,diffmaglim,isdiffpos,nid,distnr,magpsf,magap,sigmapsf,sigmagap,ra,dec,rb,rbversion,magapbig,sigmagapbig,has_stamp,corrected,dubious,step_id_corr,phase,parent_candid,drb,rfid,oid
ztf,60319.27491899999,2565274912915015004,2,2565274912915,20.4382,1,2565,5.54667,19.0937,19.0472,0.075823,0.1033,84.6218866,18.6584886,0.944286,t17_f5_c3,19.0344,0.1305,False,False,False,23.12.x,0.0,2.565276332915015e+18,,,ZTF24aabizyr
ztf,60319.275381899904,2565275382915015007,2,2565275382915,20.312,1,2565,5.80827,19.0245,18.9388,0.084172,0.0995,84.6217663,18.6584286,0.934286,t17_f5_c3,18.8832,0.121,False,False,False,23.12.x,0.0,2.565276332915015e+18,,,ZTF24aabizyr
ztf,60319.275856500026,2565275852915015005,2,2565275852915,20.315,1,2565,5.60649,19.0533,19.1368,0.091813,0.1185,84.6216685,18.6583823,0.948571,t17_f5_c3,19.0995,0.1465,False,False,False,23.12.x,0.0,2.565277742915015e+18,,,ZTF24aabizyr
ztf,60319.27633100003,2565276332915015003,2,2565276332915,20.26063,1,2565,5.1439857,19.079075,19.0396,0.10310329,0.11,84.6215419,18.6583169,0.88857144,t17_f5_c3,19.0379,0.1406,True,False,False,23.12.x,0.0,,0.9999994,562120229.0,ZTF24aabizyr
ztf,60319.27679400006,2565276792915015004,2,2565276792915,20.293514,1,2565,4.9370747,19.073444,18.8409,0.10228385,0.0906,84.6214758,18.6583506,0.70857143,t17_f5_c3,18.8048,0.1121,True,False,False,23.12.x,0.0,,0.99999934,562120229.0,ZTF24aabizyr
ztf,60319.27726850007,2565277262915015004,2,2565277262915,20.262573,1,2565,4.629143,19.066755,19.0604,0.09697678,0.1128,84.6213947,18.6582708,0.8957143,t17_f5_c3,19.16,0.1582,True,False,False,23.12.x,0.0,,0.99999297,562120229.0,ZTF24aabizyr
ztf,60319.27774310019,2565277742915015005,2,2565277742915,20.190554,1,2565,4.18446,19.209965,19.2027,0.12117167,0.1299,84.6212708,18.6582208,0.86285716,t17_f5_c3,19.1298,0.1557,True,False,False,23.12.x,0.0,,0.9999579,562120229.0,ZTF24aabizyr
ztf,60319.27821760019,2565278212915015003,2,2565278212915,20.206184,1,2565,3.7937808,19.03121,18.8734,0.097429276,0.0953,84.6211566,18.6581815,0.7814286,t17_f5_c3,18.7706,0.1109,True,False,False,23.12.x,0.0,,0.99999994,562120229.0,ZTF24aabizyr
ztf,60319.278680600226,2565278682915015006,2,2565278682915,20.150875,1,2565,3.541276,19.156647,19.2015,0.100558065,0.1306,84.6210871,18.6581353,0.87142855,t17_f5_c3,19.3434,0.1907,True,False,False,23.12.x,0.0,,0.99999976,562120229.0,ZTF24aabizyr
