tid,mjd,candid,fid,pid,diffmaglim,isdiffpos,nid,distnr,magpsf,magap,sigmapsf,sigmagap,ra,dec,rb,rbversion,magapbig,sigmagapbig,has_stamp,corrected,dubious,step_id_corr,phase,parent_candid,drb,rfid,oid
ztf,60319.140173600055,2565140171615015006,2,2565140171615,19.2845,1,2565,9.19187,18.9606,18.8829,0.163458,0.1992,91.6086818,18.6584423,0.718571,t17_f5_c3,19.0319,0.2929,False,False,True,23.12.x,0.0,2.565141121615015e+18,,,ZTF24aabgphx
ztf,60319.14064810006,2565140641615015012,2,2565140641615,19.412,1,2565,8.93844,19.1429,19.1427,0.188895,0.2288,91.6085557,18.6584292,0.704286,t17_f5_c3,19.1929,0.3071,False,False,True,23.12.x,0.0,2.565142071615015e+18,,,ZTF24aabgphx
ztf,60319.14112270018,2565141121615015007,2,2565141121615,19.480927,1,2565,8.626297,18.919403,18.8266,0.14533406,0.1643,91.608411,18.6584276,0.6414286,t17_f5_c3,18.5952,0.1702,True,False,True,23.12.x,0.0,,0.9995466,562120216.0,ZTF24aabgphx
ztf,60319.141597200185,2565141591615015005,2,2565141591615,19.672606,1,2565,8.290257,18.87479,18.8662,0.109104194,0.1499,91.6083051,18.6584729,0.87857145,t17_f5_c3,18.7044,0.1656,True,False,True,23.12.x,0.0,,0.9998151,562120216.0,ZTF24aabgphx
ztf,60319.14207179984,2565142071615015004,2,2565142071615,19.293028,1,2565,8.602233,19.073986,19.1628,0.20324421,0.2598,91.6082566,18.6583298,0.6957143,t17_f5_c3,19.2382,0.3573,True,False,True,23.12.x,0.0,,0.9965247,562120216.0,ZTF24aabgphx
ztf,60319.14253470022,2565142531615015004,2,2565142531615,19.236591,1,2565,7.7774906,18.789145,18.7787,0.1506865,0.2022,91.6081265,18.6585266,0.6942857,t17_f5_c3,18.8151,0.2683,True,False,True,23.12.x,0.0,,0.99931884,562120216.0,ZTF24aabgphx
ztf,60319.14300929988,2565143001615015008,2,2565143001615,19.063347,1,2565,7.6108975,18.929117,18.9797,0.1623719,0.2987,91.6080118,18.6585136,0.7942857,t17_f5_c3,18.9904,0.3871,True,False,True,23.12.x,0.0,,0.9072598,562120216.0,ZTF24aabgphx
