tid,mjd,candid,fid,pid,diffmaglim,isdiffpos,nid,distnr,magpsf,magap,sigmapsf,sigmagap,ra,dec,rb,rbversion,magapbig,sigmagapbig,has_stamp,corrected,dubious,step_id_corr,phase,parent_candid,drb,rfid,oid
ztf,60319.322511599865,2565322515815015031,2,2565322515815,20.3101,1,2565,7.09417,18.9227,18.845,0.069744,0.1028,87.2396894,21.3663038,0.932857,t17_f5_c3,18.8209,0.1285,False,False,True,23.12.x,0.0,2.565324405815015e+18,,,ZTF24aabkbhh
ztf,60319.32298609987,2565322985815015027,2,2565322985815,20.308,1,2565,7.00925,18.906,19.0575,0.080499,0.1265,87.2396029,21.3663237,0.934286,t17_f5_c3,19.258,0.1943,False,False,True,23.12.x,0.0,2.565324405815015e+18,,,ZTF24aabkbhh
ztf,60319.32346059987,2565323465815015030,2,2565323465815,20.2842,1,2565,7.03429,18.9779,18.9206,0.076495,0.1098,87.2394639,21.366316,0.935714,t17_f5_c3,18.832,0.1294,False,False,True,23.12.x,0.0,2.565324405815015e+18,,,ZTF24aabkbhh
ztf,60319.323935199995,2565323935815015020,2,2565323935815,20.3241,1,2565,6.98082,18.9564,18.9623,0.07567,0.112,87.2393928,21.3663309,0.927143,t17_f5_c3,18.9207,0.1378,False,False,True,23.12.x,0.0,2.565324405815015e+18,,,ZTF24aabkbhh
ztf,60319.3244097,2565324405815015032,2,2565324405815,20.347376,1,2565,6.8019514,18.958593,19.1626,0.08156979,0.1351,87.2392978,21.3663888,0.93285716,t17_f5_c3,19.1567,0.1718,True,False,True,23.12.x,0.0,,0.9999999,562120258.0,ZTF24aabkbhh
ztf,60319.32487270003,2565324875815015034,2,2565324875815,20.301304,1,2565,6.922124,18.925974,18.9831,0.09731197,0.1156,87.239162,21.3663735,0.9285714,t17_f5_c3,19.0292,0.1542,True,False,True,23.12.x,0.0,,0.99999976,562120258.0,ZTF24aabkbhh
ztf,60319.325347200036,2565325345815015032,2,2565325345815,20.283968,1,2565,6.9021115,18.960989,19.0536,0.07502913,0.1246,87.239078,21.3663925,0.93857145,t17_f5_c3,18.9532,0.1454,True,False,True,23.12.x,0.0,,0.9999994,562120258.0,ZTF24aabkbhh
ztf,60319.32582180016,2565325825815015032,2,2565325825815,20.318293,1,2565,6.8976293,18.951796,18.9991,0.09488776,0.1168,87.2389809,21.3664164,0.9285714,t17_f5_c3,19.0139,0.1513,True,False,True,23.12.x,0.0,,0.9999596,562120258.0,ZTF24aabkbhh
ztf,60319.32628470007,2565326285815015026,2,2565326285815,20.344528,1,2565,6.945281,19.035358,19.0505,0.076429345,0.1221,87.2389084,21.3664204,0.9357143,t17_f5_c3,18.9038,0.1366,True,False,True,23.12.x,0.0,,0.99999774,562120258.0,ZTF24aabkbhh
