tid,mjd,candid,fid,pid,diffmaglim,isdiffpos,nid,distnr,magpsf,magap,sigmapsf,sigmagap,ra,dec,rb,rbversion,magapbig,sigmagapbig,has_stamp,corrected,dubious,step_id_corr,phase,parent_candid,drb,rfid,oid
ztf,60317.253923600074,2563253922615015037,2,2563253922615,20.273,1,2563,12.864,18.7789,18.8959,0.08946,0.0976,93.7828036,17.274606,0.901429,t17_f5_c3,18.8569,0.1201,False,False,True,23.12.x,0.0,2.563255332615015e+18,,,ZTF24aaawtqq
ztf,60317.25439810008,2563254392615015031,2,2563254392615,20.2607,1,2563,12.513,18.757,18.7406,0.071214,0.0866,93.7826682,17.274617,0.9,t17_f5_c3,18.674,0.1039,False,False,True,23.12.x,0.0,2.563255812615015e+18,,,ZTF24aaawtqq
ztf,60317.2548727002,2563254872615015035,2,2563254872615,20.3256,1,2563,12.2967,18.801,18.8451,0.074794,0.0909,93.7825556,17.2746002,0.914286,t17_f5_c3,18.8579,0.1172,False,False,True,23.12.x,0.0,2.563255812615015e+18,,,ZTF24aaawtqq
ztf,60317.255335600115,2563255332615015040,2,2563255332615,20.3512,1,2563,12.0113,18.7941,18.8902,0.0769,0.0934,93.7824226,17.274595,0.918571,t17_f5_c3,18.8602,0.1158,False,False,True,23.12.x,0.0,2.563255812615015e+18,,,ZTF24aaawtqq
ztf,60317.25581019977,2563255812615015034,2,2563255812615,20.310505,1,2563,11.757903,18.793003,18.8241,0.09192569,0.0902,93.782297,17.2745894,0.9042857,t17_f5_c3,18.7219,0.1049,True,False,True,23.12.x,0.0,,0.9997611,563120226.0,ZTF24aaawtqq
ztf,60317.256284699775,2563256282615015035,2,2563256282615,20.3353,1,2563,11.4124,18.8156,18.9924,0.089326,0.1034,93.7821588,17.2746084,0.901429,t17_f5_c3,18.9405,0.1258,False,False,True,23.12.x,0.0,2.563256742615015e+18,,,ZTF24aaawtqq
ztf,60317.25674769981,2563256742615015028,2,2563256742615,20.319347,1,2563,11.247734,18.79591,18.8322,0.085449226,0.0903,93.782042,17.274584,0.92,t17_f5_c3,18.8229,0.1142,True,False,True,23.12.x,0.0,,0.9999798,563120226.0,ZTF24aaawtqq
ztf,60317.25722219981,2563257222615015028,2,2563257222615,20.374832,1,2563,10.952282,18.78692,18.8631,0.07142693,0.0902,93.7819131,17.2745999,0.91571426,t17_f5_c3,18.8748,0.1163,True,False,True,23.12.x,0.0,,0.9999994,563120226.0,ZTF24aaawtqq
