tid,mjd,candid,fid,pid,diffmaglim,isdiffpos,nid,distnr,magpsf,magap,sigmapsf,sigmagap,ra,dec,rb,rbversion,magapbig,sigmagapbig,has_stamp,corrected,dubious,step_id_corr,phase,parent_candid,drb,rfid,oid
ztf,60319.21366900019,2565213663515015024,2,2565213663515,20.0965,1,2565,8.83605,19.2228,19.2063,0.117154,0.1455,91.7308215,19.1996069,0.885714,t17_f5_c3,19.2939,0.2019,False,False,True,23.12.x,0.0,2.565215083515015e+18,,,ZTF24aabibqg
ztf,60319.21413190011,2565214133515015033,2,2565214133515,20.212,1,2565,8.49435,19.2038,19.3362,0.104782,0.1518,91.7307195,19.1996077,0.918571,t17_f5_c3,19.2464,0.1792,False,False,True,23.12.x,0.0,2.565215553515015e+18,,,ZTF24aabibqg
ztf,60319.21460650023,2565214603515015058,2,2565214603515,20.2213,1,2565,8.25449,19.189,19.0735,0.097913,0.1182,91.7306584,19.199687,0.851429,t17_f5_c3,19.1736,0.1659,False,False,True,23.12.x,0.0,2.565215553515015e+18,,,ZTF24aabibqg
ztf,60319.21508099977,2565215083515015039,2,2565215083515,20.169718,1,2565,7.5218706,19.170118,19.1847,0.11766685,0.1329,91.7304447,19.1997697,0.91571426,t17_f5_c3,19.2292,0.1775,True,False,True,23.12.x,0.0,,1.0,562120235.0,ZTF24aabibqg
ztf,60319.21555559989,2565215553515015040,2,2565215553515,20.075817,1,2565,7.2878985,19.118374,19.1345,0.116562575,0.1347,91.7303763,19.1997988,0.8814286,t17_f5_c3,18.9383,0.1443,True,False,True,23.12.x,0.0,,0.99999994,562120235.0,ZTF24aabibqg
ztf,60319.21601849981,2565216013515015037,2,2565216013515,20.129686,1,2565,6.8565955,19.18348,19.2516,0.115037136,0.1461,91.7302509,19.1999022,0.89,t17_f5_c3,19.2995,0.1956,True,False,True,23.12.x,0.0,,0.99998,562120235.0,ZTF24aabibqg
ztf,60319.21649309993,2565216493515015040,2,2565216493515,20.157663,1,2565,6.596996,19.146807,19.2597,0.112431124,0.1463,91.7301731,19.1999312,0.8957143,t17_f5_c3,19.3864,0.2105,True,False,True,23.12.x,0.0,,0.9999997,562120235.0,ZTF24aabibqg
ztf,60319.216955999844,2565216953515015036,2,2565216953515,20.1858,1,2565,6.08063,19.1778,19.1953,0.109526,0.1367,91.7300165,19.2000175,0.927143,t17_f5_c3,19.2366,0.1822,False,False,True,23.12.x,0.0,2.565217433515015e+18,,,ZTF24aabibqg
ztf,60319.217430599965,2565217433515015028,2,2565217433515,20.18492,1,2565,5.8415146,19.090788,19.1039,0.116383635,0.1279,91.7299416,19.2000581,0.89428574,t17_f5_c3,19.0771,0.16,True,False,True,23.12.x,0.0,,0.99999523,562120235.0,ZTF24aabibqg
