tid,mjd,candid,fid,pid,diffmaglim,isdiffpos,nid,distnr,magpsf,magap,sigmapsf,sigmagap,ra,dec,rb,rbversion,magapbig,sigmagapbig,has_stamp,corrected,dubious,step_id_corr,phase,parent_candid,drb,rfid,oid
ztf,60319.18635419989,2565186354215015004,2,2565186354215,19.9466,1,2565,7.94738,19.4382,19.1911,0.133294,0.1498,87.1224475,19.6585266,0.465714,t17_f5_c3,19.3448,0.2209,False,False,True,23.12.x,0.0,2.565187764215015e+18,,,ZTF24aabhlst
ztf,60319.186817099806,2565186814215015006,2,2565186814215,19.9443,1,2565,7.30752,19.2637,19.1547,0.120429,0.1439,87.1222503,19.6585261,0.66,t17_f5_c3,19.1238,0.179,False,False,True,23.12.x,0.0,2.565188244215015e+18,,,ZTF24aabhlst
ztf,60319.18729169993,2565187294215015009,2,2565187294215,19.9168,1,2565,7.37586,19.3622,19.4128,0.131265,0.1821,87.1222719,19.6585004,0.637143,t17_f5_c3,19.4181,0.2347,False,False,True,23.12.x,0.0,2.565188244215015e+18,,,ZTF24aabhlst
ztf,60319.18776619993,2565187764215015006,2,2565187764215,19.947351,1,2565,6.8699217,19.339325,19.3299,0.12622023,0.1664,87.122105,19.6583932,0.63285714,t17_f5_c3,19.2018,0.1896,True,False,True,23.12.x,0.0,,0.9994152,562120242.0,ZTF24aabhlst
ztf,60319.188240699936,2565188244215015005,2,2565188244215,19.984398,1,2565,6.470576,19.218624,18.9353,0.11731891,0.1171,87.1219743,19.6583332,0.5542857,t17_f5_c3,18.8605,0.1399,True,False,True,23.12.x,0.0,,0.9999901,562120242.0,ZTF24aabhlst
ztf,60319.18870369997,2565188704215015003,2,2565188704215,19.959965,1,2565,6.307766,19.314228,19.4183,0.11726124,0.1828,87.1219359,19.6583903,0.71,t17_f5_c3,19.0983,0.1746,True,False,True,23.12.x,0.0,,0.9999633,562120242.0,ZTF24aabhlst
ztf,60319.18917819997,2565189174215015005,2,2565189174215,19.931223,1,2565,6.1930366,19.21837,19.2029,0.113980964,0.1502,87.1218763,19.6582703,0.6742857,t17_f5_c3,19.2004,0.1919,True,False,True,23.12.x,0.0,,0.99994254,562120242.0,ZTF24aabhlst
ztf,60319.189652800094,2565189654215015003,2,2565189654215,19.935211,1,2565,5.7435102,19.371464,19.2535,0.13391028,0.158,87.1217154,19.65819,0.55714285,t17_f5_c3,19.1412,0.1826,True,False,True,23.12.x,0.0,,0.9998227,562120242.0,ZTF24aabhlst
ztf,60319.19011570001,2565190114215015006,2,2565190114215,20.006393,1,2565,5.423602,19.322142,19.2239,0.14149737,0.1515,87.1216343,19.6582496,0.6542857,t17_f5_c3,19.1264,0.1775,True,False,True,23.12.x,0.0,,0.99976254,562120242.0,ZTF24aabhlst
