tid,mjd,candid,fid,pid,diffmaglim,isdiffpos,nid,distnr,magpsf,magap,sigmapsf,sigmagap,ra,dec,rb,rbversion,magapbig,sigmagapbig,has_stamp,corrected,dubious,step_id_corr,phase,parent_candid,drb,rfid,oid
ztf,60319.1194329001,2565119430415015054,2,2565119430415,19.3822,1,2565,10.8221,18.968,18.6373,0.13861,0.1541,89.3758816,16.3939182,0.567143,t17_f5_c3,18.5317,0.1792,False,False,True,23.12.x,0.0,2.565121310415015e+18,,,ZTF24aabfzgc
ztf,60319.119907400105,2565119900415015022,2,2565119900415,19.5414,1,2565,11.1034,18.8814,18.9955,0.135467,0.1791,89.3758007,16.3939481,0.818571,t17_f5_c3,18.9995,0.2304,False,False,True,23.12.x,0.0,2.565121310415015e+18,,,ZTF24aabfzgc
ztf,60319.12038190011,2565120380415015046,2,2565120380415,19.427,1,2565,11.4621,18.9702,19.0835,0.196687,0.2187,89.3756949,16.3940162,0.68,t17_f5_c3,19.1047,0.2861,False,False,True,23.12.x,0.0,2.565122260415015e+18,,,ZTF24aabfzgc
ztf,60319.12085650023,2565120850415015043,2,2565120850415,18.7975,1,2565,12.0054,18.898,18.7866,0.217063,0.3065,89.3755386,16.3939904,0.59,t17_f5_c3,18.8561,0.4193,False,False,True,23.12.x,0.0,2.565122260415015e+18,,,ZTF24aabfzgc
ztf,60319.12131940015,2565121310415015072,2,2565121310415,18.902966,1,2565,11.915664,18.836311,18.9083,0.17544143,0.2992,89.3755647,16.3940564,0.58285713,t17_f5_c3,19.1408,0.476,True,False,True,23.12.x,0.0,,0.999299,562120204.0,ZTF24aabfzgc
ztf,60319.1217939998,2565121790415015048,2,2565121790415,19.134468,1,2565,12.551496,19.15317,18.9475,0.2079207,0.2546,89.3753769,16.3940666,0.53571427,t17_f5_c3,19.1016,0.3767,True,False,True,23.12.x,0.0,,0.91778016,562120204.0,ZTF24aabfzgc
ztf,60319.12226849981,2565122260415015033,2,2565122260415,19.370634,1,2565,12.77414,19.061668,19.0342,0.17313914,0.2172,89.375315,16.3940083,0.6242857,t17_f5_c3,18.8171,0.2283,True,False,True,23.12.x,0.0,,0.9915531,562120204.0,ZTF24aabfzgc
ztf,60319.12274309993,2565122740415015131,2,2565122740415,19.453901,1,2565,13.294805,18.971277,18.9688,0.115034394,0.1982,89.3751583,16.3940831,0.70285714,t17_f5_c3,18.8936,0.2372,True,False,True,23.12.x,0.0,,0.9999241,562120204.0,ZTF24aabfzgc
ztf,60319.123205999844,2565123200415015025,2,2565123200415,19.69941,1,2565,13.608315,19.005974,19.1337,0.12396334,0.1798,89.3750682,16.3941192,0.77428573,t17_f5_c3,19.2548,0.2575,True,False,True,23.12.x,0.0,,0.9998996,562120204.0,ZTF24aabfzgc
