tid,mjd,candid,fid,pid,diffmaglim,isdiffpos,nid,distnr,magpsf,magap,sigmapsf,sigmagap,ra,dec,rb,rbversion,magapbig,sigmagapbig,has_stamp,corrected,dubious,step_id_corr,phase,parent_candid,drb,rfid,oid
ztf,60317.42304399982,2563423040815015019,2,2563423040815,20.0258,1,2563,7.71269,16.7208,16.722,0.032617,0.0171,94.7359552,16.5002964,0.851429,t17_f5_c3,16.7223,0.0212,False,False,True,23.12.x,0.0,2.563424450815015e+18,,,ZTF24aabaufp
ztf,60317.42398149986,2563423980815015020,2,2563423980815,19.9031,1,2563,8.20736,16.7291,16.7211,0.034802,0.0177,94.7357495,16.5002354,0.785714,t17_f5_c3,16.7114,0.0218,False,False,True,23.12.x,0.0,2.563424930815015e+18,,,ZTF24aabaufp
ztf,60317.42445599986,2563424450815015012,2,2563424450815,19.975218,1,2563,8.371552,16.726768,16.7355,0.039179854,0.0177,94.7356313,16.5002213,0.89285713,t17_f5_c3,16.7245,0.0217,True,False,True,23.12.x,0.0,,0.9999998,563120208.0,ZTF24aabaufp
ztf,60317.424930599984,2563424930815015013,2,2563424930815,19.999043,1,2563,8.354253,16.743725,16.7735,0.03250048,0.0181,94.7355242,16.500192,0.9085714,t17_f5_c3,16.7596,0.0222,True,False,True,23.12.x,0.0,,0.99999976,563120208.0,ZTF24aabaufp
ztf,60317.4253934999,2563425390815015019,2,2563425390815,19.935835,1,2563,8.395522,16.730095,16.7336,0.042707883,0.0179,94.7354059,16.5001527,0.8528572,t17_f5_c3,16.7211,0.022,True,False,True,23.12.x,0.0,,0.9999992,563120208.0,ZTF24aabaufp
ztf,60317.42586810002,2563425860815015015,2,2563425860815,19.9268,1,2563,8.4222,16.7276,16.724,0.039624136,0.0178,94.7353073,16.5001231,0.9,t17_f5_c3,16.7083,0.0218,True,False,True,23.12.x,0.0,,,,ZTF24aabaufp
