tid,mjd,candid,fid,pid,diffmaglim,isdiffpos,nid,distnr,magpsf,magap,sigmapsf,sigmagap,ra,dec,rb,rbversion,magapbig,sigmagapbig,has_stamp,corrected,dubious,step_id_corr,phase,parent_candid,drb,rfid,oid
ztf,60319.40072919987,2565400720815015026,2,2565400720815,19.8441,1,2565,5.37171,18.919,19.1084,0.109312,0.1547,87.6760682,16.3379807,0.842857,t17_f5_c3,19.0656,0.1906,False,False,True,23.12.x,0.0,2.565402140815015e+18,,,ZTF24aabljpm
ztf,60319.401203699876,2565401200815015033,2,2565401200815,19.7732,1,2565,5.61767,18.8709,18.8536,0.134088,0.1233,87.6759499,16.3379596,0.747143,t17_f5_c3,18.9161,0.167,False,False,True,23.12.x,0.0,2.565402610815015e+18,,,ZTF24aabljpm
ztf,60319.40167819988,2565401670815015048,2,2565401670815,19.774,1,2565,5.5651,18.9319,18.8834,0.119342,0.1265,87.6758472,16.3380384,0.75,t17_f5_c3,18.7267,0.1402,False,False,True,23.12.x,0.0,2.565403090815015e+18,,,ZTF24aabljpm
ztf,60319.40214119991,2565402140815015027,2,2565402140815,19.716595,1,2565,5.6940227,18.920408,18.9234,0.13248539,0.1307,87.6757182,16.338089,0.7214286,t17_f5_c3,18.9745,0.1754,True,False,True,23.12.x,0.0,,1.0,562120208.0,ZTF24aabljpm
ztf,60319.40261569992,2565402610815015030,2,2565402610815,19.788363,1,2565,5.8324065,18.901327,19.0843,0.13108562,0.1527,87.6756222,16.3381153,0.7542857,t17_f5_c3,19.1519,0.2081,True,False,True,23.12.x,0.0,,0.999998,562120208.0,ZTF24aabljpm
ztf,60319.40309030004,2565403090815015058,2,2565403090815,19.77206,1,2565,6.128763,18.983795,19.0835,0.13242532,0.1526,87.6755078,16.3381073,0.72571427,t17_f5_c3,19.1429,0.2063,True,False,True,23.12.x,0.0,,0.9999647,562120208.0,ZTF24aabljpm
ztf,60319.403553199954,2565403550815015053,2,2565403550815,19.795393,1,2565,6.118771,18.824305,18.9563,0.11822257,0.1363,87.6754249,16.3381941,0.75857145,t17_f5_c3,19.0766,0.1949,True,False,True,23.12.x,0.0,,1.0,562120208.0,ZTF24aabljpm
ztf,60319.404027800076,2565404020815015049,2,2565404020815,19.764645,1,2565,6.2916155,18.84834,18.9098,0.13985376,0.1302,87.6753054,16.3382545,0.7342857,t17_f5_c3,18.9509,0.1732,True,False,True,23.12.x,0.0,,0.9999995,562120208.0,ZTF24aabljpm
