tid,mjd,candid,fid,pid,diffmaglim,isdiffpos,nid,distnr,magpsf,magpsf_corr,magap,sigmapsf,sigmapsf_corr,sigmapsf_corr_ext,sigmagap,ra,dec,rb,rbversion,drb,magapbig,sigmagapbig,rfid,has_stamp,corrected,dubious,step_id_corr,phase,parent_candid,oid
ztf,61080.563194400165,3326563190115015000,2,3326563190115,19.058022,1,3326,0.34167424,17.166248,15.453801,17.1922,0.07008183,100.0,0.01447527,0.0663,288.5991981,-8.3044229,0.9,t17_f5_c3,0.9999994,17.1853,0.0836,1430120201.0,True,True,False,27.5.7a32.dev1,0.0,,ZTF25aaykldo
ztf,61080.56658559991,3326566580115015000,2,3326566580115,18.7673,1,3326,0.686809,17.2716,15.47474,17.3003,0.081109,100.0,0.015499752,0.0891,288.5989354,-8.3042947,0.844286,t17_f5_c3,,17.3626,0.1203,,False,True,False,27.5.7a32.dev1,0.0,3.345547360115015e+18,ZTF25aaykldo
ztf,61081.5629166998,3327562910115015000,2,3327562910115,18.48152,1,3327,0.76552445,17.401836,15.49845,17.1342,0.08814928,100.0,0.015270885,0.1018,288.5992901,-8.3045081,0.80142856,t17_f5_c3,0.998901,17.0962,0.1252,1430120201.0,True,True,False,27.5.7a32.dev1,0.0,,ZTF25aaykldo
ztf,61083.5612269002,3329561220115015000,2,3329561220115,19.086882,1,3329,0.15529363,17.269838,15.474403,17.2527,0.06306265,100.0,0.012066966,0.063,288.5991525,-8.3043925,0.8685714,t17_f5_c3,0.9999987,17.3276,0.0854,1430120201.0,True,True,False,27.5.7a32.dev1,0.0,,ZTF25aaykldo
ztf,61083.565798600204,3329565790115015000,2,3329565790115,18.893013,1,3329,0.68979347,17.390633,15.496501,17.4492,0.073081285,100.0,0.012768898,0.0865,288.5992644,-8.3045016,0.7828571,t17_f5_c3,0.9992885,17.421,0.1072,1430120201.0,True,True,False,27.5.7a32.dev1,0.0,,ZTF25aaykldo
ztf,61099.54736110009,3345547360115015002,2,3345547360115,19.787981,1,3345,0.44340578,18.207022,15.601702,18.3237,0.10007218,100.0,0.009082083,0.1129,288.5992297,-8.3044202,0.7814286,t17_f5_c3,0.9731806,18.3377,0.1432,1430120201.0,True,True,False,27.5.7a32.dev1,0.0,,ZTF25aaykldo
