tid,mjd,candid,fid,pid,diffmaglim,isdiffpos,nid,distnr,magpsf,magpsf_corr,magap,sigmapsf,sigmapsf_corr,sigmapsf_corr_ext,sigmagap,ra,dec,rb,rbversion,magapbig,sigmagapbig,has_stamp,corrected,dubious,step_id_corr,phase,parent_candid,drb,rfid,oid
ztf,59540.55856479984,1786558562015015000,2,1786558562015,18.8696,1,1786,0.487689,19.0862,18.556562,18.9973,0.228165,0.13337128,0.14008568,0.3395,216.8070524,11.3374089,0.754286,t17_f5_c3,18.9349,0.4121,False,True,False,correction_1.0.6,0.0,1.796542822015015e+18,,,ZTF21acrcigm
ztf,59550.54282409977,1796542822015015002,2,1796542822015,20.12433,1,1796,0.4888075,19.024248,18.518108,18.9435,0.13693166,0.07530031,0.08591086,0.1487,216.807053,11.3374437,0.86285716,t17_f5_c3,19.063,0.2131,True,True,False,correction_1.0.6,0.0,,0.9999952,529120220.0,ZTF21acrcigm
ztf,59550.54525459977,1796545252015015001,2,1796545252015,20.09551,1,1796,0.508206,19.12798,18.582022,19.1748,0.118139245,0.056400858,0.07145149,0.1883,216.8070461,11.3374322,0.94857144,t17_f5_c3,19.1857,0.2443,True,True,False,correction_1.0.6,0.0,,0.9999783,529120220.0,ZTF21acrcigm
ztf,59550.54768519988,1796547682015015001,2,1796547682015,20.163927,1,1796,0.39174625,18.94948,18.4706,19.1031,0.111119054,0.059526585,0.07148862,0.1677,216.8070802,11.3374085,0.94285715,t17_f5_c3,19.2213,0.2402,True,True,False,correction_1.0.6,0.0,,0.99999994,529120220.0,ZTF21acrcigm
ztf,59550.55012729997,1796550122015015004,2,1796550122015,20.159464,1,1796,0.5156924,18.984533,18.493023,19.0992,0.11880792,0.06383324,0.07555113,0.165,216.8070465,11.3374553,0.95,t17_f5_c3,19.0876,0.2096,True,True,False,correction_1.0.6,0.0,,0.9999994,529120220.0,ZTF21acrcigm
ztf,59550.55256940005,1796552562015015002,2,1796552562015,20.18986,1,1796,0.5092979,19.060072,18.540445,19.2946,0.093887776,0.04002859,0.05817798,0.1991,216.8070461,11.3374352,0.9457143,t17_f5_c3,19.0919,0.2124,True,True,False,correction_1.0.6,0.0,,0.99999607,529120220.0,ZTF21acrcigm
ztf,59600.518090299796,1846518092015015005,2,1846518092015,19.836214,1,1846,0.5014017,19.259531,18.659666,19.2363,0.15435043,0.07530413,0.08883041,0.2246,216.8070511,11.3374559,0.94285715,t17_f5_c3,19.4515,0.3516,True,True,False,correction_1.0.6,0.0,,0.99981296,529120220.0,ZTF21acrcigm
