tid,mjd,candid,fid,pid,diffmaglim,isdiffpos,nid,distnr,magpsf,magap,sigmapsf,sigmagap,ra,dec,rb,rbversion,magapbig,sigmagapbig,has_stamp,corrected,dubious,step_id_corr,phase,parent_candid,drb,rfid,oid
ztf,60319.119907400105,2565119902615015006,2,2565119902615,19.5858,1,2565,8.27153,19.0432,19.1554,0.146827,0.2028,87.2386298,17.6316605,0.72,t17_f5_c3,18.9405,0.2135,False,False,True,23.12.x,0.0,2.565121312615015e+18,,,ZTF24aabfyvl
ztf,60319.12038190011,2565120382615015045,2,2565120382615,19.0235,1,2565,8.6857,19.2503,19.5072,0.270534,0.4809,87.2385051,17.6315962,0.4,t17_f5_c3,19.0042,0.3892,False,False,True,23.12.x,0.0,2.565121312615015e+18,,,ZTF24aabfyvl
ztf,60319.12131940015,2565121312615015010,2,2565121312615,19.318855,1,2565,8.815613,19.09328,18.9724,0.15725572,0.224,87.2382927,17.6318012,0.64857143,t17_f5_c3,19.057,0.3109,True,False,True,23.12.x,0.0,,0.9997474,562120226.0,ZTF24aabfyvl
ztf,60319.12226849981,2565122262615015024,2,2565122262615,19.339853,1,2565,8.781911,19.233875,19.2296,0.19086094,0.2781,87.238102,17.6319183,0.55,t17_f5_c3,19.1544,0.333,True,False,True,23.12.x,0.0,,0.999947,562120226.0,ZTF24aabfyvl
ztf,60319.12274309993,2565122742615015011,2,2565122742615,19.775068,1,2565,8.851111,19.137346,19.2811,0.14268227,0.2014,87.2380124,17.631858,0.7842857,t17_f5_c3,19.3102,0.2652,True,False,True,23.12.x,0.0,,0.9999958,562120226.0,ZTF24aabfyvl
ztf,60319.123205999844,2565123202615015006,2,2565123202615,19.647398,1,2565,8.723248,19.32523,19.4281,0.1758178,0.2477,87.2379109,17.6318815,0.69285715,t17_f5_c3,19.4515,0.3247,True,False,True,23.12.x,0.0,,0.9999975,562120226.0,ZTF24aabfyvl
ztf,60319.123680599965,2565123682615015013,2,2565123682615,19.619612,1,2565,8.829692,19.17212,18.9444,0.15729167,0.1637,87.2377626,17.63202,0.5885714,t17_f5_c3,18.7701,0.1788,True,False,True,23.12.x,0.0,,0.99962604,562120226.0,ZTF24aabfyvl
