tid,mjd,candid,fid,pid,diffmaglim,isdiffpos,nid,distnr,magpsf,magap,sigmapsf,sigmagap,ra,dec,rb,rbversion,magapbig,sigmagapbig,has_stamp,corrected,dubious,step_id_corr,phase,parent_candid,drb,rfid,oid
ztf,60319.144895799924,2565144890215015005,2,2565144890215,19.5468,1,2565,6.19182,19.3952,19.0469,0.156339,0.2243,90.4424741,15.8673085,0.685714,t17_f5_c3,18.9358,0.2598,False,False,False,23.12.x,0.0,2.565146300215015e+18,,,ZTF24aabgrvx
ztf,60319.145370400045,2565145370215015005,2,2565145370215,19.7239,1,2565,6.05299,19.5182,19.4257,0.18842,0.2585,90.4424257,15.8673619,0.777143,t17_f5_c3,19.3016,0.2958,False,False,False,23.12.x,0.0,2.565146300215015e+18,,,ZTF24aabgrvx
ztf,60319.14583329996,2565145830215015006,2,2565145830215,19.7075,1,2565,5.35278,19.5574,19.4153,0.178057,0.2487,90.4422012,15.8674749,0.738571,t17_f5_c3,19.2876,0.2836,False,False,False,23.12.x,0.0,2.565147710215015e+18,,,ZTF24aabgrvx
ztf,60319.14630790008,2565146300215015004,2,2565146300215,19.793219,1,2565,5.0460806,19.36431,19.0266,0.1397862,0.1643,90.442119,15.8674394,0.6157143,t17_f5_c3,18.9736,0.2005,True,False,False,23.12.x,0.0,,0.9997672,562120202.0,ZTF24aabgrvx
ztf,60319.14678240009,2565146780215015005,2,2565146780215,19.848303,1,2565,5.1279974,19.510532,19.5207,0.16462715,0.2306,90.4421371,15.8674694,0.7985714,t17_f5_c3,19.522,0.2961,True,False,False,23.12.x,0.0,,0.9999963,562120202.0,ZTF24aabgrvx
ztf,60319.14724540012,2565147240215015006,2,2565147240215,19.933954,1,2565,4.4544945,19.523235,19.6444,0.15277953,0.2524,90.4419327,15.8674593,0.86142856,t17_f5_c3,19.4888,0.2807,True,False,False,23.12.x,0.0,,0.99998057,562120202.0,ZTF24aabgrvx
ztf,60319.147719900124,2565147710215015005,2,2565147710215,19.906954,1,2565,4.3515654,19.591492,19.4968,0.18946524,0.2246,90.4419122,15.8674491,0.76,t17_f5_c3,19.2047,0.2202,True,False,False,23.12.x,0.0,,0.9998772,562120202.0,ZTF24aabgrvx
