tid,mjd,candid,fid,pid,diffmaglim,isdiffpos,nid,distnr,magpsf,magap,sigmapsf,sigmagap,ra,dec,rb,rbversion,magapbig,sigmagapbig,has_stamp,corrected,dubious,step_id_corr,phase,parent_candid,drb,rfid,oid
ztf,60319.18540510023,2565185401315015011,2,2565185401315,19.7616,1,2565,5.31367,18.9967,18.8135,0.139626,0.1062,85.2401488,16.1413448,0.247143,t17_f5_c3,18.7943,0.1344,False,False,False,23.12.x,0.0,2.565187291315015e+18,,,ZTF24aabhlpz
ztf,60319.18587959977,2565185871315015009,2,2565185871315,19.8659,1,2565,4.803,18.9709,18.9639,0.124437,0.1198,85.2399815,16.1413071,0.674286,t17_f5_c3,18.9131,0.1471,False,False,False,23.12.x,0.0,2.565187291315015e+18,,,ZTF24aabhlpz
ztf,60319.18635419989,2565186351315015014,2,2565186351315,19.8938,1,2565,4.51295,19.0079,18.9157,0.114394,0.1163,85.2399109,16.1413642,0.671429,t17_f5_c3,18.894,0.1463,False,False,False,23.12.x,0.0,2.565188241315015e+18,,,ZTF24aabhlpz
ztf,60319.186817099806,2565186811315015014,2,2565186811315,19.870838,1,2565,3.971095,19.007963,18.8067,0.15024163,0.1028,85.2397645,16.1414232,0.55714285,t17_f5_c3,18.7597,0.1268,True,False,False,23.12.x,0.0,,0.7211018,562120213.0,ZTF24aabhlpz
ztf,60319.18729169993,2565187291315015013,2,2565187291315,19.87056,1,2565,3.9355593,19.072971,19.0128,0.14345674,0.1239,85.2397464,16.141394,0.6,t17_f5_c3,18.793,0.1311,True,False,False,23.12.x,0.0,,0.79570806,562120213.0,ZTF24aabhlpz
ztf,60319.18776619993,2565187761315015010,2,2565187761315,19.84276,1,2565,3.599781,18.994555,19.0802,0.13127558,0.1303,85.239639,16.1413896,0.6314286,t17_f5_c3,19.0068,0.1575,True,False,False,23.12.x,0.0,,0.64818746,562120213.0,ZTF24aabhlpz
ztf,60319.188240699936,2565188241315015010,2,2565188241315,19.896738,1,2565,3.2639823,19.059254,19.1565,0.12547456,0.1387,85.2395472,16.141421,0.69285715,t17_f5_c3,19.0106,0.1573,True,False,False,23.12.x,0.0,,0.2427201,562120213.0,ZTF24aabhlpz
