tid,mjd,candid,fid,pid,diffmaglim,isdiffpos,nid,distnr,magpsf,magap,sigmapsf,sigmagap,ra,dec,rb,rbversion,magapbig,sigmagapbig,has_stamp,corrected,dubious,step_id_corr,phase,parent_candid,drb,rfid,oid
ztf,60317.266643499956,2563266643315015010,2,2563266643315,19.9902,1,2563,3.95446,19.677,19.9713,0.167109,0.2867,98.274693,20.4788778,0.454286,t17_f5_c3,20.1297,0.4402,False,False,False,23.12.x,0.0,2.563268053315015e+18,,,ZTF24aaawzgc
ztf,60317.26711810008,2563267113315015016,2,2563267113315,20.169239,1,2563,4.2089343,19.558191,19.7068,0.16738264,0.2149,98.2745876,20.4789199,0.66,t17_f5_c3,19.9461,0.3606,True,False,False,23.12.x,0.0,,0.99487627,563120233.0,ZTF24aaawzgc
ztf,60317.268055600114,2563268053315015013,2,2563268053315,20.186954,1,2563,4.61308,19.692656,19.6823,0.1567453,0.2068,98.274427,20.4789877,0.6185714,t17_f5_c3,20.1157,0.4201,True,False,False,23.12.x,0.0,,0.9893379,563120233.0,ZTF24aaawzgc
ztf,60317.26853010012,2563268533315015011,2,2563268533315,20.248238,1,2563,5.0357704,19.54545,19.5099,0.13102318,0.1709,98.2742726,20.4790635,0.64857143,t17_f5_c3,19.3128,0.1978,True,False,False,23.12.x,0.0,,0.9991759,563120233.0,ZTF24aaawzgc
