tid,mjd,candid,fid,pid,diffmaglim,isdiffpos,nid,distnr,magpsf,magap,sigmapsf,sigmagap,ra,dec,rb,rbversion,magapbig,sigmagapbig,has_stamp,corrected,dubious,step_id_corr,phase,parent_candid,drb,rfid,oid
ztf,60318.23530089995,2564235300815015001,2,2564235300815,20.1105,1,2564,4.67009,20.1949,19.9859,0.203844,0.3011,128.2069065,67.0714827,0.405714,t17_f5_c3,20.0391,0.4059,False,False,False,23.12.x,0.0,2.564237170815015e+18,,,ZTF24aabdzjv
ztf,60318.23576389998,2564235760815015002,2,2564235760815,20.1969,1,2564,4.45552,19.8206,19.708,0.177485,0.2283,128.2067498,67.0714739,0.668571,t17_f5_c3,19.855,0.3351,False,False,False,23.12.x,0.0,2.564237170815015e+18,,,ZTF24aabdzjv
ztf,60318.236238399986,2564236230815015003,2,2564236230815,20.173,1,2564,4.01118,19.9643,20.062,0.168838,0.3197,128.206414,67.0714659,0.772857,t17_f5_c3,19.9424,0.3677,False,False,False,23.12.x,0.0,2.564237170815015e+18,,,ZTF24aabdzjv
ztf,60318.23671300011,2564236710815015004,2,2564236710815,20.2273,1,2564,3.93822,20.0597,20.0905,0.170066,0.3188,128.2062579,67.0715499,0.79,t17_f5_c3,20.6768,0.7015,False,False,False,23.12.x,0.0,2.564238120815015e+18,,,ZTF24aabdzjv
ztf,60318.23717590002,2564237170815015004,2,2564237170815,20.278576,1,2564,3.7580574,19.82942,19.6665,0.1508531,0.2126,128.2060594,67.0715849,0.76428574,t17_f5_c3,19.6143,0.2599,True,False,False,23.12.x,0.0,,0.9999945,840120208.0,ZTF24aabdzjv
ztf,60318.237650500145,2564237650815015006,2,2564237650815,20.2411,1,2564,3.26964,19.8463,19.6153,0.180731,0.2057,128.2056645,67.0715761,0.574286,t17_f5_c3,19.7287,0.2923,False,False,False,23.12.x,0.0,2.564238120815015e+18,,,ZTF24aabdzjv
ztf,60318.23812500015,2564238120815015001,2,2564238120815,20.187365,1,2564,2.9882317,19.93668,20.115,0.1753689,0.3307,128.2053426,67.0716015,0.8142857,t17_f5_c3,20.0032,0.3829,True,False,False,23.12.x,0.0,,0.99984694,840120208.0,ZTF24aabdzjv
ztf,60318.23858800018,2564238580815015003,2,2564238580815,20.272532,1,2564,2.7980115,20.192377,20.1433,0.1867348,0.3284,128.2051301,67.0716121,0.69142854,t17_f5_c3,19.5925,0.2542,True,False,False,23.12.x,0.0,,0.9990468,840120208.0,ZTF24aabdzjv
ztf,60318.239062500186,2564239060815015002,2,2564239060815,20.259953,1,2564,2.8535607,19.90916,19.7579,0.16616175,0.2321,128.2048923,67.0717062,0.69714284,t17_f5_c3,19.8269,0.317,True,False,False,23.12.x,0.0,,0.99751866,840120208.0,ZTF24aabdzjv
