tid,mjd,candid,fid,pid,diffmaglim,isdiffpos,nid,distnr,magpsf,magap,sigmapsf,sigmagap,ra,dec,rb,rbversion,magapbig,sigmagapbig,has_stamp,corrected,dubious,step_id_corr,phase,parent_candid,drb,rfid,oid
ztf,60319.14112270018,2565141122015015010,2,2565141122015,19.4647,1,2565,9.91047,19.0771,19.0731,0.155913,0.2137,90.0376927,18.4602085,0.695714,t17_f5_c3,18.9344,0.2413,False,False,True,23.12.x,0.0,2.565143002015015e+18,,,ZTF24aabgnnm
ztf,60319.141597200185,2565141592015015008,2,2565141592015,19.6321,1,2565,9.68321,19.0182,18.9793,0.092352,0.1732,90.0376447,18.460156,0.84,t17_f5_c3,18.8207,0.1921,False,False,True,23.12.x,0.0,2.565143482015015e+18,,,ZTF24aabgnnm
ztf,60319.14207179984,2565142072015015011,2,2565142072015,19.2743,1,2565,9.43778,18.999,19.2182,0.189677,0.2799,90.0375637,18.4601592,0.511429,t17_f5_c3,19.1388,0.3341,False,False,True,23.12.x,0.0,2.565143482015015e+18,,,ZTF24aabgnnm
ztf,60319.14253470022,2565142532015015017,2,2565142532015,19.1445,1,2565,9.55942,18.9372,18.5719,0.168411,0.1813,90.0375375,18.4603339,0.43,t17_f5_c3,18.6519,0.2502,False,False,True,23.12.x,0.0,2.565143482015015e+18,,,ZTF24aabgnnm
ztf,60319.14300929988,2565143002015015018,2,2565143002015,19.148506,1,2565,9.178595,18.940264,19.2387,0.15887046,0.3588,90.0374449,18.4602571,0.6614286,t17_f5_c3,19.4294,0.5487,True,False,True,23.12.x,0.0,,0.99997556,562120220.0,ZTF24aabgnnm
ztf,60319.14348379988,2565143482015015044,2,2565143482015,19.555166,1,2565,8.60952,19.155148,19.2602,0.15243722,0.2602,90.03725,18.4602866,0.62857145,t17_f5_c3,19.2533,0.3316,True,False,True,23.12.x,0.0,,0.99328214,562120220.0,ZTF24aabgnnm
ztf,60319.14395829989,2565143952015015011,2,2565143952015,19.873783,1,2565,8.086254,19.090134,19.2955,0.11067315,0.2004,90.037112,18.4602183,0.8642857,t17_f5_c3,19.2269,0.2412,True,False,True,23.12.x,0.0,,0.9999957,562120220.0,ZTF24aabgnnm
ztf,60319.14442129992,2565144422015015006,2,2565144422015,19.791374,1,2565,7.895024,19.049192,19.0074,0.10105905,0.1759,90.0370417,18.4602358,0.9071429,t17_f5_c3,19.0685,0.2385,True,False,True,23.12.x,0.0,,0.9999907,562120220.0,ZTF24aabgnnm
ztf,60319.144895799924,2565144892015015008,2,2565144892015,19.856243,1,2565,7.5557337,19.011885,18.9995,0.118948475,0.1666,90.0369127,18.4602724,0.67142856,t17_f5_c3,19.108,0.236,True,False,True,23.12.x,0.0,,0.99997973,562120220.0,ZTF24aabgnnm
