tid,mjd,candid,fid,pid,diffmaglim,isdiffpos,nid,distnr,magpsf,magpsf_corr,magap,sigmapsf,sigmapsf_corr,sigmapsf_corr_ext,sigmagap,ra,dec,rb,rbversion,drb,magapbig,sigmagapbig,rfid,has_stamp,corrected,dubious,step_id_corr,phase,oid
ztf,61079.560080999974,3325560084515010006,2,3325560084515,18.921463,-1,3325,0.8735188,17.227861,15.210351,17.4389,0.080915235,100.0,0.01261903,0.0644,260.7116445,-18.9797099,0.67142856,t17_f5_c3,0.9979623,17.4797,0.0842,1323120245,True,True,False,27.5.7a32.dev1,0.0,ZTF26aaftpwg
ztf,61080.55974540021,3326559744515010019,2,3326559744515,19.629034,-1,3326,0.44939214,16.952332,15.260401,17.1454,0.08258638,100.0,0.017383458,0.0388,260.7117875,-18.9798346,0.74285716,t17_f5_c3,0.77189046,17.0425,0.044,1323120245,True,True,False,27.5.7a32.dev1,0.0,ZTF26aaftpwg
ztf,61081.55989579996,3327559894515010010,2,3327559894515,18.488668,-1,3327,0.5263323,17.031343,15.244478,17.6141,0.09250943,100.0,0.017841846,0.1503,260.7117425,-18.979748,0.5714286,t17_f5_c3,0.99955136,17.7954,0.2268,1323120245,True,True,False,27.5.7a32.dev1,0.0,ZTF26aaftpwg
ztf,61093.56766200019,3339567664515010027,2,3339567664515,18.880726,-1,3339,0.2878817,16.62605,15.343624,16.8912,0.06010061,100.0,0.01844626,0.0569,260.711862,-18.9798368,0.74142855,t17_f5_c3,0.99910486,16.8054,0.0669,1323120245,True,True,False,27.5.7a32.dev1,0.0,ZTF26aaftpwg
ztf,61096.54516200023,3342545164515010014,2,3342545164515,19.43149,-1,3342,0.22945714,16.522417,15.377523,16.7784,0.060828377,100.0,0.021190867,0.0346,260.7118471,-18.9798032,0.82857144,t17_f5_c3,0.9616089,16.7357,0.0416,1323120245,True,True,False,27.5.7a32.dev1,0.0,ZTF26aaftpwg
ztf,61099.541631899774,3345541634515010029,2,3345541634515,19.946356,-1,3345,0.23237875,16.460812,15.399833,16.6799,0.05904154,100.0,0.022221137,0.0206,260.7118381,-18.9797909,0.81285715,t17_f5_c3,0.9839851,16.6667,0.0251,1323120245,True,True,False,27.5.7a32.dev1,0.0,ZTF26aaftpwg
ztf,61100.54039350012,3346540394515010016,2,3346540394515,19.798292,-1,3346,0.13182312,16.638315,15.339888,16.7374,0.02512599,100.0,0.007598927,0.0244,260.7118658,-18.9797817,0.8142857,t17_f5_c3,0.9999925,16.7181,0.0298,1323120245,True,True,False,27.5.7a32.dev1,0.0,ZTF26aaftpwg
ztf,61101.53968749987,3347539684515010011,2,3347539684515,18.69408,-1,3347,0.3385513,16.465857,15.397941,16.5967,0.044392154,100.0,0.01660121,0.0487,260.7118344,-18.9798362,0.8242857,t17_f5_c3,0.9999335,16.5925,0.0617,1323120245,True,True,False,27.5.7a32.dev1,0.0,ZTF26aaftpwg
