tid,mjd,candid,fid,pid,diffmaglim,isdiffpos,nid,distnr,magpsf,magap,sigmapsf,sigmagap,ra,dec,rb,rbversion,magapbig,sigmagapbig,has_stamp,corrected,dubious,step_id_corr,phase,parent_candid,drb,rfid,oid
ztf,60317.3156365999,2563315630315015036,2,2563315630315,19.9242,1,2563,6.93595,19.0327,18.9539,0.122607,0.1267,99.3014775,15.3795891,0.812857,t17_f5_c3,18.9871,0.1673,False,False,True,23.12.x,0.0,2.563316570315015e+18,,,ZTF24aaayjum
ztf,60317.31609949982,2563316090315015038,2,2563316090315,19.9915,1,2563,7.08371,18.9753,18.8086,0.140818,0.1082,99.3013887,15.3796061,0.72,t17_f5_c3,18.8071,0.1384,False,False,True,23.12.x,0.0,2.563317510315015e+18,,,ZTF24aaayjum
ztf,60317.31657409994,2563316570315015038,2,2563316570315,19.93223,1,2563,7.411101,19.010845,18.982,0.12747458,0.1313,99.3012477,15.3796045,0.8442857,t17_f5_c3,18.9238,0.1598,True,False,True,23.12.x,0.0,,0.99993694,563120203.0,ZTF24aaayjum
ztf,60317.31704859994,2563317040315015038,2,2563317040315,19.953806,1,2563,7.553573,19.005417,18.7987,0.111296356,0.1081,99.3011258,15.3796676,0.61,t17_f5_c3,18.8054,0.1396,True,False,True,23.12.x,0.0,,0.9999585,563120203.0,ZTF24aaayjum
ztf,60317.31751159998,2563317510315015025,2,2563317510315,20.025045,1,2563,8.004775,18.949282,19.0361,0.094887815,0.1316,99.3009622,15.3796499,0.8814286,t17_f5_c3,19.025,0.1674,True,False,True,23.12.x,0.0,,0.99999994,563120203.0,ZTF24aaayjum
ztf,60317.31798609998,2563317980315015022,2,2563317980315,19.8676,1,2563,8.21432,18.9956,18.836,0.118769,0.1172,99.3008545,15.3796726,0.65,t17_f5_c3,18.8667,0.1547,False,False,True,23.12.x,0.0,2.563318920315015e+18,,,ZTF24aaayjum
ztf,60317.318460599985,2563318460315015032,2,2563318460315,19.839,1,2563,7.98199,19.0017,18.8928,0.096336,0.1199,99.3007832,15.3797177,0.617143,t17_f5_c3,18.9829,0.1669,False,False,True,23.12.x,0.0,2.563318920315015e+18,,,ZTF24aaayjum
ztf,60317.31892360002,2563318920315015023,2,2563318920315,19.863188,1,2563,7.3425627,19.111088,19.1044,0.123032376,0.142,99.3005923,15.3797489,0.64857143,t17_f5_c3,19.0333,0.1707,True,False,True,23.12.x,0.0,,0.9999446,563120203.0,ZTF24aaayjum
