tid,mjd,candid,fid,pid,diffmaglim,isdiffpos,nid,distnr,magpsf,magpsf_corr,magap,sigmapsf,sigmapsf_corr,sigmapsf_corr_ext,sigmagap,ra,dec,rb,rbversion,drb,magapbig,sigmagapbig,rfid,has_stamp,corrected,dubious,step_id_corr,phase,parent_candid,oid
ztf,59709.41832179995,1955418324315015036,2,1955418324315,20.304989,1,1955,0.14702924,19.132547,18.668787,19.8594,0.12434555,0.07973045,0.08111958,0.2681,276.2541507,-16.7398056,0.70714283,t17_f5_c3,0.999985,19.8061,0.3204,333120243.0,True,True,False,correction_1.0.6,0.0,,ZTF22aajpuyf
ztf,59724.41850689985,1970418504315015073,2,1970418504315,20.222311,1,1970,0.22063829,19.323647,18.789576,19.9657,0.1685341,0.1016894,0.1030527,0.3112,276.2541295,-16.7397212,0.5914286,t17_f5_c3,0.60447496,19.9371,0.3814,333120243.0,True,True,False,correction_1.0.6,0.0,,ZTF22aajpuyf
ztf,59732.441145800054,1978441144315015072,2,1978441144315,20.238518,1,1978,0.054980226,19.423983,18.84982,20.0309,0.11976436,0.06833157,0.07057682,0.3318,276.2541175,-16.7397671,0.7014286,t17_f5_c3,0.9999906,19.9428,0.3855,333120243.0,True,True,False,1.1.2,0.0,,ZTF22aajpuyf
ztf,59734.44126159977,1980441264315015043,2,1980441264315,20.2448,1,1980,0.117867,19.4595,18.870607,20.3436,0.179762,0.10294391,0.104506016,0.4629,276.2541492,-16.7397946,0.572857,t17_f5_c3,,19.9248,0.3943,,False,True,False,1.1.2,0.0,1.9953746943150152e+18,ZTF22aajpuyf
ztf,59749.37469909992,1995374694315015043,2,1995374694315,19.855827,1,1995,0.29035765,19.459795,18.870779,19.4774,0.16111468,0.091907665,0.09365457,0.2659,276.2541934,-16.7398146,0.7828571,t17_f5_c3,0.9619545,19.9062,0.5016,333120243.0,True,True,False,1.1.2,0.0,,ZTF22aajpuyf
ztf,59751.3823958002,1997382394315015063,2,1997382394315,20.13425,1,1997,0.08584388,19.59471,18.947151,19.9242,0.17694338,0.095523074,0.09745659,0.325,276.2541099,-16.7398065,0.66714287,t17_f5_c3,0.9957984,19.7562,0.3521,333120243.0,True,True,False,1.1.2,0.0,,ZTF22aajpuyf
