tid,mjd,candid,fid,pid,diffmaglim,isdiffpos,nid,distnr,magpsf,magap,sigmapsf,sigmagap,ra,dec,rb,rbversion,magapbig,sigmagapbig,has_stamp,corrected,dubious,step_id_corr,phase,parent_candid,drb,rfid,oid
ztf,60319.33806709992,2565338061815015028,2,2565338061815,20.158,1,2565,18.9793,19.69,19.4778,0.179431,0.1808,90.4432685,17.3630278,0.59,t17_f5_c3,19.3672,0.2093,False,False,True,23.12.x,0.0,2.565340411815015e+18,,,ZTF24aabkigq
ztf,60319.33853009995,2565338531815015022,2,2565338531815,20.3141,1,2565,19.008,19.5938,19.7558,0.141416,0.2214,90.4432255,17.3630183,0.82,t17_f5_c3,19.7897,0.2926,False,False,True,23.12.x,0.0,2.565340411815015e+18,,,ZTF24aabkigq
ztf,60319.339004599955,2565339001815015024,2,2565339001815,20.1124,1,2565,19.2082,19.7102,19.2525,0.17365,0.1486,90.4431903,17.3629614,0.321429,t17_f5_c3,19.1113,0.1672,False,False,True,23.12.x,0.0,2.565340411815015e+18,,,ZTF24aabkigq
ztf,60319.339479200076,2565339471815015029,2,2565339471815,20.1907,1,2565,18.8609,19.7426,19.528,0.143899,0.1904,90.4429913,17.3630615,0.667143,t17_f5_c3,19.3079,0.1995,False,False,True,23.12.x,0.0,2.565340411815015e+18,,,ZTF24aabkigq
ztf,60319.33995370008,2565339951815015031,2,2565339951815,20.182983,1,2565,18.848759,19.753456,19.7143,0.15147114,0.2197,90.4429288,17.3630617,0.7828571,t17_f5_c3,19.8311,0.3135,True,False,True,23.12.x,0.0,,0.9999641,562120218.0,ZTF24aabkigq
ztf,60319.34041670011,2565340411815015027,2,2565340411815,19.974417,1,2565,19.154133,19.595478,19.4885,0.1714386,0.1908,90.4428582,17.3629769,0.6614286,t17_f5_c3,19.3374,0.2127,True,False,True,23.12.x,0.0,,0.9997896,562120218.0,ZTF24aabkigq
ztf,60319.34089120012,2565340891815015030,2,2565340891815,20.230108,1,2565,18.951635,19.689304,19.579,0.15019217,0.192,90.4427191,17.363041,0.7442857,t17_f5_c3,19.4635,0.2213,True,False,True,23.12.x,0.0,,0.99997747,562120218.0,ZTF24aabkigq
ztf,60319.34136570012,2565341361815015038,2,2565341361815,20.090942,1,2565,18.570095,19.77115,19.5924,0.18748975,0.2084,90.4426097,17.3631557,0.61,t17_f5_c3,19.3852,0.2209,True,False,True,23.12.x,0.0,,0.99976504,562120218.0,ZTF24aabkigq
ztf,60319.341828700155,2565341821815015028,2,2565341821815,20.185995,1,2565,19.082844,19.812815,19.7792,0.1550834,0.2364,90.442555,17.3630121,0.7457143,t17_f5_c3,19.6425,0.2676,True,False,True,23.12.x,0.0,,0.999998,562120218.0,ZTF24aabkigq
