tid,mjd,candid,fid,pid,diffmaglim,isdiffpos,nid,distnr,magpsf,magap,sigmapsf,sigmagap,ra,dec,rb,rbversion,magapbig,sigmagapbig,has_stamp,corrected,dubious,step_id_corr,phase,parent_candid,drb,rfid,oid
ztf,60319.446411999874,2565446412515015019,2,2565446412515,19.7053,1,2565,5.03847,17.9229,17.9402,0.064094,0.0627,86.6701329,18.3425275,0.895714,t17_f5_c3,17.8722,0.0752,False,False,False,23.12.x,0.0,2.565448292515015e+18,,,ZTF24aabmaqo
ztf,60319.446886599995,2565446882515015018,2,2565446882515,19.7292,1,2565,5.16862,17.9093,17.8445,0.048273,0.0577,86.6700476,18.3425173,0.908571,t17_f5_c3,17.7979,0.0705,False,False,False,23.12.x,0.0,2.565448772515015e+18,,,ZTF24aabmaqo
ztf,60319.4473611,2565447362515015021,2,2565447362515,19.6953,1,2565,5.32321,17.88,17.901,0.047063,0.0611,86.669949,18.3425093,0.907143,t17_f5_c3,17.9061,0.0783,False,False,False,23.12.x,0.0,2.565448772515015e+18,,,ZTF24aabmaqo
ztf,60319.44782410003,2565447822515015018,2,2565447822515,19.7164,1,2565,5.50756,18.0165,18.0418,0.066993,0.0697,86.6698444,18.3424969,0.905714,t17_f5_c3,17.9734,0.0836,False,False,False,23.12.x,0.0,2.565448772515015e+18,,,ZTF24aabmaqo
ztf,60319.44829860004,2565448292515015018,2,2565448292515,19.744713,1,2565,5.6858196,17.966986,18.0252,0.048837505,0.069,86.669733,18.3424958,0.91714287,t17_f5_c3,17.9796,0.0845,True,False,False,23.12.x,0.0,,0.9999994,562120225.0,ZTF24aabmaqo
ztf,60319.44877310004,2565448772515015020,2,2565448772515,19.699898,1,2565,5.7883844,17.918951,17.9498,0.051779002,0.064,86.6696596,18.3425084,0.9,t17_f5_c3,17.885,0.0769,True,False,False,23.12.x,0.0,,0.9999987,562120225.0,ZTF24aabmaqo
ztf,60319.44924770016,2565449242515015014,2,2565449242515,19.707558,1,2565,6.053486,17.920082,18.0189,0.04817278,0.0686,86.6695471,18.3424895,0.9142857,t17_f5_c3,18.0023,0.0863,True,False,False,23.12.x,0.0,,0.9999998,562120225.0,ZTF24aabmaqo
