tid,mjd,candid,fid,pid,diffmaglim,isdiffpos,nid,distnr,magpsf,magap,sigmapsf,sigmagap,ra,dec,rb,rbversion,magapbig,sigmagapbig,has_stamp,corrected,dubious,step_id_corr,phase,parent_candid,drb,rfid,oid
ztf,60317.44329860015,2563443290015015014,2,2563443290015,19.7353,1,2563,6.18465,18.6501,18.6583,0.093811,0.1118,99.0220729,16.5226696,0.791429,t17_f5_c3,18.6689,0.1444,False,False,False,23.12.x,0.0,2.563444240015015e+18,,,ZTF24aabbiul
ztf,60317.44377310015,2563443770015015020,2,2563443770015,19.7984,1,2563,6.29141,18.7179,18.6589,0.105802,0.1095,99.0219697,16.5226444,0.787143,t17_f5_c3,18.5955,0.1322,False,False,False,23.12.x,0.0,2.563444240015015e+18,,,ZTF24aabbiul
ztf,60317.44424769981,2563444240015015011,2,2563444240015,19.766867,1,2563,6.0619016,18.731281,18.7472,0.102894574,0.121,99.0218211,16.5226697,0.8542857,t17_f5_c3,18.632,0.1394,True,False,False,23.12.x,0.0,,0.9999761,563120200.0,ZTF24aabbiul
