tid,mjd,candid,fid,pid,diffmaglim,isdiffpos,nid,distnr,magpsf,magap,sigmapsf,sigmagap,ra,dec,rb,rbversion,magapbig,sigmagapbig,has_stamp,corrected,dubious,step_id_corr,phase,parent_candid,drb,rfid,oid
ztf,60319.13641199982,2565136411715015007,2,2565136411715,19.3673,1,2565,4.18457,17.3637,17.2808,0.062967,0.0476,91.2407694,18.4591247,0.937143,t17_f5_c3,17.2322,0.058,False,False,False,23.12.x,0.0,2.565137821715015e+18,,,ZTF24aabgkxn
ztf,60319.13687499985,2565136871715015011,2,2565136871715,19.4814,1,2565,4.4623,17.4024,17.4006,0.051005,0.0494,91.240667,18.4591739,0.95,t17_f5_c3,17.4373,0.0651,False,False,False,23.12.x,0.0,2.565137821715015e+18,,,ZTF24aabgkxn
ztf,60319.137349499855,2565137341715015006,2,2565137341715,19.4969,1,2565,4.64218,17.3418,17.3931,0.057897,0.0463,91.2405487,18.4591784,0.95,t17_f5_c3,17.364,0.0574,False,False,False,23.12.x,0.0,2.565137821715015e+18,,,ZTF24aabgkxn
ztf,60319.13782409998,2565137821715015009,2,2565137821715,19.48441,1,2565,4.9791517,17.358143,17.4056,0.054005396,0.0497,91.2404493,18.4592357,0.95857143,t17_f5_c3,17.4018,0.063,True,False,False,23.12.x,0.0,,0.9999988,562120217.0,ZTF24aabgkxn
ztf,60319.13828699989,2565138281715015005,2,2565138281715,19.147709,1,2565,5.29667,17.353876,17.3686,0.05690862,0.0621,91.2403288,18.4592709,0.94,t17_f5_c3,17.3776,0.0799,True,False,False,23.12.x,0.0,,0.99999994,562120217.0,ZTF24aabgkxn
ztf,60319.138761600014,2565138761715015006,2,2565138761715,18.85616,1,2565,5.5489798,17.370914,17.3456,0.076529585,0.0762,91.2402181,18.459283,0.89428574,t17_f5_c3,17.3235,0.0955,True,False,False,23.12.x,0.0,,0.9999998,562120217.0,ZTF24aabgkxn
ztf,60319.13923610002,2565139231715015005,2,2565139231715,18.77088,1,2565,5.712312,17.344086,17.4668,0.07241809,0.085,91.2401639,18.4593057,0.8242857,t17_f5_c3,17.4681,0.1088,True,False,False,23.12.x,0.0,,1.0,562120217.0,ZTF24aabgkxn
ztf,60319.13971060002,2565139711715015074,2,2565139711715,18.713211,1,2565,5.374039,17.32087,17.3546,0.075416505,0.0828,91.2399617,18.4593453,0.79,t17_f5_c3,17.3502,0.1055,True,False,False,23.12.x,0.0,,0.9999429,562120217.0,ZTF24aabgkxn
ztf,60319.140173600055,2565140171715015010,2,2565140171715,19.295893,1,2565,5.3055153,17.320059,17.3395,0.04993458,0.0499,91.2398667,18.4593896,0.92714286,t17_f5_c3,17.3456,0.0639,True,False,False,23.12.x,0.0,,0.9999981,562120217.0,ZTF24aabgkxn
