tid,mjd,candid,fid,pid,diffmaglim,isdiffpos,nid,distnr,magpsf,magap,sigmapsf,sigmagap,ra,dec,rb,rbversion,magapbig,sigmagapbig,has_stamp,corrected,dubious,step_id_corr,phase,parent_candid,drb,rfid,oid
ztf,60318.525011599995,2564525011315015020,2,2564525011315,20.248,1,2564,11.7656,19.8787,20.0725,0.178596,0.322,119.9231171,66.4535443,0.668571,t17_f5_c3,19.8535,0.3375,False,False,True,23.12.x,0.0,2.564526891315015e+18,,,ZTF24aabewcw
ztf,60318.5254861,2564525481315015006,2,2564525481315,20.218,1,2564,11.6938,19.9027,19.9798,0.177667,0.3009,119.923035,66.4534976,0.662857,t17_f5_c3,19.7663,0.3168,False,False,True,23.12.x,0.0,2.564527361315015e+18,,,ZTF24aabewcw
ztf,60318.52594910003,2564525941315015015,2,2564525941315,20.2355,1,2564,12.1165,20.0771,19.8747,0.223238,0.2729,119.9225946,66.4535271,0.555714,t17_f5_c3,19.7261,0.3053,False,False,True,23.12.x,0.0,2.564527361315015e+18,,,ZTF24aabewcw
ztf,60318.52642360004,2564526421315015006,2,2564526421315,20.2253,1,2564,11.9005,19.8055,19.7937,0.203049,0.2524,119.9225136,66.4534319,0.692857,t17_f5_c3,19.6054,0.2721,False,False,True,23.12.x,0.0,2.564527361315015e+18,,,ZTF24aabewcw
ztf,60318.52689810004,2564526891315015007,2,2564526891315,20.247,1,2564,11.9187,19.751,19.5903,0.172367,0.2085,119.9223402,66.4533859,0.694286,t17_f5_c3,19.2157,0.1895,False,False,True,23.12.x,0.0,2.564527361315015e+18,,,ZTF24aabewcw
ztf,60318.527361100074,2564527361315015009,2,2564527361315,20.217241,1,2564,12.2167425,19.797073,20.4171,0.18237066,0.4534,119.9220723,66.453413,0.7,t17_f5_c3,20.1152,0.4406,True,False,True,23.12.x,0.0,,0.99893844,840120213.0,ZTF24aabewcw
ztf,60318.5283102002,2564528311315015016,2,2564528311315,20.23469,1,2564,12.399923,19.848583,19.9621,0.1834152,0.2941,119.9216384,66.4533444,0.81,t17_f5_c3,20.3558,0.5409,True,False,True,23.12.x,0.0,,0.9999398,840120213.0,ZTF24aabewcw
ztf,60318.528784700204,2564528781315015010,2,2564528781315,20.226162,1,2564,12.682893,19.797108,20.0717,0.17253438,0.3283,119.9213397,66.4533355,0.58428574,t17_f5_c3,19.7289,0.3073,True,False,True,23.12.x,0.0,,0.96164024,840120213.0,ZTF24aabewcw
