tid,mjd,candid,fid,pid,diffmaglim,isdiffpos,nid,distnr,magpsf,magap,sigmapsf,sigmagap,ra,dec,rb,rbversion,magapbig,sigmagapbig,has_stamp,corrected,dubious,step_id_corr,phase,parent_candid,drb,rfid,oid
ztf,60319.356921299826,2565356920615015003,2,2565356920615,20.2155,1,2565,7.59714,19.8792,19.6501,0.164477,0.2113,88.8774644,15.8663964,0.628571,t17_f5_c3,19.8112,0.314,False,False,False,23.12.x,0.0,2.565358330615015e+18,,,ZTF24aabkveb
ztf,60319.35738429986,2565357380615015004,2,2565357380615,20.3213,1,2565,7.05565,19.7696,19.632,0.165253,0.1946,88.8773366,15.8664854,0.701429,t17_f5_c3,19.5804,0.2378,False,False,False,23.12.x,0.0,2.565358790615015e+18,,,ZTF24aabkveb
ztf,60319.35785879986,2565357850615015003,2,2565357850615,20.2605,1,2565,6.81642,19.5467,19.384,0.123667,0.1615,88.877251,15.8665006,0.807143,t17_f5_c3,19.426,0.2151,False,False,False,23.12.x,0.0,2.565358790615015e+18,,,ZTF24aabkveb
ztf,60319.35833329987,2565358330615015004,2,2565358330615,20.350712,1,2565,6.415195,19.680506,19.4785,0.1387241,0.1658,88.8771583,15.8665713,0.7614286,t17_f5_c3,19.4993,0.2165,True,False,False,23.12.x,0.0,,0.99999887,562120206.0,ZTF24aabkveb
ztf,60319.3587962999,2565358790615015002,2,2565358790615,20.251766,1,2565,6.0646663,19.694975,20.0175,0.14313158,0.289,88.8769924,15.8665607,0.82857144,t17_f5_c3,19.9612,0.3519,True,False,False,23.12.x,0.0,,0.99999744,562120206.0,ZTF24aabkveb
ztf,60319.359270799905,2565359270615015003,2,2565359270615,20.285467,1,2565,5.987251,19.675446,19.7189,0.13785104,0.2192,88.8769281,15.8665396,0.82714283,t17_f5_c3,19.4978,0.2294,True,False,False,23.12.x,0.0,,0.9999536,562120206.0,ZTF24aabkveb
ztf,60319.35974540003,2565359740615015007,2,2565359740615,20.380627,1,2565,5.590041,19.64914,19.7212,0.14823973,0.203,88.8768092,15.8665939,0.8,t17_f5_c3,19.5471,0.2217,True,False,False,23.12.x,0.0,,0.99999535,562120206.0,ZTF24aabkveb
ztf,60319.36021990003,2565360210615015003,2,2565360210615,20.226793,1,2565,5.1229687,19.67472,19.5053,0.14721678,0.183,88.8766773,15.8666676,0.73571426,t17_f5_c3,19.7099,0.2831,True,False,False,23.12.x,0.0,,0.9999996,562120206.0,ZTF24aabkveb
