tid,mjd,candid,fid,pid,diffmaglim,isdiffpos,nid,distnr,magpsf,magap,sigmapsf,sigmagap,ra,dec,rb,rbversion,drb,magapbig,sigmagapbig,rfid,has_stamp,corrected,dubious,step_id_corr,phase,parent_candid,oid
ztf,60317.19314809982,2563193140615015016,2,2563193140615,20.06121,1,2563,6.782249,17.693003,17.7301,0.053550933,0.0409,96.0398396,15.3026318,0.97571427,t17_f5_c3,0.9999996,17.6898,0.0499,563120206.0,True,False,False,23.12.x,0.0,,ZTF24aaauvpy
ztf,60317.19361109985,2563193610615015010,2,2563193610615,20.0415,1,2563,6.91751,17.6669,17.7002,0.055613,0.0407,96.0397321,15.3026511,0.978571,t17_f5_c3,,17.6861,0.0508,,False,False,False,23.12.x,0.0,2.563194540615015e+18,ZTF24aaauvpy
ztf,60317.194085599855,2563194080615015013,2,2563194080615,20.0439,1,2563,6.99705,17.6982,17.7372,0.055906,0.0411,96.0396249,15.3026523,0.974286,t17_f5_c3,,17.7052,0.0506,,False,False,False,23.12.x,0.0,2.563194540615015e+18,ZTF24aaauvpy
ztf,60317.19454859989,2563194540615015012,2,2563194540615,20.074562,1,2563,7.1526785,17.659512,17.6285,0.053370256,0.037,96.0395286,15.3026708,0.9771429,t17_f5_c3,1.0,17.5997,0.0455,563120206.0,True,False,False,23.12.x,0.0,,ZTF24aaauvpy
