tid,mjd,candid,fid,pid,diffmaglim,isdiffpos,nid,distnr,magpsf,magap,sigmapsf,sigmagap,ra,dec,rb,rbversion,magapbig,sigmagapbig,has_stamp,corrected,dubious,step_id_corr,phase,parent_candid,drb,rfid,oid
ztf,60319.163263900205,2565163265415015008,2,2565163265415,19.9295,1,2565,5.33699,18.938,18.7843,0.107283,0.1164,89.3436855,21.4669454,0.792857,t17_f5_c3,18.8181,0.1536,False,False,True,23.12.x,0.0,2.565164675415015e+18,,,ZTF24aabhbdz
ztf,60319.16373840021,2565163735415015012,2,2565163735415,20.0386,1,2565,5.7878,18.9544,18.9497,0.121699,0.1296,89.3435519,21.4669698,0.891429,t17_f5_c3,18.9055,0.1593,False,False,True,23.12.x,0.0,2.565164675415015e+18,,,ZTF24aabhbdz
ztf,60319.16420139978,2565164205415015013,2,2565164205415,20.035,1,2565,6.07806,18.9985,19.0582,0.105181,0.1369,89.3434647,21.4669896,0.891429,t17_f5_c3,19.1614,0.1926,False,False,True,23.12.x,0.0,2.565164675415015e+18,,,ZTF24aabhbdz
ztf,60319.16467589978,2565164675415015014,2,2565164675415,19.879234,1,2565,6.5633445,18.876505,18.7931,0.11753396,0.1258,89.3433157,21.4669481,0.8957143,t17_f5_c3,18.6649,0.1431,True,False,True,23.12.x,0.0,,0.99991685,562120254.0,ZTF24aabhbdz
ztf,60319.1651504999,2565165155415015011,2,2565165155415,19.5575,1,2565,6.99913,18.9731,19.0253,0.14557,0.2013,89.3431796,21.4669291,0.877143,t17_f5_c3,18.8825,0.2264,False,False,True,23.12.x,0.0,2.565166085415015e+18,,,ZTF24aabhbdz
ztf,60319.16561339982,2565165615415015011,2,2565165615415,19.7117,1,2565,7.48088,18.9631,18.8977,0.112895,0.1547,89.3430412,21.4669458,0.804286,t17_f5_c3,19.0311,0.224,False,False,True,23.12.x,0.0,2.565166085415015e+18,,,ZTF24aabhbdz
ztf,60319.16608799994,2565166085415015012,2,2565166085415,20.040215,1,2565,7.622079,18.994225,19.1359,0.11570868,0.145,89.3429953,21.4669244,0.89428574,t17_f5_c3,19.2613,0.2084,True,False,True,23.12.x,0.0,,0.99961984,562120254.0,ZTF24aabhbdz
