tid,mjd,candid,fid,pid,diffmaglim,isdiffpos,nid,distnr,magpsf,magap,sigmapsf,sigmagap,ra,dec,rb,rbversion,magapbig,sigmagapbig,has_stamp,corrected,dubious,step_id_corr,phase,parent_candid,drb,rfid,oid
ztf,60317.215752299875,2563215755615015025,2,2563215755615,20.3959,1,2563,10.3969,18.7769,18.7187,0.07173,0.0767,95.2992942,22.1678412,0.811429,t17_f5_c3,18.7851,0.1057,False,False,True,23.12.x,0.0,2.563217165615015e+18,,,ZTF24aaavptm
ztf,60317.2162269,2563216225615015028,2,2563216225615,20.2655,1,2563,10.7001,18.7273,18.7859,0.069613,0.0884,95.2992079,22.1678767,0.831429,t17_f5_c3,18.8281,0.1183,False,False,True,23.12.x,0.0,2.563217165615015e+18,,,ZTF24aaavptm
ztf,60317.2167014,2563216705615015030,2,2563216705615,20.1612,1,2563,11.1616,18.7354,18.7303,0.088152,0.0902,95.2990575,22.1678176,0.772857,t17_f5_c3,18.7234,0.115,False,False,True,23.12.x,0.0,2.563217165615015e+18,,,ZTF24aaavptm
ztf,60317.217164400034,2563217165615015034,2,2563217165615,20.23584,1,2563,11.5482235,18.743252,18.9646,0.073157735,0.1057,95.2989489,22.1678873,0.78,t17_f5_c3,18.9441,0.1329,True,False,True,23.12.x,0.0,,0.9999939,563120256.0,ZTF24aaavptm
ztf,60317.21763890004,2563217635615015026,2,2563217635615,20.311575,1,2563,11.568123,18.799704,18.784,0.0805269,0.0856,95.2988455,22.1678945,0.94,t17_f5_c3,18.962,0.1287,True,False,True,23.12.x,0.0,,0.99999994,563120256.0,ZTF24aaavptm
ztf,60317.21811340004,2563218115615015024,2,2563218115615,20.271235,1,2563,11.237616,18.842232,19.0748,0.0785375,0.1141,95.2987158,22.1678714,0.9128571,t17_f5_c3,19.0269,0.1397,True,False,True,23.12.x,0.0,,0.99999654,563120256.0,ZTF24aaavptm
ztf,60317.21858800016,2563218585615015030,2,2563218585615,20.250551,1,2563,11.131681,18.740505,18.7851,0.08601699,0.0886,95.2986184,22.1678994,0.86,t17_f5_c3,18.796,0.1142,True,False,True,23.12.x,0.0,,0.9999994,563120256.0,ZTF24aaavptm
ztf,60317.21905090008,2563219055615015025,2,2563219055615,20.249374,1,2563,10.803172,18.742004,18.7399,0.089258984,0.0854,95.2984968,22.1678702,0.89857143,t17_f5_c3,18.75,0.1099,True,False,True,23.12.x,0.0,,0.9999999,563120256.0,ZTF24aaavptm
