tid,mjd,candid,fid,pid,diffmaglim,isdiffpos,nid,distnr,magpsf,magap,sigmapsf,sigmagap,ra,dec,rb,rbversion,magapbig,sigmagapbig,has_stamp,corrected,dubious,step_id_corr,phase,parent_candid,drb,rfid,oid
ztf,60319.239120400045,2565239120715015007,2,2565239120715,20.2376,1,2565,7.11795,19.7063,19.5679,0.154948,0.182,89.7673675,15.8534186,0.67,t17_f5_c3,19.7963,0.2873,False,False,True,23.12.x,0.0,2.565241000715015e+18,,,ZTF24aabikwr
ztf,60319.24053240009,2565240530715015009,2,2565240530715,20.2381,1,2565,8.07765,19.7638,19.9469,0.153013,0.2574,89.7670981,15.8535376,0.752857,t17_f5_c3,20.2031,0.4176,False,False,True,23.12.x,0.0,2.565241000715015e+18,,,ZTF24aabikwr
ztf,60319.24100690009,2565241000715015008,2,2565241000715,20.13147,1,2565,8.572434,19.54543,19.739,0.1518939,0.2244,89.7669518,15.853533,0.79142857,t17_f5_c3,20.0779,0.3925,True,False,True,23.12.x,0.0,,1.0,562120207.0,ZTF24aabikwr
ztf,60319.24148150021,2565241480715015009,2,2565241480715,20.167307,1,2565,8.910444,19.664934,19.8048,0.16085382,0.2348,89.766853,15.8535368,0.7457143,t17_f5_c3,19.9769,0.3524,True,False,True,23.12.x,0.0,,1.0,562120207.0,ZTF24aabikwr
ztf,60319.242418999784,2565242410715015008,2,2565242410715,20.083878,1,2565,9.40878,19.605837,19.7039,0.16636784,0.2218,89.7667107,15.8535683,0.7214286,t17_f5_c3,19.3871,0.2125,True,False,True,23.12.x,0.0,,1.0,562120207.0,ZTF24aabikwr
ztf,60319.24289349979,2565242890715015006,2,2565242890715,20.0518,1,2565,9.70643,19.5444,19.7173,0.156198,0.2267,89.7666165,15.8535071,0.727143,t17_f5_c3,19.656,0.2747,False,False,True,23.12.x,0.0,2.565244290715015e+18,,,ZTF24aabikwr
ztf,60319.24335649982,2565243350715015008,2,2565243350715,20.09892,1,2565,10.295195,19.482336,19.7467,0.15547521,0.228,89.7664492,15.8535662,0.74142855,t17_f5_c3,19.5838,0.2516,True,False,True,23.12.x,0.0,,1.0,562120207.0,ZTF24aabikwr
ztf,60319.243830999825,2565243830715015004,2,2565243830715,20.26204,1,2565,10.475662,19.62879,19.9491,0.17659292,0.256,89.7663985,15.8535925,0.7271429,t17_f5_c3,20.0914,0.3741,True,False,True,23.12.x,0.0,,1.0,562120207.0,ZTF24aabikwr
ztf,60319.24429399986,2565244290715015010,2,2565244290715,20.212118,1,2565,10.795509,19.627386,19.623,0.14708911,0.1978,89.7663034,15.8535691,0.75714284,t17_f5_c3,19.8991,0.3264,True,False,True,23.12.x,0.0,,1.0,562120207.0,ZTF24aabikwr
