tid,mjd,candid,fid,pid,diffmaglim,isdiffpos,nid,distnr,magpsf,magap,sigmapsf,sigmagap,ra,dec,rb,rbversion,magapbig,sigmagapbig,has_stamp,corrected,dubious,step_id_corr,phase,parent_candid,drb,rfid,oid
ztf,60319.12604170013,2565126045115015018,2,2565126045115,18.9315,1,2565,8.2166,17.9287,17.8393,0.107897,0.1109,92.1377728,20.950299,0.8,t17_f5_c3,17.8809,0.1474,False,False,True,23.12.x,0.0,2.565127915115015e+18,,,ZTF24aabgdfb
ztf,60319.12651620014,2565126515115015011,2,2565126515115,19.04033,1,2565,8.470465,17.942223,17.9112,0.09111549,0.1033,92.1376959,20.9503197,0.7342857,t17_f5_c3,17.7803,0.1173,True,False,True,23.12.x,0.0,,0.99965394,562120251.0,ZTF24aabgdfb
ztf,60319.12697920017,2565126975115015018,2,2565126975115,19.144714,1,2565,8.781928,17.952545,18.1633,0.088372745,0.1156,92.1376091,20.9503512,0.74142855,t17_f5_c3,18.3226,0.1712,True,False,True,23.12.x,0.0,,0.99159634,562120251.0,ZTF24aabgdfb
ztf,60319.127453700174,2565127455115015013,2,2565127455115,18.741962,1,2565,9.1487465,17.838402,18.2091,0.10190783,0.1764,92.1374903,20.9503143,0.74714285,t17_f5_c3,18.5033,0.2963,True,False,True,23.12.x,0.0,,0.99585354,562120251.0,ZTF24aabgdfb
ztf,60319.12791670021,2565127915115015019,2,2565127915115,18.795382,1,2565,9.5002985,18.094679,18.3446,0.13616775,0.2024,92.1373872,20.9503491,0.68857145,t17_f5_c3,18.3101,0.2514,True,False,True,23.12.x,0.0,,0.99729824,562120251.0,ZTF24aabgdfb
ztf,60319.12980319979,2565129805115015010,2,2565129805115,19.17773,1,2565,10.643785,17.937044,17.9469,0.10571352,0.0815,92.137023,20.9502815,0.7157143,t17_f5_c3,17.9944,0.1087,True,False,True,23.12.x,0.0,,0.9883889,562120251.0,ZTF24aabgdfb
