tid,mjd,candid,fid,pid,diffmaglim,isdiffpos,nid,distnr,magpsf,magap,sigmapsf,sigmagap,ra,dec,rb,rbversion,magapbig,sigmagapbig,has_stamp,corrected,dubious,step_id_corr,phase,parent_candid,drb,rfid,oid
ztf,60319.17127310019,2565171273315015031,2,2565171273315,19.9989,1,2565,12.0628,19.2034,18.9688,0.122459,0.1269,91.2097204,19.9459175,0.544286,t17_f5_c3,18.8006,0.1392,False,False,True,23.12.x,0.0,2.565172683315015e+18,,,ZTF24aabheyf
ztf,60319.171747699846,2565171743315015028,2,2565171743315,20.0019,1,2565,12.1456,19.1758,19.0611,0.120431,0.1321,91.2096363,19.9459135,0.741429,t17_f5_c3,19.1025,0.1757,False,False,True,23.12.x,0.0,2.565173153315015e+18,,,ZTF24aabheyf
ztf,60319.17222219985,2565172223315015029,2,2565172223315,20.053284,1,2565,12.27961,19.326784,19.0516,0.1472843,0.1297,91.2094126,19.9459378,0.48142856,t17_f5_c3,18.9186,0.147,True,False,True,23.12.x,0.0,,0.999999,562120233.0,ZTF24aabheyf
ztf,60319.17268519988,2565172683315015024,2,2565172683315,19.948427,1,2565,12.307983,19.359938,19.1913,0.14673334,0.1538,91.2092993,19.9459668,0.5314286,t17_f5_c3,19.0181,0.1681,True,False,True,23.12.x,0.0,,0.999998,562120233.0,ZTF24aabheyf
ztf,60319.17315969989,2565173153315015025,2,2565173153315,19.902649,1,2565,12.110694,19.32437,19.4015,0.15061255,0.1891,91.2092479,19.9460429,0.7385714,t17_f5_c3,19.2366,0.2084,True,False,True,23.12.x,0.0,,0.9999995,562120233.0,ZTF24aabheyf
ztf,60319.17363430001,2565173633315015029,2,2565173633315,20.036198,1,2565,12.387234,19.272026,19.0725,0.14187501,0.1374,91.2091503,19.9459946,0.69285715,t17_f5_c3,19.0064,0.1656,True,False,True,23.12.x,0.0,,0.9999992,562120233.0,ZTF24aabheyf
ztf,60319.174097199924,2565174093315015042,2,2565174093315,20.15648,1,2565,12.620298,19.221506,19.2314,0.108492605,0.1498,91.2090024,19.9459839,0.85,t17_f5_c3,19.0298,0.1594,True,False,True,23.12.x,0.0,,0.9999995,562120233.0,ZTF24aabheyf
