tid,mjd,candid,fid,pid,diffmaglim,isdiffpos,nid,distnr,magpsf,magap,sigmapsf,sigmagap,ra,dec,rb,rbversion,magapbig,sigmagapbig,has_stamp,corrected,dubious,step_id_corr,phase,parent_candid,drb,rfid,oid
ztf,60317.25439810008,2563254395415015008,2,2563254395415,20.0863,1,2563,8.53538,19.8357,19.8308,0.208557,0.2673,96.0137545,21.5644859,0.692857,t17_f5_c3,19.7885,0.3308,False,False,True,23.12.x,0.0,2.563255815415015e+18,,,ZTF24aaawshz
ztf,60317.2548727002,2563254875415015011,2,2563254875415,20.2833,1,2563,8.5351,19.7049,19.4181,0.178965,0.1545,96.0136443,21.5645464,0.547143,t17_f5_c3,19.4555,0.2065,False,False,True,23.12.x,0.0,2.563255815415015e+18,,,ZTF24aaawshz
ztf,60317.255335600115,2563255335415015013,2,2563255335415,20.2679,1,2563,8.29976,19.7507,19.9555,0.14544,0.2533,96.0134546,21.5645669,0.687143,t17_f5_c3,20.0156,0.3486,False,False,True,23.12.x,0.0,2.563256745415015e+18,,,ZTF24aaawshz
ztf,60317.25581019977,2563255815415015014,2,2563255815415,20.3247,1,2563,7.9439,19.6863,19.7295,0.130242,0.1962,96.0133329,21.5645066,0.715714,t17_f5_c3,19.867,0.2908,False,False,True,23.12.x,0.0,2.563256745415015e+18,,,ZTF24aaawshz
ztf,60317.25674769981,2563256745415015016,2,2563256745415,20.25945,1,2563,7.771635,19.826715,20.1686,0.15646999,0.3115,96.0130586,21.5645476,0.6085714,t17_f5_c3,20.1357,0.4024,True,False,True,23.12.x,0.0,,0.9991088,563120254.0,ZTF24aaawshz
ztf,60317.25722219981,2563257225415015016,2,2563257225415,20.433393,1,2563,7.5973396,19.730131,19.6412,0.13543497,0.1701,96.0130174,21.5645089,0.6471428,t17_f5_c3,19.4967,0.1998,True,False,True,23.12.x,0.0,,0.9999305,563120254.0,ZTF24aaawshz
ztf,60317.257685199846,2563257685415015015,2,2563257685415,20.34238,1,2563,7.45201,19.834904,19.7226,0.14897147,0.2037,96.0127864,21.5645167,0.56142855,t17_f5_c3,19.4322,0.2104,True,False,True,23.12.x,0.0,,0.99136263,563120254.0,ZTF24aaawshz
ztf,60317.25815969985,2563258155415015015,2,2563258155415,20.405968,1,2563,7.2942567,19.813036,19.9003,0.15743038,0.2273,96.0126391,21.5644924,0.6414286,t17_f5_c3,19.5117,0.2157,True,False,True,23.12.x,0.0,,0.99721074,563120254.0,ZTF24aaawshz
