tid,mjd,candid,fid,pid,diffmaglim,isdiffpos,nid,distnr,magpsf,magap,sigmapsf,sigmagap,ra,dec,rb,rbversion,magapbig,sigmagapbig,has_stamp,corrected,dubious,step_id_corr,phase,parent_candid,drb,rfid,oid
ztf,60318.14535879996,2564145352415015007,2,2564145352415,19.7755,1,2564,8.91321,18.1312,18.1653,0.076573,0.0601,67.9911688,-10.4552271,0.857143,t17_f5_c3,18.1212,0.0735,False,False,True,23.12.x,0.0,2.564147242415015e+18,,,ZTF24aabdxek
ztf,60318.14583329996,2564145832415015007,2,2564145832415,19.82,1,2564,9.28069,18.1018,18.1167,0.07091,0.0574,67.9910951,-10.4551401,0.885714,t17_f5_c3,18.1897,0.0781,False,False,True,23.12.x,0.0,2.564147702415015e+18,,,ZTF24aabdxek
ztf,60318.146296299994,2564146292415015012,2,2564146292415,19.7223,1,2564,9.35461,18.1671,18.1887,0.080746,0.0612,67.9911175,-10.4550485,0.792857,t17_f5_c3,18.1756,0.0769,False,False,True,23.12.x,0.0,2.564147702415015e+18,,,ZTF24aabdxek
ztf,60318.1467708,2564146772415015009,2,2564146772415,19.8641,1,2564,9.57187,18.168,18.2254,0.07568,0.0628,67.9910787,-10.4549925,0.888571,t17_f5_c3,18.2491,0.0816,False,False,True,23.12.x,0.0,2.564148182415015e+18,,,ZTF24aabdxek
ztf,60318.14724540012,2564147242415015013,2,2564147242415,19.8416,1,2564,9.9083,18.1243,18.1034,0.061884,0.0561,67.9910327,-10.4548823,0.87,t17_f5_c3,18.0293,0.0666,False,False,True,23.12.x,0.0,2.564148182415015e+18,,,ZTF24aabdxek
ztf,60318.147708300035,2564147702415015007,2,2564147702415,19.763,1,2564,10.2065,18.1173,18.1929,0.072503,0.0618,67.9910156,-10.4547495,0.84,t17_f5_c3,18.1219,0.0738,False,False,True,23.12.x,0.0,2.564148182415015e+18,,,ZTF24aabdxek
ztf,60318.14818290016,2564148182415015013,2,2564148182415,19.809973,1,2564,10.464381,18.213861,18.2279,0.063751064,0.0623,67.9909995,-10.4546421,0.85714287,t17_f5_c3,18.2695,0.0823,True,False,True,23.12.x,0.0,,0.99998176,354120224.0,ZTF24aabdxek
ztf,60318.14864580007,2564148642415015013,2,2564148642415,19.757242,1,2564,10.756341,18.210255,18.1829,0.065284625,0.0607,67.9909341,-10.4545897,0.7985714,t17_f5_c3,18.1837,0.0773,True,False,True,23.12.x,0.0,,0.9999794,354120224.0,ZTF24aabdxek
