tid,mjd,candid,fid,pid,diffmaglim,isdiffpos,nid,distnr,magpsf,magpsf_corr,magap,sigmapsf,sigmapsf_corr,sigmapsf_corr_ext,sigmagap,ra,dec,rb,rbversion,magapbig,sigmagapbig,has_stamp,corrected,dubious,step_id_corr,phase,parent_candid,drb,rfid,oid
ztf,60244.5396412001,2490539640415015006,2,2490539640415,18.7954,1,2490,1.00591,18.4572,16.244442,18.6025,0.140117,0.0077583943,0.018255249,0.2827,179.6065096,2.3387775,0.857143,t17_f5_c3,18.7115,0.4001,False,True,False,1.2.1,0.0,2.492537120415015e+18,,,ZTF23abntfor
ztf,60245.537743099965,2491537740415015006,2,2491537740415,18.3969,1,2491,0.919233,18.103,16.191204,18.4018,0.199085,0.030391926,0.034223143,0.2615,179.606568,2.3389762,0.67,t17_f5_c3,18.5786,0.3942,False,True,False,1.2.1,0.0,2.492537120415015e+18,,,ZTF23abntfor
ztf,60245.54019680014,2491540190415015007,2,2491540190415,18.3025,1,2491,1.00122,18.2129,16.209322,18.5662,0.180348,0.023572816,0.028489178,0.3193,179.606529,2.3387226,0.632857,t17_f5_c3,18.6456,0.4404,False,True,False,1.2.1,0.0,2.492537120415015e+18,,,ZTF23abntfor
ztf,60245.542638900224,2491542630415015009,2,2491542630415,18.2866,1,2491,1.16949,18.1891,16.205526,18.1646,0.160451,0.020306833,0.025817439,0.2456,179.6064825,2.3389642,0.591429,t17_f5_c3,18.5124,0.4337,False,True,False,1.2.1,0.0,2.492537120415015e+18,,,ZTF23abntfor
ztf,60246.53473380022,2492534730415015004,2,2492534730415,18.4048,1,2492,0.63908,17.9274,16.158924,18.2594,0.154474,0.026170993,0.030301558,0.2225,179.6066089,2.3388661,0.742857,t17_f5_c3,18.5099,0.3587,False,True,False,1.2.1,0.0,2.492537120415015e+18,,,ZTF23abntfor
ztf,60246.53712960007,2492537120415015006,2,2492537120415,18.323765,1,2492,2.010899,18.397997,,18.646,0.17280614,,,0.3211,179.6062221,2.338888,0.39285713,t17_f5_c3,18.6771,0.4234,True,False,True,1.2.1,0.0,,0.90130645,472120204.0,ZTF23abntfor
ztf,61096.462881899904,3342462880415015006,2,3342462880415,19.9473,1,3342,0.626144,18.4309,16.240978,18.5782,0.079716,100.0,0.010606614,0.1046,179.6066154,2.3387954,0.935714,t17_f5_c3,18.7712,0.156,False,True,True,27.5.7a32.dev1,0.0,3.354253060415015e+18,,,ZTF23abntfor
ztf,61108.253067099955,3354253060415015007,1,3354253060415,19.994717,1,3354,1.5160387,19.511929,,19.7223,0.18988179,,,0.2503,179.60635,2.3388107,0.7171429,t17_f5_c3,19.5443,0.2668,True,False,False,27.5.7a32.dev1,0.0,,0.99563795,472120104.0,ZTF23abntfor
