tid,mjd,candid,fid,pid,diffmaglim,isdiffpos,nid,distnr,magpsf,magap,sigmapsf,sigmagap,ra,dec,rb,rbversion,magapbig,sigmagapbig,has_stamp,corrected,dubious,step_id_corr,phase,parent_candid,drb,rfid,oid
ztf,60319.354560200125,2565354565915015034,2,2565354565915,20.1337,1,2565,5.78917,19.2116,19.3125,0.081262,0.1662,88.2659884,21.1341169,0.898571,t17_f5_c3,19.2533,0.2016,False,False,False,23.12.x,0.0,2.565356445915015e+18,,,ZTF24aabkqfa
ztf,60319.35503470013,2565355035915015045,2,2565355035915,20.06,1,2565,5.96698,19.197,19.1117,0.103364,0.141,88.2658638,21.1341544,0.855714,t17_f5_c3,19.3537,0.2253,False,False,False,23.12.x,0.0,2.565356925915015e+18,,,ZTF24aabkqfa
ztf,60319.355509299785,2565355505915015043,2,2565355505915,20.0351,1,2565,6.34529,19.3131,19.0097,0.125488,0.1254,88.2658044,21.1340309,0.584286,t17_f5_c3,19.004,0.1596,False,False,False,23.12.x,0.0,2.565356925915015e+18,,,ZTF24aabkqfa
ztf,60319.35597220017,2565355975915015033,2,2565355975915,20.0806,1,2565,6.18506,19.1492,19.2344,0.107192,0.1572,88.2656771,21.1341439,0.861429,t17_f5_c3,19.0854,0.1754,False,False,False,23.12.x,0.0,2.565357385915015e+18,,,ZTF24aabkqfa
ztf,60319.35644679982,2565356445915015022,2,2565356445915,20.102766,1,2565,6.0479517,19.19172,19.2664,0.11952943,0.1582,88.2656104,21.1341714,0.83428574,t17_f5_c3,19.3269,0.214,True,False,False,23.12.x,0.0,,0.9992488,562120259.0,ZTF24aabkqfa
ztf,60319.356921299826,2565356925915015029,2,2565356925915,20.142845,1,2565,5.57172,19.232283,19.48,0.10912008,0.191,88.2654641,21.1341272,0.8528572,t17_f5_c3,19.5613,0.2637,True,False,False,23.12.x,0.0,,0.9999999,562120259.0,ZTF24aabkqfa
ztf,60319.35738429986,2565357385915015029,2,2565357385915,20.199457,1,2565,5.4526415,19.257915,19.3136,0.10506129,0.1619,88.2653999,21.1341525,0.89,t17_f5_c3,19.2866,0.2022,True,False,False,23.12.x,0.0,,0.99997914,562120259.0,ZTF24aabkqfa
