tid,mjd,candid,fid,pid,diffmaglim,isdiffpos,nid,distnr,magpsf,magap,sigmapsf,sigmagap,ra,dec,rb,rbversion,magapbig,sigmagapbig,has_stamp,corrected,dubious,step_id_corr,phase,parent_candid,drb,rfid,oid
ztf,60317.26711810008,2563267112715015013,2,2563267112715,20.2689,1,2563,9.65834,19.3727,19.5709,0.100968,0.1776,95.4950867,17.7989291,0.778571,t17_f5_c3,19.3978,0.1945,False,False,True,23.12.x,0.0,2.563269942715015e+18,,,ZTF24aaaxcvb
ztf,60317.26759260008,2563267592715015014,2,2563267592715,20.1832,1,2563,9.82999,19.4779,19.5147,0.127395,0.1737,95.4949997,17.7989161,0.767143,t17_f5_c3,19.6274,0.2471,False,False,True,23.12.x,0.0,2.563269942715015e+18,,,ZTF24aaaxcvb
ztf,60317.268055600114,2563268052715015014,2,2563268052715,20.2688,1,2563,10.0997,19.429,19.4239,0.132411,0.1547,95.4949136,17.7989431,0.751429,t17_f5_c3,19.4411,0.2015,False,False,True,23.12.x,0.0,2.563269942715015e+18,,,ZTF24aaaxcvb
ztf,60317.26853010012,2563268532715015016,2,2563268532715,20.2522,1,2563,10.2347,19.5098,19.5531,0.119443,0.1771,95.4948689,17.7989529,0.734286,t17_f5_c3,19.2648,0.1744,False,False,True,23.12.x,0.0,2.563269462715015e+18,,,ZTF24aaaxcvb
ztf,60317.26900460012,2563269002715015014,2,2563269002715,20.217272,1,2563,10.199894,19.45222,19.561,0.11879856,0.1801,95.4947178,17.7989005,0.75285715,t17_f5_c3,19.5122,0.2208,True,False,True,23.12.x,0.0,,0.9999976,563120227.0,ZTF24aaaxcvb
ztf,60317.269467600156,2563269462715015014,2,2563269462715,20.192842,1,2563,10.143239,19.450174,19.3033,0.13623835,0.1427,95.4946977,17.7989613,0.73285717,t17_f5_c3,19.2293,0.1707,True,False,True,23.12.x,0.0,,0.99998,563120227.0,ZTF24aaaxcvb
ztf,60317.26994210016,2563269942715015017,2,2563269942715,20.238,1,2563,10.107918,19.465332,19.5022,0.1363911,0.1672,95.4946835,17.7989428,0.82285714,t17_f5_c3,19.5139,0.2163,True,False,True,23.12.x,0.0,,0.99997926,563120227.0,ZTF24aaaxcvb
ztf,60317.270416699816,2563270412715015020,2,2563270412715,20.210064,1,2563,9.879189,19.605906,19.6359,0.13793921,0.1939,95.4946202,17.7989909,0.7814286,t17_f5_c3,19.7182,0.268,True,False,True,23.12.x,0.0,,0.99999815,563120227.0,ZTF24aaaxcvb
ztf,60317.27089119982,2563270892715015012,2,2563270892715,20.20364,1,2563,9.544836,19.468575,19.2301,0.1323352,0.1333,95.4945198,17.799024,0.5557143,t17_f5_c3,19.1392,0.1569,True,False,True,23.12.x,0.0,,0.9999975,563120227.0,ZTF24aaaxcvb
