tid,mjd,candid,fid,pid,diffmaglim,isdiffpos,nid,distnr,magpsf,magap,sigmapsf,sigmagap,ra,dec,rb,rbversion,magapbig,sigmagapbig,has_stamp,corrected,dubious,step_id_corr,phase,parent_candid,drb,rfid,oid
ztf,60319.33005789993,2565330054315015011,2,2565330054315,20.1582,1,2565,7.94578,17.9605,17.892,0.044964,0.0484,87.9315085,19.3811175,0.932857,t17_f5_c3,17.9159,0.0628,False,False,True,23.12.x,0.0,2.565331944315015e+18,,,ZTF24aabkeke
ztf,60319.33053239994,2565330534315015013,2,2565330534315,20.0921,1,2565,8.1171,17.9917,17.9149,0.045363,0.0494,87.9314128,19.381145,0.905714,t17_f5_c3,17.9106,0.0627,False,False,True,23.12.x,0.0,2.565332404315015e+18,,,ZTF24aabkeke
ztf,60319.33099539997,2565330994315015015,2,2565330994315,20.1752,1,2565,8.3478,17.9699,17.9091,0.040884,0.0475,87.9313346,19.3811891,0.924286,t17_f5_c3,17.9452,0.0623,False,False,True,23.12.x,0.0,2.565332404315015e+18,,,ZTF24aabkeke
ztf,60319.331469899975,2565331464315015014,2,2565331464315,20.1695,1,2565,8.58534,17.9799,17.9284,0.046499,0.0478,87.9312403,19.3812309,0.91,t17_f5_c3,17.9146,0.0599,False,False,True,23.12.x,0.0,2.565332404315015e+18,,,ZTF24aabkeke
ztf,60319.33194439998,2565331944315015017,2,2565331944315,20.128551,1,2565,8.528965,17.986916,17.8949,0.045561947,0.0464,87.9311349,19.3812544,0.9257143,t17_f5_c3,17.8873,0.0586,True,False,True,23.12.x,0.0,,0.9999913,562120243.0,ZTF24aabkeke
ztf,60319.33240740001,2565332404315015016,2,2565332404315,20.176504,1,2565,8.273753,17.990501,17.9722,0.05281322,0.0491,87.9310713,19.3813216,0.93857145,t17_f5_c3,18.0311,0.0658,True,False,True,23.12.x,0.0,,0.99997574,562120243.0,ZTF24aabkeke
ztf,60319.332881900016,2565332884315015012,2,2565332884315,20.223232,1,2565,8.098483,18.000828,17.9967,0.05552062,0.0506,87.9309735,19.3813676,0.93857145,t17_f5_c3,18.0572,0.0679,True,False,True,23.12.x,0.0,,0.99998146,562120243.0,ZTF24aabkeke
ztf,60319.33335650014,2565333354315015016,2,2565333354315,20.088028,1,2565,7.9459515,18.04608,18.115,0.049543105,0.059,87.9308787,19.3814094,0.93142855,t17_f5_c3,18.1412,0.0769,True,False,True,23.12.x,0.0,,0.99999934,562120243.0,ZTF24aabkeke
ztf,60319.33381940005,2565333814315015012,2,2565333814315,20.196028,1,2565,7.874123,18.036655,17.9983,0.045579635,0.0504,87.9307938,19.3814322,0.9285714,t17_f5_c3,18.0334,0.0662,True,False,True,23.12.x,0.0,,0.9999901,562120243.0,ZTF24aabkeke
