tid,mjd,candid,fid,pid,diffmaglim,isdiffpos,nid,distnr,magpsf,magap,sigmapsf,sigmagap,ra,dec,rb,rbversion,magapbig,sigmagapbig,has_stamp,corrected,dubious,step_id_corr,phase,parent_candid,drb,rfid,oid
ztf,60319.27774310019,2565277743415015021,2,2565277743415,20.2485,1,2565,11.5736,18.7843,18.7982,0.081014,0.0905,90.8491377,19.1986103,0.954286,t17_f5_c3,18.6829,0.1039,False,False,True,23.12.x,0.0,2.565279153415015e+18,,,ZTF24aabjaml
ztf,60319.27821760019,2565278213415015022,2,2565278213415,20.2294,1,2565,11.4087,18.763,18.7479,0.082877,0.0866,90.8489911,19.1985763,0.947143,t17_f5_c3,18.7424,0.11,False,False,True,23.12.x,0.0,2.565279153415015e+18,,,ZTF24aabjaml
ztf,60319.278680600226,2565278683415015018,2,2565278683415,20.1655,1,2565,11.3021,18.7541,18.818,0.081053,0.0974,90.8489096,19.1985497,0.942857,t17_f5_c3,18.9445,0.1397,False,False,True,23.12.x,0.0,2.565280103415015e+18,,,ZTF24aabjaml
ztf,60319.27915510023,2565279153415015026,2,2565279153415,20.26251,1,2565,11.07962,18.806156,18.8486,0.08036713,0.0935,90.8487852,19.19849,0.95285714,t17_f5_c3,18.9713,0.1335,True,False,True,23.12.x,0.0,,0.99999774,562120234.0,ZTF24aabjaml
ztf,60319.27962959977,2565279623415015022,2,2565279623415,20.285357,1,2565,10.90221,18.749523,18.7918,0.086004876,0.0889,90.8486893,19.1984377,0.9614286,t17_f5_c3,18.8213,0.1165,True,False,True,23.12.x,0.0,,0.9999974,562120234.0,ZTF24aabjaml
ztf,60319.28010419989,2565280103415015018,2,2565280103415,20.310026,1,2565,10.838605,18.770624,18.7361,0.08539458,0.0832,90.8485208,19.1984124,0.95,t17_f5_c3,18.7082,0.1035,True,False,True,23.12.x,0.0,,0.99999976,562120234.0,ZTF24aabjaml
ztf,60319.280578699894,2565280573415015015,2,2565280573415,20.231544,1,2565,10.647829,18.737705,18.7328,0.09368287,0.0857,90.8484243,19.1983496,0.9357143,t17_f5_c3,18.7328,0.1093,True,False,True,23.12.x,0.0,,0.99999917,562120234.0,ZTF24aabjaml
ztf,60319.28104169993,2565281043415015022,2,2565281043415,20.348114,1,2565,10.6817,18.746529,18.8534,0.08263722,0.0921,90.8483007,19.1983445,0.97,t17_f5_c3,18.9701,0.1308,True,False,True,23.12.x,0.0,,0.99999857,562120234.0,ZTF24aabjaml
