tid,mjd,candid,fid,pid,diffmaglim,isdiffpos,nid,distnr,magpsf,magap,sigmapsf,sigmagap,ra,dec,rb,rbversion,magapbig,sigmagapbig,has_stamp,corrected,dubious,step_id_corr,phase,parent_candid,drb,rfid,oid
ztf,60318.48074069992,2564480741115015013,2,2564480741115,20.4312,1,2564,8.43678,17.7205,17.6899,0.05105,0.0326,126.6440892,65.7241551,0.972857,t17_f5_c3,17.7049,0.0413,False,False,True,23.12.x,0.0,2.564482621115015e+18,,,ZTF24aabejkr
ztf,60318.48121530004,2564481211115015010,2,2564481211115,20.4477,1,2564,8.42843,17.6792,17.7095,0.044698,0.0331,126.6439249,65.7242352,0.967143,t17_f5_c3,17.6726,0.0401,False,False,True,23.12.x,0.0,2.564483091115015e+18,,,ZTF24aabejkr
ztf,60318.481678199954,2564481671115015009,2,2564481671115,20.4628,1,2564,8.46311,17.7019,17.6908,0.058045,0.0326,126.6437701,65.7242957,0.967143,t17_f5_c3,17.7059,0.0413,False,False,True,23.12.x,0.0,2.564483561115015e+18,,,ZTF24aabejkr
ztf,60318.482152800076,2564482151115015006,2,2564482151115,20.433,1,2564,8.49296,17.7082,17.7487,0.048767,0.0345,126.6436032,65.7243721,0.971429,t17_f5_c3,17.777,0.0443,False,False,True,23.12.x,0.0,2.564483561115015e+18,,,ZTF24aabejkr
ztf,60318.48262730008,2564482621115015009,2,2564482621115,20.408918,1,2564,8.604962,17.687342,17.6638,0.047159992,0.0321,126.6434275,65.724421,0.9671429,t17_f5_c3,17.6741,0.0405,True,False,True,23.12.x,0.0,,0.99999285,840120211.0,ZTF24aabejkr
ztf,60318.48309030011,2564483091115015004,2,2564483091115,20.379642,1,2564,8.618789,17.70586,17.6806,0.043301087,0.0329,126.6432828,65.7245057,0.9728571,t17_f5_c3,17.6641,0.0405,True,False,True,23.12.x,0.0,,0.99999976,840120211.0,ZTF24aabejkr
ztf,60318.48356480012,2564483561115015011,2,2564483561115,20.432142,1,2564,8.729447,17.714676,17.7274,0.04302751,0.0334,126.6430946,65.7245757,0.9714286,t17_f5_c3,17.674,0.0399,True,False,True,23.12.x,0.0,,0.9999987,840120211.0,ZTF24aabejkr
ztf,60318.48402780015,2564484021115015017,2,2564484021115,20.473284,1,2564,8.852717,17.6883,17.7047,0.056219652,0.0325,126.6429129,65.7246417,0.9671429,t17_f5_c3,17.7066,0.0407,True,False,True,23.12.x,0.0,,0.9999995,840120211.0,ZTF24aabejkr
ztf,60318.484502300154,2564484501115015011,2,2564484501115,20.462618,1,2564,8.972973,17.674843,17.6834,0.046539783,0.0322,126.6427295,65.7247188,0.97,t17_f5_c3,17.6521,0.0392,True,False,True,23.12.x,0.0,,0.99999666,840120211.0,ZTF24aabejkr
