tid,mjd,candid,fid,pid,diffmaglim,isdiffpos,nid,distnr,magpsf,magap,sigmapsf,sigmagap,ra,dec,rb,rbversion,magapbig,sigmagapbig,has_stamp,corrected,dubious,step_id_corr,phase,parent_candid,drb,rfid,oid
ztf,60317.294432899915,2563294430715015015,2,2563294430715,20.1747,1,2563,8.37503,18.5263,18.5787,0.069859,0.0778,96.6827939,15.3381563,0.962857,t17_f5_c3,18.5954,0.1006,False,False,True,23.12.x,0.0,2.563295840715015e+18,,,ZTF24aaaxxyv
ztf,60317.29490739992,2563294900715015019,2,2563294900715,20.3254,1,2563,8.77074,18.5415,18.5032,0.065353,0.0669,96.6826783,15.3381741,0.968571,t17_f5_c3,18.533,0.0871,False,False,True,23.12.x,0.0,2.563296310715015e+18,,,ZTF24aaaxxyv
ztf,60317.29537039995,2563295370715015022,2,2563295370715,20.2264,1,2563,9.14935,18.5595,18.7613,0.067175,0.0894,96.6825649,15.3381787,0.958571,t17_f5_c3,18.7781,0.1158,False,False,True,23.12.x,0.0,2.563296790715015e+18,,,ZTF24aaaxxyv
ztf,60317.295844899956,2563295840715015026,2,2563295840715,20.236223,1,2563,9.519926,18.535303,18.6403,0.07048417,0.0796,96.6824585,15.3382124,0.96428573,t17_f5_c3,18.654,0.1026,True,False,True,23.12.x,0.0,,0.9999981,563120207.0,ZTF24aaaxxyv
ztf,60317.29631939996,2563296310715015016,2,2563296310715,20.200523,1,2563,9.866301,18.548052,18.5234,0.07664905,0.0738,96.6823592,15.338217,0.95428574,t17_f5_c3,18.4451,0.0875,True,False,True,23.12.x,0.0,,0.999999,563120207.0,ZTF24aaaxxyv
ztf,60317.29679400008,2563296790715015014,2,2563296790715,20.290073,1,2563,10.287219,18.594818,18.626,0.07217486,0.0763,96.6822333,15.3382118,0.9671429,t17_f5_c3,18.6484,0.099,True,False,True,23.12.x,0.0,,0.99999887,563120207.0,ZTF24aaaxxyv
