tid,mjd,candid,fid,pid,diffmaglim,isdiffpos,nid,distnr,magpsf,magap,sigmapsf,sigmagap,ra,dec,rb,rbversion,magapbig,sigmagapbig,has_stamp,corrected,dubious,step_id_corr,phase,parent_candid,drb,rfid,oid
ztf,60319.23347220011,2565233473415015017,2,2565233473415,20.1306,1,2565,10.7117,19.1253,18.8975,0.112004,0.1023,90.4492862,19.3975413,0.751429,t17_f5_c3,18.8553,0.1257,False,False,True,23.12.x,0.0,2.565234883415015e+18,,,ZTF24aabignu
ztf,60319.23393520014,2565233933415015020,2,2565233933415,20.0841,1,2565,11.0533,19.1409,19.3496,0.148882,0.1579,90.4491876,19.3975726,0.841429,t17_f5_c3,19.3233,0.1974,False,False,True,23.12.x,0.0,2.565235343415015e+18,,,ZTF24aabignu
ztf,60319.23440970015,2565234403415015013,2,2565234403415,20.0973,1,2565,11.3619,19.1187,19.002,0.125953,0.1152,90.4490694,19.3975444,0.851429,t17_f5_c3,18.9365,0.1388,False,False,True,23.12.x,0.0,2.565235823415015e+18,,,ZTF24aabignu
ztf,60319.2348842998,2565234883415015033,2,2565234883415,20.126984,1,2565,11.506748,19.307901,19.2671,0.106042944,0.1434,90.4489721,19.3975575,0.81714284,t17_f5_c3,19.4402,0.215,True,False,True,23.12.x,0.0,,0.9999995,562120234.0,ZTF24aabignu
ztf,60319.235347200185,2565235343415015026,2,2565235343415,20.191574,1,2565,11.629899,19.160221,19.0111,0.09928072,0.1111,90.4488078,19.3975466,0.8257143,t17_f5_c3,18.9426,0.1332,True,False,True,23.12.x,0.0,,0.99999774,562120234.0,ZTF24aabignu
ztf,60319.23582179984,2565235823415015027,2,2565235823415,20.136877,1,2565,11.500034,19.219828,19.0934,0.103679344,0.1227,90.4487383,19.3974881,0.8357143,t17_f5_c3,19.0129,0.1458,True,False,True,23.12.x,0.0,,0.9999963,562120234.0,ZTF24aabignu
ztf,60319.236296299845,2565236293415015024,2,2565236293415,20.143938,1,2565,11.732093,19.146738,19.2874,0.107625075,0.1457,90.4485912,19.3975092,0.8814286,t17_f5_c3,19.3101,0.1902,True,False,True,23.12.x,0.0,,0.9999982,562120234.0,ZTF24aabignu
ztf,60319.23677079985,2565236773415015024,2,2565236773415,20.104164,1,2565,11.76827,19.192701,19.2155,0.10963615,0.1387,90.4484843,19.3974776,0.8057143,t17_f5_c3,19.2488,0.1831,True,False,True,23.12.x,0.0,,0.9999925,562120234.0,ZTF24aabignu
ztf,60319.23724539997,2565237243415015016,2,2565237243415,20.127987,1,2565,11.852408,19.228334,19.2252,0.11811898,0.1379,90.4484231,19.3974773,0.82285714,t17_f5_c3,19.1898,0.1709,True,False,True,23.12.x,0.0,,0.9999958,562120234.0,ZTF24aabignu
