tid,mjd,candid,fid,pid,diffmaglim,isdiffpos,nid,distnr,magpsf,magap,sigmapsf,sigmagap,ra,dec,rb,rbversion,magapbig,sigmagapbig,has_stamp,corrected,dubious,step_id_corr,phase,parent_candid,drb,rfid,oid
ztf,60318.11570600001,2564115702415015006,2,2564115702415,19.6024,1,2564,7.37989,18.1008,18.182,0.073824,0.0644,67.9926819,-10.461367,0.727143,t17_f5_c3,18.2548,0.0877,False,False,True,23.12.x,0.0,2.564117112415015e+18,,,ZTF24aabdvzo
ztf,60318.11711810017,2564117112415015008,2,2564117112415,19.572802,1,2564,8.36314,18.118149,18.0803,0.08690431,0.0588,67.9925931,-10.461078,0.57,t17_f5_c3,17.9832,0.0686,True,False,True,23.12.x,0.0,,0.9999801,354120224.0,ZTF24aabdvzo
ztf,60318.117592600174,2564117592415015013,2,2564117592415,19.649235,1,2564,8.5677,18.142424,18.1628,0.07041024,0.0632,67.9925121,-10.4610145,0.80142856,t17_f5_c3,18.1906,0.0827,True,False,True,23.12.x,0.0,,0.9999926,354120224.0,ZTF24aabdvzo
ztf,60318.11805560021,2564118052415015005,2,2564118052415,19.66064,1,2564,8.989099,18.142561,18.1094,0.08375648,0.0603,67.9925239,-10.4608964,0.7457143,t17_f5_c3,18.0831,0.0749,True,False,True,23.12.x,0.0,,0.99999714,354120224.0,ZTF24aabdvzo
ztf,60318.11853010021,2564118532415015005,2,2564118532415,19.576666,1,2564,9.138536,18.23016,18.2158,0.06609271,0.0659,67.9925029,-10.4608012,0.6742857,t17_f5_c3,18.2731,0.0885,True,False,True,23.12.x,0.0,,0.9999566,354120224.0,ZTF24aabdvzo
ztf,60318.11899309978,2564118992415015010,2,2564118992415,19.6305,1,2564,9.00608,18.2277,18.0864,0.078123,0.0582,67.992485,-10.4606903,0.507143,t17_f5_c3,18.0359,0.0707,False,False,True,23.12.x,0.0,2.564119942415015e+18,,,ZTF24aabdvzo
ztf,60318.11946759978,2564119462415015009,2,2564119462415,19.6898,1,2564,8.97631,18.1568,18.0684,0.085834,0.0572,67.9924591,-10.4606211,0.742857,t17_f5_c3,18.0776,0.0734,False,False,True,23.12.x,0.0,2.564119942415015e+18,,,ZTF24aabdvzo
ztf,60318.11994209979,2564119942415015011,2,2564119942415,19.657965,1,2564,8.901211,18.098497,18.2608,0.08453866,0.068,67.9924284,-10.4605033,0.81142855,t17_f5_c3,18.2743,0.0877,True,False,True,23.12.x,0.0,,0.9999957,354120224.0,ZTF24aabdvzo
