tid,mjd,candid,fid,pid,diffmaglim,isdiffpos,nid,distnr,magpsf,magap,sigmapsf,sigmagap,ra,dec,rb,rbversion,magapbig,sigmagapbig,has_stamp,corrected,dubious,step_id_corr,phase,parent_candid,drb,rfid,oid
ztf,60317.40184029983,2563401845515015042,2,2563401845515,20.1647,1,2563,6.70377,19.3176,19.1641,0.160056,0.1337,96.7482765,21.26172,0.698571,t17_f5_c3,19.0263,0.1507,False,False,True,23.12.x,0.0,2.563403265515015e+18,,,ZTF24aabagvj
ztf,60317.40231479984,2563402315515015047,2,2563402315515,20.1529,1,2563,6.39728,19.4736,19.2314,0.12872,0.1469,96.7481912,21.2616607,0.682857,t17_f5_c3,19.1963,0.1819,False,False,True,23.12.x,0.0,2.563403265515015e+18,,,ZTF24aabagvj
ztf,60317.40278939996,2563402785515015033,2,2563402785515,20.2352,1,2563,5.95639,19.3352,19.7357,0.147413,0.2157,96.7480379,21.2617568,0.788571,t17_f5_c3,19.7509,0.28,False,False,True,23.12.x,0.0,2.563403265515015e+18,,,ZTF24aabagvj
ztf,60317.40326389996,2563403265515015040,2,2563403265515,20.117544,1,2563,5.425447,19.35036,19.2562,0.12507103,0.1519,96.7478787,21.2617345,0.8242857,t17_f5_c3,19.2004,0.1847,True,False,True,23.12.x,0.0,,0.9999672,563120255.0,ZTF24aabagvj
ztf,60317.4037269,2563403725515015024,2,2563403725515,20.307188,1,2563,5.060867,19.319965,19.0578,0.119532354,0.1113,96.7477618,21.2617397,0.7128571,t17_f5_c3,19.0822,0.1452,True,False,False,23.12.x,0.0,,0.9999908,563120255.0,ZTF24aabagvj
ztf,60317.4042014,2563404205515015031,2,2563404205515,20.190157,1,2563,4.865969,19.417624,19.3028,0.118935816,0.1486,96.7477005,21.2617482,0.80142856,t17_f5_c3,19.2454,0.1805,True,False,False,23.12.x,0.0,,0.99998736,563120255.0,ZTF24aabagvj
ztf,60317.404675900005,2563404675515015016,2,2563404675515,19.889336,1,2563,4.550282,19.373373,19.3241,0.15769194,0.1797,96.7476056,21.2617331,0.7128571,t17_f5_c3,19.2359,0.2123,True,False,False,23.12.x,0.0,,0.999993,563120255.0,ZTF24aabagvj
ztf,60317.405150500126,2563405155515015039,2,2563405155515,20.101818,1,2563,4.3118567,19.449865,19.7063,0.1376396,0.228,96.7475015,21.2618086,0.7714286,t17_f5_c3,20.0171,0.3888,True,False,False,23.12.x,0.0,,0.99999166,563120255.0,ZTF24aabagvj
ztf,60317.40561340004,2563405615515015038,2,2563405615515,20.059778,1,2563,3.842224,19.473808,19.7418,0.14121875,0.2431,96.7473606,21.2617892,0.76285714,t17_f5_c3,19.7786,0.3223,True,False,False,23.12.x,0.0,,0.9999902,563120255.0,ZTF24aabagvj
