tid,mjd,candid,fid,pid,diffmaglim,isdiffpos,nid,distnr,magpsf,magap,sigmapsf,sigmagap,ra,dec,rb,rbversion,magapbig,sigmagapbig,has_stamp,corrected,dubious,step_id_corr,phase,parent_candid,drb,rfid,oid
ztf,60317.40561340004,2563405615815015039,2,2563405615815,19.9942,1,2563,14.4188,18.4726,18.4452,0.086459,0.077,94.5694522,21.231506,0.857143,t17_f5_c3,18.5545,0.1086,False,False,True,23.12.x,0.0,2.563407025815015e+18,,,ZTF24aabaleh
ztf,60317.40608800016,2563406085815015045,2,2563406085815,20.1063,1,2563,14.655,18.3957,18.4655,0.083159,0.0747,94.5693283,21.2315763,0.887143,t17_f5_c3,18.4979,0.0979,False,False,True,23.12.x,0.0,2.563407505815015e+18,,,ZTF24aabaleh
ztf,60317.40655090008,2563406555815015049,2,2563406555815,20.1869,1,2563,14.8121,18.4278,18.4699,0.078148,0.072,94.5692246,21.2316534,0.917143,t17_f5_c3,18.4751,0.092,False,False,True,23.12.x,0.0,2.563407505815015e+18,,,ZTF24aabaleh
ztf,60317.4070255002,2563407025815015040,2,2563407025815,20.1068,1,2563,15.1814,18.3964,18.4153,0.076201,0.0715,94.5690678,21.2317099,0.882857,t17_f5_c3,18.428,0.0921,False,False,True,23.12.x,0.0,2.563408435815015e+18,,,ZTF24aabaleh
ztf,60317.407500000205,2563407505815015044,2,2563407505815,20.049,1,2563,15.284,18.4125,18.4705,0.07768,0.077,94.5689848,21.2317998,0.837143,t17_f5_c3,18.5458,0.1051,False,False,True,23.12.x,0.0,2.563408435815015e+18,,,ZTF24aabaleh
ztf,60317.40797450021,2563407975815015041,2,2563407975815,20.080055,1,2563,15.740451,18.399727,18.4807,0.06751075,0.0766,94.5688106,21.2318551,0.85714287,t17_f5_c3,18.3593,0.0874,True,False,True,23.12.x,0.0,,0.99997735,563120258.0,ZTF24aabaleh
ztf,60317.40843749978,2563408435815015038,2,2563408435815,20.050528,1,2563,15.98407,18.37589,18.2819,0.076408334,0.0653,94.5686941,21.2319322,0.85142857,t17_f5_c3,18.312,0.0855,True,False,True,23.12.x,0.0,,0.9999944,563120258.0,ZTF24aabaleh
ztf,60317.40891199978,2563408915815015043,2,2563408915815,19.974813,1,2563,15.724182,18.406654,18.4754,0.090577275,0.0804,94.5685889,21.2320117,0.8814286,t17_f5_c3,18.6585,0.1213,True,False,True,23.12.x,0.0,,0.999964,563120258.0,ZTF24aabaleh
ztf,60317.4093865999,2563409385815015047,2,2563409385815,20.019747,1,2563,15.268069,18.48464,18.4223,0.0715625,0.0748,94.5684586,21.2320835,0.91,t17_f5_c3,18.3959,0.093,True,False,True,23.12.x,0.0,,0.9999696,563120258.0,ZTF24aabaleh
