tid,mjd,candid,fid,pid,diffmaglim,isdiffpos,nid,distnr,magpsf,magap,sigmapsf,sigmagap,ra,dec,rb,rbversion,magapbig,sigmagapbig,has_stamp,corrected,dubious,step_id_corr,phase,parent_candid,drb,rfid,oid
ztf,60319.55450229999,2565554505015015005,2,2565554505015,20.0247,1,2565,9.63128,19.5487,19.7635,0.139291,0.2801,153.4592051,7.2314334,0.752857,t17_f5_c3,19.748,0.3541,False,False,True,23.12.x,0.0,2.565557805015015e+18,,,ZTF24aabnhtg
ztf,60319.55497690011,2565554975015015004,2,2565554975015,19.978,1,2565,9.74991,19.4213,19.3503,0.12785,0.2015,153.4591845,7.2314002,0.807143,t17_f5_c3,19.0654,0.1988,False,False,True,23.12.x,0.0,2.565557805015015e+18,,,ZTF24aabnhtg
ztf,60319.555439800024,2565555435015015006,2,2565555435015,19.9587,1,2565,9.63805,19.485,19.5612,0.160482,0.2353,153.4590806,7.2314353,0.785714,t17_f5_c3,19.7075,0.3453,False,False,True,23.12.x,0.0,2.565557805015015e+18,,,ZTF24aabnhtg
ztf,60319.55638890015,2565556385015015004,2,2565556385015,20.025,1,2565,9.82384,19.5731,19.3891,0.145853,0.1946,153.459028,7.2313864,0.685714,t17_f5_c3,19.1464,0.1996,False,False,True,23.12.x,0.0,2.565557805015015e+18,,,ZTF24aabnhtg
ztf,60319.55685190018,2565556855015015005,2,2565556855015,20.0229,1,2565,9.91756,19.4743,19.3768,0.146157,0.1934,153.4590307,7.23136,0.675714,t17_f5_c3,19.3505,0.2419,False,False,True,23.12.x,0.0,2.565557805015015e+18,,,ZTF24aabnhtg
ztf,60319.55732640019,2565557325015015003,2,2565557325015,19.8598,1,2565,9.8025,19.4535,19.5598,0.158656,0.2627,153.4589137,7.2314032,0.774286,t17_f5_c3,19.8234,0.4295,False,False,True,23.12.x,0.0,2.565557805015015e+18,,,ZTF24aabnhtg
ztf,60319.55780090019,2565557805015015005,2,2565557805015,19.94482,1,2565,9.968486,19.48538,19.6694,0.16631691,0.2568,153.4588554,7.2313637,0.69142854,t17_f5_c3,19.5264,0.2886,True,False,True,23.12.x,0.0,,0.9998058,468120250.0,ZTF24aabnhtg
ztf,60319.558263900224,2565558265015015003,2,2565558265015,19.878372,1,2565,9.850213,19.464413,19.5544,0.20405859,0.2576,153.4588065,7.2314043,0.75714284,t17_f5_c3,19.4033,0.2875,True,False,True,23.12.x,0.0,,0.99769783,468120250.0,ZTF24aabnhtg
ztf,60319.55873840023,2565558735015015004,2,2565558735015,19.932732,1,2565,9.991405,19.521713,19.8432,0.18233204,0.3199,153.4587776,7.2313686,0.74714285,t17_f5_c3,20.0189,0.4828,True,False,True,23.12.x,0.0,,0.99995416,468120250.0,ZTF24aabnhtg
