tid,mjd,candid,fid,pid,diffmaglim,isdiffpos,nid,distnr,magpsf,magap,sigmapsf,sigmagap,ra,dec,rb,rbversion,magapbig,sigmagapbig,has_stamp,corrected,dubious,step_id_corr,phase,parent_candid,drb,rfid,oid
ztf,60317.2548727002,2563254875415015009,2,2563254875415,20.2833,1,2563,10.5556,18.5039,18.4487,0.085057,0.0643,96.5148473,21.5817551,0.881429,t17_f5_c3,18.5158,0.0868,False,False,True,23.12.x,0.0,2.563256285415015e+18,,,ZTF24aaawsho
ztf,60317.255335600115,2563255335415015011,2,2563255335415,20.2679,1,2563,10.2446,18.5117,18.4961,0.072481,0.0672,96.5147219,21.5817829,0.928571,t17_f5_c3,18.4694,0.0834,False,False,True,23.12.x,0.0,2.563256745415015e+18,,,ZTF24aaawsho
ztf,60317.25581019977,2563255815415015013,2,2563255815415,20.3247,1,2563,9.80227,18.6043,18.5554,0.071904,0.0675,96.5145812,21.5817657,0.932857,t17_f5_c3,18.6058,0.0898,False,False,True,23.12.x,0.0,2.563257225415015e+18,,,ZTF24aaawsho
ztf,60317.256284699775,2563256285415015015,2,2563256285415,20.30608,1,2563,9.4157095,18.524437,18.511,0.07532561,0.0671,96.5144508,21.5817535,0.9185714,t17_f5_c3,18.4859,0.0834,True,False,True,23.12.x,0.0,,0.9999999,563120254.0,ZTF24aaawsho
ztf,60317.25674769981,2563256745415015013,2,2563256745415,20.25945,1,2563,9.046146,18.499716,18.6084,0.07289551,0.0746,96.514296,21.5817927,0.95428574,t17_f5_c3,18.625,0.0964,True,False,True,23.12.x,0.0,,0.99999964,563120254.0,ZTF24aaawsho
ztf,60317.25722219981,2563257225415015015,2,2563257225415,20.433393,1,2563,8.629958,18.522133,18.5488,0.061887506,0.063,96.5141655,21.5817567,0.9557143,t17_f5_c3,18.6407,0.0868,True,False,True,23.12.x,0.0,,0.99999714,563120254.0,ZTF24aaawsho
ztf,60317.257685199846,2563257685415015013,2,2563257685415,20.34238,1,2563,8.265972,18.508904,18.5361,0.072273284,0.068,96.5140221,21.5817635,0.96,t17_f5_c3,18.6164,0.093,True,False,True,23.12.x,0.0,,0.9999999,563120254.0,ZTF24aaawsho
ztf,60317.25815969985,2563258155415015014,2,2563258155415,20.405968,1,2563,7.925299,18.517036,18.4419,0.07295554,0.0587,96.5138935,21.5817655,0.9514286,t17_f5_c3,18.3551,0.0688,True,False,True,23.12.x,0.0,,0.99994373,563120254.0,ZTF24aaawsho
