tid,mjd,candid,fid,pid,diffmaglim,isdiffpos,nid,distnr,magpsf,magap,sigmapsf,sigmagap,ra,dec,rb,rbversion,magapbig,sigmagapbig,has_stamp,corrected,dubious,step_id_corr,phase,parent_candid,drb,rfid,oid
ztf,60318.14724540012,2564147242415015013,2,2564147242415,19.8416,1,2564,9.9083,18.1243,18.1034,0.061884,0.0561,67.9910327,-10.4548823,0.87,t17_f5_c3,18.0293,0.0666,False,False,True,23.12.x,0.0,2.564149122415015e+18,,,ZTF24aabdxge
ztf,60318.147708300035,2564147702415015007,2,2564147702415,19.763,1,2564,10.2065,18.1173,18.1929,0.072503,0.0618,67.9910156,-10.4547495,0.84,t17_f5_c3,18.1219,0.0738,False,False,True,23.12.x,0.0,2.564149122415015e+18,,,ZTF24aabdxge
ztf,60318.14818290016,2564148182415015013,2,2564148182415,19.81,1,2564,10.4644,18.2139,18.2279,0.063751,0.0623,67.9909995,-10.4546421,0.857143,t17_f5_c3,18.2695,0.0823,False,False,True,23.12.x,0.0,2.564150052415015e+18,,,ZTF24aabdxge
ztf,60318.14864580007,2564148642415015013,2,2564148642415,19.7572,1,2564,10.7563,18.2103,18.1829,0.065285,0.0607,67.9909341,-10.4545897,0.798571,t17_f5_c3,18.1837,0.0773,False,False,True,23.12.x,0.0,2.564150532415015e+18,,,ZTF24aabdxge
ztf,60318.149120400194,2564149122415015008,2,2564149122415,19.84171,1,2564,10.897909,18.1746,18.1807,0.071979,0.0598,67.9909654,-10.4544781,0.8585714,t17_f5_c3,18.1768,0.0757,False,False,True,23.12.x,0.0,2.564150532415015e+18,0.9999994,354120224.0,ZTF24aabdxge
ztf,60318.1495949002,2564149592415015008,2,2564149592415,19.835768,1,2564,11.136983,18.1649,18.087,0.064527,0.0545,67.9909232,-10.4544217,0.74142855,t17_f5_c3,18.076,0.0686,False,False,True,23.12.x,0.0,2.564150532415015e+18,0.9999922,354120224.0,ZTF24aabdxge
ztf,60318.15005790023,2564150052415015012,2,2564150052415,19.7964,1,2564,11.4436,18.2307,18.2514,0.089936,0.0638,67.9909199,-10.4542848,0.828571,t17_f5_c3,18.239,0.0803,False,False,True,23.12.x,0.0,2.564150532415015e+18,,,ZTF24aabdxge
ztf,60318.15053239977,2564150532415015005,2,2564150532415,19.7677,1,2564,11.7316,18.173664,18.1823,0.06453173,0.0597,67.9909037,-10.4541756,0.822857,t17_f5_c3,18.2279,0.0792,True,False,True,23.12.x,0.0,,,,ZTF24aabdxge
ztf,60318.151006899774,2564151002415015005,2,2564151002415,19.84081,1,2564,12.192963,18.162037,18.2132,0.06030628,0.0612,67.9908141,-10.4540798,0.88714284,t17_f5_c3,18.233,0.0793,True,False,True,23.12.x,0.0,,0.99999124,354120224.0,ZTF24aabdxge
