tid,mjd,candid,fid,pid,diffmaglim,isdiffpos,nid,distnr,magpsf,magpsf_corr,magap,sigmapsf,sigmapsf_corr,sigmapsf_corr_ext,sigmagap,ra,dec,rb,rbversion,drb,magapbig,sigmagapbig,rfid,has_stamp,corrected,dubious,step_id_corr,phase,oid
ztf,61025.567847200204,3271567840615015006,2,3271567840615,18.726158,1,3271,0.87066936,15.606644,13.195293,15.6094,0.053274143,100.0,0.005780648,0.0203,227.3778164,-16.4923745,0.63714284,t17_f5_c3,0.9993697,15.593,0.0242,1369120206,True,True,False,27.5.7a32.dev1,0.0,ZTF25abnyyzh
ztf,61030.56575229997,3276565750615015005,2,3276565750615,19.32884,1,3276,0.1515078,15.156662,13.136419,15.1946,0.055235703,100.0,0.008592566,0.0114,227.3775894,-16.4923462,0.82,t17_f5_c3,0.9918937,15.1718,0.0129,1369120206,True,True,False,27.5.7a32.dev1,0.0,ZTF25abnyyzh
ztf,61030.56862269994,3276568620615015004,2,3276568620615,19.233566,1,3276,0.31225774,15.158751,13.136744,15.249,0.036717884,100.0,0.005702628,0.0134,227.3775103,-16.492241,0.74857146,t17_f5_c3,0.9980253,15.2467,0.0158,1369120206,True,True,False,27.5.7a32.dev1,0.0,ZTF25abnyyzh
ztf,61030.57354169991,3276573540615015003,2,3276573540615,18.57691,1,3276,0.16670014,15.234818,13.148214,15.2719,0.02198296,100.0,0.003216951,0.0205,227.3775227,-16.4922966,0.76857144,t17_f5_c3,0.9980978,15.2516,0.025,1369120206,True,True,False,27.5.7a32.dev1,0.0,ZTF25abnyyzh
ztf,61054.56271990016,3300562710615010001,2,3300562710615,19.732668,-1,3300,0.3733503,16.022703,13.414041,16.1823,0.054670542,100.0,0.0049463883,0.0211,227.3775808,-16.492203,0.81142855,t17_f5_c3,0.9614817,16.1987,0.024,1369120206,True,True,False,27.5.7a32.dev1,0.0,ZTF25abnyyzh
ztf,61057.56320599979,3303563200615015005,2,3303563200615,19.544197,1,3303,0.6309734,15.09304,13.126274,15.2787,0.053724192,100.0,0.00877937,0.0099,227.3774392,-16.4921821,0.8,t17_f5_c3,0.9980856,15.2666,0.0109,1369120206,True,True,False,27.5.7a32.dev1,0.0,ZTF25abnyyzh
