tid,mjd,candid,fid,pid,diffmaglim,isdiffpos,nid,distnr,magpsf,magap,sigmapsf,sigmagap,ra,dec,rb,rbversion,drb,magapbig,sigmagapbig,rfid,has_stamp,corrected,dubious,step_id_corr,phase,parent_candid,oid
ztf,60319.171747699846,2565171743115015031,2,2565171743115,20.07901,1,2565,7.5258627,18.844004,18.8379,0.07609233,0.1045,85.7119514,17.4888659,0.93142855,t17_f5_c3,0.9999997,18.7926,0.1283,562120231.0,True,False,True,23.12.x,0.0,,ZTF24aabhezo
ztf,60319.17222219985,2565172223115015036,2,2565172223115,20.077238,1,2565,7.334039,18.885386,18.7684,0.10533891,0.0988,85.7118746,17.4888266,0.8814286,t17_f5_c3,0.9999993,18.6945,0.1181,562120231.0,True,False,True,23.12.x,0.0,,ZTF24aabhezo
ztf,60319.17268519988,2565172683115015032,2,2565172683115,20.046118,1,2565,7.0567474,18.880636,18.9023,0.08070801,0.113,85.7117718,17.488794,0.86285716,t17_f5_c3,0.9999996,18.8236,0.1346,562120231.0,True,False,True,23.12.x,0.0,,ZTF24aabhezo
ztf,60319.17315969989,2565173153115015031,2,2565173153115,20.0241,1,2565,6.75171,18.8772,18.8264,0.119258,0.1078,85.7116687,17.4887805,0.878571,t17_f5_c3,,18.7536,0.1291,,False,False,True,23.12.x,0.0,2.565173633115015e+18,ZTF24aabhezo
ztf,60319.17363430001,2565173633115015035,2,2565173633115,20.157478,1,2565,6.4179187,18.807804,18.7638,0.076345526,0.0981,85.7115717,17.4888069,0.95285714,t17_f5_c3,1.0,18.8256,0.1328,562120231.0,True,False,True,23.12.x,0.0,,ZTF24aabhezo
ztf,60319.174097199924,2565174093115015035,2,2565174093115,20.1858,1,2565,6.191439,18.844337,18.7419,0.073445104,0.095,85.7114794,17.4887722,0.94285715,t17_f5_c3,0.9999994,18.6402,0.1109,562120231.0,True,False,True,23.12.x,0.0,,ZTF24aabhezo
