tid,mjd,candid,fid,pid,diffmaglim,isdiffpos,nid,distnr,magpsf,magpsf_corr,magap,sigmapsf,sigmapsf_corr,sigmapsf_corr_ext,sigmagap,ra,dec,rb,rbversion,magapbig,sigmagapbig,has_stamp,corrected,dubious,step_id_corr,phase,parent_candid,drb,rfid,oid
ztf,61085.55729170004,3331557296315010006,2,3331557296315,20.0334,-1,3331,0.268068,15.2752,15.134504,15.3193,0.022805,100.0,0.020033274,0.0069,269.3877148,-3.6035,0.747143,t17_f5_c3,15.3049,0.0081,False,True,False,27.5.7a32.dev1,0.0,3.35353481631501e+18,,,ZTF23aaqobiq
ztf,61096.54662040016,3342546626315020007,2,3342546626315,19.2527,-1,3342,0.139169,15.1724,15.233612,15.2403,0.031322,100.0,0.033138584,0.0107,269.3877346,-3.6034702,0.818571,t17_f5_c3,15.2339,0.0131,False,True,False,27.5.7a32.dev1,0.0,3.35353481631501e+18,,,ZTF23aaqobiq
ztf,61099.544027800206,3345544026315030009,2,3345544026315,20.1181,-1,3345,0.139028,15.1843,15.221162,15.2498,0.034485,100.0,0.035675894,0.006,269.3877346,-3.6034684,0.795714,t17_f5_c3,15.2439,0.007,False,True,False,27.5.7a32.dev1,0.0,3.35353481631501e+18,,,ZTF23aaqobiq
ztf,61100.54278940009,3346542786315010007,2,3346542786315,19.6939,-1,3346,0.176513,15.168,15.238287,15.2315,0.030967,100.0,0.033037998,0.0073,269.3877258,-3.6034732,0.817143,t17_f5_c3,15.2294,0.0087,False,True,False,27.5.7a32.dev1,0.0,3.35353481631501e+18,,,ZTF23aaqobiq
ztf,61101.54207180021,3347542076315010028,2,3347542076315,18.4522,-1,3347,0.179302,15.1526,15.254961,15.2445,0.021564,100.0,0.023695922,0.0184,269.3877254,-3.6034781,0.767143,t17_f5_c3,15.2382,0.0231,False,True,False,27.5.7a32.dev1,0.0,3.35353481631501e+18,,,ZTF23aaqobiq
ztf,61106.53608800005,3352536086315010007,2,3352536086315,19.159948,-1,3352,0.4466541,15.20921,15.195979,15.2582,0.023468325,100.0,0.023184072,0.0079,269.3877354,-3.6035574,0.69714284,t17_f5_c3,15.2479,0.0095,True,True,False,27.5.7a32.dev1,0.0,,0.9998053,1428120263.0,ZTF23aaqobiq
ztf,61107.534814800136,3353534816315010007,2,3353534816315,18.880236,-1,3353,0.55995524,15.246929,15.159962,15.2999,0.024677882,100.0,0.022778274,0.0081,269.3876974,-3.6035805,0.5371429,t17_f5_c3,15.2663,0.0095,True,True,False,27.5.7a32.dev1,0.0,,0.99421275,1428120263.0,ZTF23aaqobiq
