tid,mjd,candid,fid,pid,diffmaglim,isdiffpos,nid,distnr,magpsf,magap,sigmapsf,sigmagap,ra,dec,rb,rbversion,magapbig,sigmagapbig,has_stamp,corrected,dubious,step_id_corr,phase,parent_candid,drb,rfid,oid
ztf,60319.154305600096,2565154303015015000,2,2565154303015,19.1073,1,2565,5.38087,17.9388,17.9468,0.111515,0.1125,85.2266621,17.8773236,0.708571,t17_f5_c3,18.0069,0.151,False,False,True,23.12.x,0.0,2.565156203015015e+18,,,ZTF24aabgxej
ztf,60319.15479170019,2565154793015015000,2,2565154793015,19.068,1,2565,5.3013,17.8034,17.5383,0.082676,0.0816,85.2265413,17.8773681,0.682857,t17_f5_c3,17.5115,0.1009,False,False,True,23.12.x,0.0,2.565156663015015e+18,,,ZTF24aabgxej
ztf,60319.155254600104,2565155253015015001,2,2565155253015,18.9854,1,2565,5.50534,17.8608,17.9671,0.113572,0.1291,85.2265382,17.877431,0.89,t17_f5_c3,17.9738,0.1652,False,False,True,23.12.x,0.0,2.565156663015015e+18,,,ZTF24aabgxej
ztf,60319.155729200225,2565155723015015000,2,2565155723015,19.5454,1,2565,5.26614,17.8626,17.9315,0.080522,0.0748,85.2264331,17.8774027,0.867143,t17_f5_c3,17.999,0.1003,False,False,True,23.12.x,0.0,2.565156663015015e+18,,,ZTF24aabgxej
ztf,60319.15620370023,2565156203015015001,2,2565156203015,19.721752,1,2565,5.3030863,17.88318,17.8752,0.084897906,0.0661,85.2263269,17.8774578,0.8485714,t17_f5_c3,17.8241,0.0794,True,False,True,23.12.x,0.0,,0.9999998,562120230.0,ZTF24aabgxej
ztf,60319.1566666998,2565156663015015000,2,2565156663015,19.891096,1,2565,5.34938,17.88526,17.887,0.054720506,0.0578,85.2262425,17.8774909,0.8971428,t17_f5_c3,17.8152,0.0677,True,False,True,23.12.x,0.0,,1.0,562120230.0,ZTF24aabgxej
ztf,60319.1571411998,2565157143015015002,2,2565157143015,19.832869,1,2565,5.420848,17.889091,17.979,0.064701356,0.0665,85.2261505,17.877535,0.89,t17_f5_c3,17.8903,0.0771,True,False,True,23.12.x,0.0,,0.9999999,562120230.0,ZTF24aabgxej
ztf,60319.157615699805,2565157613015015000,2,2565157613015,19.940159,1,2565,5.434529,17.888521,17.9308,0.0714841,0.0552,85.2260532,17.8775535,0.79714286,t17_f5_c3,17.9456,0.0702,True,False,True,23.12.x,0.0,,0.99999994,562120230.0,ZTF24aabgxej
ztf,60319.15807869984,2565158073015015000,2,2565158073015,19.594837,1,2565,5.595758,17.883142,17.9984,0.063899435,0.0782,85.2259693,17.8776095,0.8142857,t17_f5_c3,18.0728,0.1059,True,False,True,23.12.x,0.0,,1.0,562120230.0,ZTF24aabgxej
