tid,mjd,candid,fid,pid,diffmaglim,isdiffpos,nid,distnr,magpsf,magap,sigmapsf,sigmagap,ra,dec,rb,rbversion,magapbig,sigmagapbig,has_stamp,corrected,dubious,step_id_corr,phase,parent_candid,drb,rfid,oid
ztf,60319.52483800007,2565524835815015023,2,2565524835815,20.0924,1,2565,5.19472,19.4766,19.6055,0.144717,0.2223,150.0763654,7.104343,0.77,t17_f5_c3,19.611,0.2867,False,False,False,23.12.x,0.0,2.565527185815015e+18,,,ZTF24aabnakx
ztf,60319.525312500075,2565525315815015009,2,2565525315815,20.0825,1,2565,4.8881,19.3536,19.1248,0.137227,0.1399,150.0762518,7.1043549,0.531429,t17_f5_c3,19.1287,0.18,False,False,False,23.12.x,0.0,2.565527185815015e+18,,,ZTF24aabnakx
ztf,60319.52577550011,2565525775815015008,2,2565525775815,20.2033,1,2565,4.93212,19.3646,19.3776,0.148246,0.1712,150.0762419,7.1042829,0.827143,t17_f5_c3,19.3333,0.2107,False,False,False,23.12.x,0.0,2.565527185815015e+18,,,ZTF24aabnakx
ztf,60319.52625000011,2565526255815015009,2,2565526255815,20.143,1,2565,4.80503,19.3502,19.32,0.116655,0.164,150.0761666,7.104279,0.84,t17_f5_c3,19.248,0.1971,False,False,False,23.12.x,0.0,2.565527185815015e+18,,,ZTF24aabnakx
ztf,60319.52718750015,2565527185815015006,2,2565527185815,20.217846,1,2565,4.3363695,19.441916,19.5193,0.13970579,0.1988,150.0760019,7.1042016,0.7614286,t17_f5_c3,19.5572,0.2641,True,False,False,23.12.x,0.0,,0.9996237,468120258.0,ZTF24aabnakx
ztf,60319.52766200015,2565527665815015011,2,2565527665815,20.15256,1,2565,4.3555083,19.40946,19.244,0.13205995,0.1552,150.0759503,7.1042231,0.74285716,t17_f5_c3,19.2067,0.1925,True,False,False,23.12.x,0.0,,0.999938,468120258.0,ZTF24aabnakx
ztf,60319.52813659981,2565528135815015010,2,2565528135815,20.212545,1,2565,4.327023,19.38957,19.6185,0.13628541,0.215,150.0759063,7.1042265,0.8428571,t17_f5_c3,19.6589,0.2866,True,False,False,23.12.x,0.0,,0.9999972,468120258.0,ZTF24aabnakx
ztf,60319.52859950019,2565528595815015008,2,2565528595815,20.054491,1,2565,3.7707777,19.362076,19.3966,0.12965193,0.1856,150.0757811,7.1040924,0.8585714,t17_f5_c3,19.2535,0.2096,True,False,False,23.12.x,0.0,,0.9998789,468120258.0,ZTF24aabnakx
ztf,60319.529074099846,2565529075815015005,2,2565529075815,20.167171,1,2565,3.6159065,19.487066,19.3527,0.14077124,0.1703,150.0757378,7.1040546,0.7842857,t17_f5_c3,19.3255,0.2136,True,False,False,23.12.x,0.0,,0.99997205,468120258.0,ZTF24aabnakx
