tid,mjd,candid,fid,pid,diffmaglim,isdiffpos,nid,distnr,magpsf,magap,sigmapsf,sigmagap,ra,dec,rb,rbversion,magapbig,sigmagapbig,has_stamp,corrected,dubious,step_id_corr,phase,parent_candid,drb,rfid,oid
ztf,60319.137349499855,2565137345615015008,2,2565137345615,19.3147,1,2565,3.19822,19.2293,18.8302,0.212493,0.2009,87.8006865,22.3670562,0.322857,t17_f5_c3,18.8869,0.2711,False,False,True,23.12.x,0.0,2.565139715615015e+18,,,ZTF24aabgmar
ztf,60319.13782409998,2565137825615015007,2,2565137825615,19.0415,1,2565,3.01505,19.2127,20.0778,0.268811,0.8423,87.8006404,22.3671862,0.57,t17_f5_c3,19.9606,0.9701,False,False,True,23.12.x,0.0,2.565139715615015e+18,,,ZTF24aabgmar
ztf,60319.138761600014,2565138765615015045,2,2565138765615,18.9319,1,2565,3.24475,19.1597,18.7361,0.292284,0.2543,87.8006482,22.3671207,0.347143,t17_f5_c3,18.7565,0.3324,False,False,True,23.12.x,0.0,2.565139715615015e+18,,,ZTF24aabgmar
ztf,60319.13971060002,2565139715615015020,2,2565139715615,19.295452,1,2565,3.7298815,19.037336,19.1568,0.20094486,0.2466,87.8003442,22.3670282,0.5385714,t17_f5_c3,19.3844,0.3896,True,False,True,23.12.x,0.0,,0.99986804,562120256.0,ZTF24aabgmar
ztf,60319.140173600055,2565140175615015009,2,2565140175615,19.56097,1,2565,3.48311,19.345032,19.3721,0.17369454,0.2562,87.8000609,22.3672234,0.61714286,t17_f5_c3,19.7452,0.4626,True,False,True,23.12.x,0.0,,0.9999187,562120256.0,ZTF24aabgmar
ztf,60319.14064810006,2565140645615015009,2,2565140645615,19.550087,1,2565,3.4416187,19.203794,19.0948,0.18198337,0.1937,87.8001356,22.3671915,0.55142856,t17_f5_c3,18.9283,0.2127,True,False,True,23.12.x,0.0,,0.9956596,562120256.0,ZTF24aabgmar
ztf,60319.14112270018,2565141125615015017,2,2565141125615,19.712757,1,2565,4.0909495,19.19598,19.278,0.13874173,0.2009,87.7998843,22.3671306,0.7128571,t17_f5_c3,19.3976,0.2873,True,False,True,23.12.x,0.0,,0.99997854,562120256.0,ZTF24aabgmar
ztf,60319.141597200185,2565141595615015013,2,2565141595615,19.47229,1,2565,4.2859535,19.09846,19.2646,0.20664693,0.2586,87.7998596,22.3670819,0.74,t17_f5_c3,19.3472,0.3576,True,False,True,23.12.x,0.0,,0.9999017,562120256.0,ZTF24aabgmar
