tid,mjd,candid,fid,pid,diffmaglim,isdiffpos,nid,distnr,magpsf,magap,sigmapsf,sigmagap,ra,dec,rb,rbversion,magapbig,sigmagapbig,has_stamp,corrected,dubious,step_id_corr,phase,parent_candid,drb,rfid,oid
ztf,60319.15479170019,2565154794215015012,2,2565154794215,19.149,1,2565,1.63554,18.6118,18.5957,0.115399,0.1955,86.7964524,19.3623638,0.738571,t17_f5_c3,18.4825,0.2262,False,False,False,23.12.x,0.0,2.565156204215015e+18,,,ZTF24aabgvug
ztf,60319.155254600104,2565155254215015021,2,2565155254215,19.2865,1,2565,1.80485,18.7087,18.7288,0.139272,0.1886,86.7963265,19.3623597,0.598571,t17_f5_c3,18.688,0.233,False,False,False,23.12.x,0.0,2.565156664215015e+18,,,ZTF24aabgvug
ztf,60319.155729200225,2565155724215015012,2,2565155724215,19.7363,1,2565,1.96403,18.5778,18.7318,0.115827,0.1233,86.7961686,19.362416,0.802857,t17_f5_c3,18.7799,0.165,False,False,False,23.12.x,0.0,2.565157614215015e+18,,,ZTF24aabgvug
ztf,60319.15620370023,2565156204215015018,2,2565156204215,19.719511,1,2565,2.1780393,18.65728,18.9283,0.089587905,0.1665,86.7960946,19.3624005,0.8242857,t17_f5_c3,18.9169,0.2111,True,False,False,23.12.x,0.0,,0.9999537,562120242.0,ZTF24aabgvug
ztf,60319.1566666998,2565156664215015024,2,2565156664215,19.855717,1,2565,2.5170193,18.647072,18.5402,0.070062324,0.0988,86.795981,19.3623835,0.8314286,t17_f5_c3,18.4777,0.1193,True,False,False,23.12.x,0.0,,0.9999993,562120242.0,ZTF24aabgvug
ztf,60319.1571411998,2565157144215015024,2,2565157144215,19.779074,1,2565,2.7201002,18.677488,18.7671,0.08957605,0.1308,86.7958839,19.3624178,0.86285716,t17_f5_c3,18.7787,0.1692,True,False,False,23.12.x,0.0,,0.9999964,562120242.0,ZTF24aabgvug
ztf,60319.157615699805,2565157614215015022,2,2565157614215,19.86493,1,2565,3.184438,18.637714,18.5934,0.07529993,0.0988,86.7957527,19.3623721,0.8485714,t17_f5_c3,18.5913,0.126,True,False,False,23.12.x,0.0,,0.9999962,562120242.0,ZTF24aabgvug
ztf,60319.15807869984,2565158074215015017,2,2565158074215,19.634771,1,2565,3.509612,18.711472,18.7938,0.082080305,0.1469,86.7956552,19.3623488,0.8314286,t17_f5_c3,18.7737,0.1849,True,False,False,23.12.x,0.0,,0.99998426,562120242.0,ZTF24aabgvug
ztf,60319.15855319984,2565158554215015015,2,2565158554215,19.913624,1,2565,3.9445617,18.674465,18.7384,0.06803791,0.1055,86.7955048,19.3623627,0.81142855,t17_f5_c3,18.7262,0.1333,True,False,False,23.12.x,0.0,,0.99999464,562120242.0,ZTF24aabgvug
