tid,mjd,candid,fid,pid,diffmaglim,isdiffpos,nid,distnr,magpsf,magpsf_corr,magap,sigmapsf,sigmapsf_corr,sigmapsf_corr_ext,sigmagap,ra,dec,rb,rbversion,magapbig,sigmagapbig,has_stamp,corrected,dubious,step_id_corr,phase,parent_candid,drb,rfid,oid
ztf,61085.55681709992,3331556814115015004,2,3331556814115,20.2139,1,3331,0.335055,17.6301,15.353667,17.7972,0.059716,100.0,0.0073369807,0.0554,267.1072684,-11.7867235,0.411429,t17_f5_c3,17.8151,0.0689,False,True,False,27.5.7a32.dev1,0.0,3.351536434115015e+18,,,ZTF24aarwpbu
ztf,61093.56865740009,3339568654115015005,2,3339568654115,18.842722,1,3339,0.10269007,17.401245,15.322807,17.5668,0.0835475,100.0,0.012318517,0.1155,267.1071871,-11.7866642,0.86142856,t17_f5_c3,17.591,0.1499,True,True,False,27.5.7a32.dev1,0.0,,0.97659475,1375120241.0,ZTF24aarwpbu
ztf,61096.546157400124,3342546154115015017,2,3342546154115,19.314087,1,3342,0.34762824,17.35682,15.316142,17.4616,0.09257115,100.0,0.014132036,0.0781,267.1072766,-11.7866995,0.74857146,t17_f5_c3,17.41,0.0916,True,True,False,27.5.7a32.dev1,0.0,,0.9582876,1375120241.0,ZTF24aarwpbu
ztf,61099.54306709999,3345543064115015011,2,3345543064115,19.99431,1,3345,0.21004711,17.191454,15.28921,17.1624,0.0700335,100.0,0.0121452985,0.0356,267.1072044,-11.7867409,0.83285713,t17_f5_c3,17.1176,0.0408,True,True,False,27.5.7a32.dev1,0.0,,0.99477506,1375120241.0,ZTF24aarwpbu
ztf,61099.54306709999,3345543064115025011,2,3345543064115,19.9943,1,3345,0.210047,17.1915,15.289219,17.1624,0.070033,100.0,0.0121447975,0.0356,267.1072044,-11.7867409,0.832857,t17_f5_c3,17.1176,0.0408,False,True,False,27.5.7a32.dev1,0.0,3.351536434115015e+18,,,ZTF24aarwpbu
ztf,61100.541840299964,3346541844115015006,2,3346541844115,19.868885,1,3346,0.15785265,17.221472,15.294356,17.2273,0.10232309,100.0,0.017343132,0.0415,267.1072211,-11.7867058,0.76857144,t17_f5_c3,17.2394,0.0507,True,True,False,27.5.7a32.dev1,0.0,,0.9796803,1375120241.0,ZTF24aarwpbu
ztf,61101.54112270009,3347541124115015003,2,3347541124115,18.894482,1,3347,0.19637148,17.257063,15.300307,16.9585,0.08940797,100.0,0.0147459945,0.0592,267.1071779,-11.7867476,0.6542857,t17_f5_c3,16.9201,0.0718,True,True,False,27.5.7a32.dev1,0.0,,0.99705774,1375120241.0,ZTF24aarwpbu
ztf,61105.5364351999,3351536434115015005,2,3351536434115,19.684286,1,3351,0.22943395,17.197378,15.290235,17.1471,0.069595724,100.0,0.012015042,0.0422,267.1071635,-11.7867572,0.74714285,t17_f5_c3,17.1292,0.0507,True,True,False,27.5.7a32.dev1,0.0,,0.95399237,1375120241.0,ZTF24aarwpbu
