tid,mjd,candid,fid,pid,diffmaglim,isdiffpos,nid,distnr,magpsf,magap,sigmapsf,sigmagap,ra,dec,rb,rbversion,magapbig,sigmagapbig,has_stamp,corrected,dubious,step_id_corr,phase,parent_candid,drb,rfid,oid
ztf,60317.43905089982,2563439056115015016,2,2563439056115,19.6788,1,2563,6.09235,18.7143,18.8792,0.126343,0.1386,92.4764648,22.4315594,0.855714,t17_f5_c3,18.8934,0.1798,False,False,True,23.12.x,0.0,2.563440476115015e+18,,,ZTF24aabbgxe
ztf,60317.43952549994,2563439526115015009,2,2563439526115,19.6699,1,2563,5.77384,18.7244,18.8202,0.11526,0.1322,92.4762523,22.4315394,0.662857,t17_f5_c3,18.7859,0.1639,False,False,True,23.12.x,0.0,2.563440476115015e+18,,,ZTF24aabbgxe
ztf,60317.439999999944,2563440006115015020,2,2563440006115,19.6683,1,2563,5.25274,18.7516,18.5649,0.157547,0.1053,92.4761683,22.4314114,0.641429,t17_f5_c3,18.5938,0.1382,False,False,True,23.12.x,0.0,2.563440476115015e+18,,,ZTF24aabbgxe
ztf,60317.44047449995,2563440476115015011,2,2563440476115,19.719759,1,2563,5.3356214,18.727493,18.7767,0.10992937,0.1273,92.4760659,22.4314615,0.8357143,t17_f5_c3,18.7493,0.1588,True,False,True,23.12.x,0.0,,0.9991523,563120261.0,ZTF24aabbgxe
ztf,60317.44093749998,2563440936115015016,2,2563440936115,19.723383,1,2563,5.379507,18.701204,18.6953,0.0980445,0.1183,92.4759514,22.4314952,0.82857144,t17_f5_c3,18.6508,0.1454,True,False,True,23.12.x,0.0,,0.99998325,563120261.0,ZTF24aabbgxe
ztf,60317.441411999986,2563441416115015014,2,2563441416115,19.666494,1,2563,5.126558,18.717066,18.7972,0.11930369,0.1317,92.4757995,22.4314395,0.8157143,t17_f5_c3,18.8347,0.1745,True,False,True,23.12.x,0.0,,0.9981164,563120261.0,ZTF24aabbgxe
ztf,60317.44188660011,2563441886115015010,2,2563441886115,19.71304,1,2563,5.2661467,18.76813,18.8758,0.14520487,0.1403,92.4757324,22.4314817,0.87142855,t17_f5_c3,18.7445,0.1592,True,False,True,23.12.x,0.0,,0.9999763,563120261.0,ZTF24aabbgxe
ztf,60317.44236110011,2563442366115015017,2,2563442366115,19.64625,1,2563,4.9501204,18.7872,18.8083,0.11510617,0.1327,92.475592,22.4313902,0.79571426,t17_f5_c3,18.7335,0.1586,True,False,True,23.12.x,0.0,,0.99865973,563120261.0,ZTF24aabbgxe
ztf,60317.442824100144,2563442826115015017,2,2563442826115,19.586313,1,2563,5.219126,18.71962,18.6571,0.13559024,0.1173,92.4755088,22.4314591,0.7285714,t17_f5_c3,18.5574,0.137,True,False,True,23.12.x,0.0,,0.9998985,563120261.0,ZTF24aabbgxe
