tid,mjd,candid,fid,pid,diffmaglim,isdiffpos,nid,distnr,magpsf,magap,sigmapsf,sigmagap,ra,dec,rb,rbversion,magapbig,sigmagapbig,has_stamp,corrected,dubious,step_id_corr,phase,parent_candid,drb,rfid,oid
ztf,60319.16373840021,2565163735415015002,2,2565163735415,20.0386,1,2565,8.83511,19.4684,19.6824,0.142963,0.2525,88.5255772,21.6612914,0.841429,t17_f5_c3,19.8333,0.372,False,False,True,23.12.x,0.0,2.565165615415015e+18,,,ZTF24aabhbec
ztf,60319.16420139978,2565164205415015002,2,2565164205415,20.035,1,2565,9.20883,19.3945,19.3528,0.118219,0.1786,88.5255222,21.6611986,0.822857,t17_f5_c3,19.3815,0.2351,False,False,True,23.12.x,0.0,2.565166085415015e+18,,,ZTF24aabhbec
ztf,60319.16467589978,2565164675415015004,2,2565164675415,19.879234,1,2565,9.144509,19.471504,19.6816,0.1612966,0.2827,88.5254031,21.6612567,0.78571427,t17_f5_c3,19.3969,0.2793,True,False,True,23.12.x,0.0,,0.9999895,562120254.0,ZTF24aabhbec
ztf,60319.1651504999,2565165155415015002,2,2565165155415,19.557465,1,2565,9.318186,19.362106,19.2053,0.21279025,0.2371,88.5252077,21.6612787,0.57857144,t17_f5_c3,19.0028,0.2527,True,False,True,23.12.x,0.0,,0.99488056,562120254.0,ZTF24aabhbec
ztf,60319.16561339982,2565165615415015002,2,2565165615415,19.71169,1,2565,9.370355,19.466124,19.413,0.1529414,0.2475,88.5251622,21.6612795,0.74,t17_f5_c3,19.4036,0.3152,True,False,True,23.12.x,0.0,,0.9999851,562120254.0,ZTF24aabhbec
ztf,60319.16608799994,2565166085415015002,2,2565166085415,20.040215,1,2565,9.399966,19.429224,19.5177,0.14667903,0.2048,88.5251085,21.6612983,0.80285716,t17_f5_c3,19.6638,0.3012,True,False,True,23.12.x,0.0,,0.9999355,562120254.0,ZTF24aabhbec
ztf,60319.166562499944,2565166565415015001,2,2565166565415,19.908281,1,2565,9.761707,19.53442,19.4777,0.16878058,0.2158,88.5249825,21.6612459,0.7171429,t17_f5_c3,19.2655,0.229,True,False,True,23.12.x,0.0,,0.9998841,562120254.0,ZTF24aabhbec
