tid,mjd,candid,fid,pid,diffmaglim,isdiffpos,nid,distnr,magpsf,magap,sigmapsf,sigmagap,ra,dec,rb,rbversion,magapbig,sigmagapbig,has_stamp,corrected,dubious,step_id_corr,phase,parent_candid,drb,rfid,oid
ztf,60317.41032409994,2563410322015015008,2,2563410322015,19.9895,1,2563,9.37766,19.1972,19.2263,0.127869,0.1561,97.2026578,18.5256528,0.808571,t17_f5_c3,18.9843,0.1602,False,False,True,23.12.x,0.0,2.563411262015015e+18,,,ZTF24aabamuw
ztf,60317.41079859994,2563410792015015014,2,2563410792015,19.9889,1,2563,9.5541,19.2085,19.2566,0.121749,0.1645,97.2025232,18.5256105,0.814286,t17_f5_c3,19.1479,0.1907,False,False,True,23.12.x,0.0,2.563411262015015e+18,,,ZTF24aabamuw
ztf,60317.41126159998,2563411262015015011,2,2563411262015,19.959564,1,2563,9.710056,19.15775,19.0916,0.12551884,0.1397,97.202321,18.5255851,0.77,t17_f5_c3,19.0536,0.1726,True,False,True,23.12.x,0.0,,0.9995722,563120220.0,ZTF24aabamuw
ztf,60317.41173609998,2563411732015015009,2,2563411732015,19.943834,1,2563,9.776251,19.166735,19.2142,0.13800582,0.1578,97.2021865,18.5255879,0.75857145,t17_f5_c3,19.337,0.2261,True,False,True,23.12.x,0.0,,0.9991101,563120220.0,ZTF24aabamuw
ztf,60317.412210599985,2563412212015015010,2,2563412212015,20.0212,1,2563,9.96011,19.1826,19.3922,0.120584,0.1812,97.2020925,18.5255516,0.584286,t17_f5_c3,19.1826,0.1914,False,False,True,23.12.x,0.0,2.563412682015015e+18,,,ZTF24aabamuw
ztf,60317.412685200106,2563412682015015008,2,2563412682015,20.047277,1,2563,9.939216,19.301266,19.6576,0.16850156,0.2336,97.2020038,18.5255814,0.55857146,t17_f5_c3,19.6668,0.3021,True,False,True,23.12.x,0.0,,0.9928474,563120220.0,ZTF24aabamuw
ztf,60317.41314810002,2563413142015015007,2,2563413142015,19.922413,1,2563,10.145427,19.182789,19.1576,0.14555517,0.1527,97.2018832,18.5255477,0.73285717,t17_f5_c3,19.1416,0.1925,True,False,True,23.12.x,0.0,,0.99985015,563120220.0,ZTF24aabamuw
