tid,mjd,candid,fid,pid,diffmaglim,isdiffpos,nid,distnr,magpsf,magap,sigmapsf,sigmagap,ra,dec,rb,rbversion,magapbig,sigmagapbig,has_stamp,corrected,dubious,step_id_corr,phase,parent_candid,drb,rfid,oid
ztf,60319.36728010001,2565367283515015000,2,2565367283515,19.9051,1,2565,8.80353,19.2778,19.4724,0.13804,0.1952,92.0583152,19.7528108,0.705714,t17_f5_c3,19.5371,0.2656,False,False,True,23.12.x,0.0,2.565368703515015e+18,,,ZTF24aabkybh
ztf,60319.36775460001,2565367753515015001,2,2565367753515,19.9749,1,2565,9.11838,19.3882,19.3196,0.175143,0.1669,92.0582121,19.752879,0.588571,t17_f5_c3,19.1181,0.1778,False,False,True,23.12.x,0.0,2.565368703515015e+18,,,ZTF24aabkybh
ztf,60319.36822920013,2565368223515015001,2,2565368223515,20.0091,1,2565,9.61994,19.268,19.5002,0.111124,0.1988,92.0580675,19.752816,0.697143,t17_f5_c3,19.4245,0.2378,False,False,True,23.12.x,0.0,2.565368703515015e+18,,,ZTF24aabkybh
ztf,60319.36870370014,2565368703515015000,2,2565368703515,19.983086,1,2565,9.9698305,19.308165,19.3642,0.13357586,0.1759,92.0579545,19.7529073,0.81285715,t17_f5_c3,19.4116,0.2357,True,False,True,23.12.x,0.0,,0.99999785,562120235.0,ZTF24aabkybh
ztf,60319.36917820014,2565369173515015000,2,2565369173515,20.022081,1,2565,10.29716,19.26815,19.3305,0.15102845,0.1678,92.0578591,19.7528597,0.75142854,t17_f5_c3,19.5576,0.2646,True,False,True,23.12.x,0.0,,0.9999794,562120235.0,ZTF24aabkybh
ztf,60319.369641200174,2565369643515015000,2,2565369643515,19.961418,1,2565,10.821113,19.277159,19.1608,0.17545569,0.1478,92.0577111,19.7527713,0.6957143,t17_f5_c3,19.0283,0.1676,True,False,True,23.12.x,0.0,,0.999987,562120235.0,ZTF24aabkybh
ztf,60319.37011570018,2565370113515015000,2,2565370113515,19.896757,1,2565,11.167089,19.5272,19.6796,0.17047378,0.2401,92.0576094,19.7527596,0.6842857,t17_f5_c3,19.7403,0.3256,True,False,True,23.12.x,0.0,,0.9999913,562120235.0,ZTF24aabkybh
ztf,60319.37057870021,2565370573515015001,2,2565370573515,19.930079,1,2565,11.331044,19.350935,19.1888,0.14455742,0.154,92.0575576,19.752787,0.7242857,t17_f5_c3,19.1105,0.1836,True,False,True,23.12.x,0.0,,0.9999958,562120235.0,ZTF24aabkybh
