tid,mjd,candid,fid,pid,diffmaglim,isdiffpos,nid,distnr,magpsf,magpsf_corr,magap,sigmapsf,sigmapsf_corr,sigmapsf_corr_ext,sigmagap,ra,dec,rb,rbversion,drb,magapbig,sigmagapbig,rfid,has_stamp,corrected,dubious,step_id_corr,phase,parent_candid,oid
ztf,61080.563194400165,3326563194615015008,2,3326563194615,19.364183,1,3326,0.5169788,18.082212,16.045437,18.2098,0.1396001,100.0,0.02138828,0.1305,283.0426044,-5.3606048,0.6742857,t17_f5_c3,0.9999944,18.2645,0.1754,1430120246.0,True,True,False,27.5.7a32.dev1,0.0,,ZTF20abgzjoc
ztf,61080.56658559991,3326566584615015021,2,3326566584615,19.140991,1,3326,0.3756447,17.895342,16.014637,18.0154,0.110833414,100.0,0.019605983,0.1317,283.0426397,-5.3604802,0.5985714,t17_f5_c3,0.99935234,18.1399,0.189,1430120246.0,True,True,False,27.5.7a32.dev1,0.0,,ZTF20abgzjoc
ztf,61083.5612269002,3329561224615015016,2,3329561224615,19.517536,1,3329,0.4619254,17.927164,16.020199,17.9145,0.08390501,100.0,0.014487773,0.0881,283.0426592,-5.3604431,0.62285715,t17_f5_c3,0.9999233,17.9073,0.1116,1430120246.0,True,True,False,27.5.7a32.dev1,0.0,,ZTF20abgzjoc
ztf,61099.54736110009,3345547364615015007,2,3345547364615,19.8356,1,3345,0.18077274,17.64326,15.965569,17.7107,0.08637928,100.0,0.018421851,0.0589,283.042569,-5.3604414,0.74142855,t17_f5_c3,0.99999964,17.6636,0.0716,1430120246.0,True,True,False,27.5.7a32.dev1,0.0,,ZTF20abgzjoc
ztf,61100.546134300064,3346546134615015014,2,3346546134615,19.4932,1,3346,0.311855,17.5678,15.94903,17.6602,0.068662,100.0,0.015459951,0.0692,283.0426077,-5.3605241,0.667143,t17_f5_c3,,17.6026,0.0836,,False,True,False,27.5.7a32.dev1,0.0,3.347545404615015e+18,ZTF20abgzjoc
ztf,61101.5454051001,3347545404615015026,2,3347545404615,18.329868,1,3347,0.40875265,17.43603,15.917934,17.7666,0.102965474,0.01624018,0.025436273,0.1826,283.042649,-5.3604782,0.5642857,t17_f5_c3,0.08602431,17.7099,0.2221,1430120246.0,True,True,False,27.5.7a32.dev1,0.0,,ZTF20abgzjoc
