tid,mjd,candid,fid,pid,diffmaglim,isdiffpos,nid,distnr,magpsf,magap,sigmapsf,sigmagap,ra,dec,rb,rbversion,magapbig,sigmagapbig,has_stamp,corrected,dubious,step_id_corr,phase,parent_candid,drb,rfid,oid
ztf,60317.16582180001,2563165824115015009,2,2563165824115,19.7326,1,2563,12.1348,17.9602,17.9199,0.073447,0.0513,94.4076687,20.5406642,0.732857,t17_f5_c3,17.9152,0.065,False,False,True,23.12.x,0.0,2.563167234115015e+18,,,ZTF24aaaugor
ztf,60317.16629630001,2563166294115015008,2,2563166294115,19.688,1,2563,11.8262,17.9994,18.0654,0.067709,0.0595,94.407536,20.5406847,0.704286,t17_f5_c3,18.0763,0.0765,False,False,True,23.12.x,0.0,2.563167704115015e+18,,,ZTF24aaaugor
ztf,60317.16677080002,2563166774115015003,2,2563166774115,19.6929,1,2563,11.5258,17.9825,18.0398,0.06588,0.0563,94.4074024,20.5407035,0.704286,t17_f5_c3,18.0954,0.0755,False,False,True,23.12.x,0.0,2.563167704115015e+18,,,ZTF24aaaugor
ztf,60317.16723380005,2563167234115015005,2,2563167234115,19.639444,1,2563,11.257594,18.010963,18.012,0.07590694,0.0567,94.4072696,20.5407342,0.69714284,t17_f5_c3,18.0021,0.0715,True,False,True,23.12.x,0.0,,0.9999728,563120241.0,ZTF24aaaugor
ztf,60317.167708300054,2563167704115015004,2,2563167704115,19.699718,1,2563,11.134036,17.996992,18.0102,0.07791045,0.0564,94.4071712,20.5407845,0.7271429,t17_f5_c3,17.9922,0.0707,True,False,True,23.12.x,0.0,,0.99994767,563120241.0,ZTF24aaaugor
ztf,60317.168182900175,2563168184115015004,2,2563168184115,19.556517,1,2563,10.619512,18.012655,18.0221,0.0828136,0.0552,94.4069779,20.5407601,0.5957143,t17_f5_c3,18.0324,0.0709,True,False,True,23.12.x,0.0,,0.9992105,563120241.0,ZTF24aaaugor
ztf,60317.16864580009,2563168644115015005,2,2563168644115,19.490143,1,2563,10.575411,18.018242,18.1267,0.09217207,0.0603,94.4068746,20.5408327,0.57857144,t17_f5_c3,18.1191,0.0762,True,False,True,23.12.x,0.0,,0.99976313,563120241.0,ZTF24aaaugor
