tid,mjd,candid,fid,pid,diffmaglim,isdiffpos,nid,distnr,magpsf,magap,sigmapsf,sigmagap,ra,dec,rb,rbversion,magapbig,sigmagapbig,has_stamp,corrected,dubious,step_id_corr,phase,parent_candid,drb,rfid,oid
ztf,60319.232997700106,2565232995215015009,2,2565232995215,19.9861,1,2565,6.76108,19.4752,19.3323,0.194846,0.1758,89.4109795,22.4402737,0.487143,t17_f5_c3,19.167,0.1935,False,False,True,23.12.x,0.0,2.565235345215015e+18,,,ZTF24aabihho
ztf,60319.23347220011,2565233475215015012,2,2565233475215,20.0429,1,2565,6.95574,19.4606,19.5252,0.154284,0.2008,89.410915,22.4403822,0.638571,t17_f5_c3,19.329,0.215,False,False,True,23.12.x,0.0,2.565235345215015e+18,,,ZTF24aabihho
ztf,60319.23393520014,2565233935215015007,2,2565233935215,19.9232,1,2565,6.57973,19.4504,19.3816,0.174587,0.1951,89.4107795,22.4403388,0.688571,t17_f5_c3,19.3695,0.2475,False,False,True,23.12.x,0.0,2.565235345215015e+18,,,ZTF24aabihho
ztf,60319.23440970015,2565234405215015008,2,2565234405215,20.067,1,2565,6.32874,19.4105,19.4919,0.123415,0.1948,89.410765,22.4402633,0.784286,t17_f5_c3,19.3725,0.2239,False,False,True,23.12.x,0.0,2.565235345215015e+18,,,ZTF24aabihho
ztf,60319.2348842998,2565234885215015008,2,2565234885215,20.0105,1,2565,6.2074,19.4499,19.518,0.160724,0.2075,89.4107575,22.4402279,0.698571,t17_f5_c3,19.5112,0.2643,False,False,True,23.12.x,0.0,2.565235345215015e+18,,,ZTF24aabihho
ztf,60319.235347200185,2565235345215015006,2,2565235345215,20.098574,1,2565,5.838843,19.486895,19.4661,0.13243157,0.1843,89.4105371,22.4402281,0.7842857,t17_f5_c3,19.5423,0.2533,True,False,True,23.12.x,0.0,,0.99999416,562120252.0,ZTF24aabihho
ztf,60319.23582179984,2565235825215015008,2,2565235825215,20.006142,1,2565,5.6055818,19.436665,19.166,0.20021757,0.1542,89.4104094,22.4402053,0.4842857,t17_f5_c3,19.2546,0.2142,True,False,True,23.12.x,0.0,,0.9994931,562120252.0,ZTF24aabihho
