tid,mjd,candid,fid,pid,diffmaglim,isdiffpos,nid,distnr,magpsf,magap,sigmapsf,sigmagap,ra,dec,rb,rbversion,magapbig,sigmagapbig,has_stamp,corrected,dubious,step_id_corr,phase,parent_candid,drb,rfid,oid
ztf,60318.41854170011,2564418543315015011,2,2564418543315,20.0331,1,2564,6.46806,19.4628,19.4145,0.154769,0.1774,136.0709862,70.4284848,0.737143,t17_f5_c3,19.39,0.2221,False,False,True,23.12.x,0.0,2.564420903315015e+18,,,ZTF24aabegmk
ztf,60318.41901620012,2564419013315015007,2,2564419013315,20.0887,1,2564,6.48458,19.3632,19.2925,0.143751,0.1523,136.0708494,70.4284872,0.765714,t17_f5_c3,19.1957,0.1785,False,False,True,23.12.x,0.0,2.564420903315015e+18,,,ZTF24aabegmk
ztf,60318.41949070012,2564419493315015007,2,2564419493315,20.06977,1,2564,6.7679853,19.471174,19.5795,0.13843194,0.1974,136.0703559,70.4285505,0.65,t17_f5_c3,19.6043,0.2587,True,False,True,23.12.x,0.0,,0.9999784,840120233.0,ZTF24aabegmk
ztf,60318.419953700155,2564419953315015002,2,2564419953315,20.073889,1,2564,6.840001,19.573725,19.6578,0.18149,0.2147,136.0703858,70.4285722,0.74857146,t17_f5_c3,19.7613,0.3028,True,False,True,23.12.x,0.0,,0.9997327,840120233.0,ZTF24aabegmk
ztf,60318.42042820016,2564420423315015007,2,2564420423315,20.030836,1,2564,6.8479314,19.483288,19.7853,0.18250874,0.2485,136.0698875,70.4285437,0.70857143,t17_f5_c3,19.8235,0.3299,True,False,True,23.12.x,0.0,,0.9986396,840120233.0,ZTF24aabegmk
ztf,60318.420902799815,2564420903315015005,2,2564420903315,20.018278,1,2564,6.79712,19.400856,19.2529,0.15000151,0.1502,136.0698443,70.4285259,0.5928571,t17_f5_c3,19.2256,0.1875,True,False,True,23.12.x,0.0,,0.99976104,840120233.0,ZTF24aabegmk
