tid,mjd,candid,fid,pid,diffmaglim,isdiffpos,nid,distnr,magpsf,magap,sigmapsf,sigmagap,ra,dec,rb,rbversion,magapbig,sigmagapbig,has_stamp,corrected,dubious,step_id_corr,phase,parent_candid,drb,rfid,oid
ztf,60319.151481499895,2565151482515015018,2,2565151482515,19.8023,1,2565,1.66819,17.9643,17.9909,0.053984,0.0594,86.7339038,18.3477399,0.887143,t17_f5_c3,18.0733,0.0816,False,False,False,23.12.x,0.0,2.565152892515015e+18,,,ZTF24aabgubu
ztf,60319.1519559999,2565151952515015015,2,2565151952515,19.4435,1,2565,1.88505,18.0422,18.056,0.064652,0.0904,86.7338177,18.347739,0.865714,t17_f5_c3,17.9645,0.1063,False,False,False,23.12.x,0.0,2.565152892515015e+18,,,ZTF24aabgubu
ztf,60319.15241899993,2565152412515015017,2,2565152412515,19.1732,1,2565,2.23482,17.9306,18.1493,0.085886,0.1311,86.7336931,18.3477484,0.922857,t17_f5_c3,18.0903,0.1591,False,False,False,23.12.x,0.0,2.565152892515015e+18,,,ZTF24aabgubu
ztf,60319.15289349994,2565152892515015007,2,2565152892515,18.834146,1,2565,2.55181,18.03412,18.0462,0.09610283,0.1481,86.7335543,18.3476934,0.79285717,t17_f5_c3,18.1332,0.2057,True,False,False,23.12.x,0.0,,0.99999404,562120225.0,ZTF24aabgubu
ztf,60319.15336810006,2565153362515015012,2,2565153362515,18.881481,1,2565,2.6891446,17.95773,18.0007,0.09073766,0.1424,86.7335068,18.3476924,0.8357143,t17_f5_c3,18.0966,0.1991,True,False,False,23.12.x,0.0,,0.99998796,562120225.0,ZTF24aabgubu
ztf,60319.15384260006,2565153842515015028,2,2565153842515,18.926914,1,2565,3.0678835,18.121164,18.1487,0.10572955,0.154,86.7333967,18.3477138,0.8428571,t17_f5_c3,18.1378,0.1956,True,False,False,23.12.x,0.0,,0.99996257,562120225.0,ZTF24aabgubu
ztf,60319.154305600096,2565154302515015011,2,2565154302515,19.042685,1,2565,3.3043234,17.932201,18.0836,0.08125016,0.1319,86.7333188,18.3477123,0.9014286,t17_f5_c3,18.0283,0.1607,True,False,False,23.12.x,0.0,,0.99999726,562120225.0,ZTF24aabgubu
ztf,60319.15479170019,2565154792515015017,2,2565154792515,19.152338,1,2565,3.7600377,17.960918,17.8251,0.07195794,0.0967,86.7331634,18.3476601,0.7814286,t17_f5_c3,17.7997,0.121,True,False,False,23.12.x,0.0,,0.9999952,562120225.0,ZTF24aabgubu
