tid,mjd,candid,fid,pid,diffmaglim,isdiffpos,nid,distnr,magpsf,magap,sigmapsf,sigmagap,ra,dec,rb,rbversion,magapbig,sigmagapbig,has_stamp,corrected,dubious,step_id_corr,phase,parent_candid,drb,rfid,oid
ztf,60319.32346059987,2565323465115015002,2,2565323465115,20.2199,1,2565,6.16329,19.4087,19.2461,0.126634,0.1566,91.5412007,21.7165916,0.781429,t17_f5_c3,19.2532,0.2019,False,False,True,23.12.x,0.0,2.565324875115015e+18,,,ZTF24aabkfeo
ztf,60319.323935199995,2565323935115015002,2,2565323935115,20.2172,1,2565,6.36565,19.494,19.4647,0.125185,0.1934,91.5411058,21.7165803,0.847143,t17_f5_c3,19.6535,0.2946,False,False,True,23.12.x,0.0,2.565324875115015e+18,,,ZTF24aabkfeo
ztf,60319.3244097,2565324405115015003,2,2565324405115,20.3416,1,2565,6.68871,19.4095,19.2567,0.130115,0.1475,91.5409867,21.7165859,0.842857,t17_f5_c3,19.2398,0.1859,False,False,True,23.12.x,0.0,2.565324875115015e+18,,,ZTF24aabkfeo
ztf,60319.32487270003,2565324875115015004,2,2565324875115,20.293333,1,2565,6.9716988,19.392982,19.3878,0.14157021,0.1685,91.5408643,21.7165702,0.80285716,t17_f5_c3,19.2215,0.1852,True,False,True,23.12.x,0.0,,0.9999796,562120251.0,ZTF24aabkfeo
ztf,60319.325347200036,2565325345115015004,2,2565325345115,20.2441,1,2565,7.21682,19.4499,19.3768,0.118095,0.1731,91.5407339,21.7165127,0.824286,t17_f5_c3,19.6171,0.2766,False,False,True,23.12.x,0.0,2.565326755115015e+18,,,ZTF24aabkfeo
ztf,60319.32582180016,2565325825115015001,2,2565325825115,20.267342,1,2565,7.5975046,19.412539,19.083,0.11933415,0.1324,91.5406359,21.7165689,0.6471428,t17_f5_c3,19.1512,0.1802,True,False,True,23.12.x,0.0,,0.9999802,562120251.0,ZTF24aabkfeo
ztf,60319.32628470007,2565326285115015004,2,2565326285115,20.331638,1,2565,7.827968,19.340588,19.4208,0.11616912,0.1712,91.5405141,21.7165089,0.8957143,t17_f5_c3,19.4602,0.2271,True,False,True,23.12.x,0.0,,0.9999999,562120251.0,ZTF24aabkfeo
ztf,60319.326759300195,2565326755115015003,2,2565326755115,20.260038,1,2565,8.252085,19.442207,19.4037,0.17469123,0.1745,91.5404152,21.7165894,0.7842857,t17_f5_c3,19.2754,0.1986,True,False,True,23.12.x,0.0,,0.99922204,562120251.0,ZTF24aabkfeo
