tid,mjd,candid,fid,pid,diffmaglim,isdiffpos,nid,distnr,magpsf,magap,sigmapsf,sigmagap,ra,dec,rb,rbversion,magapbig,sigmagapbig,has_stamp,corrected,dubious,step_id_corr,phase,parent_candid,drb,rfid,oid
ztf,60317.44707180001,2563447071515015008,2,2563447071515,19.725,1,2563,5.54326,19.2159,19.1297,0.154243,0.1701,93.2162555,15.8224686,0.61,t17_f5_c3,19.2835,0.251,False,False,True,23.12.x,0.0,2.563448001515015e+18,,,ZTF24aabbkth
ztf,60317.44754630001,2563447541515015013,2,2563447541515,19.6344,1,2563,5.31064,19.1622,19.2321,0.133664,0.1886,93.2161847,15.8224499,0.557143,t17_f5_c3,19.1072,0.2157,False,False,True,23.12.x,0.0,2.563449431515015e+18,,,ZTF24aabbkth
ztf,60317.448009300046,2563448001515015007,2,2563448001515,19.5972,1,2563,4.81917,19.1737,19.3637,0.155051,0.2137,93.216026,15.8224171,0.42,t17_f5_c3,19.21,0.238,False,False,True,23.12.x,0.0,2.563449431515015e+18,,,ZTF24aabbkth
ztf,60317.44848380005,2563448481515015008,2,2563448481515,19.5532,1,2563,4.81809,19.1672,19.1516,0.223807,0.1745,93.2159169,15.8225247,0.335714,t17_f5_c3,19.1743,0.2282,False,False,True,23.12.x,0.0,2.563449431515015e+18,,,ZTF24aabbkth
ztf,60317.448958300054,2563448951515015017,2,2563448951515,19.478544,1,2563,4.5095987,19.302654,19.3933,0.20815867,0.2201,93.2157543,15.822541,0.42571428,t17_f5_c3,19.4057,0.2854,True,False,True,23.12.x,0.0,,0.9467329,563120215.0,ZTF24aabbkth
ztf,60317.449432900175,2563449431515015010,2,2563449431515,19.502657,1,2563,4.562939,19.059881,18.9588,0.18918629,0.1471,93.2158033,15.8225212,0.43285716,t17_f5_c3,18.877,0.1748,True,False,True,23.12.x,0.0,,0.9789964,563120215.0,ZTF24aabbkth
ztf,60317.44989580009,2563449891515015007,2,2563449891515,19.6465,1,2563,4.01572,19.1971,19.1766,0.160766,0.1771,93.2156343,15.8224532,0.49,t17_f5_c3,19.2592,0.2449,False,False,True,23.12.x,0.0,2.563450371515015e+18,,,ZTF24aabbkth
ztf,60317.45037040021,2563450371515015008,2,2563450371515,19.69364,1,2563,3.7389343,19.228306,19.1838,0.15600055,0.1807,93.2155158,15.8224349,0.64857143,t17_f5_c3,19.0931,0.2131,True,False,True,23.12.x,0.0,,0.9998777,563120215.0,ZTF24aabbkth
ztf,60317.45083330013,2563450831515015009,2,2563450831515,19.553226,1,2563,3.6025496,19.044006,18.9063,0.17414063,0.144,93.215439,15.8224297,0.34285715,t17_f5_c3,18.7724,0.1633,True,False,True,23.12.x,0.0,,0.9995616,563120215.0,ZTF24aabbkth
