tid,mjd,candid,fid,pid,diffmaglim,isdiffpos,nid,distnr,magpsf,magap,sigmapsf,sigmagap,ra,dec,rb,rbversion,magapbig,sigmagapbig,has_stamp,corrected,dubious,step_id_corr,phase,parent_candid,drb,rfid,oid
ztf,60319.131215299945,2565131215015015026,2,2565131215015,19.5671,1,2565,1.80336,18.0423,18.0239,0.067113,0.0731,90.6295726,21.1358634,0.788571,t17_f5_c3,17.9785,0.0896,False,False,False,23.12.x,0.0,2.565132165015015e+18,,,ZTF24aabgglt
ztf,60319.13168979995,2565131685015015023,2,2565131685015,19.4675,1,2565,1.75712,18.0289,18.0851,0.08518,0.083,90.6295031,21.1359401,0.824286,t17_f5_c3,18.0542,0.1032,False,False,False,23.12.x,0.0,2.565132165015015e+18,,,ZTF24aabgglt
ztf,60319.13216440007,2565132165015015018,2,2565132165015,19.280924,1,2565,1.4852368,17.973322,18.0347,0.07421609,0.0892,90.6293127,21.1359935,0.79714286,t17_f5_c3,18.0431,0.115,True,False,False,23.12.x,0.0,,0.9999982,562120250.0,ZTF24aabgglt
ztf,60319.132638900075,2565132635015015019,2,2565132635015,19.480928,1,2565,1.493727,18.044802,18.0916,0.08615524,0.0794,90.6292919,21.1360042,0.7871429,t17_f5_c3,18.097,0.1021,True,False,False,23.12.x,0.0,,0.99999976,562120250.0,ZTF24aabgglt
ztf,60319.13310190011,2565133105015015026,2,2565133105015,19.6563,1,2565,1.6315,18.10557,18.2746,0.07822067,0.0863,90.6291729,21.136087,0.887143,t17_f5_c3,18.253,0.1083,True,False,False,23.12.x,0.0,,,,ZTF24aabgglt
ztf,60319.13357640011,2565133575015015021,2,2565133575015,19.69009,1,2565,1.7600346,18.040377,18.1243,0.070135206,0.0736,90.6290578,21.1361248,0.9085714,t17_f5_c3,18.1441,0.0958,True,False,False,23.12.x,0.0,,0.99999917,562120250.0,ZTF24aabgglt
ztf,60319.13405090012,2565134055015015021,2,2565134055015,19.53357,1,2565,2.037024,18.080595,18.0809,0.08517528,0.0837,90.6289504,21.1361878,0.8842857,t17_f5_c3,18.111,0.1102,True,False,False,23.12.x,0.0,,0.9999997,562120250.0,ZTF24aabgglt
