tid,mjd,candid,fid,pid,diffmaglim,isdiffpos,nid,distnr,magpsf,magap,sigmapsf,sigmagap,ra,dec,rb,rbversion,magapbig,sigmagapbig,has_stamp,corrected,dubious,step_id_corr,phase,parent_candid,drb,rfid,oid
ztf,60319.15241899993,2565152415715015004,2,2565152415715,18.7823,1,2565,4.92574,18.2936,18.4053,0.164961,0.2332,86.5529366,22.4862644,0.708571,t17_f5_c3,18.3598,0.2871,False,False,True,23.12.x,0.0,2.565153845715015e+18,,,ZTF24aabgviu
ztf,60319.15289349994,2565152895715015009,2,2565152895715,18.6568,1,2565,4.95623,18.2149,18.7345,0.148679,0.313,86.5529556,22.4861921,0.621429,t17_f5_c3,18.344,0.2808,False,False,True,23.12.x,0.0,2.565154305715015e+18,,,ZTF24aabgviu
ztf,60319.15336810006,2565153365715015003,2,2565153365715,18.6385,1,2565,5.52137,18.1745,18.1216,0.131401,0.1956,86.5527473,22.4862609,0.768571,t17_f5_c3,18.0025,0.2251,False,False,True,23.12.x,0.0,2.565153845715015e+18,,,ZTF24aabgviu
ztf,60319.15384260006,2565153845715015003,2,2565153845715,18.674168,1,2565,6.1025677,18.162367,18.3777,0.13043734,0.2436,86.5525366,22.4863779,0.82714283,t17_f5_c3,18.5106,0.3538,True,False,True,23.12.x,0.0,,0.9999995,562120257.0,ZTF24aabgviu
ztf,60319.154305600096,2565154305715015006,2,2565154305715,19.09792,1,2565,6.0775914,18.127518,18.0008,0.10875103,0.1135,86.5525523,22.4863439,0.72571427,t17_f5_c3,17.9323,0.1367,True,False,True,23.12.x,0.0,,0.9996057,562120257.0,ZTF24aabgviu
ztf,60319.15479170019,2565154795715015008,2,2565154795715,19.253416,1,2565,6.5716095,18.147314,17.9218,0.081439756,0.0936,86.5524098,22.4862939,0.6857143,t17_f5_c3,17.8688,0.1143,True,False,True,23.12.x,0.0,,0.99990535,562120257.0,ZTF24aabgviu
