tid,mjd,candid,fid,pid,diffmaglim,isdiffpos,nid,distnr,magpsf,magap,sigmapsf,sigmagap,ra,dec,rb,rbversion,magapbig,sigmagapbig,has_stamp,corrected,dubious,step_id_corr,phase,parent_candid,drb,rfid,oid
ztf,60319.283402800094,2565283402615015039,2,2565283402615,20.3615,1,2565,4.14151,19.2952,19.3373,0.091246,0.1497,86.5455063,17.3303854,0.918571,t17_f5_c3,19.4528,0.2133,False,False,False,23.12.x,0.0,2.565284812615015e+18,,,ZTF24aabjfkq
ztf,60319.2838773001,2565283872615015040,2,2565283872615,20.2992,1,2565,3.7918,19.3207,19.4786,0.096604,0.1733,86.5453989,17.3304267,0.91,t17_f5_c3,19.5975,0.2478,False,False,False,23.12.x,0.0,2.565285282615015e+18,,,ZTF24aabjfkq
ztf,60319.284814800136,2565284812615015040,2,2565284812615,20.30351,1,2565,3.190799,19.345507,19.4069,0.101303846,0.1672,86.5451729,17.3304744,0.91,t17_f5_c3,19.3241,0.1987,True,False,False,23.12.x,0.0,,0.99999976,562120226.0,ZTF24aabjfkq
ztf,60319.28528939979,2565285282615015048,2,2565285282615,20.361723,1,2565,2.9228647,19.373756,19.4534,0.09082722,0.1702,86.5451105,17.3305231,0.9071429,t17_f5_c3,19.6241,0.2548,True,False,False,23.12.x,0.0,,0.9999999,562120226.0,ZTF24aabjfkq
