tid,mjd,candid,fid,pid,diffmaglim,isdiffpos,nid,distnr,magpsf,magap,sigmapsf,sigmagap,ra,dec,rb,rbversion,magapbig,sigmagapbig,has_stamp,corrected,dubious,step_id_corr,phase,parent_candid,drb,rfid,oid
ztf,60317.19973379979,2563199734115015005,2,2563199734115,19.8457,1,2563,6.64883,15.8495,15.8531,0.027055,0.0088,94.116096,20.4959959,0.764286,t17_f5_c3,15.8433,0.0105,False,False,True,23.12.x,0.0,2.563201144115015e+18,,,ZTF24aaavbox
ztf,60317.20020829979,2563200204115015006,2,2563200204115,19.9424,1,2563,6.15126,15.8409,15.8455,0.024163,0.0083,94.1159427,20.4959917,0.798571,t17_f5_c3,15.8343,0.0099,False,False,True,23.12.x,0.0,2.563201144115015e+18,,,ZTF24aaavbox
ztf,60317.200682899915,2563200684115015008,2,2563200684115,20.0443,1,2563,5.75095,15.853,15.8526,0.022498,0.0081,94.1158219,20.4959965,0.851429,t17_f5_c3,15.8456,0.0097,False,False,True,23.12.x,0.0,2.563201144115015e+18,,,ZTF24aaavbox
ztf,60317.20114579983,2563201144115015008,2,2563201144115,20.017216,1,2563,5.305444,15.84784,15.8512,0.025564305,0.0082,94.1156866,20.4959964,0.8471429,t17_f5_c3,15.8397,0.0097,True,False,True,23.12.x,0.0,,0.99999917,563120241.0,ZTF24aaavbox
ztf,60317.20162039995,2563201624115015004,2,2563201624115,20.050917,1,2563,4.8514447,15.857374,15.8618,0.023284215,0.0082,94.115551,20.4959957,0.8742857,t17_f5_c3,15.8449,0.0096,True,False,False,23.12.x,0.0,,0.9999996,563120241.0,ZTF24aaavbox
ztf,60317.202094899956,2563202094115015008,2,2563202094115,19.963839,1,2563,4.417607,15.872044,15.861,0.027537858,0.0083,94.1154156,20.4959806,0.81142855,t17_f5_c3,15.8426,0.0099,True,False,False,23.12.x,0.0,,0.99999857,563120241.0,ZTF24aaavbox
ztf,60317.20255789999,2563202554115015008,2,2563202554115,19.96181,1,2563,4.0391827,15.850607,15.8656,0.023253448,0.0085,94.1152962,20.4959819,0.85571426,t17_f5_c3,15.8561,0.0102,True,False,False,23.12.x,0.0,,0.99999714,563120241.0,ZTF24aaavbox
ztf,60317.20303239999,2563203034115015009,2,2563203034115,19.96436,1,2563,3.5525894,15.861683,15.872,0.026140293,0.0085,94.1151483,20.4959743,0.8385714,t17_f5_c3,15.8542,0.0101,True,False,False,23.12.x,0.0,,0.9999947,563120241.0,ZTF24aaavbox
ztf,60317.2035069,2563203504115015007,2,2563203504115,20.056435,1,2563,3.1345017,15.890318,15.8842,0.023564676,0.0083,94.1150186,20.4959724,0.88714284,t17_f5_c3,15.8751,0.0099,True,False,False,23.12.x,0.0,,0.9999993,563120241.0,ZTF24aaavbox
