tid,mjd,candid,fid,pid,diffmaglim,isdiffpos,nid,distnr,magpsf,magpsf_corr,magap,sigmapsf,sigmapsf_corr,sigmapsf_corr_ext,sigmagap,ra,dec,rb,rbversion,drb,magapbig,sigmagapbig,rfid,has_stamp,corrected,dubious,step_id_corr,phase,oid
ztf,59550.555405099876,1796555403515015004,2,1796555403515,19.799555,1,1796,1.265383,17.492043,17.259548,17.5551,0.050271995,0.02942169,0.04058151,0.0516,225.5724935,11.9174943,0.9628571,t17_f5_c3,0.9998481,17.4821,0.0614,530120235,True,True,False,correction_1.0.6,0.0,ZTF21acrcncw
ztf,59550.55777780013,1796557773515015006,2,1796557773515,19.77122,1,1796,1.227221,17.472689,17.243898,17.4596,0.044147536,0.022797167,0.03575939,0.0511,225.5725001,11.9175112,0.9614286,t17_f5_c3,0.9991718,17.4884,0.0668,530120235,True,True,False,correction_1.0.6,0.0,ZTF21acrcncw
ztf,59550.56013889983,1796560133515015005,2,1796560133515,19.724531,1,1796,1.2378393,17.460526,17.234035,17.3795,0.058830593,0.03917982,0.047753707,0.0514,225.5724928,11.9175029,0.95714283,t17_f5_c3,0.99916553,17.3366,0.063,530120235,True,True,False,correction_1.0.6,0.0,ZTF21acrcncw
ztf,59550.56251160009,1796562513515015024,2,1796562513515,19.587189,1,1796,1.0735705,17.51022,17.274197,17.5572,0.055120084,0.03412326,0.044350743,0.0694,225.5724693,11.9175429,0.94714284,t17_f5_c3,0.8338964,17.4251,0.0786,530120235,True,True,False,correction_1.0.6,0.0,ZTF21acrcncw
ztf,59550.56488429988,1796564883515015005,2,1796564883515,19.212511,1,1796,1.147211,17.47706,17.247437,17.4448,0.052840315,0.032635726,0.042767733,0.0808,225.5724819,11.9175261,0.95857143,t17_f5_c3,0.999866,17.3571,0.0955,530120235,True,True,False,correction_1.0.6,0.0,ZTF21acrcncw
ztf,59600.49651619978,1846496513515015004,2,1846496513515,19.759321,1,1846,1.1477044,19.259182,18.39534,19.1456,0.14162688,100.0,0.06391592,0.2174,225.5725194,11.9175467,0.9685714,t17_f5_c3,0.89975274,19.0516,0.2557,530120235,True,True,False,correction_1.0.6,0.0,ZTF21acrcncw
