tid,mjd,candid,fid,pid,diffmaglim,isdiffpos,nid,distnr,magpsf,magap,sigmapsf,sigmagap,ra,dec,rb,rbversion,magapbig,sigmagapbig,has_stamp,corrected,dubious,step_id_corr,phase,parent_candid,drb,rfid,oid
ztf,60317.39146990003,2563391462015015005,2,2563391462015,20.298,1,2563,10.9585,19.7634,19.7777,0.154315,0.2166,97.252701,18.6685556,0.69,t17_f5_c3,19.8831,0.3077,False,False,True,23.12.x,0.0,2.563392882015015e+18,,,ZTF24aaazyud
ztf,60317.391944400035,2563391942015015003,2,2563391942015,20.1926,1,2563,10.5766,19.7844,19.7146,0.169442,0.2211,97.2525582,18.668577,0.54,t17_f5_c3,19.4953,0.2346,False,False,True,23.12.x,0.0,2.563393352015015e+18,,,ZTF24aaazyud
ztf,60317.39240740007,2563392402015015004,2,2563392402015,20.254,1,2563,10.3189,19.6581,19.9029,0.137057,0.2498,97.252482,18.6685565,0.685714,t17_f5_c3,19.9917,0.3535,False,False,True,23.12.x,0.0,2.563393352015015e+18,,,ZTF24aaazyud
ztf,60317.39288190007,2563392882015015004,2,2563392882015,20.0834,1,2563,9.73594,19.7074,19.9364,0.141051,0.2992,97.2523096,18.6685662,0.688571,t17_f5_c3,19.5709,0.2823,False,False,True,23.12.x,0.0,2.563393352015015e+18,,,ZTF24aaazyud
ztf,60317.39335650019,2563393352015015004,2,2563393352015,20.082968,1,2563,9.386223,19.597715,20.1634,0.14968282,0.3657,97.2521988,18.6686816,0.59,t17_f5_c3,19.7413,0.3308,True,False,True,23.12.x,0.0,,0.99554527,563120220.0,ZTF24aaazyud
ztf,60317.39381940011,2563393812015015006,2,2563393812015,20.07442,1,2563,9.023684,19.50228,20.0555,0.12205054,0.3294,97.2520969,18.6685796,0.6314286,t17_f5_c3,19.5652,0.2846,True,False,True,23.12.x,0.0,,0.9803732,563120220.0,ZTF24aaazyud
ztf,60317.39429400023,2563394292015015003,2,2563394292015,20.185774,1,2563,8.679493,19.69587,19.9136,0.15680394,0.2677,97.2519867,18.6686963,0.58,t17_f5_c3,19.7013,0.3017,True,False,True,23.12.x,0.0,,0.96888137,563120220.0,ZTF24aaazyud
ztf,60317.39476849977,2563394762015015005,2,2563394762015,20.206835,1,2563,8.214362,19.528608,19.5459,0.115488924,0.1908,97.2518523,18.6686713,0.7542857,t17_f5_c3,19.8262,0.3413,True,False,True,23.12.x,0.0,,0.9943713,563120220.0,ZTF24aaazyud
