tid,mjd,candid,fid,pid,diffmaglim,isdiffpos,nid,distnr,magpsf,magap,sigmapsf,sigmagap,ra,dec,rb,rbversion,magapbig,sigmagapbig,has_stamp,corrected,dubious,step_id_corr,phase,parent_candid,drb,rfid,oid
ztf,60319.29378469987,2565293781715015032,2,2565293781715,20.3813,1,2565,8.35771,19.191,19.0626,0.104885,0.1117,90.6656157,18.1507647,0.325714,t17_f5_c3,19.1672,0.1589,False,False,True,23.12.x,0.0,2.565295191715015e+18,,,ZTF24aabjkqu
ztf,60319.2942476999,2565294241715015025,2,2565294241715,20.2694,1,2565,7.99934,19.1121,19.0837,0.106676,0.1203,90.6655323,18.1508603,0.835714,t17_f5_c3,18.9929,0.1432,False,False,True,23.12.x,0.0,2.565295191715015e+18,,,ZTF24aabjkqu
ztf,60319.294722199906,2565294721715015028,2,2565294721715,20.4174,1,2565,7.57693,19.1332,19.0838,0.083351,0.1121,90.6654056,18.1508623,0.935714,t17_f5_c3,19.1289,0.1509,False,False,True,23.12.x,0.0,2.565296131715015e+18,,,ZTF24aabjkqu
ztf,60319.29519680003,2565295191715015022,2,2565295191715,20.315268,1,2565,7.130903,19.130926,19.1558,0.093003854,0.1254,90.6652771,18.1508818,0.9242857,t17_f5_c3,19.0823,0.1512,True,False,True,23.12.x,0.0,,0.99999964,562120217.0,ZTF24aabjkqu
ztf,60319.29565969994,2565295651715015032,2,2565295651715,20.223137,1,2565,6.876033,19.201033,19.1643,0.094818346,0.1318,90.6651923,18.1508712,0.9085714,t17_f5_c3,18.9479,0.1388,True,False,True,23.12.x,0.0,,0.99998945,562120217.0,ZTF24aabjkqu
ztf,60319.296134300064,2565296131715015031,2,2565296131715,20.206041,1,2565,6.428085,19.14409,18.9649,0.10673667,0.1107,90.6650707,18.1509157,0.8142857,t17_f5_c3,18.9253,0.1366,True,False,True,23.12.x,0.0,,0.9999582,562120217.0,ZTF24aabjkqu
ztf,60319.29660880007,2565296601715015026,2,2565296601715,20.247372,1,2565,6.0421257,19.228632,19.1162,0.11721629,0.1264,90.6649564,18.150925,0.8585714,t17_f5_c3,19.1407,0.1647,True,False,True,23.12.x,0.0,,0.9999786,562120217.0,ZTF24aabjkqu
