tid,mjd,candid,fid,pid,diffmaglim,isdiffpos,nid,distnr,magpsf,magap,sigmapsf,sigmagap,ra,dec,rb,rbversion,magapbig,sigmagapbig,has_stamp,corrected,dubious,step_id_corr,phase,parent_candid,drb,rfid,oid
ztf,60317.39429400023,2563394293315015004,2,2563394293315,20.1687,1,2563,7.2199,19.7273,19.6901,0.18483,0.2149,98.3282595,20.6621932,0.571429,t17_f5_c3,20.0572,0.3859,False,False,True,23.12.x,0.0,2.563395703315015e+18,,,ZTF24aababtt
ztf,60317.39476849977,2563394763315015007,2,2563394763315,20.228,1,2563,7.33245,19.5634,19.6835,0.138024,0.2032,98.3282362,20.6622322,0.741429,t17_f5_c3,19.6944,0.263,False,False,True,23.12.x,0.0,2.563395703315015e+18,,,ZTF24aababtt
ztf,60317.3952314998,2563395233315015005,2,2563395233315,20.2185,1,2563,7.98345,19.6424,20.0154,0.144858,0.2781,98.328032,20.6622432,0.635714,t17_f5_c3,19.8702,0.3123,False,False,True,23.12.x,0.0,2.563395703315015e+18,,,ZTF24aababtt
ztf,60317.39570599981,2563395703315015004,2,2563395703315,20.347145,1,2563,8.290481,19.724684,19.4793,0.12723136,0.1572,98.3279425,20.6622623,0.5814286,t17_f5_c3,19.3439,0.1779,True,False,True,23.12.x,0.0,,0.99999976,563120233.0,ZTF24aababtt
ztf,60317.39618059993,2563396183315015004,2,2563396183315,20.242527,1,2563,8.508394,19.65005,19.6917,0.15207659,0.2048,98.3277904,20.6622338,0.68,t17_f5_c3,19.639,0.2506,True,False,True,23.12.x,0.0,,0.9999979,563120233.0,ZTF24aababtt
ztf,60317.396643499844,2563396643315015004,2,2563396643315,20.17007,1,2563,8.186677,19.858433,19.6522,0.17221384,0.2062,98.3276976,20.662255,0.5114286,t17_f5_c3,19.2576,0.1843,True,False,True,23.12.x,0.0,,0.9999979,563120233.0,ZTF24aababtt
ztf,60317.397118099965,2563397113315015005,2,2563397113315,20.121899,1,2563,7.9152985,19.731466,19.6101,0.15084957,0.2071,98.3276115,20.662253,0.58,t17_f5_c3,19.5397,0.2492,True,False,True,23.12.x,0.0,,0.99999976,563120233.0,ZTF24aababtt
ztf,60317.39759259997,2563397593315015004,2,2563397593315,20.13161,1,2563,7.2899,19.7916,20.085,0.15533568,0.3132,98.3274298,20.6622929,0.60571426,t17_f5_c3,19.9773,0.3646,True,False,True,23.12.x,0.0,,1.0,563120233.0,ZTF24aababtt
