tid,mjd,candid,fid,pid,diffmaglim,isdiffpos,nid,distnr,magpsf,magap,sigmapsf,sigmagap,ra,dec,rb,rbversion,magapbig,sigmagapbig,has_stamp,corrected,dubious,step_id_corr,phase,parent_candid,drb,rfid,oid
ztf,60319.23770829989,2565237700715015006,2,2565237700715,20.1996,1,2565,6.31437,19.8158,20.5535,0.201956,0.4624,89.7676014,15.8533613,0.558571,t17_f5_c3,20.2779,0.4603,False,False,True,23.12.x,0.0,2.565239120715015e+18,,,ZTF24aabijoe
ztf,60319.23818290001,2565238180715015008,2,2565238180715,20.2474,1,2565,6.4133,19.7893,19.9228,0.173912,0.2529,89.7675717,15.8533683,0.711429,t17_f5_c3,19.5705,0.2345,False,False,True,23.12.x,0.0,2.565239120715015e+18,,,ZTF24aabijoe
ztf,60319.23865740001,2565238650715015010,2,2565238650715,20.231,1,2565,6.78325,19.6638,19.8628,0.142568,0.2408,89.7674684,15.8534255,0.78,t17_f5_c3,19.8885,0.3159,False,False,True,23.12.x,0.0,2.565240530715015e+18,,,ZTF24aabijoe
ztf,60319.239120400045,2565239120715015007,2,2565239120715,20.23756,1,2565,7.1179466,19.70627,19.5679,0.1549485,0.182,89.7673675,15.8534186,0.67,t17_f5_c3,19.7963,0.2873,True,False,True,23.12.x,0.0,,1.0,562120207.0,ZTF24aabijoe
ztf,60319.24053240009,2565240530715015009,2,2565240530715,20.23809,1,2565,8.07765,19.763756,19.9469,0.15301254,0.2574,89.7670981,15.8535376,0.75285715,t17_f5_c3,20.2031,0.4176,True,False,True,23.12.x,0.0,,1.0,562120207.0,ZTF24aabijoe
