tid,mjd,candid,fid,pid,diffmaglim,isdiffpos,nid,distnr,magpsf,magpsf_corr,magap,sigmapsf,sigmapsf_corr,sigmapsf_corr_ext,sigmagap,ra,dec,rb,rbversion,drb,magapbig,sigmagapbig,rfid,has_stamp,corrected,dubious,step_id_corr,phase,parent_candid,oid
ztf,61093.56865740009,3339568654115015004,2,3339568654115,18.842722,1,3339,0.007831479,18.486244,16.316801,18.4005,0.12751988,0.009110943,0.017290235,0.2422,267.1292823,-11.7701339,0.82714283,t17_f5_c3,0.99994856,18.4537,0.326,1375120241.0,True,True,False,27.5.7a32.dev1,0.0,,ZTF24aarwpbo
ztf,61096.546157400124,3342546154115015015,2,3342546154115,19.314087,1,3342,0.30831155,18.21582,16.275944,18.2279,0.10433866,0.010256589,0.017478114,0.1437,267.1293686,-11.7701593,0.7942857,t17_f5_c3,0.99999964,18.0896,0.1608,1375120241.0,True,True,False,27.5.7a32.dev1,0.0,,ZTF24aarwpbo
ztf,61099.54306709999,3345543064115015009,2,3345543064115,19.99431,1,3345,0.30240834,17.890453,16.214184,17.8823,0.074891314,0.008776055,0.01599276,0.0589,267.1293207,-11.7702094,0.8528572,t17_f5_c3,1.0,17.8995,0.0751,1375120241.0,True,True,False,27.5.7a32.dev1,0.0,,ZTF24aarwpbo
ztf,61099.54306709999,3345543064115025009,2,3345543064115,19.9943,1,3345,0.302408,17.8905,16.214193,17.8823,0.074891,0.008774783,0.015992165,0.0589,267.1293207,-11.7702094,0.852857,t17_f5_c3,,17.8995,0.0751,,False,True,False,27.5.7a32.dev1,0.0,3.351536434115015e+18,ZTF24aarwpbo
ztf,61100.541840299964,3346541844115015005,2,3346541844115,19.868885,1,3346,0.34507364,17.961472,16.228964,17.9588,0.07506327,0.0069264662,0.015220341,0.0715,267.129278,-11.7702363,0.86285716,t17_f5_c3,0.9999999,17.8798,0.084,1375120241.0,True,True,False,27.5.7a32.dev1,0.0,,ZTF24aarwpbo
ztf,61101.54112270009,3347541124115015002,2,3347541124115,18.894482,1,3347,0.07218496,17.799063,16.194012,17.9424,0.09662476,0.017697763,0.022032699,0.1394,267.1292957,-11.7701536,0.80142856,t17_f5_c3,0.99999964,18.1009,0.206,1375120241.0,True,True,False,27.5.7a32.dev1,0.0,,ZTF24aarwpbo
ztf,61105.5364351999,3351536434115015004,2,3351536434115,19.684286,1,3351,0.1094359,17.713379,16.17387,17.6692,0.07242811,0.011907981,0.017542977,0.0614,267.1292824,-11.7701695,0.91714287,t17_f5_c3,0.9999995,17.6236,0.0746,1375120241.0,True,True,False,27.5.7a32.dev1,0.0,,ZTF24aarwpbo
