tid,mjd,candid,fid,pid,diffmaglim,isdiffpos,nid,distnr,magpsf,magap,sigmapsf,sigmagap,ra,dec,rb,rbversion,magapbig,sigmagapbig,has_stamp,corrected,dubious,step_id_corr,phase,parent_candid,drb,rfid,oid
ztf,60319.18587959977,2565185870715015018,2,2565185870715,20.0258,1,2565,2.55479,18.7272,18.8223,0.087735,0.1049,89.3881951,15.6156194,0.884286,t17_f5_c3,18.7172,0.1214,False,False,False,23.12.x,0.0,2.565187760715015e+18,,,ZTF24aabhnko
ztf,60319.18635419989,2565186350715015011,2,2565186350715,20.0111,1,2565,2.34273,18.7095,18.7479,0.092906,0.0989,89.3881255,15.6156468,0.894286,t17_f5_c3,18.6696,0.1172,False,False,False,23.12.x,0.0,2.565187760715015e+18,,,ZTF24aabhnko
ztf,60319.186817099806,2565186810715015015,2,2565186810715,20.004,1,2565,2.16391,18.746,18.8899,0.079374,0.1123,89.3879994,15.6156382,0.877143,t17_f5_c3,19.0329,0.1634,False,False,False,23.12.x,0.0,2.565187760715015e+18,,,ZTF24aabhnko
ztf,60319.18729169993,2565187290715015012,2,2565187290715,19.9777,1,2565,2.04153,18.7435,18.8182,0.087194,0.1048,89.387923,15.615653,0.848571,t17_f5_c3,18.876,0.1408,False,False,False,23.12.x,0.0,2.565187760715015e+18,,,ZTF24aabhnko
ztf,60319.18776619993,2565187760715015015,2,2565187760715,20.007229,1,2565,1.9611632,18.757532,18.7125,0.09536107,0.0953,89.3878151,15.6156545,0.87857145,t17_f5_c3,18.6646,0.1164,True,False,False,23.12.x,0.0,,0.99999774,562120207.0,ZTF24aabhnko
ztf,60319.188240699936,2565188240715015016,2,2565188240715,20.144552,1,2565,1.9640375,18.759115,18.7745,0.09039704,0.0959,89.3877125,15.6156555,0.94142854,t17_f5_c3,18.7929,0.1245,True,False,False,23.12.x,0.0,,0.9999964,562120207.0,ZTF24aabhnko
ztf,60319.18870369997,2565188700715015014,2,2565188700715,20.058527,1,2565,1.9468809,18.70864,18.7743,0.07990465,0.0991,89.3876024,15.6156818,0.93142855,t17_f5_c3,18.905,0.1425,True,False,False,23.12.x,0.0,,1.0,562120207.0,ZTF24aabhnko
ztf,60319.18917819997,2565189170715015016,2,2565189170715,20.025537,1,2565,2.0474858,18.71451,18.8291,0.09737296,0.1048,89.3874962,15.6156929,0.8742857,t17_f5_c3,18.8087,0.1315,True,False,False,23.12.x,0.0,,0.9999996,562120207.0,ZTF24aabhnko
