tid,mjd,candid,fid,pid,diffmaglim,isdiffpos,nid,distnr,magpsf,magap,sigmapsf,sigmagap,ra,dec,rb,rbversion,magapbig,sigmagapbig,has_stamp,corrected,dubious,step_id_corr,phase,parent_candid,drb,rfid,oid
ztf,60319.15054399986,2565150546315015003,2,2565150546315,19.8209,1,2565,9.75907,19.1192,19.2061,0.128077,0.1713,85.5238841,21.6800685,0.712857,t17_f5_c3,18.9844,0.1793,False,False,True,23.12.x,0.0,2.565152416315015e+18,,,ZTF24aabguca
ztf,60319.1519559999,2565151956315015001,2,2565151956315,19.1177,1,2565,10.0906,19.1073,18.7663,0.23523,0.223,85.5235213,21.6799757,0.442857,t17_f5_c3,18.986,0.3503,False,False,True,23.12.x,0.0,2.565152416315015e+18,,,ZTF24aabguca
ztf,60319.15241899993,2565152416315015000,2,2565152416315,18.878548,1,2565,10.441547,18.944012,19.5099,0.17477578,0.5621,85.5234653,21.6800616,0.68857145,t17_f5_c3,19.6044,0.7875,True,False,True,23.12.x,0.0,,0.99912226,562120263.0,ZTF24aabguca
ztf,60319.15336810006,2565153366315015001,2,2565153366315,18.8148,1,2565,10.6279,19.0666,19.1995,0.281239,0.4354,85.5234246,21.6800985,0.552857,t17_f5_c3,18.8785,0.4167,False,False,True,23.12.x,0.0,2.565154306315015e+18,,,ZTF24aabguca
ztf,60319.15384260006,2565153846315015008,2,2565153846315,18.6762,1,2565,10.5287,18.9045,19.2043,0.223347,0.4982,85.5233389,21.6802113,0.557143,t17_f5_c3,19.3867,0.7571,False,False,True,23.12.x,0.0,2.565154306315015e+18,,,ZTF24aabguca
ztf,60319.154305600096,2565154306315015003,2,2565154306315,19.118368,1,2565,9.71541,19.067036,19.5617,0.19049601,0.4571,85.5230941,21.6801537,0.5957143,t17_f5_c3,19.1408,0.3985,True,False,True,23.12.x,0.0,,0.9883945,562120263.0,ZTF24aabguca
ztf,60319.15479170019,2565154796315015003,2,2565154796315,19.290789,1,2565,9.647298,19.245813,19.0901,0.19865748,0.2622,85.5230731,21.6801729,0.55285716,t17_f5_c3,19.0825,0.334,True,False,True,23.12.x,0.0,,0.99970996,562120263.0,ZTF24aabguca
