tid,mjd,candid,fid,pid,diffmaglim,isdiffpos,nid,distnr,magpsf,magap,sigmapsf,sigmagap,ra,dec,rb,rbversion,magapbig,sigmagapbig,has_stamp,corrected,dubious,step_id_corr,phase,parent_candid,drb,rfid,oid
ztf,60319.37435190007,2565374350215015049,2,2565374350215,20.0878,1,2565,2.36919,16.75,16.7295,0.038715,0.0177,91.1760277,15.4492697,0.897143,t17_f5_c3,16.7326,0.0219,False,False,False,23.12.x,0.0,2.565375760215015e+18,,,ZTF24aablany
ztf,60319.37481479999,2565374810215015024,2,2565374810215,20.1395,1,2565,2.84414,16.7492,16.7376,0.033957,0.0174,91.1759008,15.4492084,0.905714,t17_f5_c3,16.7247,0.0212,False,False,False,23.12.x,0.0,2.565375760215015e+18,,,ZTF24aablany
ztf,60319.37528940011,2565375280215015039,2,2565375280215,20.0631,1,2565,3.33963,16.7529,16.7592,0.03708,0.0181,91.175765,15.449165,0.905714,t17_f5_c3,16.7679,0.0225,False,False,False,23.12.x,0.0,2.565375760215015e+18,,,ZTF24aablany
ztf,60319.37576390011,2565375760215015033,2,2565375760215,20.103388,1,2565,3.824538,16.760431,16.7531,0.03285561,0.0179,91.1756385,15.4491065,0.9057143,t17_f5_c3,16.7049,0.0212,True,False,False,23.12.x,0.0,,0.999997,562120202.0,ZTF24aablany
ztf,60319.376226900145,2565376220215015041,2,2565376220215,20.063974,1,2565,4.300644,16.766356,16.7555,0.032839496,0.0181,91.1755048,15.4490727,0.9014286,t17_f5_c3,16.7558,0.0223,True,False,False,23.12.x,0.0,,0.99999964,562120202.0,ZTF24aablany
ztf,60319.37670140015,2565376700215015034,2,2565376700215,20.090456,1,2565,4.769699,16.76278,16.7598,0.03712639,0.0181,91.1753778,15.4490152,0.89,t17_f5_c3,16.7266,0.0218,True,False,False,23.12.x,0.0,,0.9999995,562120202.0,ZTF24aablany
ztf,60319.377175900154,2565377170215015028,2,2565377170215,20.006971,1,2565,5.238612,16.756542,16.7356,0.036310174,0.018,91.1752513,15.4489703,0.89285713,t17_f5_c3,16.7104,0.0218,True,False,False,23.12.x,0.0,,0.9999861,562120202.0,ZTF24aablany
ztf,60319.37763890019,2565377630215015031,2,2565377630215,20.015215,1,2565,5.77035,16.78785,16.7543,0.0382738,0.0183,91.1751022,15.448922,0.89,t17_f5_c3,16.746,0.0225,True,False,False,23.12.x,0.0,,0.9999995,562120202.0,ZTF24aablany
ztf,60319.37811340019,2565378110215015030,2,2565378110215,19.962368,1,2565,6.2219505,16.769327,16.7583,0.03855418,0.0185,91.1749799,15.4488774,0.8971428,t17_f5_c3,16.7294,0.0223,True,False,False,23.12.x,0.0,,0.9999999,562120202.0,ZTF24aablany
