tid,mjd,candid,fid,pid,diffmaglim,isdiffpos,nid,distnr,magpsf,magpsf_corr,magap,sigmapsf,sigmapsf_corr,sigmapsf_corr_ext,sigmagap,ra,dec,rb,rbversion,drb,magapbig,sigmagapbig,rfid,has_stamp,corrected,dubious,step_id_corr,phase,oid
ztf,61008.55679399986,3254556794115015001,2,3254556794115,19.942902,1,3254,0.459256,18.393885,17.214832,18.5007,0.08196121,0.015100447,0.027668595,0.1059,204.6113183,17.0768131,0.94,t17_f5_c3,0.9999988,18.4529,0.1287,1574120241,True,True,False,27.5.7a32.dev1,0.0,ZTF21aazouhj
ztf,61009.5548843001,3255554884115015000,2,3255554884115,20.023428,1,3255,0.31827712,18.378141,17.209492,18.3392,0.06905143,0.0046504163,0.023534918,0.0787,204.6113005,17.0767679,0.92714286,t17_f5_c3,1.0,18.3723,0.1024,1574120241,True,True,False,27.5.7a32.dev1,0.0,ZTF21aazouhj
ztf,61010.55459489999,3256554594115015000,2,3256554594115,19.901169,1,3256,0.28205034,18.381283,17.210562,18.359,0.07443743,0.010387576,0.025322273,0.0791,204.6112752,17.0767841,0.92142856,t17_f5_c3,0.9999994,18.4154,0.1051,1574120241,True,True,False,27.5.7a32.dev1,0.0,ZTF21aazouhj
ztf,61014.555717600044,3260555714115015000,2,3260555714115,18.87481,1,3260,0.6528298,18.180197,17.137897,18.3055,0.13101088,0.045275513,0.050163474,0.1262,204.6114078,17.0767073,0.5271429,t17_f5_c3,0.9974534,18.2962,0.1598,1574120241,True,True,False,27.5.7a32.dev1,0.0,ZTF21aazouhj
ztf,61015.556550899986,3261556554115015000,2,3261556554115,19.736628,1,3261,0.11545135,18.392012,17.2142,18.2803,0.06504151,100.0,0.021981917,0.1097,204.6112303,17.0767562,0.94285715,t17_f5_c3,0.9999999,18.3296,0.1464,1574120241,True,True,False,27.5.7a32.dev1,0.0,ZTF21aazouhj
ztf,61016.555705999956,3262555704115015000,2,3262555704115,19.565025,1,3262,1.196453,18.090416,17.102638,18.407,0.17361185,0.06669816,0.06989857,0.106,204.6113966,17.0770168,0.53571427,t17_f5_c3,0.9976603,18.4926,0.1461,1574120241,True,True,False,27.5.7a32.dev1,0.0,ZTF21aazouhj
ztf,61020.55697919987,3266556974115015001,2,3266556974115,20.137403,1,3266,0.17391673,18.425428,17.225378,18.3641,0.080275185,0.012587458,0.02658038,0.0882,204.6112523,17.0767631,0.91,t17_f5_c3,0.9999999,18.4099,0.1165,1574120241,True,True,False,27.5.7a32.dev1,0.0,ZTF21aazouhj
ztf,61021.55733799981,3267557334115015000,2,3267557334115,19.91005,1,3267,0.3992454,18.451853,17.234056,18.4919,0.0823692,0.012768298,0.026831588,0.1006,204.6113144,17.0767904,0.9242857,t17_f5_c3,1.0,18.5669,0.1367,1574120241,True,True,False,27.5.7a32.dev1,0.0,ZTF21aazouhj
