tid,mjd,candid,fid,pid,diffmaglim,isdiffpos,nid,distnr,magpsf,magap,sigmapsf,sigmagap,ra,dec,rb,rbversion,magapbig,sigmagapbig,has_stamp,corrected,dubious,step_id_corr,phase,parent_candid,drb,rfid,oid
ztf,60319.15101849986,2565151015415015025,2,2565151015415,19.6729,1,2565,8.82629,18.3369,18.2678,0.076327,0.086,88.9111653,21.0964091,0.868571,t17_f5_c3,18.1777,0.1012,False,False,True,23.12.x,0.0,2.565152415415015e+18,,,ZTF24aabguck
ztf,60319.151481499895,2565151485415015039,2,2565151485415,19.4934,1,2565,8.80632,18.3171,18.3517,0.087404,0.1072,88.9109712,21.0963873,0.852857,t17_f5_c3,18.4327,0.1477,False,False,True,23.12.x,0.0,2.565152415415015e+18,,,ZTF24aabguck
ztf,60319.1519559999,2565151955415015037,2,2565151955415,19.181246,1,2565,8.759025,18.284788,18.1495,0.110673085,0.1266,88.9108942,21.096364,0.8257143,t17_f5_c3,18.2136,0.1722,True,False,True,23.12.x,0.0,,0.9998221,562120254.0,ZTF24aabguck
ztf,60319.15241899993,2565152415415015036,2,2565152415415,18.925848,1,2565,8.779759,18.440067,18.3772,0.17322032,0.2018,88.9108069,21.0963527,0.52428573,t17_f5_c3,18.3954,0.2632,True,False,True,23.12.x,0.0,,0.99970996,562120254.0,ZTF24aabguck
ztf,60319.15289349994,2565152895415015014,2,2565152895415,18.581877,1,2565,9.106063,18.184374,18.1043,0.15410545,0.1934,88.9106361,21.0964159,0.76285714,t17_f5_c3,18.0467,0.2355,True,False,True,23.12.x,0.0,,0.99997133,562120254.0,ZTF24aabguck
ztf,60319.15336810006,2565153365415015024,2,2565153365415,18.819475,1,2565,8.879798,18.391537,18.4789,0.13560797,0.2302,88.9105501,21.0963258,0.8,t17_f5_c3,18.5911,0.3276,True,False,True,23.12.x,0.0,,0.9999702,562120254.0,ZTF24aabguck
ztf,60319.15384260006,2565153845415015007,2,2565153845415,18.605413,1,2565,9.095784,18.219385,18.1754,0.15573975,0.2199,88.9104664,21.0963667,0.83428574,t17_f5_c3,18.1807,0.2836,True,False,True,23.12.x,0.0,,0.9997375,562120254.0,ZTF24aabguck
ztf,60319.154305600096,2565154305415015013,2,2565154305415,19.018892,1,2565,9.157828,18.211025,18.1978,0.1130717,0.1513,88.9103042,21.0963293,0.89285713,t17_f5_c3,18.0705,0.1726,True,False,True,23.12.x,0.0,,0.999988,562120254.0,ZTF24aabguck
