tid,mjd,candid,fid,pid,diffmaglim,isdiffpos,nid,distnr,magpsf,magpsf_corr,magap,sigmapsf,sigmapsf_corr,sigmapsf_corr_ext,sigmagap,ra,dec,rb,rbversion,drb,magapbig,sigmagapbig,rfid,has_stamp,corrected,dubious,step_id_corr,phase,oid
ztf,61058.57614579983,3304576140215015030,2,3304576140215,18.548952,1,3304,0.034948934,16.480827,15.224975,16.7164,0.06804376,100.0,0.02140164,0.0707,264.0104763,-16.9958892,0.67714286,t17_f5_c3,0.99918616,16.7303,0.0917,1374120202,True,True,False,27.5.7a32.dev1,0.0,ZTF22acbriat
ztf,61058.58155089989,3304581550215015066,2,3304581550215,17.772863,1,3304,0.057663977,16.770678,15.308087,16.6817,0.07064544,100.0,0.018367408,0.1399,264.0104525,-16.9959012,0.56142855,t17_f5_c3,0.99394953,16.7105,0.1834,1374120202,True,True,False,27.5.7a32.dev1,0.0,ZTF22acbriat
ztf,61080.55879630009,3326558790215010040,2,3326558790215,19.587738,-1,3326,0.045712292,16.445889,16.332233,16.5707,0.048718147,100.0,0.043876156,0.0297,264.0104565,-16.9958928,0.78,t17_f5_c3,0.99991345,16.6415,0.0403,1374120202,True,True,False,27.5.7a32.dev1,0.0,ZTF22acbriat
ztf,61085.55582180014,3331555825315010008,2,3331555825315,20.259308,-1,3331,0.11002246,16.186253,16.421629,16.1382,0.042701617,0.02832591,0.05303897,0.0143,264.0104437,-16.9958905,0.69142854,t17_f5_c3,0.998706,16.2276,0.0192,1323120253,True,True,False,27.5.7a32.dev1,0.0,ZTF22acbriat
ztf,61099.54115739977,3345541150215010065,2,3345541150215,20.127619,-1,3345,0.031639993,16.031715,16.920435,16.1073,0.05582384,0.06628496,0.12656328,0.0139,264.0104784,-16.9958915,0.7342857,t17_f5_c3,0.99930525,16.0517,0.0172,1374120202,True,True,False,27.5.7a32.dev1,0.0,ZTF22acbriat
ztf,61099.541631899774,3345541635315010007,2,3345541635315,19.772861,-1,3345,0.049416132,15.856371,17.053083,15.9436,0.03855465,0.08390566,0.116081156,0.0142,264.0104405,-16.9958734,0.7285714,t17_f5_c3,0.99989957,16.0019,0.0194,1323120253,True,True,False,27.5.7a32.dev1,0.0,ZTF22acbriat
ztf,61100.54039350012,3346540395315010011,2,3346540395315,19.270214,-1,3346,0.027036658,15.798329,17.2493,15.8557,0.04086831,0.12226561,0.155516,0.0177,264.0104491,-16.995867,0.75142854,t17_f5_c3,0.9999922,15.8398,0.0224,1323120253,True,True,False,27.5.7a32.dev1,0.0,ZTF22acbriat
