tid,mjd,candid,fid,pid,diffmaglim,isdiffpos,nid,distnr,magpsf,magap,sigmapsf,sigmagap,ra,dec,rb,rbversion,magapbig,sigmagapbig,has_stamp,corrected,dubious,step_id_corr,phase,parent_candid,drb,rfid,oid
ztf,60319.27209489979,2565272093615015028,2,2565272093615,20.4271,1,2565,8.5138,18.7381,18.5972,0.073801,0.0706,90.0895018,20.1150137,0.921429,t17_f5_c3,18.5945,0.0896,False,False,True,23.12.x,0.0,2.565273963615015e+18,,,ZTF24aabiylq
ztf,60319.27256939979,2565272563615015028,2,2565272563615,20.4892,1,2565,8.40018,18.6743,18.7478,0.070505,0.0785,90.089423,20.115048,0.971429,t17_f5_c3,18.7373,0.099,False,False,True,23.12.x,0.0,2.565273963615015e+18,,,ZTF24aabiylq
ztf,60319.273032399826,2565273033615015036,2,2565273033615,20.4549,1,2565,8.30797,18.6454,18.6454,0.079272,0.0745,90.0893161,20.1150755,0.96,t17_f5_c3,18.6996,0.0996,False,False,True,23.12.x,0.0,2.565273963615015e+18,,,ZTF24aabiylq
ztf,60319.27350689983,2565273503615015033,2,2565273503615,20.4697,1,2565,8.30499,18.6334,18.6762,0.070998,0.0749,90.0892181,20.1150863,0.977143,t17_f5_c3,18.6799,0.0957,False,False,True,23.12.x,0.0,2.565273963615015e+18,,,ZTF24aabiylq
ztf,60319.27396989986,2565273963615015024,2,2565273963615,20.464178,1,2565,8.375223,18.68695,18.551,0.07291471,0.0666,90.0891106,20.1150769,0.9342857,t17_f5_c3,18.5161,0.0821,True,False,True,23.12.x,0.0,,0.99999875,562120236.0,ZTF24aabiylq
ztf,60319.27444439987,2565274443615015033,2,2565274443615,20.3679,1,2565,8.39167,18.6725,18.5623,0.063707,0.0707,90.0890211,20.1150898,0.934286,t17_f5_c3,18.5139,0.0861,False,False,True,23.12.x,0.0,2.565274913615015e+18,,,ZTF24aabiylq
ztf,60319.27491899999,2565274913615015029,2,2565274913615,20.458881,1,2565,8.336904,18.674553,18.8074,0.06998468,0.0844,90.0889039,20.1151278,0.9657143,t17_f5_c3,18.7842,0.1053,True,False,True,23.12.x,0.0,,0.9999995,562120236.0,ZTF24aabiylq
ztf,60319.275381899904,2565275383615015030,2,2565275383615,20.288525,1,2565,8.443803,18.685331,18.6275,0.080145776,0.0786,90.0887968,20.1151274,0.9442857,t17_f5_c3,18.7597,0.1131,True,False,True,23.12.x,0.0,,0.99999607,562120236.0,ZTF24aabiylq
ztf,60319.275856500026,2565275853615015032,2,2565275853615,20.30444,1,2565,8.56802,18.637194,18.5304,0.073530436,0.0711,90.0886898,20.1151164,0.92142856,t17_f5_c3,18.5729,0.094,True,False,True,23.12.x,0.0,,0.99999905,562120236.0,ZTF24aabiylq
