tid,mjd,candid,fid,pid,diffmaglim,isdiffpos,nid,distnr,magpsf,magap,sigmapsf,sigmagap,ra,dec,rb,rbversion,magapbig,sigmagapbig,has_stamp,corrected,dubious,step_id_corr,phase,parent_candid,drb,rfid,oid
ztf,60319.18870369997,2565188703915015001,2,2565188703915,19.9989,1,2565,5.98759,18.9509,18.9525,0.093444,0.1168,89.7178296,19.8393887,0.727143,t17_f5_c3,19.0266,0.1599,False,False,True,23.12.x,0.0,2.565190113915015e+18,,,ZTF24aabhmta
ztf,60319.18917819997,2565189173915015001,2,2565189173915,19.9054,1,2565,6.05059,19.045,19.2798,0.109335,0.1645,89.7176579,19.8394866,0.74,t17_f5_c3,19.1913,0.1944,False,False,True,23.12.x,0.0,2.565190113915015e+18,,,ZTF24aabhmta
ztf,60319.189652800094,2565189653915015001,2,2565189653915,19.927752,1,2565,5.835866,18.946556,19.0215,0.11317749,0.1309,89.7175801,19.8394484,0.75,t17_f5_c3,19.0383,0.1702,True,False,True,23.12.x,0.0,,0.9999186,562120239.0,ZTF24aabhmta
ztf,60319.19011570001,2565190113915015001,2,2565190113915,20.047045,1,2565,5.7943206,19.000607,19.1087,0.08838471,0.1355,89.7174145,19.8394878,0.81857145,t17_f5_c3,19.1545,0.1808,True,False,True,23.12.x,0.0,,0.9999913,562120239.0,ZTF24aabhmta
ztf,60319.19059030013,2565190593915015001,2,2565190593915,19.976912,1,2565,5.8027544,19.029493,19.0212,0.0970739,0.1301,89.7172979,19.8395135,0.7757143,t17_f5_c3,18.9865,0.1615,True,False,True,23.12.x,0.0,,0.99967897,562120239.0,ZTF24aabhmta
ztf,60319.191064800136,2565191063915015000,2,2565191063915,19.95,1,2565,5.79872,19.0739,19.0197,0.100073,0.1313,89.7172059,19.8395279,0.797143,t17_f5_c3,19.0532,0.1735,False,False,True,23.12.x,0.0,2.565192003915015e+18,,,ZTF24aabhmta
ztf,60319.19152780017,2565191523915015000,2,2565191523915,19.92875,1,2565,5.3687735,19.053549,19.1892,0.11648556,0.1569,89.7170673,19.8394196,0.7728571,t17_f5_c3,19.2115,0.2049,True,False,True,23.12.x,0.0,,0.9999101,562120239.0,ZTF24aabhmta
ztf,60319.19200230017,2565192003915015001,2,2565192003915,20.01282,1,2565,5.7044816,19.01782,18.9503,0.09500903,0.1186,89.7170054,19.8395162,0.8042857,t17_f5_c3,19.0662,0.1686,True,False,True,23.12.x,0.0,,0.99996996,562120239.0,ZTF24aabhmta
