tid,mjd,candid,fid,pid,diffmaglim,isdiffpos,nid,distnr,magpsf,magap,sigmapsf,sigmagap,ra,dec,rb,rbversion,magapbig,sigmagapbig,has_stamp,corrected,dubious,step_id_corr,phase,parent_candid,drb,rfid,oid
ztf,60319.23111109994,2565231113015015027,2,2565231113015,20.0507,1,2565,6.30391,19.5848,19.3382,0.186283,0.1539,84.7650695,17.3857109,0.555714,t17_f5_c3,19.3739,0.2035,False,False,True,23.12.x,0.0,2.565232523015015e+18,,,ZTF24aabigyz
ztf,60319.23158559995,2565231583015015040,2,2565231583015,20.0582,1,2565,5.79575,19.7812,19.5578,0.186886,0.1897,84.7649534,17.3855563,0.555714,t17_f5_c3,19.5313,0.2373,False,False,True,23.12.x,0.0,2.565232523015015e+18,,,ZTF24aabigyz
ztf,60319.23206020007,2565232063015015045,2,2565232063015,20.0439,1,2565,6.48756,19.5463,19.4496,0.149498,0.1751,84.7649043,17.3857456,0.717143,t17_f5_c3,19.5546,0.2468,False,False,True,23.12.x,0.0,2.565233473015015e+18,,,ZTF24aabigyz
ztf,60319.232523099985,2565232523015015032,2,2565232523015,20.120726,1,2565,6.160772,19.578777,19.5925,0.16520163,0.1959,84.7647721,17.3856276,0.76714283,t17_f5_c3,19.6502,0.2645,True,False,True,23.12.x,0.0,,0.9983921,562120230.0,ZTF24aabigyz
ztf,60319.232997700106,2565232993015015041,2,2565232993015,20.0815,1,2565,6.1657,19.6523,19.6045,0.150688,0.1988,84.7646543,17.385599,0.748571,t17_f5_c3,19.6509,0.2657,False,False,True,23.12.x,0.0,2.565233933015015e+18,,,ZTF24aabigyz
ztf,60319.23347220011,2565233473015015049,2,2565233473015,20.077387,1,2565,6.2982607,19.709745,19.7716,0.18340218,0.2298,84.7645102,17.3855914,0.64,t17_f5_c3,19.668,0.2679,True,False,True,23.12.x,0.0,,0.9985343,562120230.0,ZTF24aabigyz
ztf,60319.23393520014,2565233933015015043,2,2565233933015,20.110798,1,2565,6.1194625,19.692865,19.5978,0.14207965,0.1942,84.7644814,17.3855259,0.70285714,t17_f5_c3,19.3195,0.1928,True,False,True,23.12.x,0.0,,0.9999826,562120230.0,ZTF24aabigyz
ztf,60319.23440970015,2565234403015015029,2,2565234403015,20.126331,1,2565,5.8490005,19.654325,19.502,0.14435372,0.1776,84.764324,17.3855317,0.59,t17_f5_c3,19.4025,0.2076,True,False,True,23.12.x,0.0,,0.9998932,562120230.0,ZTF24aabigyz
