tid,mjd,candid,fid,pid,diffmaglim,isdiffpos,nid,distnr,magpsf,magap,sigmapsf,sigmagap,ra,dec,rb,rbversion,magapbig,sigmagapbig,has_stamp,corrected,dubious,step_id_corr,phase,parent_candid,drb,rfid,oid
ztf,60319.245243099984,2565245243415015014,2,2565245243415,19.997,1,2565,2.93989,18.7193,18.5788,0.097826,0.0799,90.8573967,19.2010671,0.572857,t17_f5_c3,18.4766,0.0924,False,False,False,23.12.x,0.0,2.565246653415015e+18,,,ZTF24aabilor
ztf,60319.24571759999,2565245713415015028,2,2565245713415,19.9614,1,2565,2.96394,18.8192,18.6817,0.118064,0.089,90.8572635,19.2010795,0.534286,t17_f5_c3,18.6173,0.1066,False,False,False,23.12.x,0.0,2.565246653415015e+18,,,ZTF24aabilor
ztf,60319.24618060002,2565246183415015029,2,2565246183415,20.0437,1,2565,3.28041,18.8181,18.6952,0.090488,0.0869,90.8571361,19.2010222,0.652857,t17_f5_c3,18.6367,0.1045,False,False,False,23.12.x,0.0,2.565246653415015e+18,,,ZTF24aabilor
ztf,60319.246655100025,2565246653415015029,2,2565246653415,20.043032,1,2565,3.5088756,18.726418,18.6696,0.07384261,0.0859,90.8570301,19.2009944,0.74285716,t17_f5_c3,18.5448,0.0973,True,False,False,23.12.x,0.0,,0.99999857,562120234.0,ZTF24aabilor
ztf,60319.24711810006,2565247113415015029,2,2565247113415,20.035164,1,2565,3.906939,18.710447,18.5052,0.08670348,0.0756,90.8568602,19.2009521,0.6185714,t17_f5_c3,18.4585,0.0919,True,False,False,23.12.x,0.0,,0.99992335,562120234.0,ZTF24aabilor
ztf,60319.24759260006,2565247593415015024,2,2565247593415,20.0843,1,2565,4.26182,18.7289,18.6048,0.10197,0.0794,90.8567328,19.2009103,0.741429,t17_f5_c3,18.5234,0.0934,False,False,False,23.12.x,0.0,2.565248063415015e+18,,,ZTF24aabilor
ztf,60319.24806710007,2565248063415015034,2,2565248063415,20.135199,1,2565,4.5366125,18.80211,18.6381,0.088620774,0.0815,90.8566496,19.2008712,0.71,t17_f5_c3,18.5834,0.0984,True,False,False,23.12.x,0.0,,0.9999955,562120234.0,ZTF24aabilor
