tid,mjd,candid,fid,pid,diffmaglim,isdiffpos,nid,distnr,magpsf,magap,sigmapsf,sigmagap,ra,dec,rb,rbversion,magapbig,sigmagapbig,has_stamp,corrected,dubious,step_id_corr,phase,parent_candid,drb,rfid,oid
ztf,60319.38753469987,2565387535115015007,2,2565387535115,20.0323,1,2565,4.36471,19.0544,19.2487,0.097635,0.1841,92.1775717,21.5868701,0.911429,t17_f5_c3,19.1847,0.2221,False,False,False,23.12.x,0.0,2.565388945115015e+18,,,ZTF24aablijj
ztf,60319.38800929999,2565388005115015007,2,2565388005115,19.9869,1,2565,4.1954,19.1126,18.9986,0.114768,0.1437,92.1774518,21.5868591,0.877143,t17_f5_c3,18.9344,0.1731,False,False,False,23.12.x,0.0,2.565388945115015e+18,,,ZTF24aablijj
ztf,60319.388472199906,2565388475115015010,2,2565388475115,20.0969,1,2565,4.04219,18.9725,18.752,0.103805,0.1102,92.1773079,21.5868402,0.834286,t17_f5_c3,18.7983,0.1467,False,False,False,23.12.x,0.0,2.565388945115015e+18,,,ZTF24aablijj
ztf,60319.38894680003,2565388945115015008,2,2565388945115,19.993196,1,2565,3.5589814,18.983688,18.9202,0.10879404,0.1312,92.1771577,21.5869322,0.89857143,t17_f5_c3,18.8977,0.1641,True,False,False,23.12.x,0.0,,0.9999993,562120251.0,ZTF24aablijj
ztf,60319.38942130003,2565389425115015007,2,2565389425115,19.925657,1,2565,3.7329862,19.000017,19.0038,0.1271741,0.1515,92.1770739,21.5868635,0.91571426,t17_f5_c3,18.9498,0.1842,True,False,False,23.12.x,0.0,,0.9999994,562120251.0,ZTF24aablijj
ztf,60319.389895800035,2565389895115015008,2,2565389895115,19.990032,1,2565,3.5301127,18.96156,18.9303,0.10597374,0.132,92.1769251,21.5868984,0.87714285,t17_f5_c3,18.8869,0.162,True,False,False,23.12.x,0.0,,0.9999467,562120251.0,ZTF24aablijj
ztf,60319.39035880007,2565390355115015009,2,2565390355115,20.051233,1,2565,3.5785,18.869652,18.8889,0.1083638,0.1262,92.1768291,21.5868834,0.9057143,t17_f5_c3,18.9266,0.1668,True,False,False,23.12.x,0.0,,0.9999869,562120251.0,ZTF24aablijj
