tid,mjd,candid,fid,pid,diffmaglim,isdiffpos,nid,distnr,magpsf,magap,sigmapsf,sigmagap,ra,dec,rb,rbversion,magapbig,sigmagapbig,has_stamp,corrected,dubious,step_id_corr,phase,parent_candid,drb,rfid,oid
ztf,60319.300844899844,2565300842715015024,2,2565300842715,20.3048,1,2565,5.68812,19.6729,19.3655,0.110163,0.1537,88.2835794,17.1788321,0.61,t17_f5_c3,19.2007,0.171,False,False,False,23.12.x,0.0,2.565301792715015e+18,,,ZTF24aabjoau
ztf,60319.30131939985,2565301312715015026,2,2565301312715,20.3095,1,2565,5.60603,19.7621,19.7967,0.12998,0.2302,88.2834811,17.1788879,0.708571,t17_f5_c3,19.5368,0.2341,False,False,False,23.12.x,0.0,2.565302732715015e+18,,,ZTF24aabjoau
ztf,60319.30179399997,2565301792715015022,2,2565301792715,20.305798,1,2565,5.432719,19.69612,19.6538,0.13910659,0.2038,88.2833278,17.1789808,0.68857145,t17_f5_c3,19.3467,0.198,True,False,False,23.12.x,0.0,,0.99974775,562120227.0,ZTF24aabjoau
ztf,60319.302256899886,2565302252715015031,2,2565302252715,20.344503,1,2565,5.4915195,19.70516,19.32,0.12301374,0.1494,88.2832242,17.1789981,0.5157143,t17_f5_c3,19.1321,0.1614,True,False,False,23.12.x,0.0,,0.99994063,562120227.0,ZTF24aabjoau
ztf,60319.30273150001,2565302732715015029,2,2565302732715,20.337587,1,2565,5.3060503,19.844292,19.8687,0.13227165,0.2424,88.2831275,17.1791016,0.69,t17_f5_c3,20.1006,0.3851,True,False,False,23.12.x,0.0,,0.9999993,562120227.0,ZTF24aabjoau
ztf,60319.30320600001,2565303202715015028,2,2565303202715,20.341213,1,2565,5.5539265,19.705578,19.6362,0.105453126,0.1959,88.2830457,17.1790629,0.7442857,t17_f5_c3,19.386,0.2003,True,False,False,23.12.x,0.0,,0.9999479,562120227.0,ZTF24aabjoau
ztf,60319.303669000044,2565303662715015021,2,2565303662715,20.264936,1,2565,5.5040746,19.78762,19.7575,0.14591925,0.2195,88.2829491,17.1791341,0.61142856,t17_f5_c3,19.7375,0.2771,True,False,False,23.12.x,0.0,,0.9991795,562120227.0,ZTF24aabjoau
ztf,60319.30414350005,2565304142715015025,2,2565304142715,20.286654,1,2565,5.462901,19.744251,19.6534,0.15414052,0.2057,88.2828331,17.1792285,0.63,t17_f5_c3,19.5017,0.2299,True,False,False,23.12.x,0.0,,0.99754536,562120227.0,ZTF24aabjoau
