tid,mjd,candid,fid,pid,diffmaglim,isdiffpos,nid,distnr,magpsf,magap,sigmapsf,sigmagap,ra,dec,rb,rbversion,magapbig,sigmagapbig,has_stamp,corrected,dubious,step_id_corr,phase,parent_candid,drb,rfid,oid
ztf,60317.4253934999,2563425395315015024,2,2563425395315,19.8466,1,2563,7.29048,18.9978,19.1705,0.085189,0.1755,96.2604708,22.1607415,0.741429,t17_f5_c3,19.1204,0.2152,False,False,True,23.12.x,0.0,2.563426805315015e+18,,,ZTF24aabayne
ztf,60317.42586810002,2563425865315015027,2,2563425865315,19.894999,1,2563,7.5829067,18.989511,19.0574,0.10880107,0.1534,96.2603089,22.1607484,0.69142854,t17_f5_c3,19.1729,0.2188,True,False,True,23.12.x,0.0,,0.9996653,563120253.0,ZTF24aabayne
ztf,60317.426342600025,2563426345315015036,2,2563426345315,19.85254,1,2563,7.496082,19.043457,19.011,0.094082244,0.1507,96.2602471,22.1606805,0.71,t17_f5_c3,19.1026,0.2104,True,False,True,23.12.x,0.0,,0.99994206,563120253.0,ZTF24aabayne
ztf,60317.42680560006,2563426805315015022,2,2563426805315,19.721207,1,2563,7.84162,18.999865,18.9616,0.08937969,0.1579,96.2600917,22.1606935,0.75285715,t17_f5_c3,19.1175,0.2338,True,False,True,23.12.x,0.0,,0.9995439,563120253.0,ZTF24aabayne
ztf,60317.42728010006,2563427285315015034,2,2563427285315,19.8278,1,2563,8.14698,18.9834,18.7641,0.09004,0.1223,96.2599591,22.1607062,0.68,t17_f5_c3,18.8222,0.1654,False,False,True,23.12.x,0.0,2.563427755315015e+18,,,ZTF24aabayne
ztf,60317.42775460007,2563427755315015020,2,2563427755315,19.860806,1,2563,8.37983,19.011742,19.1703,0.1059823,0.1732,96.2598388,22.1606956,0.76857144,t17_f5_c3,19.2739,0.2444,True,False,True,23.12.x,0.0,,0.9981257,563120253.0,ZTF24aabayne
