tid,mjd,candid,fid,pid,diffmaglim,isdiffpos,nid,distnr,magpsf,magpsf_corr,magap,sigmapsf,sigmapsf_corr,sigmapsf_corr_ext,sigmagap,ra,dec,rb,rbversion,magapbig,sigmagapbig,has_stamp,corrected,dubious,step_id_corr,phase,parent_candid,drb,rfid,oid
ztf,60624.548101900145,2870548105615015006,2,2870548105615,18.4314,1,2870,0.783345,18.9542,18.876337,18.1179,0.225585,0.20973024,0.20997348,0.2639,205.9332736,18.9301048,0.261429,t17_f5_c3,18.1468,0.3484,False,True,False,25.0.0,0.0,2.871547895615015e+18,,,ZTF22aajnfij
ztf,60625.547893499956,2871547895615015001,2,2871547895615,19.257437,1,2871,0.5429087,18.94446,18.867268,18.6945,0.13476142,0.12511231,0.1255129,0.2023,205.9331894,18.9301473,0.77428573,t17_f5_c3,18.5131,0.2197,True,True,False,25.0.0,0.0,,0.9998853,1574120256.0,ZTF22aajnfij
ztf,61008.55679399986,3254556795615015001,2,3254556795615,19.906187,1,3254,0.57049334,18.522781,18.46984,18.6315,0.067954555,0.064346366,0.064720444,0.1221,205.9331979,18.9301481,0.95285714,t17_f5_c3,18.5723,0.1479,True,True,False,27.5.7a32.dev1,0.0,,0.9999995,1574120256.0,ZTF22aajnfij
ztf,61009.5548843001,3255554885615015005,2,3255554885615,20.054829,1,3255,0.55700415,18.838415,18.768177,18.7376,0.092762806,0.086469546,0.08695188,0.1105,205.9331967,18.9301407,0.92714286,t17_f5_c3,18.7442,0.1421,True,True,False,27.5.7a32.dev1,0.0,,0.9999865,1574120256.0,ZTF22aajnfij
ztf,61010.55459489999,3256554595615015005,2,3256554595615,19.848274,1,3256,0.54893,18.962057,18.883648,18.9277,0.11231135,0.10399005,0.104486376,0.1334,205.9331947,18.9301393,0.89857143,t17_f5_c3,18.9087,0.1678,True,True,False,27.5.7a32.dev1,0.0,,0.99999523,1574120256.0,ZTF22aajnfij
ztf,61015.556550899986,3261556555615015001,2,3261556555615,19.625685,1,3261,0.40828583,18.618774,18.561066,18.6569,0.09357885,0.08841243,0.08873485,0.1647,205.9331477,18.9301417,0.91,t17_f5_c3,18.6567,0.2112,True,True,False,27.5.7a32.dev1,0.0,,0.9999956,1574120256.0,ZTF22aajnfij
ztf,61020.55697919987,3266556975615015002,2,3266556975615,20.198208,1,3266,0.5932953,18.731241,18.667416,18.6195,0.09118317,0.08557245,0.08597744,0.1029,205.9332079,18.9301413,0.8857143,t17_f5_c3,18.7603,0.1496,True,True,False,27.5.7a32.dev1,0.0,,0.99979305,1574120256.0,ZTF22aajnfij
ztf,61021.55733799981,3267557335615015002,2,3267557335615,19.882719,1,3267,0.61437356,18.58823,18.532082,18.697,0.09263988,0.08766251,0.0879708,0.1249,205.9331941,18.9301811,0.9128571,t17_f5_c3,18.7541,0.1685,True,True,False,27.5.7a32.dev1,0.0,,0.99999964,1574120256.0,ZTF22aajnfij
