tid,mjd,candid,fid,pid,diffmaglim,isdiffpos,nid,distnr,magpsf,magap,sigmapsf,sigmagap,ra,dec,rb,rbversion,magapbig,sigmagapbig,has_stamp,corrected,dubious,step_id_corr,phase,parent_candid,drb,rfid,oid
ztf,60317.40891199978,2563408913515015014,2,2563408913515,19.9922,1,2563,8.17954,18.4848,18.4497,0.068315,0.0791,99.4275909,19.6294673,0.792857,t17_f5_c3,18.4073,0.0976,False,False,False,23.12.x,0.0,2.563410793515015e+18,,,ZTF24aabaovf
ztf,60317.4093865999,2563409383515015020,2,2563409383515,20.0982,1,2563,8.56584,18.4405,18.4834,0.066395,0.0766,99.4274606,19.6294786,0.88,t17_f5_c3,18.4087,0.0919,False,False,False,23.12.x,0.0,2.563411263515015e+18,,,ZTF24aabaovf
ztf,60317.40984949982,2563409843515015017,2,2563409843515,20.0213,1,2563,8.84351,18.4556,18.4651,0.068071,0.0793,99.4273667,19.6294874,0.824286,t17_f5_c3,18.4112,0.0969,False,False,False,23.12.x,0.0,2.563411263515015e+18,,,ZTF24aabaovf
ztf,60317.41032409994,2563410323515015019,2,2563410323515,19.9732,1,2563,9.22021,18.4526,18.4984,0.083877,0.0824,99.4272394,19.6295017,0.804286,t17_f5_c3,18.4047,0.0969,False,False,False,23.12.x,0.0,2.563411263515015e+18,,,ZTF24aabaovf
ztf,60317.41079859994,2563410793515015014,2,2563410793515,19.975521,1,2563,9.429359,18.44249,18.4041,0.070215516,0.0764,99.4271648,19.6295219,0.81285715,t17_f5_c3,18.3492,0.093,True,False,False,23.12.x,0.0,,0.9999994,563120235.0,ZTF24aabaovf
ztf,60317.41126159998,2563411263515015016,2,2563411263515,19.903748,1,2563,9.650569,18.390478,18.3049,0.0650029,0.0707,99.4270911,19.6295265,0.73142856,t17_f5_c3,18.3606,0.0952,True,False,False,23.12.x,0.0,,0.9996215,563120235.0,ZTF24aabaovf
ztf,60317.41173609998,2563411733515015012,2,2563411733515,19.938864,1,2563,10.176701,18.48204,18.4314,0.0712579,0.0787,99.4269244,19.6295308,0.7842857,t17_f5_c3,18.3459,0.0931,True,False,False,23.12.x,0.0,,0.9999996,563120235.0,ZTF24aabaovf
ztf,60317.412210599985,2563412213515015016,2,2563412213515,20.015968,1,2563,10.349751,18.50082,18.4296,0.06532288,0.0759,99.4268588,19.6295642,0.80714285,t17_f5_c3,18.4356,0.0974,True,False,False,23.12.x,0.0,,1.0,563120235.0,ZTF24aabaovf
ztf,60317.412685200106,2563412683515015019,2,2563412683515,20.123096,1,2563,10.197891,18.451456,18.4518,0.0654558,0.0732,99.4267297,19.6295795,0.9242857,t17_f5_c3,18.4675,0.0948,True,False,True,23.12.x,0.0,,1.0,563120235.0,ZTF24aabaovf
