tid,mjd,candid,fid,pid,diffmaglim,isdiffpos,nid,distnr,magpsf,magap,sigmapsf,sigmagap,ra,dec,rb,rbversion,magapbig,sigmagapbig,has_stamp,corrected,dubious,step_id_corr,phase,parent_candid,drb,rfid,oid
ztf,60319.27962959977,2565279620115015028,2,2565279620115,20.2673,1,2565,16.4159,18.764,18.8171,0.097441,0.0945,91.0663341,16.4488798,0.932857,t17_f5_c3,18.8036,0.1191,False,False,True,23.12.x,0.0,2.565281040115015e+18,,,ZTF24aabjbym
ztf,60319.28010419989,2565280100115015035,2,2565280100115,20.3716,1,2565,16.2537,18.787,18.8584,0.085189,0.0927,91.0662232,16.4488981,0.945714,t17_f5_c3,18.8971,0.1223,False,False,True,23.12.x,0.0,2.565281510115015e+18,,,ZTF24aabjbym
ztf,60319.280578699894,2565280570115015037,2,2565280570115,20.3206,1,2565,16.0902,18.7632,18.8541,0.090446,0.0947,91.0661153,16.4489056,0.938571,t17_f5_c3,18.8917,0.1249,False,False,True,23.12.x,0.0,2.565281510115015e+18,,,ZTF24aabjbym
ztf,60319.28104169993,2565281040115015032,2,2565281040115,20.370815,1,2565,15.885954,18.779133,18.9455,0.09821212,0.1015,91.0660016,16.448903,0.94142854,t17_f5_c3,18.9017,0.1243,True,False,True,23.12.x,0.0,,0.99999845,562120201.0,ZTF24aabjbym
ztf,60319.28151619993,2565281510115015035,2,2565281510115,20.343094,1,2565,15.578952,18.75987,18.7671,0.08761994,0.0871,91.0658736,16.4488749,0.94285715,t17_f5_c3,18.7178,0.1061,True,False,True,23.12.x,0.0,,0.9999697,562120201.0,ZTF24aabjbym
ztf,60319.281979199965,2565281970115015040,2,2565281970115,20.384901,1,2565,15.397619,18.84884,18.8698,0.075132884,0.094,91.0657678,16.4488713,0.95285714,t17_f5_c3,18.9745,0.1318,True,False,True,23.12.x,0.0,,0.9999997,562120201.0,ZTF24aabjbym
