tid,mjd,candid,fid,pid,diffmaglim,isdiffpos,nid,distnr,magpsf,magap,sigmapsf,sigmagap,ra,dec,rb,rbversion,magapbig,sigmagapbig,has_stamp,corrected,dubious,step_id_corr,phase,parent_candid,drb,rfid,oid
ztf,60317.40184029983,2563401846015015002,2,2563401846015,20.0626,1,2563,9.66669,17.8904,17.8927,0.060508,0.0471,93.0022875,22.6517399,0.911429,t17_f5_c3,17.8842,0.0592,False,False,True,23.12.x,0.0,2.563403266015015e+18,,,ZTF24aabaivl
ztf,60317.40231479984,2563402316015015001,2,2563402316015,20.0133,1,2563,9.44897,17.8899,17.8818,0.049382,0.0481,93.0021639,22.6517712,0.921429,t17_f5_c3,17.8264,0.0579,False,False,True,23.12.x,0.0,2.563403726015015e+18,,,ZTF24aabaivl
ztf,60317.40278939996,2563402786015015000,2,2563402786015,20.0385,1,2563,9.18653,17.9007,17.8857,0.050512,0.0476,93.0020201,22.6517932,0.914286,t17_f5_c3,17.9168,0.062,False,False,True,23.12.x,0.0,2.563403726015015e+18,,,ZTF24aabaivl
ztf,60317.40326389996,2563403266015015004,2,2563403266015,20.035688,1,2563,9.0659485,17.896704,17.9006,0.047014058,0.0486,93.0019021,22.6518415,0.92714286,t17_f5_c3,17.8464,0.0586,True,False,True,23.12.x,0.0,,0.99999964,563120260.0,ZTF24aabaivl
ztf,60317.4037269,2563403726015015002,2,2563403726015,20.15487,1,2563,8.985236,17.891565,17.9543,0.049024276,0.0477,93.00177,22.6519114,0.9357143,t17_f5_c3,17.859,0.0554,True,False,True,23.12.x,0.0,,0.9999994,563120260.0,ZTF24aabaivl
ztf,60317.4042014,2563404206015015002,2,2563404206015,20.032207,1,2563,8.891377,17.878273,17.852,0.052057836,0.0464,93.0016422,22.6519581,0.8814286,t17_f5_c3,17.8116,0.0567,True,False,True,23.12.x,0.0,,0.9999936,563120260.0,ZTF24aabaivl
ztf,60317.404675900005,2563404676015015001,2,2563404676015,19.874403,1,2563,8.759573,17.93638,17.8338,0.06257305,0.0484,93.0015156,22.6519901,0.7814286,t17_f5_c3,17.8272,0.061,True,False,True,23.12.x,0.0,,0.9999999,563120260.0,ZTF24aabaivl
ztf,60317.405150500126,2563405156015015002,2,2563405156015,19.929232,1,2563,8.722024,17.87209,17.9174,0.05491119,0.0517,93.0014,22.6520397,0.8857143,t17_f5_c3,17.9136,0.0654,True,False,True,23.12.x,0.0,,0.99999905,563120260.0,ZTF24aabaivl
