tid,mjd,candid,fid,pid,diffmaglim,isdiffpos,nid,distnr,magpsf,magap,sigmapsf,sigmagap,ra,dec,rb,rbversion,magapbig,sigmagapbig,has_stamp,corrected,dubious,step_id_corr,phase,parent_candid,drb,rfid,oid
ztf,60317.390520799905,2563390523415015026,2,2563390523415,20.2219,1,2563,5.3393,18.2365,18.2974,0.067573,0.0589,97.9588964,19.2081926,0.951429,t17_f5_c3,18.3548,0.0788,False,False,False,23.12.x,0.0,2.563391943415015e+18,,,ZTF24aaazybc
ztf,60317.39099540003,2563390993415015025,2,2563390993415,20.2424,1,2563,5.19477,18.2746,18.2518,0.065707,0.0566,97.9587917,19.208149,0.954286,t17_f5_c3,18.1943,0.0681,False,False,False,23.12.x,0.0,2.563392403415015e+18,,,ZTF24aaazybc
ztf,60317.39146990003,2563391463415015021,2,2563391463415,20.2491,1,2563,5.12263,18.2331,18.2639,0.060501,0.0574,97.9586758,19.2080816,0.965714,t17_f5_c3,18.2239,0.0702,False,False,False,23.12.x,0.0,2.563392403415015e+18,,,ZTF24aaazybc
ztf,60317.391944400035,2563391943415015022,2,2563391943415,20.2067,1,2563,5.01185,18.2345,18.1344,0.068908,0.052,97.9585622,19.208041,0.928571,t17_f5_c3,18.1715,0.0681,False,False,False,23.12.x,0.0,2.563392403415015e+18,,,ZTF24aaazybc
ztf,60317.39240740007,2563392403415015020,2,2563392403415,20.26534,1,2563,4.9813576,18.255535,18.3314,0.054149076,0.0595,97.9584316,19.2079762,0.9557143,t17_f5_c3,18.4417,0.0835,True,False,False,23.12.x,0.0,,1.0,563120234.0,ZTF24aaazybc
ztf,60317.39288190007,2563392883415015020,2,2563392883415,20.2067,1,2563,4.96291,18.2353,18.2789,0.070107,0.0593,97.9583298,19.2079348,0.951429,t17_f5_c3,18.2493,0.0732,False,False,False,23.12.x,0.0,2.563393353415015e+18,,,ZTF24aaazybc
ztf,60317.39335650019,2563393353415015020,2,2563393353415,20.109596,1,2563,5.033956,18.235458,18.2646,0.058869906,0.0622,97.9582169,19.2078713,0.95,t17_f5_c3,18.2126,0.0754,True,False,False,23.12.x,0.0,,0.9999999,563120234.0,ZTF24aaazybc
