tid,mjd,candid,fid,pid,diffmaglim,isdiffpos,nid,distnr,magpsf,magap,sigmapsf,sigmagap,ra,dec,rb,rbversion,magapbig,sigmagapbig,has_stamp,corrected,dubious,step_id_corr,phase,parent_candid,drb,rfid,oid
ztf,60317.28359950008,2563283591815015001,2,2563283591815,20.151,1,2563,6.69264,19.7116,19.5491,0.145915,0.1818,98.153325,17.9685682,0.677143,t17_f5_c3,19.3421,0.1927,False,False,True,23.12.x,0.0,2.563285011815015e+18,,,ZTF24aaaxnud
ztf,60317.2840741002,2563284071815015001,2,2563284071815,20.1606,1,2563,6.74608,19.688,19.7863,0.167704,0.2259,98.1531177,17.9685314,0.674286,t17_f5_c3,19.6997,0.2675,False,False,True,23.12.x,0.0,2.563285011815015e+18,,,ZTF24aaaxnud
ztf,60317.28501159977,2563285011815015001,2,2563285011815,20.204,1,2563,6.9396434,19.607824,19.5267,0.13314524,0.175,98.1529792,17.9685394,0.75142854,t17_f5_c3,19.8284,0.2956,True,False,True,23.12.x,0.0,,0.95333743,563120218.0,ZTF24aaaxnud
ztf,60317.285486099776,2563285481815015001,2,2563285481815,20.117727,1,2563,7.101005,19.665108,19.5651,0.15966007,0.1865,98.1528933,17.9685502,0.6857143,t17_f5_c3,19.8002,0.2963,True,False,True,23.12.x,0.0,,0.92866874,563120218.0,ZTF24aaaxnud
ztf,60317.2864351999,2563286431815015002,2,2563286431815,20.137054,1,2563,7.7067356,19.539577,19.8421,0.17133309,0.2371,98.1525429,17.9685696,0.6757143,t17_f5_c3,19.831,0.3009,True,False,True,23.12.x,0.0,,0.77536166,563120218.0,ZTF24aaaxnud
