tid,mjd,candid,fid,pid,diffmaglim,isdiffpos,nid,distnr,magpsf,magap,sigmapsf,sigmagap,ra,dec,rb,rbversion,magapbig,sigmagapbig,has_stamp,corrected,dubious,step_id_corr,phase,parent_candid,drb,rfid,oid
ztf,60318.13736109994,2564137360915015001,2,2564137360915,19.5708,1,2564,3.7908,18.5008,18.4982,0.09814,0.0889,67.1322262,-12.0573217,0.672857,t17_f5_c3,18.4088,0.1046,False,False,False,23.12.x,0.0,2.564139710915015e+18,,,ZTF24aabdwyq
ztf,60318.13783559995,2564137830915015002,2,2564137830915,19.5747,1,2564,3.71892,18.543,18.538,0.141288,0.0918,67.1322006,-12.0572706,0.668571,t17_f5_c3,18.6066,0.1248,False,False,False,23.12.x,0.0,2.564139710915015e+18,,,ZTF24aabdwyq
ztf,60318.13829859998,2564138290915015001,2,2564138290915,19.703,1,2564,3.55878,18.5923,18.6456,0.098515,0.1009,67.1321403,-12.057189,0.838571,t17_f5_c3,18.6231,0.1263,False,False,False,23.12.x,0.0,2.564140650915015e+18,,,ZTF24aabdwyq
ztf,60318.138773099985,2564138770915015005,2,2564138770915,19.6982,1,2564,3.51127,18.5759,18.5475,0.104385,0.0922,67.1320983,-12.0570872,0.79,t17_f5_c3,18.6328,0.1273,False,False,False,23.12.x,0.0,2.564140650915015e+18,,,ZTF24aabdwyq
ztf,60318.139247700106,2564139240915015002,2,2564139240915,19.7347,1,2564,3.52934,18.5984,18.6816,0.104701,0.1045,67.1320824,-12.0570293,0.834286,t17_f5_c3,18.6095,0.125,False,False,False,23.12.x,0.0,2.564140650915015e+18,,,ZTF24aabdwyq
ztf,60318.13971060002,2564139710915015002,2,2564139710915,19.6928,1,2564,3.56459,18.5755,18.6241,0.113888,0.0988,67.1320689,-12.0569733,0.748571,t17_f5_c3,18.7523,0.1419,False,False,False,23.12.x,0.0,2.564140650915015e+18,,,ZTF24aabdwyq
ztf,60318.14018520014,2564140180915015000,2,2564140180915,19.7186,1,2564,3.51637,18.6026,18.5841,0.115041,0.0959,67.1319962,-12.0568705,0.764286,t17_f5_c3,18.6093,0.1255,False,False,False,23.12.x,0.0,2.564140650915015e+18,,,ZTF24aabdwyq
ztf,60318.14065970015,2564140650915015001,2,2564140650915,19.743092,1,2564,3.6122296,18.66485,18.666,0.09911108,0.1029,67.1319908,-12.0568133,0.7785714,t17_f5_c3,18.5906,0.1228,True,False,False,23.12.x,0.0,,0.9998732,354120209.0,ZTF24aabdwyq
ztf,60318.14112270018,2564141120915015000,2,2564141120915,19.774712,1,2564,3.594227,18.578854,18.6015,0.090252385,0.0967,67.1319558,-12.0567754,0.8428571,t17_f5_c3,18.5846,0.1217,True,False,False,23.12.x,0.0,,0.99998546,354120209.0,ZTF24aabdwyq
