tid,mjd,candid,fid,pid,diffmaglim,isdiffpos,nid,distnr,magpsf,magap,sigmapsf,sigmagap,ra,dec,rb,rbversion,drb,magapbig,sigmagapbig,rfid,has_stamp,corrected,dubious,step_id_corr,phase,parent_candid,oid
ztf,60317.461666699965,2563461661615015005,2,2563461661615,19.57855,1,2563,12.027745,18.0595,18.0255,0.07678,0.0698,98.7241101,18.5504637,0.74285716,t17_f5_c3,0.99999774,18.0315,0.0896,563120216.0,False,False,True,23.12.x,0.0,2.563463071615015e+18,ZTF24aabbptx
ztf,60317.46212959988,2563462121615015004,2,2563462121615,19.744001,1,2563,11.375447,18.0368,17.9997,0.069805,0.0613,98.7239064,18.5504891,0.89,t17_f5_c3,0.99999976,18.0048,0.0785,563120216.0,False,False,True,23.12.x,0.0,2.563463071615015e+18,ZTF24aabbptx
ztf,60317.4626042,2563462601615015008,2,2563462601615,19.725,1,2563,11.0841,18.0972,18.1779,0.083969,0.0712,98.7238289,18.5505255,0.87,t17_f5_c3,,18.217,0.0942,,False,False,True,23.12.x,0.0,2.563463541615015e+18,ZTF24aabbptx
ztf,60317.463078700006,2563463071615015008,2,2563463071615,19.713318,1,2563,10.665193,18.046015,18.0975,0.075726874,0.0678,98.7236854,18.5505255,0.85714287,t17_f5_c3,0.99998224,18.0599,0.0836,563120216.0,True,False,True,23.12.x,0.0,,ZTF24aabbptx
ztf,60317.46354170004,2563463541615015003,2,2563463541615,19.702,1,2563,10.2383,18.1018,18.1661,0.061264,0.0735,98.7235485,18.5505429,0.902857,t17_f5_c3,,18.2123,0.0977,,False,False,True,23.12.x,0.0,2.563464961615015e+18,ZTF24aabbptx
ztf,60317.46402780013,2563464021615015004,2,2563464021615,19.694752,1,2563,9.87081,18.063257,18.0594,0.0700121,0.066,98.7234153,18.5505425,0.76857144,t17_f5_c3,0.9999937,18.0598,0.0841,563120216.0,True,False,True,23.12.x,0.0,,ZTF24aabbptx
ztf,60317.46449070005,2563464491615015007,2,2563464491615,19.677914,1,2563,9.382879,18.079323,18.1571,0.079508334,0.0702,98.7232683,18.5505748,0.73714286,t17_f5_c3,0.9999907,18.2215,0.095,563120216.0,True,False,True,23.12.x,0.0,,ZTF24aabbptx
ztf,60317.46496530017,2563464961615015010,2,2563464961615,19.595926,1,2563,9.120567,18.113546,18.1606,0.07175138,0.0725,98.7232006,18.5506119,0.6842857,t17_f5_c3,0.99999845,18.1013,0.0876,563120216.0,True,False,True,23.12.x,0.0,,ZTF24aabbptx
