tid,mjd,candid,fid,pid,diffmaglim,isdiffpos,nid,distnr,magpsf,magap,sigmapsf,sigmagap,ra,dec,rb,rbversion,magapbig,sigmagapbig,has_stamp,corrected,dubious,step_id_corr,phase,parent_candid,drb,rfid,oid
ztf,60317.38769679982,2563387691915015004,2,2563387691915,20.0088,1,2563,6.63546,19.2766,19.426,0.132903,0.1812,99.3003677,17.6224564,0.652857,t17_f5_c3,19.4609,0.2398,False,False,True,23.12.x,0.0,2.563389101915015e+18,,,ZTF24aaazwei
ztf,60317.388171299826,2563388171915015009,2,2563388171915,20.08,1,2563,7.14904,19.2982,19.2982,0.133202,0.1567,99.3002148,17.6224521,0.871429,t17_f5_c3,19.2907,0.1992,False,False,True,23.12.x,0.0,2.563389101915015e+18,,,ZTF24aaazwei
ztf,60317.38863429986,2563388631915015009,2,2563388631915,20.1596,1,2563,7.60615,19.4367,19.3306,0.150445,0.1571,99.3000786,17.6224344,0.577143,t17_f5_c3,19.4754,0.2295,False,False,True,23.12.x,0.0,2.563389101915015e+18,,,ZTF24aaazwei
ztf,60317.38910879986,2563389101915015009,2,2563389101915,20.12367,1,2563,7.8933253,19.24079,19.2758,0.11771571,0.1545,99.3000017,17.6225085,0.86,t17_f5_c3,19.212,0.1864,True,False,True,23.12.x,0.0,,0.9999033,563120219.0,ZTF24aaazwei
ztf,60317.38958329987,2563389581915015010,2,2563389581915,20.080595,1,2563,8.134759,19.319786,19.2734,0.113351956,0.1565,99.299925,17.6224779,0.8685714,t17_f5_c3,19.3416,0.2132,True,False,True,23.12.x,0.0,,0.999417,563120219.0,ZTF24aaazwei
ztf,60317.39005789999,2563390051915015010,2,2563390051915,20.2015,1,2563,8.88799,19.3486,19.1224,0.118743,0.1282,99.2997067,17.6225254,0.671429,t17_f5_c3,19.0424,0.1523,False,False,True,23.12.x,0.0,2.563390521915015e+18,,,ZTF24aaazwei
ztf,60317.390520799905,2563390521915015008,2,2563390521915,20.2136,1,2563,8.986022,19.261242,19.1168,0.11766309,0.1273,99.299676,17.6224914,0.8414286,t17_f5_c3,19.0953,0.1595,True,False,True,23.12.x,0.0,,0.99999464,563120219.0,ZTF24aaazwei
