tid,mjd,candid,fid,pid,diffmaglim,isdiffpos,nid,distnr,magpsf,magap,sigmapsf,sigmagap,ra,dec,rb,rbversion,magapbig,sigmagapbig,has_stamp,corrected,dubious,step_id_corr,phase,parent_candid,drb,rfid,oid
ztf,60319.24806710007,2565248060815015004,2,2565248060815,20.152,1,2565,7.89286,19.8874,19.5799,0.178512,0.1952,88.1444327,16.6780731,0.414286,t17_f5_c3,19.2988,0.1933,False,False,True,23.12.x,0.0,2.565249470815015e+18,,,ZTF24aabilnz
ztf,60319.2485301001,2565248530815015006,2,2565248530815,20.2388,1,2565,7.62562,20.0157,19.6651,0.225231,0.2072,88.1443252,16.678074,0.372857,t17_f5_c3,19.6212,0.2552,False,False,True,23.12.x,0.0,2.565249950815015e+18,,,ZTF24aabilnz
ztf,60319.249004600104,2565249000815015006,2,2565249000815,20.1691,1,2565,7.56633,20.0687,19.8802,0.181724,0.2564,88.1442583,16.6781167,0.502857,t17_f5_c3,20.0956,0.4009,False,False,True,23.12.x,0.0,2.565249950815015e+18,,,ZTF24aabilnz
ztf,60319.249479200225,2565249470815015005,2,2565249470815,20.146173,1,2565,7.227912,19.767958,19.6741,0.1276749,0.2133,88.1440672,16.6781557,0.66571426,t17_f5_c3,19.6366,0.2642,True,False,True,23.12.x,0.0,,0.9999177,562120208.0,ZTF24aabilnz
ztf,60319.24995370023,2565249950815015005,2,2565249950815,20.21521,1,2565,7.0291557,19.876387,19.5897,0.15566042,0.1936,88.1439525,16.6781749,0.5371429,t17_f5_c3,19.5468,0.2387,True,False,True,23.12.x,0.0,,0.99955666,562120208.0,ZTF24aabilnz
ztf,60319.25042819977,2565250420815015002,2,2565250420815,20.262875,1,2565,6.98894,19.897999,19.886,0.15897655,0.2477,88.1438837,16.6782093,0.67142856,t17_f5_c3,19.711,0.2708,True,False,True,23.12.x,0.0,,0.9998251,562120208.0,ZTF24aabilnz
ztf,60319.2508911998,2565250890815015007,2,2565250890815,20.181002,1,2565,6.912366,19.871807,19.6717,0.15640053,0.2098,88.1437909,16.6782407,0.55714285,t17_f5_c3,19.5691,0.245,True,False,True,23.12.x,0.0,,0.99871653,562120208.0,ZTF24aabilnz
ztf,60319.251365699805,2565251360815015010,2,2565251360815,20.22509,1,2565,6.7669244,19.760698,19.389,0.12246466,0.1599,88.1436683,16.6782646,0.4842857,t17_f5_c3,19.4208,0.211,True,False,True,23.12.x,0.0,,0.9988866,562120208.0,ZTF24aabilnz
