tid,mjd,candid,fid,pid,diffmaglim,isdiffpos,nid,distnr,magpsf,magap,sigmapsf,sigmagap,ra,dec,rb,rbversion,magapbig,sigmagapbig,has_stamp,corrected,dubious,step_id_corr,phase,parent_candid,drb,rfid,oid
ztf,60317.44047449995,2563440474815015008,2,2563440474815,19.7717,1,2563,7.89019,19.1807,19.4141,0.138239,0.2303,99.3864429,22.3240332,0.7,t17_f5_c3,19.3004,0.266,False,False,True,23.12.x,0.0,2.563441884815015e+18,,,ZTF24aabbfyr
ztf,60317.44093749998,2563440934815015010,2,2563440934815,19.8699,1,2563,7.87818,19.2103,19.1189,0.15599,0.1637,99.3862388,22.3241055,0.725714,t17_f5_c3,19.18,0.2219,False,False,True,23.12.x,0.0,2.563442364815015e+18,,,ZTF24aabbfyr
ztf,60317.441411999986,2563441414815015011,2,2563441414815,19.7705,1,2563,7.81677,19.2715,19.5948,0.182113,0.2679,99.3862174,22.324131,0.564286,t17_f5_c3,19.9031,0.4563,False,False,True,23.12.x,0.0,2.563442364815015e+18,,,ZTF24aabbfyr
ztf,60317.44188660011,2563441884815015007,2,2563441884815,19.8134,1,2563,7.87168,19.1801,19.4138,0.138445,0.2249,99.3860638,22.3241676,0.792857,t17_f5_c3,19.7804,0.4036,False,False,True,23.12.x,0.0,2.563442364815015e+18,,,ZTF24aabbfyr
ztf,60317.44236110011,2563442364815015009,2,2563442364815,19.731232,1,2563,7.8264303,19.381325,19.6105,0.1502523,0.2733,99.3859542,22.3242328,0.6585714,t17_f5_c3,19.5256,0.3247,True,False,True,23.12.x,0.0,,0.9999779,563120248.0,ZTF24aabbfyr
ztf,60317.442824100144,2563442824815015008,2,2563442824815,19.6088,1,2563,8.44493,19.169,19.1752,0.161432,0.1891,99.3856631,22.3241844,0.552857,t17_f5_c3,19.007,0.208,False,False,True,23.12.x,0.0,2.563443294815015e+18,,,ZTF24aabbfyr
ztf,60317.44329860015,2563443294815015013,2,2563443294815,19.706347,1,2563,8.2171755,19.169744,19.6516,0.13054952,0.2874,99.3856522,22.3242652,0.6642857,t17_f5_c3,19.7045,0.3874,True,False,True,23.12.x,0.0,,0.9999865,563120248.0,ZTF24aabbfyr
ztf,60317.44377310015,2563443774815015010,2,2563443774815,19.659391,1,2563,8.638084,19.232817,19.4686,0.16513854,0.255,99.3855095,22.3242134,0.62142855,t17_f5_c3,19.5844,0.3644,True,False,True,23.12.x,0.0,,0.9999666,563120248.0,ZTF24aabbfyr
