tid,mjd,candid,fid,pid,diffmaglim,isdiffpos,nid,distnr,magpsf,magpsf_corr,magap,sigmapsf,sigmapsf_corr,sigmapsf_corr_ext,sigmagap,ra,dec,rb,rbversion,drb,magapbig,sigmagapbig,rfid,has_stamp,corrected,dubious,step_id_corr,phase,parent_candid,oid
ztf,61077.561203700025,3323561204115010011,2,3323561204115,19.700108,-1,3323,0.07059431,15.571212,14.163468,15.5535,0.06736371,0.008080058,0.018421646,0.0107,262.1918483,-18.8671794,0.67714286,t17_f5_c3,0.99971974,15.5407,0.0124,1323120241.0,True,True,False,27.5.7a32.dev1,0.0,,ZTF25acahror
ztf,61079.560080999974,3325560084115010005,2,3325560084115,18.9452,-1,3325,0.925734,15.9243,14.084018,15.9848,0.05193,100.0,0.009534665,0.0199,262.1917376,-18.8673986,0.548571,t17_f5_c3,,15.9892,0.0243,,False,True,False,27.5.7a32.dev1,0.0,3.347539684115015e+18,ZTF25acahror
ztf,61080.55974540021,3326559744115010018,2,3326559744115,19.7111,-1,3326,0.721691,16.1561,14.046355,16.1231,0.092437,100.0,0.01324184,0.0172,262.1917335,-18.8673281,0.65,t17_f5_c3,,16.1357,0.0205,,False,True,False,27.5.7a32.dev1,0.0,3.347539684115015e+18,ZTF25acahror
ztf,61093.56766200019,3339567664115015004,2,3339567664115,18.9312,1,3339,0.371024,15.049,13.577278,15.1057,0.036277,100.0,0.00935282,0.0118,262.191878,-18.8672725,0.594286,t17_f5_c3,,15.087,0.0142,,False,True,False,27.5.7a32.dev1,0.0,3.347539684115015e+18,ZTF25acahror
ztf,61096.54516200023,3342545164115015003,2,3342545164115,19.3289,1,3342,0.263925,14.8932,13.534922,15.0159,0.045171,0.009002347,0.012928513,0.0094,262.1918617,-18.8672422,0.641429,t17_f5_c3,,15.0087,0.0109,,False,True,False,27.5.7a32.dev1,0.0,3.347539684115015e+18,ZTF25acahror
ztf,61099.541631899774,3345541634115015005,2,3345541634115,19.9541,1,3345,0.236185,14.9991,13.564192,15.1558,0.05737,0.011968645,0.015301065,0.0071,262.1918779,-18.8672336,0.62,t17_f5_c3,,15.1391,0.0079,,False,True,False,27.5.7a32.dev1,0.0,3.347539684115015e+18,ZTF25acahror
ztf,61101.53968749987,3347539684115015009,2,3347539684115,18.758524,1,3347,0.084554434,14.971576,13.556783,15.0665,0.052225526,0.010568736,0.014189446,0.0131,262.1918784,-18.8671886,0.76714283,t17_f5_c3,0.9999891,15.0757,0.0161,1323120241.0,True,True,False,27.5.7a32.dev1,0.0,,ZTF25acahror
