tid,mjd,candid,fid,pid,diffmaglim,isdiffpos,nid,distnr,magpsf,magap,sigmapsf,sigmagap,ra,dec,rb,rbversion,magapbig,sigmagapbig,has_stamp,corrected,dubious,step_id_corr,phase,parent_candid,drb,rfid,oid
ztf,60319.141597200185,2565141592615015032,2,2565141592615,19.4741,1,2565,4.2935,19.0869,19.0812,0.191098,0.2254,86.7454735,17.4710834,0.734286,t17_f5_c3,18.9048,0.2458,False,False,False,23.12.x,0.0,2.565143002615015e+18,,,ZTF24aabgnwe
ztf,60319.14207179984,2565142072615015032,2,2565142072615,19.3012,1,2565,4.04018,19.1365,19.2148,0.199621,0.2732,86.7454101,17.4711868,0.58,t17_f5_c3,19.2445,0.3602,False,False,False,23.12.x,0.0,2.565143002615015e+18,,,ZTF24aabgnwe
ztf,60319.14253470022,2565142532615015052,2,2565142532615,19.1505,1,2565,4.54417,19.2682,19.1753,0.29149,0.3066,86.7452695,17.4710966,0.42,t17_f5_c3,19.2261,0.4124,False,False,False,23.12.x,0.0,2.565144422615015e+18,,,ZTF24aabgnwe
ztf,60319.14300929988,2565143002615015052,2,2565143002615,19.34039,1,2565,4.6646914,18.979525,19.0261,0.1590992,0.2518,86.745163,17.4711189,0.79142857,t17_f5_c3,19.3885,0.4508,True,False,False,23.12.x,0.0,,0.9999945,562120226.0,ZTF24aabgnwe
ztf,60319.14348379988,2565143482615015039,2,2565143482615,19.616114,1,2565,4.706574,19.068192,19.0748,0.119983256,0.2112,86.7451105,17.4711395,0.86,t17_f5_c3,19.406,0.3673,True,False,False,23.12.x,0.0,,1.0,562120226.0,ZTF24aabgnwe
ztf,60319.14395829989,2565143952615015025,2,2565143952615,19.769075,1,2565,4.8295774,19.177565,19.1472,0.1310521,0.1909,86.7450119,17.4711681,0.87285715,t17_f5_c3,18.9918,0.2124,True,False,False,23.12.x,0.0,,0.9999934,562120226.0,ZTF24aabgnwe
ztf,60319.14442129992,2565144422615015027,2,2565144422615,19.678728,1,2565,4.798192,19.199005,19.2164,0.14894527,0.2404,86.7449321,17.4712498,0.85,t17_f5_c3,19.1016,0.2776,True,False,False,23.12.x,0.0,,0.9999819,562120226.0,ZTF24aabgnwe
ztf,60319.144895799924,2565144892615015023,2,2565144892615,19.84075,1,2565,5.130612,19.159313,19.2579,0.10115928,0.2117,86.7448691,17.4711776,0.89857143,t17_f5_c3,19.2579,0.2714,True,False,False,23.12.x,0.0,,0.99999994,562120226.0,ZTF24aabgnwe
