tid,mjd,candid,fid,pid,diffmaglim,isdiffpos,nid,distnr,magpsf,magap,sigmapsf,sigmagap,ra,dec,rb,rbversion,magapbig,sigmagapbig,has_stamp,corrected,dubious,step_id_corr,phase,parent_candid,drb,rfid,oid
ztf,60318.2098495001,2564209841115015004,2,2564209841115,19.8052,1,2564,3.01356,17.9908,18.0556,0.069593,0.0545,126.7411807,65.6808855,0.848571,t17_f5_c3,18.0436,0.0685,False,False,False,23.12.x,0.0,2.564211731115015e+18,,,ZTF24aabdyns
ztf,60318.21032410022,2564210321115015005,2,2564210321115,19.8037,1,2564,2.80976,17.9924,18.0692,0.069543,0.055,126.7410042,65.6809601,0.84,t17_f5_c3,18.0323,0.0674,False,False,False,23.12.x,0.0,2.564211731115015e+18,,,ZTF24aabdyns
ztf,60318.210787000135,2564210781115015004,2,2564210781115,19.8722,1,2564,2.68723,17.9899,18.0364,0.051072,0.0535,126.7408731,65.6810232,0.887143,t17_f5_c3,18.0242,0.067,False,False,False,23.12.x,0.0,2.564211731115015e+18,,,ZTF24aabdyns
ztf,60318.21126159979,2564211261115015006,2,2564211261115,19.8427,1,2564,2.62288,18.0466,18.0707,0.065833,0.0548,126.7406925,65.6811385,0.847143,t17_f5_c3,18.0112,0.0659,False,False,False,23.12.x,0.0,2.564211731115015e+18,,,ZTF24aabdyns
ztf,60318.211736099795,2564211731115015006,2,2564211731115,19.923954,1,2564,2.6061933,17.991705,17.9316,0.06049542,0.0487,126.7405603,65.6812062,0.89857143,t17_f5_c3,17.8896,0.0593,True,False,False,23.12.x,0.0,,0.9999974,840120211.0,ZTF24aabdyns
ztf,60318.21219909983,2564212191115015007,2,2564212191115,19.910416,1,2564,2.4828444,17.989523,17.9715,0.06287265,0.05,126.7403541,65.6812571,0.8971428,t17_f5_c3,17.9008,0.0594,True,False,False,23.12.x,0.0,,0.9999942,840120211.0,ZTF24aabdyns
ztf,60318.21267359983,2564212671115015003,2,2564212671115,19.784252,1,2564,2.5928457,18.008717,18.0768,0.06758548,0.0551,126.7402838,65.6813263,0.82,t17_f5_c3,18.1376,0.0739,True,False,False,23.12.x,0.0,,0.99978125,840120211.0,ZTF24aabdyns
ztf,60318.213148099836,2564213141115015006,2,2564213141115,19.886618,1,2564,2.7101345,18.098246,18.0471,0.07272989,0.0536,126.7400795,65.6814234,0.8528572,t17_f5_c3,18.0492,0.0682,True,False,False,23.12.x,0.0,,0.99999917,840120211.0,ZTF24aabdyns
