tid,mjd,candid,fid,pid,diffmaglim,isdiffpos,nid,distnr,magpsf,magap,sigmapsf,sigmagap,ra,dec,rb,rbversion,drb,magapbig,sigmagapbig,rfid,has_stamp,corrected,dubious,step_id_corr,phase,parent_candid,oid
ztf,60325.53693290008,2571536934415015003,1,2571536934415,20.64065,1,2571,8.650247,18.856985,18.8892,0.07190193,0.0766,161.7789021,34.8352991,0.91571426,t17_f5_c3,0.99999547,18.8088,0.0908,669120144.0,True,False,True,23.12.x,0.0,,ZTF24aabpene
ztf,60352.454155100044,2598454154415015003,1,2598454154415,20.596323,1,2598,8.455958,19.61966,19.6359,0.1286212,0.156,161.7789054,34.8353537,0.77428573,t17_f5_c3,0.99999857,19.5391,0.1831,669120144.0,True,False,True,23.12.x,0.0,,ZTF24aabpene
ztf,60354.446909700055,2600446904415015005,1,2600446904415,20.716124,1,2600,8.461037,19.654224,19.4739,0.14421639,0.1243,161.7789046,34.8353513,0.75142854,t17_f5_c3,0.9999954,19.1982,0.1238,669120144.0,True,False,True,23.12.x,0.0,,ZTF24aabpene
ztf,60356.44568290003,2602445684415015003,1,2602445684415,20.811245,1,2602,8.489988,19.70627,19.7015,0.11534958,0.1347,161.7789053,34.8353438,0.8585714,t17_f5_c3,0.99999845,19.656,0.1658,669120144.0,True,False,True,23.12.x,0.0,,ZTF24aabpene
ztf,60369.279953700025,2615279954415015004,1,2615279954415,20.292814,1,2615,8.44781,20.009886,20.1091,0.19617161,0.3381,161.7789167,34.8353516,0.73142856,t17_f5_c3,0.9998715,20.1021,0.4316,669120144.0,True,False,True,23.12.x,0.0,,ZTF24aabpene
ztf,60397.3212731001,2643321274415015003,1,2643321274415,19.8664,1,2643,8.33826,20.0041,19.9105,0.253123,0.3861,161.7788941,34.8353895,0.657143,t17_f5_c3,,20.245,0.6749,,False,False,True,23.12.x,0.0,2.649308644415015e+18,ZTF24aabpene
ztf,60403.30864580022,2649308644415015004,1,2649308644415,20.67633,1,2649,8.590577,20.174818,20.3406,0.17418608,0.2915,161.7788348,34.8353286,0.80857146,t17_f5_c3,0.99985206,20.3497,0.3781,669120144.0,True,False,True,23.12.x,0.0,,ZTF24aabpene
ztf,60407.278206000105,2653278204415015006,1,2653278204415,20.56699,1,2653,8.249823,20.196186,20.818,0.18222435,0.4768,161.7788926,34.8354159,0.76285714,t17_f5_c3,0.9999978,20.5635,0.4854,669120144.0,True,False,True,23.12.x,0.0,,ZTF24aabpene
