tid,mjd,candid,fid,pid,diffmaglim,isdiffpos,nid,distnr,magpsf,magap,sigmapsf,sigmagap,ra,dec,rb,rbversion,magapbig,sigmagapbig,has_stamp,corrected,dubious,step_id_corr,phase,parent_candid,drb,rfid,oid
ztf,60319.341828700155,2565341822115015007,2,2565341822115,20.1518,1,2565,6.30487,19.6569,19.5348,0.149504,0.1962,88.4932123,18.6873161,0.701429,t17_f5_c3,19.7258,0.2997,False,False,False,23.12.x,0.0,2.565343242115015e+18,,,ZTF24aabklbh
ztf,60319.34230320016,2565342302115015006,2,2565342302115,20.1054,1,2565,6.04361,19.6966,19.8105,0.174427,0.2692,88.4931293,18.6872938,0.728571,t17_f5_c3,19.9032,0.376,False,False,False,23.12.x,0.0,2.565343242115015e+18,,,ZTF24aabklbh
ztf,60319.3432407002,2565343242115015006,2,2565343242115,20.27983,1,2565,5.4514294,19.710327,19.9807,0.13632545,0.2753,88.4928623,18.6872894,0.74285716,t17_f5_c3,19.9036,0.3289,True,False,False,23.12.x,0.0,,0.99999803,562120221.0,ZTF24aabklbh
ztf,60319.34371529985,2565343712115015007,2,2565343712115,20.2054,1,2565,5.34663,19.5935,19.5924,0.143866,0.199,88.4927929,18.6873003,0.748571,t17_f5_c3,19.7005,0.2817,False,False,False,23.12.x,0.0,2.565344182115015e+18,,,ZTF24aabklbh
ztf,60319.34418979986,2565344182115015005,2,2565344182115,20.277657,1,2565,5.3123364,19.630943,19.422,0.15670474,0.1639,88.4927395,18.6873186,0.5985714,t17_f5_c3,19.6795,0.2659,True,False,False,23.12.x,0.0,,0.9999717,562120221.0,ZTF24aabklbh
ztf,60319.34465279989,2565344652115015004,2,2565344652115,20.055305,1,2565,5.2728686,19.848948,20.1021,0.21179073,0.3304,88.4926701,18.6873479,0.5971429,t17_f5_c3,19.8939,0.3503,True,False,False,23.12.x,0.0,,0.999506,562120221.0,ZTF24aabklbh
ztf,60319.345127299894,2565345122115015005,2,2565345122115,20.16079,1,2565,5.2461486,19.7465,19.3964,0.16200063,0.1715,88.4925973,18.6873782,0.5057143,t17_f5_c3,19.3077,0.2027,True,False,False,23.12.x,0.0,,0.9998696,562120221.0,ZTF24aabklbh
