tid,mjd,candid,fid,pid,diffmaglim,isdiffpos,nid,distnr,magpsf,magap,sigmapsf,sigmagap,ra,dec,rb,rbversion,magapbig,sigmagapbig,has_stamp,corrected,dubious,step_id_corr,phase,parent_candid,drb,rfid,oid
ztf,60319.33711809991,2565337110915015016,2,2565337110915,20.1577,1,2565,7.46403,17.304,17.2802,0.039608,0.0258,87.1491826,16.4821738,0.921429,t17_f5_c3,17.2952,0.0327,False,False,True,23.12.x,0.0,2.565339000915015e+18,,,ZTF24aabkibm
ztf,60319.33759259991,2565337590915015019,2,2565337590915,20.1999,1,2565,7.73574,17.2938,17.2913,0.037702,0.0257,87.14908,16.482207,0.931429,t17_f5_c3,17.2837,0.0319,False,False,True,23.12.x,0.0,2.565339000915015e+18,,,ZTF24aabkibm
ztf,60319.33806709992,2565338060915015012,2,2565338060915,20.1798,1,2565,8.04065,17.3046,17.3049,0.043899,0.0261,87.1489726,16.4822335,0.931429,t17_f5_c3,17.2768,0.0318,False,False,True,23.12.x,0.0,2.565339950915015e+18,,,ZTF24aabkibm
ztf,60319.33853009995,2565338530915015016,2,2565338530915,20.3145,1,2565,8.32224,17.3029,17.3046,0.045413,0.0249,87.1488678,16.4822796,0.94,t17_f5_c3,17.277,0.0302,False,False,True,23.12.x,0.0,2.565339950915015e+18,,,ZTF24aabkibm
ztf,60319.339004599955,2565339000915015013,2,2565339000915,20.109905,1,2565,8.610541,17.30169,17.3172,0.039608303,0.0271,87.1487706,16.4823026,0.9071429,t17_f5_c3,17.3074,0.0336,True,False,True,23.12.x,0.0,,0.9999998,562120209.0,ZTF24aabkibm
ztf,60319.339479200076,2565339470915015015,2,2565339470915,20.1982,1,2565,8.94638,17.299381,17.2961,0.043165114,0.0258,87.1486597,16.482331,0.934286,t17_f5_c3,17.3038,0.0325,True,False,True,23.12.x,0.0,,,,ZTF24aabkibm
ztf,60319.33995370008,2565339950915015013,2,2565339950915,20.167454,1,2565,9.241413,17.312384,17.335,0.037507545,0.0269,87.1485645,16.4823555,0.92285717,t17_f5_c3,17.308,0.0329,True,False,True,23.12.x,0.0,,0.99999964,562120209.0,ZTF24aabkibm
ztf,60319.34041670011,2565340410915015013,2,2565340410915,19.93497,1,2565,9.072148,17.348602,17.3243,0.04321288,0.0285,87.1484652,16.4823841,0.86142856,t17_f5_c3,17.2991,0.035,True,False,True,23.12.x,0.0,,0.99999523,562120209.0,ZTF24aabkibm
