tid,mjd,candid,fid,pid,diffmaglim,isdiffpos,nid,distnr,magpsf,magap,sigmapsf,sigmagap,ra,dec,rb,rbversion,magapbig,sigmagapbig,has_stamp,corrected,dubious,step_id_corr,phase,parent_candid,drb,rfid,oid
ztf,60319.183530100156,2565183531015015011,2,2565183531015,20.2099,1,2565,9.45513,18.4147,18.3715,0.069457,0.0683,86.9803699,15.6935939,0.962857,t17_f5_c3,18.3474,0.085,False,False,True,23.12.x,0.0,2.565184941015015e+18,,,ZTF24aabhlso
ztf,60319.18399310019,2565183991015015010,2,2565183991015,20.1399,1,2565,9.99041,18.5337,18.5334,0.060748,0.0794,86.9802204,15.6936458,0.951429,t17_f5_c3,18.5993,0.1075,False,False,True,23.12.x,0.0,2.565185401015015e+18,,,ZTF24aabhlso
ztf,60319.18446760019,2565184461015015010,2,2565184461015,20.0309,1,2565,10.3814,18.4782,18.5615,0.08171,0.0808,86.9801235,15.6937345,0.917143,t17_f5_c3,18.6532,0.1118,False,False,True,23.12.x,0.0,2.565185401015015e+18,,,ZTF24aabhlso
ztf,60319.1849421002,2565184941015015015,2,2565184941015,20.019285,1,2565,10.868947,18.490717,18.5067,0.084169626,0.0773,86.9799856,15.6937817,0.69857144,t17_f5_c3,18.4974,0.0977,True,False,True,23.12.x,0.0,,0.99999976,562120210.0,ZTF24aabhlso
ztf,60319.18540510023,2565185401015015012,2,2565185401015,19.925436,1,2565,11.357917,18.49116,18.5824,0.089118734,0.0828,86.9798577,15.6938662,0.86,t17_f5_c3,18.4846,0.0966,True,False,True,23.12.x,0.0,,0.9999833,562120210.0,ZTF24aabhlso
ztf,60319.18587959977,2565185871015015012,2,2565185871015,20.0374,1,2565,11.7738,18.4477,18.3969,0.065198,0.0698,86.9797437,15.6939069,0.881429,t17_f5_c3,18.301,0.0813,False,False,True,23.12.x,0.0,2.565186351015015e+18,,,ZTF24aabhlso
ztf,60319.18635419989,2565186351015015011,2,2565186351015,20.064453,1,2565,12.369705,18.47885,18.4512,0.07013399,0.0735,86.9795895,15.6940036,0.93285716,t17_f5_c3,18.4356,0.0923,True,False,True,23.12.x,0.0,,0.99999875,562120210.0,ZTF24aabhlso
