tid,mjd,candid,fid,pid,diffmaglim,isdiffpos,nid,distnr,magpsf,magap,sigmapsf,sigmagap,ra,dec,rb,rbversion,magapbig,sigmagapbig,has_stamp,corrected,dubious,step_id_corr,phase,parent_candid,drb,rfid,oid
ztf,60317.35991899995,2563359913515015000,2,2563359913515,20.0816,1,2563,18.2915,19.2823,19.223,0.102098,0.1447,98.8371693,19.8637293,0.72,t17_f5_c3,19.2948,0.1979,False,False,True,23.12.x,0.0,2.563361333515015e+18,,,ZTF24aaazjux
ztf,60317.36038189987,2563360383515015000,2,2563360383515,19.9633,1,2563,18.1748,19.1585,19.2503,0.107673,0.1554,98.8371351,19.8637711,0.642857,t17_f5_c3,19.194,0.1889,False,False,True,23.12.x,0.0,2.563361333515015e+18,,,ZTF24aaazjux
ztf,60317.36085649999,2563360853515015000,2,2563360853515,20.0211,1,2563,18.0547,19.1277,19.0532,0.122096,0.1296,98.8370399,19.8638291,0.728571,t17_f5_c3,19.0235,0.1614,False,False,True,23.12.x,0.0,2.563361803515015e+18,,,ZTF24aaazjux
ztf,60317.36133099999,2563361333515015000,2,2563361333515,19.9757,1,2563,17.837397,19.123224,19.0491,0.13570748,0.1336,98.8368058,19.863852,0.73571426,t17_f5_c3,18.902,0.1494,True,False,True,23.12.x,0.0,,0.99999905,563120235.0,ZTF24aaazjux
ztf,60317.361805600114,2563361803515015000,2,2563361803515,19.978989,1,2563,17.685486,19.038376,19.0553,0.12630296,0.1307,98.8367004,19.8639083,0.7342857,t17_f5_c3,19.011,0.1605,True,False,True,23.12.x,0.0,,0.99999964,563120235.0,ZTF24aaazjux
ztf,60317.36226850003,2563362263515015000,2,2563362263515,20.088963,1,2563,17.331116,19.11675,19.2061,0.11678481,0.1444,98.8365609,19.8639102,0.7785714,t17_f5_c3,19.2247,0.1879,True,False,True,23.12.x,0.0,,0.99999857,563120235.0,ZTF24aaazjux
ztf,60317.36274310015,2563362743515015000,2,2563362743515,19.916908,1,2563,17.174463,19.16161,19.1241,0.12681474,0.148,98.8364747,19.863938,0.68,t17_f5_c3,19.0991,0.1852,True,False,True,23.12.x,0.0,,0.9999995,563120235.0,ZTF24aaazjux
