tid,mjd,candid,fid,pid,diffmaglim,isdiffpos,nid,distnr,magpsf,magap,sigmapsf,sigmagap,ra,dec,rb,rbversion,drb,magapbig,sigmagapbig,rfid,has_stamp,corrected,dubious,step_id_corr,phase,parent_candid,oid
ztf,60029.51177080022,2275511775515015000,2,2275511775515,19.758574,1,2275,1.5776876,19.540749,19.7597,0.19069193,0.3193,323.0328969,35.9669189,0.69142854,t17_f5_c3,0.9993618,19.6169,0.3586,689120255.0,True,False,False,1.1.6,0.0,,ZTF23aadsmfy
ztf,60029.51423610002,2275514235515015001,2,2275514235515,19.825127,1,2275,1.597591,19.713764,19.7321,0.16979313,0.2965,323.032867,35.9669556,0.63714284,t17_f5_c3,0.9999286,19.5782,0.3292,689120255.0,True,False,False,1.1.6,0.0,,ZTF23aadsmfy
ztf,60029.5167129999,2275516715515015002,2,2275516715515,20.103765,1,2275,1.7991073,19.739101,19.8851,0.1643854,0.3118,323.0329927,35.9669218,0.86142856,t17_f5_c3,0.9998131,19.8013,0.369,689120255.0,True,False,False,1.1.6,0.0,,ZTF23aadsmfy
ztf,60029.51917820005,2275519175515015005,2,2275519175515,19.8824,1,2275,2.10625,19.8342,19.365,0.17971,0.2046,323.033113,35.9669223,0.554286,t17_f5_c3,,19.4156,0.2737,,False,False,False,1.1.6,0.0,2.275521655515015e+18,ZTF23aadsmfy
ztf,60029.52165509993,2275521655515015002,2,2275521655515,19.847628,1,2275,1.7047558,19.687996,19.8968,0.210572,0.3631,323.0329122,35.9669659,0.68714285,t17_f5_c3,0.9995785,19.9584,0.4917,689120255.0,True,False,False,1.1.6,0.0,,ZTF23aadsmfy
ztf,60030.52141200006,2276521415515015004,2,2276521415515,19.7429,1,2276,1.93977,19.8144,19.7162,0.262267,0.3069,323.0330124,35.9669636,0.577143,t17_f5_c3,,19.8159,0.4309,,False,False,False,1.1.6,0.0,2.276526365515015e+18,ZTF23aadsmfy
ztf,60030.52636570018,2276526365515015003,2,2276526365515,19.770987,1,2276,1.74126,19.774023,19.9112,0.21329962,0.4071,323.0329441,35.9669404,0.79,t17_f5_c3,0.999861,19.7673,0.4569,689120255.0,True,False,False,1.1.6,0.0,,ZTF23aadsmfy
ztf,60050.45587959979,2296455875515015007,2,2296455875515,20.452648,1,2296,1.7898422,20.26664,20.148,0.20390372,0.3248,323.0329961,35.9669123,0.63285714,t17_f5_c3,0.7895901,19.755,0.2889,689120255.0,True,False,False,1.1.6,0.0,,ZTF23aadsmfy
