tid,mjd,candid,fid,pid,diffmaglim,isdiffpos,nid,distnr,magpsf,magap,sigmapsf,sigmagap,ra,dec,rb,rbversion,magapbig,sigmagapbig,has_stamp,corrected,dubious,step_id_corr,phase,parent_candid,drb,rfid,oid
ztf,60317.42304399982,2563423040615015018,2,2563423040615,19.9728,1,2563,12.6011,18.6354,18.5351,0.081964,0.09,96.457281,15.3323037,0.934286,t17_f5_c3,18.4959,0.1108,False,False,True,23.12.x,0.0,2.563424450615015e+18,,,ZTF24aabavvl
ztf,60317.423518499825,2563423510615015020,2,2563423510615,20.0431,1,2563,12.3509,18.6445,18.7536,0.076721,0.1042,96.4571438,15.3322946,0.961429,t17_f5_c3,18.7986,0.1387,False,False,True,23.12.x,0.0,2.563425390615015e+18,,,ZTF24aabavvl
ztf,60317.42398149986,2563423980615015028,2,2563423980615,19.8756,1,2563,12.0693,18.6888,18.6429,0.079901,0.102,96.4570351,15.3322608,0.935714,t17_f5_c3,18.5323,0.1178,False,False,True,23.12.x,0.0,2.563425390615015e+18,,,ZTF24aabavvl
ztf,60317.42445599986,2563424450615015030,2,2563424450615,19.971,1,2563,11.8991,18.6748,18.6976,0.072894,0.1031,96.4569366,15.3322605,0.971429,t17_f5_c3,18.6844,0.1302,False,False,True,23.12.x,0.0,2.563424930615015e+18,,,ZTF24aabavvl
ztf,60317.424930599984,2563424930615015021,2,2563424930615,20.003323,1,2563,11.644303,18.68868,18.7093,0.07959183,0.1022,96.4567884,15.3322421,0.91714287,t17_f5_c3,18.6532,0.124,True,False,True,23.12.x,0.0,,0.9999038,563120206.0,ZTF24aabavvl
ztf,60317.4253934999,2563425390615015024,2,2563425390615,19.9431,1,2563,11.559,18.7322,18.8004,0.096351,0.1155,96.4567429,15.3322349,0.964286,t17_f5_c3,18.7893,0.1462,False,False,True,23.12.x,0.0,2.563425860615015e+18,,,ZTF24aabavvl
ztf,60317.42586810002,2563425860615015023,2,2563425860615,19.87081,1,2563,11.250213,18.78534,18.7059,0.11125715,0.1094,96.4565801,15.3322041,0.88857144,t17_f5_c3,18.5773,0.1243,True,False,True,23.12.x,0.0,,0.99998724,563120206.0,ZTF24aabavvl
