tid,mjd,candid,fid,pid,diffmaglim,isdiffpos,nid,distnr,magpsf,magap,sigmapsf,sigmagap,ra,dec,rb,rbversion,magapbig,sigmagapbig,has_stamp,corrected,dubious,step_id_corr,phase,parent_candid,drb,rfid,oid
ztf,60319.141597200185,2565141591515015011,2,2565141591515,19.4933,1,2565,8.15173,18.3954,18.2354,0.08072,0.1042,86.0190668,15.6509504,0.814286,t17_f5_c3,18.1928,0.1282,False,False,True,23.12.x,0.0,2.565143001515015e+18,,,ZTF24aabgoju
ztf,60319.14207179984,2565142071515015009,2,2565142071515,19.2301,1,2565,7.61121,18.2916,18.3567,0.113779,0.1342,86.0189094,15.6509759,0.811429,t17_f5_c3,18.421,0.1823,False,False,True,23.12.x,0.0,2.565143951515015e+18,,,ZTF24aabgoju
ztf,60319.14253470022,2565142531515015007,2,2565142531515,19.2626,1,2565,7.49622,18.3739,18.4319,0.120504,0.1438,86.0188814,15.6509976,0.805714,t17_f5_c3,18.4733,0.1913,False,False,True,23.12.x,0.0,2.565143481515015e+18,,,ZTF24aabgoju
ztf,60319.14300929988,2565143001515015008,2,2565143001515,19.497066,1,2565,6.913947,18.325476,18.3283,0.07695471,0.1173,86.0187137,15.6510384,0.8742857,t17_f5_c3,18.1988,0.1333,True,False,True,23.12.x,0.0,,0.9999994,562120215.0,ZTF24aabgoju
ztf,60319.14348379988,2565143481515015012,2,2565143481515,19.719929,1,2565,6.539604,18.314665,18.3187,0.07417229,0.0976,86.0186148,15.651072,0.9342857,t17_f5_c3,18.3017,0.1228,True,False,True,23.12.x,0.0,,0.9999993,562120215.0,ZTF24aabgoju
ztf,60319.14395829989,2565143951515015011,2,2565143951515,19.653734,1,2565,6.1528945,18.380753,18.3907,0.08344411,0.1083,86.0185044,15.6511043,0.94285715,t17_f5_c3,18.2999,0.1274,True,False,True,23.12.x,0.0,,0.99999994,562120215.0,ZTF24aabgoju
ztf,60319.14442129992,2565144421515015007,2,2565144421515,19.701468,1,2565,5.7569547,18.27173,18.3828,0.069780454,0.1108,86.0183906,15.651136,0.9442857,t17_f5_c3,18.3866,0.142,True,False,True,23.12.x,0.0,,0.99998826,562120215.0,ZTF24aabgoju
ztf,60319.144895799924,2565144891515015014,2,2565144891515,19.754019,1,2565,5.4729776,18.325733,18.2694,0.06322553,0.0931,86.0183144,15.6511716,0.9457143,t17_f5_c3,18.2738,0.1194,True,False,True,23.12.x,0.0,,0.99999976,562120215.0,ZTF24aabgoju
