tid,mjd,candid,fid,pid,diffmaglim,isdiffpos,nid,distnr,magpsf,magpsf_corr,magap,sigmapsf,sigmapsf_corr,sigmapsf_corr_ext,sigmagap,ra,dec,rb,rbversion,drb,magapbig,sigmagapbig,rfid,has_stamp,corrected,dubious,step_id_corr,phase,parent_candid,oid
ztf,61080.56802080013,3326568024115015132,2,3326568024115,18.819506,1,3326,0.40241176,16.282299,15.282599,16.3687,0.038329598,0.0025759435,0.015263505,0.0389,280.6578758,-12.3575134,0.69285715,t17_f5_c3,0.9999998,16.3703,0.0496,1377120241.0,True,True,False,27.5.7a32.dev1,0.0,,ZTF22abjkkbz
ztf,61080.56848380016,3326568484115015032,2,3326568484115,18.86961,1,3326,0.6350824,16.53546,15.376464,16.5607,0.04348523,100.0,0.014953529,0.0444,280.657916,-12.3575691,0.81714284,t17_f5_c3,0.9999993,16.5032,0.0537,1377120241.0,True,True,False,27.5.7a32.dev1,0.0,,ZTF22abjkkbz
ztf,61080.57052080007,3326570524115015045,2,3326570524115,18.729006,1,3326,0.28309363,16.35906,15.31252,16.4364,0.051166657,0.011902732,0.0195151,0.0456,280.6578005,-12.3575263,0.7457143,t17_f5_c3,0.99999976,16.4179,0.0572,1377120241.0,True,True,False,27.5.7a32.dev1,0.0,,ZTF22abjkkbz
ztf,61083.56328700017,3329563284115015039,2,3329563284115,19.38698,1,3329,0.40217203,16.62826,15.40749,16.6871,0.04586456,100.0,0.014899412,0.0325,280.6578667,-12.3575269,0.80285716,t17_f5_c3,0.9999999,16.6752,0.0406,1377120241.0,True,True,False,27.5.7a32.dev1,0.0,,ZTF22abjkkbz
ztf,61105.54025459988,3351540254115010066,2,3351540254115,19.61889,-1,3351,0.29750198,17.600256,16.071617,17.921,0.088362575,100.0,0.021617873,0.0823,280.6576974,-12.3574262,0.75142854,t17_f5_c3,0.9999998,17.8982,0.1023,1377120241.0,True,True,False,27.5.7a32.dev1,0.0,,ZTF22abjkkbz
ztf,61105.54025459988,3351540254115020066,2,3351540254115,19.6189,-1,3351,0.297502,17.6003,16.071608,17.921,0.088363,100.0,0.02161689,0.0823,280.6576974,-12.3574262,0.751429,t17_f5_c3,,17.8982,0.1023,,False,True,False,27.5.7a32.dev1,0.0,3.35454098411501e+18,ZTF22abjkkbz
ztf,61106.538958299905,3352538954115010009,2,3352538954115,18.75042,-1,3352,0.31357864,17.959581,15.999242,18.1222,0.13349243,100.0,0.021944253,0.1339,280.6576961,-12.3574816,0.40428573,t17_f5_c3,0.9998275,18.0794,0.1643,1377120241.0,True,True,False,27.5.7a32.dev1,0.0,,ZTF22abjkkbz
ztf,61108.540983799845,3354540984115010034,2,3354540984115,19.321032,-1,3354,0.33425808,17.472656,16.105259,17.6052,0.07433473,100.0,0.02109759,0.0725,280.6576967,-12.3574022,0.7271429,t17_f5_c3,1.0,17.6528,0.0964,1377120241.0,True,True,False,27.5.7a32.dev1,0.0,,ZTF22abjkkbz
