tid,mjd,candid,fid,pid,diffmaglim,isdiffpos,nid,distnr,magpsf,magap,sigmapsf,sigmagap,ra,dec,rb,rbversion,magapbig,sigmagapbig,has_stamp,corrected,dubious,step_id_corr,phase,parent_candid,drb,rfid,oid
ztf,60319.25748840021,2565257481815015019,2,2565257481815,20.2466,1,2565,4.48247,19.2679,19.4213,0.110826,0.1627,90.9696137,17.2255557,0.94,t17_f5_c3,19.3428,0.1939,False,False,False,23.12.x,0.0,2.565259371815015e+18,,,ZTF24aabiqpl
ztf,60319.257962999865,2565257961815015022,2,2565257961815,20.218,1,2565,4.49077,19.2589,19.0339,0.125481,0.1134,90.9695499,17.2255226,0.72,t17_f5_c3,18.948,0.134,False,False,False,23.12.x,0.0,2.565259371815015e+18,,,ZTF24aabiqpl
ztf,60319.25842589978,2565258421815015028,2,2565258421815,20.2308,1,2565,4.28091,19.2977,19.4273,0.11598,0.1623,90.9694512,17.225546,0.684286,t17_f5_c3,19.3343,0.1909,False,False,False,23.12.x,0.0,2.565259371815015e+18,,,ZTF24aabiqpl
ztf,60319.2589004999,2565258901815015021,2,2565258901815,20.3047,1,2565,4.29529,19.3337,19.5352,0.115527,0.1733,90.9693306,17.2255082,0.925714,t17_f5_c3,19.4765,0.2103,False,False,False,23.12.x,0.0,2.565259371815015e+18,,,ZTF24aabiqpl
ztf,60319.25937499991,2565259371815015021,2,2565259371815,20.324429,1,2565,4.1888785,19.235062,19.291,0.09681718,0.1374,90.9692553,17.2255229,0.9342857,t17_f5_c3,19.1301,0.1518,True,False,False,23.12.x,0.0,,0.9999999,562120218.0,ZTF24aabiqpl
ztf,60319.25983799994,2565259831815015022,2,2565259831815,20.2888,1,2565,4.13427,19.3494,19.3269,0.131676,0.1501,90.9691396,17.2255226,0.862857,t17_f5_c3,19.2847,0.1848,False,False,False,23.12.x,0.0,2.565260311815015e+18,,,ZTF24aabiqpl
ztf,60319.260312499944,2565260311815015023,2,2565260311815,20.208908,1,2565,4.2010016,19.4536,19.385,0.12042004,0.1691,90.9690761,17.2254995,0.8685714,t17_f5_c3,19.4532,0.2307,True,False,False,23.12.x,0.0,,0.99999994,562120218.0,ZTF24aabiqpl
ztf,60319.26078699995,2565260781815015020,2,2565260781815,20.274303,1,2565,4.1681685,19.221062,19.2549,0.10572327,0.144,90.9690133,17.2255088,0.9557143,t17_f5_c3,19.195,0.1746,True,False,False,23.12.x,0.0,,1.0,562120218.0,ZTF24aabiqpl
ztf,60319.26126160007,2565261261815015023,2,2565261261815,20.397041,1,2565,4.202061,19.312834,19.2454,0.10129048,0.1298,90.9688656,17.2255098,0.93857145,t17_f5_c3,19.0916,0.1443,True,False,False,23.12.x,0.0,,1.0,562120218.0,ZTF24aabiqpl
