tid,mjd,candid,fid,pid,diffmaglim,isdiffpos,nid,distnr,magpsf,magap,sigmapsf,sigmagap,ra,dec,rb,rbversion,magapbig,sigmagapbig,has_stamp,corrected,dubious,step_id_corr,phase,parent_candid,drb,rfid,oid
ztf,60319.23440970015,2565234402715015011,2,2565234402715,20.1687,1,2565,5.78932,18.5382,18.5317,0.059002,0.0736,87.7243159,17.7442637,0.895714,t17_f5_c3,18.7013,0.1093,False,False,False,23.12.x,0.0,2.565236292715015e+18,,,ZTF24aabigew
ztf,60319.2348842998,2565234882715015007,2,2565234882715,20.165281,1,2565,5.6022763,18.59749,18.5012,0.07642489,0.071,87.7242016,17.7442502,0.7271429,t17_f5_c3,18.5835,0.0973,True,False,False,23.12.x,0.0,,1.0,562120227.0,ZTF24aabigew
ztf,60319.235347200185,2565235342715015018,2,2565235342715,20.241945,1,2565,5.2782063,18.461645,18.3857,0.05824587,0.0636,87.7241064,17.7442127,0.8957143,t17_f5_c3,18.4073,0.0822,True,False,False,23.12.x,0.0,,1.0,562120227.0,ZTF24aabigew
ztf,60319.23582179984,2565235822715015008,2,2565235822715,20.148153,1,2565,5.037816,18.501139,18.5042,0.07557686,0.0723,87.7240005,17.7442054,0.81857145,t17_f5_c3,18.4694,0.0889,True,False,False,23.12.x,0.0,,1.0,562120227.0,ZTF24aabigew
ztf,60319.236296299845,2565236292715015010,2,2565236292715,20.200672,1,2565,4.82366,18.519129,18.4755,0.060123507,0.0687,87.7239134,17.7441962,0.86,t17_f5_c3,18.4872,0.0881,True,False,False,23.12.x,0.0,,1.0,562120227.0,ZTF24aabigew
ztf,60319.23677079985,2565236772715015009,2,2565236772715,20.1612,1,2565,4.54791,18.5656,18.5261,0.060227,0.0744,87.7238081,17.7441683,0.845714,t17_f5_c3,18.609,0.102,False,False,False,23.12.x,0.0,2.565237242715015e+18,,,ZTF24aabigew
ztf,60319.23724539997,2565237242715015006,2,2565237242715,20.19227,1,2565,4.294202,18.533003,18.5016,0.06607781,0.0708,87.723703,17.7441493,0.86142856,t17_f5_c3,18.5528,0.094,True,False,False,23.12.x,0.0,,1.0,562120227.0,ZTF24aabigew
