tid,mjd,candid,fid,pid,diffmaglim,isdiffpos,nid,distnr,magpsf,magap,sigmapsf,sigmagap,ra,dec,rb,rbversion,magapbig,sigmagapbig,has_stamp,corrected,dubious,step_id_corr,phase,parent_candid,drb,rfid,oid
ztf,60317.25063659996,2563250631315015015,2,2563250631315,20.0634,1,2563,9.75468,19.3288,19.4579,0.126684,0.1722,92.2625385,16.5028393,0.628571,t17_f5_c3,19.4123,0.2116,False,False,True,23.12.x,0.0,2.563252031315015e+18,,,ZTF24aaawsde
ztf,60317.251099499874,2563251091315015015,2,2563251091315,20.1544,1,2563,10.0167,19.3715,19.304,0.130456,0.1502,92.262467,16.5028061,0.571429,t17_f5_c3,19.0904,0.158,False,False,True,23.12.x,0.0,2.563252031315015e+18,,,ZTF24aaawsde
ztf,60317.251574099995,2563251571315015010,2,2563251571315,20.1206,1,2563,10.2597,19.2152,19.3699,0.146715,0.1624,92.2623549,16.5028841,0.62,t17_f5_c3,19.3484,0.2037,False,False,True,23.12.x,0.0,2.563252031315015e+18,,,ZTF24aaawsde
ztf,60317.25203699991,2563252031315015018,2,2563252031315,20.176926,1,2563,10.61348,19.297827,19.3253,0.12671803,0.1507,92.2622148,16.5029544,0.51428574,t17_f5_c3,19.2581,0.1812,True,False,True,23.12.x,0.0,,0.99987566,563120213.0,ZTF24aaawsde
ztf,60317.25251160003,2563252511315015017,2,2563252511315,20.1749,1,2563,11.0158,19.2162,19.21,0.108612,0.1353,92.2620852,16.5029733,0.774286,t17_f5_c3,19.1019,0.1567,False,False,True,23.12.x,0.0,2.563253461315015e+18,,,ZTF24aaawsde
ztf,60317.25298610004,2563252981315015014,2,2563252981315,20.1893,1,2563,11.308,19.2529,19.2042,0.113564,0.1333,92.2619981,16.5029671,0.76,t17_f5_c3,19.2323,0.1749,False,False,True,23.12.x,0.0,2.563253461315015e+18,,,ZTF24aaawsde
ztf,60317.25346060004,2563253461315015009,2,2563253461315,20.09418,1,2563,11.540911,19.292395,19.2919,0.12369524,0.1459,92.2619244,16.5029597,0.5857143,t17_f5_c3,19.2281,0.1761,True,False,True,23.12.x,0.0,,0.99999344,563120213.0,ZTF24aaawsde
ztf,60317.253923600074,2563253921315015012,2,2563253921315,20.102514,1,2563,11.922229,19.3568,19.2564,0.13524608,0.1426,92.2617827,16.5030332,0.45142856,t17_f5_c3,19.1532,0.166,True,False,True,23.12.x,0.0,,0.9999999,563120213.0,ZTF24aaawsde
ztf,60317.25439810008,2563254391315015013,2,2563254391315,20.212223,1,2563,12.3840275,19.245556,19.2588,0.1125826,0.1388,92.2616385,16.5030454,0.7442857,t17_f5_c3,19.3738,0.197,True,False,True,23.12.x,0.0,,0.9999999,563120213.0,ZTF24aaawsde
