tid,mjd,candid,fid,pid,diffmaglim,isdiffpos,nid,distnr,magpsf,magap,sigmapsf,sigmagap,ra,dec,rb,rbversion,magapbig,sigmagapbig,has_stamp,corrected,dubious,step_id_corr,phase,parent_candid,drb,rfid,oid
ztf,60319.26219910011,2565262190815015007,2,2565262190815,20.3708,1,2565,3.87332,19.0918,19.1746,0.090845,0.1246,87.7959126,16.6369271,0.96,t17_f5_c3,19.1649,0.1596,False,False,False,23.12.x,0.0,2.565263610815015e+18,,,ZTF24aabitqh
ztf,60319.26267360011,2565262670815015011,2,2565262670815,20.4269,1,2565,3.83636,19.0327,18.943,0.082285,0.097,87.7958115,16.636957,0.965714,t17_f5_c3,18.9404,0.1252,False,False,False,23.12.x,0.0,2.565264080815015e+18,,,ZTF24aabitqh
ztf,60319.263136600144,2565263130815015011,2,2565263130815,20.466,1,2565,3.5982,19.014,19.0376,0.083494,0.103,87.7957312,16.637053,0.972857,t17_f5_c3,19.1377,0.1461,False,False,False,23.12.x,0.0,2.565264080815015e+18,,,ZTF24aabitqh
ztf,60319.26361110015,2565263610815015017,2,2565263610815,20.456118,1,2565,3.4775355,19.089273,19.0365,0.073477775,0.1039,87.7956296,16.6371273,0.9671429,t17_f5_c3,19.122,0.1451,True,False,False,23.12.x,0.0,,0.99999964,562120208.0,ZTF24aabitqh
ztf,60319.26408560015,2565264080815015014,2,2565264080815,20.490082,1,2565,3.398412,19.09602,19.0232,0.07857584,0.101,87.7955505,16.6371965,0.9671429,t17_f5_c3,19.1906,0.152,True,False,False,23.12.x,0.0,,0.9999999,562120208.0,ZTF24aabitqh
ztf,60319.264548600186,2565264540815015015,2,2565264540815,20.512358,1,2565,3.3473988,19.077345,18.8974,0.0800106,0.0884,87.7954801,16.6372628,0.92,t17_f5_c3,18.9081,0.1152,True,False,False,23.12.x,0.0,,0.9999959,562120208.0,ZTF24aabitqh
ztf,60319.26502310019,2565265020815015010,2,2565265020815,20.438221,1,2565,3.4086623,19.081106,19.0524,0.09734661,0.1066,87.7953688,16.6373309,0.9557143,t17_f5_c3,19.1087,0.1445,True,False,False,23.12.x,0.0,,0.9999995,562120208.0,ZTF24aabitqh
ztf,60319.265497699846,2565265490815015011,2,2565265490815,20.403126,1,2565,3.5316687,19.102066,19.0509,0.084955834,0.1081,87.7952565,16.6374043,0.9442857,t17_f5_c3,18.998,0.1324,True,False,False,23.12.x,0.0,,0.99998415,562120208.0,ZTF24aabitqh
ztf,60319.26596060023,2565265960815015009,2,2565265960815,20.342371,1,2565,3.6409914,19.11102,19.0071,0.09323604,0.107,87.795182,16.6374526,0.93,t17_f5_c3,18.9839,0.1345,True,False,False,23.12.x,0.0,,0.9999987,562120208.0,ZTF24aabitqh
