tid,mjd,candid,fid,pid,diffmaglim,isdiffpos,nid,distnr,magpsf,magap,sigmapsf,sigmagap,ra,dec,rb,rbversion,magapbig,sigmagapbig,has_stamp,corrected,dubious,step_id_corr,phase,parent_candid,drb,rfid,oid
ztf,60319.21037039999,2565210374215015020,2,2565210374215,20.1091,1,2565,5.22643,19.6983,19.6735,0.161322,0.228,87.0397643,19.2583082,0.604286,t17_f5_c3,19.7805,0.3231,False,False,False,23.12.x,0.0,2.565212254215015e+18,,,ZTF24aabhvrh
ztf,60319.21084489999,2565210844215015026,2,2565210844215,20.0629,1,2565,4.87182,19.7385,19.6723,0.1647,0.2343,87.0396479,19.2583423,0.567143,t17_f5_c3,19.5473,0.2688,False,False,False,23.12.x,0.0,2.565212254215015e+18,,,ZTF24aabhvrh
ztf,60319.21130790003,2565211304215015025,2,2565211304215,20.1352,1,2565,4.4162,19.8431,19.9552,0.131426,0.2866,87.0394951,19.2583757,0.588571,t17_f5_c3,19.9604,0.3714,False,False,False,23.12.x,0.0,2.565212254215015e+18,,,ZTF24aabhvrh
ztf,60319.21178240003,2565211784215015017,2,2565211784215,20.1559,1,2565,4.3989,19.7563,19.6816,0.124762,0.2253,87.0394961,19.2583648,0.625714,t17_f5_c3,19.6673,0.2866,False,False,False,23.12.x,0.0,2.565212254215015e+18,,,ZTF24aabhvrh
ztf,60319.212256900035,2565212254215015010,2,2565212254215,20.088936,1,2565,3.872402,19.785461,20.0859,0.1480797,0.3241,87.03935,19.2583104,0.6157143,t17_f5_c3,20.142,0.4402,True,False,False,23.12.x,0.0,,0.9998269,562120242.0,ZTF24aabhvrh
ztf,60319.21271990007,2565212714215015010,2,2565212714215,20.1086,1,2565,3.33145,19.7394,19.7156,0.144248,0.2333,87.0391914,19.2582736,0.661429,t17_f5_c3,19.6971,0.2958,False,False,False,23.12.x,0.0,2.565213194215015e+18,,,ZTF24aabhvrh
ztf,60319.21319440007,2565213194215015013,2,2565213194215,20.146284,1,2565,3.0934265,19.836163,19.7189,0.13448833,0.2338,87.0390806,19.2583693,0.6357143,t17_f5_c3,20.0107,0.3935,True,False,False,23.12.x,0.0,,0.99854875,562120242.0,ZTF24aabhvrh
ztf,60319.21366900019,2565213664215015019,2,2565213664215,20.120203,1,2565,2.902583,19.770586,20.1477,0.18509482,0.3452,87.0390141,19.2583688,0.5871429,t17_f5_c3,19.9934,0.386,True,False,False,23.12.x,0.0,,0.99974775,562120242.0,ZTF24aabhvrh
