tid,mjd,candid,fid,pid,diffmaglim,isdiffpos,nid,distnr,magpsf,magpsf_corr,magap,sigmapsf,sigmapsf_corr,sigmapsf_corr_ext,sigmagap,ra,dec,rb,rbversion,magapbig,sigmagapbig,has_stamp,corrected,dubious,step_id_corr,phase,parent_candid,drb,rfid,oid
ztf,60440.47534719994,2686475340415015008,2,2686475340415,19.888,1,2686,0.69025,18.7918,16.423887,18.6602,0.095092,100.0,0.010739378,0.1229,8.8771787,52.2964484,0.93,t17_f5_c3,18.6308,0.15,False,True,False,24.4.1,0.0,2.689480864415015e+18,,,ZTF24aanngee
ztf,60440.48317130003,2686483170415015008,2,2686483170415,19.8373,1,2686,0.212443,18.8708,16.432528,18.5284,0.103837,100.0,0.010991143,0.1186,8.8769837,52.2963695,0.832857,t17_f5_c3,18.415,0.1346,False,True,False,24.4.1,0.0,2.689480864415015e+18,,,ZTF24aanngee
ztf,60441.47590279998,2687475904415015005,2,2687475904415,19.6116,1,2687,0.412964,18.3519,16.4319,18.2819,0.101507,0.010055346,0.017317923,0.1074,8.8768653,52.2964083,0.897143,t17_f5_c3,18.3526,0.1453,False,True,False,24.4.1,0.0,2.689480864415015e+18,,,ZTF24aanngee
ztf,60441.47937500011,2687479374415015006,2,2687479374415,19.6596,1,2687,0.25082,18.3281,16.427801,18.2915,0.077573,100.0,0.013476942,0.1098,8.8768446,52.2963282,0.9,t17_f5_c3,18.2215,0.1307,False,True,False,24.4.1,0.0,2.689480864415015e+18,,,ZTF24aanngee
ztf,60441.48445599992,2687484454415015003,2,2687484454415,19.5329,1,2687,0.395866,18.2959,16.422138,18.2985,0.114085,0.014739904,0.020310657,0.1192,8.8768044,52.2963691,0.878571,t17_f5_c3,18.3132,0.1537,False,True,False,24.4.1,0.0,2.689480864415015e+18,,,ZTF24aanngee
ztf,60442.47857639985,2688478574415015001,2,2688478574415,19.9761,1,2688,0.120246,18.3176,16.42597,18.48,0.093303,0.008387154,0.016339688,0.1004,8.8769026,52.2963157,0.921429,t17_f5_c3,18.5256,0.1317,False,True,False,24.4.1,0.0,2.689480864415015e+18,,,ZTF24aanngee
ztf,60442.48200230021,2688482004415015009,2,2688482004415,19.9592,1,2688,0.137573,18.5224,16.459158,18.5518,0.074465,100.0,0.011134114,0.1134,8.8769179,52.2963373,0.871429,t17_f5_c3,18.4451,0.1298,False,True,False,24.4.1,0.0,2.689480864415015e+18,,,ZTF24aanngee
ztf,60443.48086810019,2689480864415015008,2,2689480864415,19.774092,1,2689,1.4534527,19.102757,,18.7688,0.14357556,,,0.1444,8.8766988,52.2966843,0.5885714,t17_f5_c3,18.7574,0.1808,True,False,True,24.4.1,0.0,,0.99820596,1775120244.0,ZTF24aanngee
