tid,mjd,candid,fid,pid,diffmaglim,isdiffpos,nid,distnr,magpsf,magap,sigmapsf,sigmagap,ra,dec,rb,rbversion,magapbig,sigmagapbig,has_stamp,corrected,dubious,step_id_corr,phase,parent_candid,drb,rfid,oid
ztf,60319.12791670021,2565127915015015014,2,2565127915015,18.9081,1,2565,3.97076,18.0188,18.2141,0.102378,0.1619,90.6302768,21.1354783,0.86,t17_f5_c3,18.2835,0.2213,False,False,False,23.12.x,0.0,2.5651293250150154e+18,,,ZTF24aabgepv
ztf,60319.12839120021,2565128395015015022,2,2565128395015,18.9416,1,2565,3.69811,18.0652,18.1189,0.119436,0.145,90.6302004,21.1355815,0.841429,t17_f5_c3,17.9879,0.165,False,False,False,23.12.x,0.0,2.5651293250150154e+18,,,ZTF24aabgepv
ztf,60319.12932869978,2565129325015015228,2,2565129325015,18.956871,1,2565,2.7165995,18.014044,17.9326,0.07937311,0.1137,90.6299094,21.1356202,0.6642857,t17_f5_c3,17.8089,0.1301,True,False,False,23.12.x,0.0,,0.999998,562120250.0,ZTF24aabgepv
ztf,60319.12980319979,2565129805015015012,2,2565129805015,19.200737,1,2565,2.7399008,18.036491,17.9632,0.12182128,0.0841,90.629908,21.1357402,0.68142855,t17_f5_c3,17.8933,0.1009,True,False,False,23.12.x,0.0,,0.9999086,562120250.0,ZTF24aabgepv
ztf,60319.13027779991,2565130275015015018,2,2565130275015,18.87867,1,2565,2.347782,18.038845,18.2119,0.10033504,0.1497,90.6297859,21.1357443,0.7242857,t17_f5_c3,18.1659,0.184,True,False,False,23.12.x,0.0,,0.9999958,562120250.0,ZTF24aabgepv
ztf,60319.130740699824,2565130745015015035,2,2565130745015,19.062658,1,2565,2.0270436,18.120565,18.0894,0.09029339,0.1074,90.6296942,21.1357449,0.66,t17_f5_c3,18.0304,0.1304,True,False,False,23.12.x,0.0,,0.9999418,562120250.0,ZTF24aabgepv
ztf,60319.131215299945,2565131215015015026,2,2565131215015,19.567123,1,2565,1.8033596,18.04229,18.0239,0.0671133,0.0731,90.6295726,21.1358634,0.7885714,t17_f5_c3,17.9785,0.0896,True,False,False,23.12.x,0.0,,0.99999696,562120250.0,ZTF24aabgepv
ztf,60319.13168979995,2565131685015015023,2,2565131685015,19.467533,1,2565,1.7571205,18.028873,18.0851,0.08517982,0.083,90.6295031,21.1359401,0.8242857,t17_f5_c3,18.0542,0.1032,True,False,False,23.12.x,0.0,,0.99999964,562120250.0,ZTF24aabgepv
