tid,mjd,candid,fid,pid,diffmaglim,isdiffpos,nid,distnr,magpsf,magap,sigmapsf,sigmagap,ra,dec,rb,rbversion,magapbig,sigmagapbig,has_stamp,corrected,dubious,step_id_corr,phase,parent_candid,drb,rfid,oid
ztf,60318.468020800035,2564468021915015001,2,2564468021915,20.2699,1,2564,4.12183,17.0963,17.1107,0.03271,0.0209,137.8334411,68.0210123,0.94,t17_f5_c3,17.0902,0.0255,False,False,True,23.12.x,0.0,2.564469431915015e+18,,,ZTF24aabeibf
ztf,60318.46848380007,2564468481915015000,2,2564468481915,20.1655,1,2564,3.97841,17.1323,17.1098,0.044027,0.0229,137.833184,68.021045,0.932857,t17_f5_c3,17.0888,0.028,False,False,True,23.12.x,0.0,2.564469891915015e+18,,,ZTF24aabeibf
ztf,60318.46895830007,2564468951915015001,2,2564468951915,20.2367,1,2564,3.92491,17.1021,17.0776,0.031011,0.0208,137.8328582,68.0210684,0.932857,t17_f5_c3,17.0593,0.0253,False,False,True,23.12.x,0.0,2.564469431915015e+18,,,ZTF24aabeibf
ztf,60318.469432900194,2564469431915015000,2,2564469431915,20.214405,1,2564,3.7714024,17.100965,17.0969,0.04347489,0.0221,137.8326068,68.0211236,0.9342857,t17_f5_c3,17.106,0.0277,True,False,True,23.12.x,0.0,,0.9999999,840120219.0,ZTF24aabeibf
ztf,60318.46989580011,2564469891915015000,2,2564469891915,20.177422,1,2564,3.737826,17.09282,17.0832,0.04491485,0.0218,137.8322997,68.0211513,0.92,t17_f5_c3,17.0546,0.0265,True,False,True,23.12.x,0.0,,0.99999523,840120219.0,ZTF24aabeibf
ztf,60318.47037040023,2564470371915015000,2,2564470371915,20.249023,1,2564,3.7303944,17.086916,17.0295,0.03666688,0.02,137.8320172,68.0211897,0.92285717,t17_f5_c3,17.0084,0.0244,True,False,True,23.12.x,0.0,,0.99999976,840120219.0,ZTF24aabeibf
ztf,60318.47084489977,2564470841915015001,2,2564470841915,20.308146,1,2564,3.7217195,17.08492,17.0552,0.037593164,0.0201,137.8317458,68.0212398,0.92285717,t17_f5_c3,17.0406,0.0246,True,False,True,23.12.x,0.0,,0.9999888,840120219.0,ZTF24aabeibf
