tid,mjd,candid,fid,pid,diffmaglim,isdiffpos,nid,distnr,magpsf,magap,sigmapsf,sigmagap,ra,dec,rb,rbversion,magapbig,sigmagapbig,has_stamp,corrected,dubious,step_id_corr,phase,parent_candid,drb,rfid,oid
ztf,60319.5436689998,2565543661115015019,2,2565543661115,20.045,1,2565,9.6986,19.0329,18.877,0.094976,0.1163,151.009177,1.1685749,0.864286,t17_f5_c3,18.9248,0.1554,False,False,True,23.12.x,0.0,2.565546011115015e+18,,,ZTF24aabnfrc
ztf,60319.544131900184,2565544131115015017,2,2565544131115,20.0827,1,2565,9.5754,19.0021,18.72,0.093804,0.0998,151.0091205,1.1685649,0.725714,t17_f5_c3,18.776,0.1341,False,False,True,23.12.x,0.0,2.565546491115015e+18,,,ZTF24aabnfrc
ztf,60319.54460649984,2565544601115015017,2,2565544601115,20.0919,1,2565,9.32605,19.0167,18.9041,0.091719,0.1198,151.0090872,1.1685014,0.881429,t17_f5_c3,18.9761,0.1635,False,False,True,23.12.x,0.0,2.565546491115015e+18,,,ZTF24aabnfrc
ztf,60319.54506940022,2565545061115015014,2,2565545061115,20.0249,1,2565,9.10953,19.1069,19.2561,0.128444,0.1662,151.0090248,1.1684638,0.812857,t17_f5_c3,19.1028,0.1849,False,False,True,23.12.x,0.0,2.565546491115015e+18,,,ZTF24aabnfrc
ztf,60319.54554399988,2565545541115015014,2,2565545541115,20.0974,1,2565,8.8664,19.0406,19.1231,0.100826,0.1479,151.0089491,1.1684235,0.938571,t17_f5_c3,18.9769,0.1655,False,False,True,23.12.x,0.0,2.565546491115015e+18,,,ZTF24aabnfrc
ztf,60319.54601849988,2565546011115015018,2,2565546011115,20.051079,1,2565,8.61519,19.016224,19.1502,0.08899286,0.1528,151.0088373,1.168397,0.9142857,t17_f5_c3,19.0524,0.1788,True,False,True,23.12.x,0.0,,0.9999954,468120211.0,ZTF24aabnfrc
ztf,60319.5464931,2565546491115015015,2,2565546491115,20.013836,1,2565,8.432671,19.016907,19.1526,0.10459318,0.1534,151.0088264,1.1683458,0.89,t17_f5_c3,19.249,0.2144,True,False,True,23.12.x,0.0,,0.999998,468120211.0,ZTF24aabnfrc
ztf,60319.54696760001,2565546961115015018,2,2565546961115,20.018217,1,2565,8.251005,19.039745,19.1216,0.11311216,0.1473,151.0087508,1.1683203,0.8914286,t17_f5_c3,19.4674,0.2588,True,False,True,23.12.x,0.0,,0.9999987,468120211.0,ZTF24aabnfrc
ztf,60319.54743060004,2565547431115015016,2,2565547431115,20.081753,1,2565,7.930386,19.194345,19.0103,0.13314912,0.132,151.008693,1.1682463,0.7714286,t17_f5_c3,18.9724,0.1632,True,False,True,23.12.x,0.0,,0.9999901,468120211.0,ZTF24aabnfrc
