tid,mjd,candid,fid,pid,diffmaglim,isdiffpos,nid,distnr,magpsf,magap,sigmapsf,sigmagap,ra,dec,rb,rbversion,magapbig,sigmagapbig,has_stamp,corrected,dubious,step_id_corr,phase,parent_candid,drb,rfid,oid
ztf,60317.441411999986,2563441414515015003,2,2563441414515,19.5759,1,2563,1.89057,17.9303,17.9262,0.063158,0.0664,92.3385423,20.6797647,0.775714,t17_f5_c3,17.8203,0.0769,False,False,True,23.12.x,0.0,2.563443294515015e+18,,,ZTF24aabbhja
ztf,60317.44188660011,2563441884515015005,2,2563441884515,19.7446,1,2563,2.10716,18.0242,18.0916,0.063561,0.071,92.3384336,20.6797437,0.905714,t17_f5_c3,18.1341,0.0941,False,False,True,23.12.x,0.0,2.563443294515015e+18,,,ZTF24aabbhja
ztf,60317.44236110011,2563442364515015003,2,2563442364515,19.5508,1,2563,2.37549,17.9797,17.9286,0.049991,0.068,92.338341,20.6797541,0.792857,t17_f5_c3,17.9186,0.086,False,False,True,23.12.x,0.0,2.563443294515015e+18,,,ZTF24aabbhja
ztf,60317.442824100144,2563442824515015005,2,2563442824515,19.4233,1,2563,2.70491,17.977,17.9675,0.065492,0.0746,92.3382595,20.6798028,0.702857,t17_f5_c3,17.888,0.0887,False,False,True,23.12.x,0.0,2.563443294515015e+18,,,ZTF24aabbhja
ztf,60317.44329860015,2563443294515015003,2,2563443294515,19.476973,1,2563,3.0352461,18.033651,18.0121,0.07911366,0.0755,92.3381365,20.6797987,0.71428573,t17_f5_c3,17.9647,0.0925,True,False,True,23.12.x,0.0,,0.99999595,563120245.0,ZTF24aabbhja
ztf,60317.44377310015,2563443774515015003,2,2563443774515,19.6069,1,2563,3.35487,18.003515,18.0157,0.069786176,0.0715,92.3380143,20.6797721,0.841429,t17_f5_c3,17.9556,0.0864,True,False,True,23.12.x,0.0,,,,ZTF24aabbhja
ztf,60317.44424769981,2563444244515015003,2,2563444244515,19.5005,1,2563,3.67022,18.0544,18.0071,0.065103,0.0754,92.3379303,20.6798111,0.737143,t17_f5_c3,17.931,0.0899,False,False,True,23.12.x,0.0,2.563444714515015e+18,,,ZTF24aabbhja
ztf,60317.44471060019,2563444714515015003,2,2563444714515,19.715307,1,2563,4.058158,18.010344,17.9682,0.06112483,0.0645,92.3377979,20.6797986,0.88857144,t17_f5_c3,17.9487,0.0808,True,False,True,23.12.x,0.0,,0.9999999,563120245.0,ZTF24aabbhja
