tid,mjd,candid,fid,pid,diffmaglim,isdiffpos,nid,distnr,magpsf,magap,sigmapsf,sigmagap,ra,dec,rb,rbversion,magapbig,sigmagapbig,has_stamp,corrected,dubious,step_id_corr,phase,parent_candid,drb,rfid,oid
ztf,60319.16703699995,2565167035715015004,2,2565167035715,19.7815,1,2565,5.95948,18.1593,18.1317,0.075989,0.0648,86.5495339,22.4871028,0.797143,t17_f5_c3,18.1039,0.0806,False,False,True,23.12.x,0.0,2.565168925715015e+18,,,ZTF24aabhcud
ztf,60319.16751160007,2565167515715015004,2,2565167515715,19.8046,1,2565,5.84959,18.1656,18.2113,0.08408,0.0678,86.5494044,22.4871317,0.83,t17_f5_c3,18.1854,0.0843,False,False,True,23.12.x,0.0,2.565169395715015e+18,,,ZTF24aabhcud
ztf,60319.167986100074,2565167985715015005,2,2565167985715,19.8541,1,2565,5.79578,18.1823,18.0999,0.072102,0.0606,86.5493247,22.4871489,0.804286,t17_f5_c3,18.1868,0.0834,False,False,True,23.12.x,0.0,2.565169395715015e+18,,,ZTF24aabhcud
ztf,60319.16844910011,2565168445715015005,2,2565168445715,19.7685,1,2565,5.60514,18.1572,18.2797,0.066287,0.0728,86.549241,22.4872106,0.82,t17_f5_c3,18.2871,0.0933,False,False,True,23.12.x,0.0,2.565169395715015e+18,,,ZTF24aabhcud
ztf,60319.16892360011,2565168925715015004,2,2565168925715,19.78427,1,2565,5.5886917,18.253668,18.1553,0.065666504,0.0692,86.5491281,22.4872334,0.8142857,t17_f5_c3,18.1708,0.0894,True,False,True,23.12.x,0.0,,0.9999999,562120257.0,ZTF24aabhcud
ztf,60319.169398100115,2565169395715015004,2,2565169395715,19.84336,1,2565,5.594207,18.166477,18.2493,0.068646,0.072,86.5489929,22.4872588,0.85571426,t17_f5_c3,18.2024,0.088,True,False,True,23.12.x,0.0,,0.999998,562120257.0,ZTF24aabhcud
ztf,60319.16986110015,2565169865715015009,2,2565169865715,19.883675,1,2565,5.640134,18.196438,18.2739,0.061624683,0.0735,86.5488719,22.4872825,0.89285713,t17_f5_c3,18.3943,0.1046,True,False,True,23.12.x,0.0,,0.9999969,562120257.0,ZTF24aabhcud
