tid,mjd,candid,fid,pid,diffmaglim,isdiffpos,nid,distnr,magpsf,magap,sigmapsf,sigmagap,ra,dec,rb,rbversion,magapbig,sigmagapbig,has_stamp,corrected,dubious,step_id_corr,phase,parent_candid,drb,rfid,oid
ztf,60319.20659720013,2565206590015015023,2,2565206590015,19.773,1,2565,8.69145,17.4912,17.4921,0.027348,0.0407,91.4089056,16.2137473,0.952857,t17_f5_c3,17.498,0.0519,False,False,True,23.12.x,0.0,2.565208480015015e+18,,,ZTF24aabhwgx
ztf,60319.207071799785,2565207070015015021,2,2565207070015,19.8564,1,2565,8.53737,17.4968,17.5049,0.025146,0.0405,91.4088145,16.2137547,0.965714,t17_f5_c3,17.4923,0.0508,False,False,True,23.12.x,0.0,2.565208480015015e+18,,,ZTF24aabhwgx
ztf,60319.20753470017,2565207530015015027,2,2565207530015,19.8119,1,2565,8.28172,17.4698,17.4769,0.024782,0.0401,91.4087014,16.2137343,0.96,t17_f5_c3,17.4589,0.05,False,False,True,23.12.x,0.0,2.565208480015015e+18,,,ZTF24aabhwgx
ztf,60319.20800929982,2565208000015015025,2,2565208000015,19.7741,1,2565,8.06475,17.4563,17.4729,0.026642,0.0402,91.4085932,16.2137162,0.951429,t17_f5_c3,17.4568,0.0503,False,False,True,23.12.x,0.0,2.565208480015015e+18,,,ZTF24aabhwgx
ztf,60319.208483799826,2565208480015015023,2,2565208480015,19.697548,1,2565,7.880394,17.51817,17.5083,0.031191384,0.0414,91.4084858,16.2137079,0.91,t17_f5_c3,17.469,0.0506,True,False,True,23.12.x,0.0,,0.999999,562120200.0,ZTF24aabhwgx
ztf,60319.20894679986,2565208940015015016,2,2565208940015,19.828768,1,2565,7.7462797,17.486176,17.4787,0.024152514,0.0398,91.4083683,16.2137104,0.96428573,t17_f5_c3,17.4562,0.0495,True,False,True,23.12.x,0.0,,0.9999997,562120200.0,ZTF24aabhwgx
ztf,60319.20942129986,2565209420015015025,2,2565209420015,19.73434,1,2565,7.543484,17.470074,17.4838,0.027396152,0.0405,91.4082786,16.2136835,0.94285715,t17_f5_c3,17.4534,0.05,True,False,True,23.12.x,0.0,,0.99999416,562120200.0,ZTF24aabhwgx
ztf,60319.20989579987,2565209890015015021,2,2565209890015,19.84909,1,2565,7.4613395,17.535536,17.522,0.023399508,0.0413,91.408177,16.2136889,0.96428573,t17_f5_c3,17.4847,0.0506,True,False,True,23.12.x,0.0,,0.999987,562120200.0,ZTF24aabhwgx
