tid,mjd,candid,fid,pid,diffmaglim,isdiffpos,nid,distnr,magpsf,magap,sigmapsf,sigmagap,ra,dec,rb,rbversion,magapbig,sigmagapbig,has_stamp,corrected,dubious,step_id_corr,phase,parent_candid,drb,rfid,oid
ztf,60317.26381940022,2563263812315015013,2,2563263812315,20.2815,1,2563,5.027,19.3466,19.4208,0.097744,0.1567,96.6460365,17.6423573,0.882857,t17_f5_c3,19.458,0.2074,False,False,False,23.12.x,0.0,2.563265702315015e+18,,,ZTF24aaaxbmo
ztf,60317.26429399988,2563264292315015013,2,2563264292315,20.3186,1,2563,4.60718,19.2508,19.2174,0.114431,0.1266,96.6459121,17.6423507,0.861429,t17_f5_c3,19.1172,0.1475,False,False,False,23.12.x,0.0,2.563265702315015e+18,,,ZTF24aaaxbmo
ztf,60317.26476849988,2563264762315015010,2,2563264762315,20.3744,1,2563,4.34614,19.2693,19.3783,0.101629,0.1403,96.6458324,17.6423053,0.901429,t17_f5_c3,19.6933,0.2393,False,False,False,23.12.x,0.0,2.563265702315015e+18,,,ZTF24aaaxbmo
ztf,60317.265231499914,2563265232315015016,2,2563265232315,20.260899,1,2563,3.9348068,19.293846,19.3165,0.11345422,0.1414,96.6457061,17.6422977,0.87857145,t17_f5_c3,19.2447,0.1693,True,False,False,23.12.x,0.0,,0.9999979,563120223.0,ZTF24aaaxbmo
ztf,60317.26570599992,2563265702315015013,2,2563265702315,20.240116,1,2563,3.6459692,19.266968,19.3417,0.09761678,0.1487,96.6456232,17.642293,0.8685714,t17_f5_c3,19.3846,0.1979,True,False,False,23.12.x,0.0,,0.9999777,563120223.0,ZTF24aaaxbmo
