tid,mjd,candid,fid,pid,diffmaglim,isdiffpos,nid,distnr,magpsf,magpsf_corr,magap,sigmapsf,sigmapsf_corr,sigmapsf_corr_ext,sigmagap,ra,dec,rb,rbversion,magapbig,sigmagapbig,has_stamp,corrected,dubious,step_id_corr,phase,parent_candid,drb,rfid,oid
ztf,61060.56855319999,3306568551715015003,2,3306568551715,19.8511,1,3306,0.239044,16.2389,14.3238735,16.2384,0.023958,100.0,0.0041062003,0.0226,245.2166418,-20.851301,0.617143,t17_f5_c3,16.2304,0.0255,False,True,False,27.5.7a32.dev1,0.0,3.32655390171501e+18,,,ZTF25aayvjxl
ztf,61069.562372699846,3315562371715015000,2,3315562371715,19.749,1,3315,0.482324,16.399,14.34969,16.4844,0.056554,100.0,0.008565238,0.0288,245.2166519,-20.8511821,0.82,t17_f5_c3,16.47,0.0321,False,True,False,27.5.7a32.dev1,0.0,3.32655390171501e+18,,,ZTF25aayvjxl
ztf,61075.558032399975,3321558031715010000,2,3321558031715,19.20214,-1,3321,0.5744616,16.936575,14.653044,17.092,0.04606962,100.0,0.005623442,0.0544,245.216542,-20.8512843,0.85,t17_f5_c3,17.1743,0.0688,True,True,False,27.5.7a32.dev1,0.0,,0.1609165,1320120217.0,ZTF25aayvjxl
ztf,61076.5578240999,3322557821715010000,2,3322557821715,18.910639,-1,3322,0.054857463,16.513367,14.718129,16.7565,0.057128973,100.0,0.010933554,0.0574,245.2167276,-20.8513133,0.81857145,t17_f5_c3,16.7207,0.0671,True,True,False,27.5.7a32.dev1,0.0,,0.98035026,1320120217.0,ZTF25aayvjxl
ztf,61077.555358800106,3323555351715010002,2,3323555351715,19.57292,-1,3323,0.124748275,16.118113,14.813441,16.0101,0.045610715,100.0,0.013715086,0.0196,245.2167177,-20.8513399,0.8414286,t17_f5_c3,16.0314,0.0234,True,True,False,27.5.7a32.dev1,0.0,,0.97889906,1320120217.0,ZTF25aayvjxl
ztf,61080.55390049983,3326553901715010018,2,3326553901715,19.698435,-1,3326,0.1900154,16.746357,14.678722,16.6539,0.057605293,100.0,0.008578442,0.034,245.2166893,-20.8513492,0.77428573,t17_f5_c3,16.6202,0.0381,True,True,False,27.5.7a32.dev1,0.0,,0.47957134,1320120217.0,ZTF25aayvjxl
