tid,mjd,candid,fid,pid,diffmaglim,isdiffpos,nid,distnr,magpsf,magap,sigmapsf,sigmagap,ra,dec,rb,rbversion,magapbig,sigmagapbig,has_stamp,corrected,dubious,step_id_corr,phase,parent_candid,drb,rfid,oid
ztf,60319.290011600126,2565290015015015010,2,2565290015015,20.2753,1,2565,3.8727,18.8499,19.0183,0.07917,0.1153,90.5950516,21.6193767,0.935714,t17_f5_c3,18.8697,0.1291,False,False,False,23.12.x,0.0,2.565291425015015e+18,,,ZTF24aabjhrv
ztf,60319.29048610013,2565290485015015008,2,2565290485015,20.1998,1,2565,3.4817,18.8278,18.8627,0.077624,0.1062,90.5949336,21.6193932,0.937143,t17_f5_c3,18.8787,0.138,False,False,False,23.12.x,0.0,2.565291895015015e+18,,,ZTF24aabjhrv
ztf,60319.290960600134,2565290965015015010,2,2565290965015,20.3418,1,2565,3.06062,18.7995,19.0319,0.103238,0.1149,90.5948047,21.6194047,0.908571,t17_f5_c3,19.0012,0.1429,False,False,False,23.12.x,0.0,2.565291895015015e+18,,,ZTF24aabjhrv
ztf,60319.29142360017,2565291425015015006,2,2565291425015,20.176819,1,2565,2.7615216,18.879414,19.0004,0.09325086,0.1232,90.5947,21.6193901,0.93142855,t17_f5_c3,18.8293,0.1349,True,False,False,23.12.x,0.0,,0.9999995,562120250.0,ZTF24aabjhrv
ztf,60319.29189810017,2565291895015015007,2,2565291895015,20.211203,1,2565,2.4046695,18.86013,18.9144,0.08060099,0.1152,90.5945754,21.6193712,0.95285714,t17_f5_c3,18.9968,0.159,True,False,False,23.12.x,0.0,,0.9999995,562120250.0,ZTF24aabjhrv
ztf,60319.29237269983,2565292375015015008,2,2565292375015,20.238161,1,2565,2.0720854,18.871502,18.8041,0.073457345,0.1033,90.5944602,21.6193785,0.95,t17_f5_c3,18.7316,0.1236,True,False,False,23.12.x,0.0,,0.99999297,562120250.0,ZTF24aabjhrv
ztf,60319.29283560021,2565292835015015009,2,2565292835015,20.32177,1,2565,1.711493,18.835304,19.0626,0.08474173,0.1206,90.5943375,21.6193904,0.9357143,t17_f5_c3,19.027,0.1493,True,False,False,23.12.x,0.0,,0.99999714,562120250.0,ZTF24aabjhrv
