tid,mjd,candid,fid,pid,diffmaglim,isdiffpos,nid,distnr,magpsf,magap,sigmapsf,sigmagap,ra,dec,rb,rbversion,magapbig,sigmagapbig,has_stamp,corrected,dubious,step_id_corr,phase,parent_candid,drb,rfid,oid
ztf,60319.19953700015,2565199533815015020,2,2565199533815,20.0697,1,2565,9.57369,19.5875,19.4506,0.137302,0.1896,89.0249673,19.4155909,0.584286,t17_f5_c3,19.2508,0.2025,False,False,True,23.12.x,0.0,2.565201423815015e+18,,,ZTF24aabhrex
ztf,60319.20001159981,2565200013815015023,2,2565200013815,20.0243,1,2565,9.75537,19.4124,19.2748,0.121234,0.1667,89.0248929,19.41562,0.658571,t17_f5_c3,19.2009,0.1998,False,False,True,23.12.x,0.0,2.565201423815015e+18,,,ZTF24aabhrex
ztf,60319.20047450019,2565200473815015025,2,2565200473815,19.9882,1,2565,9.92283,19.5332,19.6363,0.144,0.2264,89.0248124,19.4156388,0.684286,t17_f5_c3,19.7684,0.3281,False,False,True,23.12.x,0.0,2.565201423815015e+18,,,ZTF24aabhrex
ztf,60319.200949099846,2565200943815015026,2,2565200943815,20.0117,1,2565,10.239,19.4302,19.2677,0.100902,0.1644,89.0246753,19.4156785,0.701429,t17_f5_c3,19.3484,0.227,False,False,True,23.12.x,0.0,2.565202363815015e+18,,,ZTF24aabhrex
ztf,60319.20142359985,2565201423815015018,2,2565201423815,20.072762,1,2565,10.31047,19.390314,19.4291,0.10183757,0.1901,89.0245881,19.4156635,0.73285717,t17_f5_c3,19.5878,0.2822,True,False,True,23.12.x,0.0,,0.9999978,562120238.0,ZTF24aabhrex
ztf,60319.201898099855,2565201893815015023,2,2565201893815,20.0355,1,2565,10.7998,19.4169,19.3972,0.106921,0.181,89.0244538,19.4157517,0.778571,t17_f5_c3,19.4925,0.2531,False,False,True,23.12.x,0.0,2.565202833815015e+18,,,ZTF24aabhrex
ztf,60319.20236109989,2565202363815015024,2,2565202363815,20.0906,1,2565,10.994,19.4427,19.4186,0.106915,0.1796,89.0243752,19.4157715,0.757143,t17_f5_c3,19.2002,0.1886,False,False,True,23.12.x,0.0,2.565202833815015e+18,,,ZTF24aabhrex
ztf,60319.20283559989,2565202833815015017,2,2565202833815,19.993612,1,2565,11.301672,19.468912,19.4545,0.15239114,0.1954,89.0242395,19.4158003,0.6942857,t17_f5_c3,19.4018,0.2389,True,False,True,23.12.x,0.0,,0.99446905,562120238.0,ZTF24aabhrex
