tid,mjd,candid,fid,pid,diffmaglim,isdiffpos,nid,distnr,magpsf,magap,sigmapsf,sigmagap,ra,dec,rb,rbversion,magapbig,sigmagapbig,has_stamp,corrected,dubious,step_id_corr,phase,parent_candid,drb,rfid,oid
ztf,60319.12274309993,2565122745115015062,2,2565122745115,19.5105,1,2565,5.97507,17.9669,18.0123,0.071065,0.0761,92.1384426,20.9502161,0.731429,t17_f5_c3,17.9163,0.089,False,False,True,23.12.x,0.0,2.565124615115015e+18,,,ZTF24aabgctj
ztf,60319.123205999844,2565123205115015015,2,2565123205115,19.422,1,2565,6.23901,17.8466,18.1077,0.063624,0.0822,92.1383731,20.9502686,0.792857,t17_f5_c3,18.2277,0.117,False,False,True,23.12.x,0.0,2.565124615115015e+18,,,ZTF24aabgctj
ztf,60319.123680599965,2565123685115015087,2,2565123685115,19.1989,1,2565,6.57733,17.9152,18.1525,0.112406,0.1073,92.138252,20.9502279,0.675714,t17_f5_c3,18.2968,0.1565,False,False,True,23.12.x,0.0,2.565124615115015e+18,,,ZTF24aabgctj
ztf,60319.12415509997,2565124155115015012,2,2565124155115,19.3224,1,2565,6.912,17.9517,18.0069,0.092642,0.0819,92.1381649,20.9502695,0.748571,t17_f5_c3,17.9909,0.103,False,False,True,23.12.x,0.0,2.565126045115015e+18,,,ZTF24aabgctj
ztf,60319.1246181,2565124615115015015,2,2565124615115,19.191912,1,2565,7.172021,17.850153,17.8492,0.10564722,0.0819,92.138076,20.9502587,0.73714286,t17_f5_c3,17.9129,0.1108,True,False,True,23.12.x,0.0,,0.99235517,562120251.0,ZTF24aabgctj
ztf,60319.12509260001,2565125095115015013,2,2565125095115,19.407427,1,2565,7.448813,17.905966,17.9088,0.08847045,0.078,92.1379972,20.9502711,0.81714284,t17_f5_c3,17.938,0.1021,True,False,True,23.12.x,0.0,,0.99948454,562120251.0,ZTF24aabgctj
ztf,60319.12604170013,2565126045115015018,2,2565126045115,18.93151,1,2565,8.216599,17.928743,17.8393,0.10789657,0.1109,92.1377728,20.950299,0.8,t17_f5_c3,17.8809,0.1474,True,False,True,23.12.x,0.0,,0.98041207,562120251.0,ZTF24aabgctj
