tid,mjd,candid,fid,pid,diffmaglim,isdiffpos,nid,distnr,magpsf,magpsf_corr,magap,sigmapsf,sigmapsf_corr,sigmapsf_corr_ext,sigmagap,ra,dec,rb,rbversion,magapbig,sigmagapbig,has_stamp,corrected,dubious,step_id_corr,phase,parent_candid,drb,rfid,oid
ztf,61099.55795140006,3345557951815010228,2,3345557951815,17.9814,-1,3345,0.437875,17.7054,17.448866,17.2066,0.100518,0.072534256,0.07936523,0.1807,301.782307,-7.9067058,0.618571,t17_f5_c3,17.0792,0.2064,False,True,False,27.5.7a32.dev1,0.0,3.362531741815015e+18,,,ZTF24aawznnj
ztf,61100.5481480998,3346548141815015006,2,3346548141815,19.000744,1,3346,0.26121217,17.295954,16.277702,17.4356,0.055827193,0.01891162,0.021854727,0.076,301.7823657,-7.9066665,0.9242857,t17_f5_c3,17.4248,0.096,True,True,False,27.5.7a32.dev1,0.0,,0.9999993,1432120218.0,ZTF24aawznnj
ztf,61100.55175929982,3346551751815015012,2,3346551751815,18.855543,1,3346,0.15103379,17.39164,16.314163,17.3747,0.051532637,0.015381598,0.019102568,0.0815,301.7824017,-7.9066666,0.8842857,t17_f5_c3,17.3536,0.1021,True,True,False,27.5.7a32.dev1,0.0,,1.0,1432120218.0,ZTF24aawznnj
ztf,61100.556284700055,3346556281815015014,2,3346556281815,18.590157,1,3346,0.11359703,17.375048,16.307983,17.4367,0.06480059,0.021478185,0.02425231,0.1262,301.7824049,-7.9066825,0.85142857,t17_f5_c3,17.6376,0.1946,True,True,False,27.5.7a32.dev1,0.0,,0.9999995,1432120218.0,ZTF24aawznnj
ztf,61111.53791669989,3357537911815010011,2,3357537911815,19.680395,-1,3357,0.16399202,18.020378,17.251978,17.8576,0.084990434,0.032124404,0.04188033,0.0804,301.7824285,-7.9067462,0.8542857,t17_f5_c3,17.9007,0.1065,True,True,False,27.5.7a32.dev1,0.0,,1.0,1432120218.0,ZTF24aawznnj
ztf,61116.53174770018,3362531741815015103,2,3362531741815,18.10425,1,3362,0.2902676,17.60791,16.3894,17.776,0.1193519,0.03690761,0.038853068,0.1946,301.7823554,-7.9066704,0.6185714,t17_f5_c3,17.6127,0.2143,True,True,False,27.5.7a32.dev1,0.0,,0.9882474,1432120218.0,ZTF24aawznnj
