tid,mjd,candid,fid,pid,diffmaglim,isdiffpos,nid,distnr,magpsf,magap,sigmapsf,sigmagap,ra,dec,rb,rbversion,magapbig,sigmagapbig,has_stamp,corrected,dubious,step_id_corr,phase,parent_candid,drb,rfid,oid
ztf,60318.13547449978,2564135472415015008,2,2564135472415,19.7988,1,2564,2.22163,18.2142,18.1034,0.065821,0.0573,67.9916769,-10.4573239,0.772857,t17_f5_c3,18.1137,0.0735,False,False,False,23.12.x,0.0,2.564136882415015e+18,,,ZTF24aabdwvb
ztf,60318.1359490999,2564135942415015013,2,2564135942415,19.8175,1,2564,2.66161,18.1314,18.2095,0.080669,0.0629,67.9916395,-10.4571985,0.882857,t17_f5_c3,18.2162,0.0805,False,False,False,23.12.x,0.0,2.564137832415015e+18,,,ZTF24aabdwvb
ztf,60318.136423599906,2564136422415015014,2,2564136422415,19.8189,1,2564,2.97124,18.1903,18.2309,0.091016,0.064,67.991598,-10.4571121,0.852857,t17_f5_c3,18.1758,0.0775,False,False,False,23.12.x,0.0,2.564137832415015e+18,,,ZTF24aabdwvb
ztf,60318.13688659994,2564136882415015010,2,2564136882415,19.825207,1,2564,3.3698387,18.216637,18.0864,0.06862328,0.0557,67.9915501,-10.4570027,0.73,t17_f5_c3,17.9633,0.0633,True,False,False,23.12.x,0.0,,0.9999894,354120224.0,ZTF24aabdwvb
ztf,60318.13736109994,2564137362415015005,2,2564137362415,19.657257,1,2564,3.8369036,18.180195,18.1692,0.092162475,0.061,67.9915386,-10.4568717,0.74142855,t17_f5_c3,18.1576,0.0768,True,False,False,23.12.x,0.0,,0.99862087,354120224.0,ZTF24aabdwvb
ztf,60318.13783559995,2564137832415015003,2,2564137832415,19.6983,1,2564,4.07196,18.1857,18.1736,0.076152,0.0609,67.9915307,-10.4568061,0.792857,t17_f5_c3,18.2303,0.0816,False,False,False,23.12.x,0.0,2.564138292415015e+18,,,ZTF24aabdwvb
ztf,60318.13829859998,2564138292415015007,2,2564138292415,19.785908,1,2564,4.468058,18.189447,18.2064,0.086839095,0.0627,67.9914694,-10.4567004,0.8442857,t17_f5_c3,18.2351,0.0819,True,False,False,23.12.x,0.0,,0.99998575,354120224.0,ZTF24aabdwvb
ztf,60318.138773099985,2564138772415015006,2,2564138772415,19.78338,1,2564,4.578126,18.210878,18.2155,0.084277555,0.0629,67.9914821,-10.4566677,0.83,t17_f5_c3,18.2245,0.0808,True,False,False,23.12.x,0.0,,0.99999106,354120224.0,ZTF24aabdwvb
