tid,mjd,candid,fid,pid,diffmaglim,isdiffpos,nid,distnr,magpsf,magap,sigmapsf,sigmagap,ra,dec,rb,rbversion,magapbig,sigmagapbig,has_stamp,corrected,dubious,step_id_corr,phase,parent_candid,drb,rfid,oid
ztf,60319.45467589982,2565454671515015004,2,2565454671515,20.2911,1,2565,2.53057,19.8866,19.9591,0.16227,0.2811,148.8396335,1.4678224,0.751429,t17_f5_c3,20.1232,0.4188,False,False,False,23.12.x,0.0,2.565455611515015e+18,,,ZTF24aabmcmd
ztf,60319.45513889985,2565455131515015004,2,2565455131515,20.453087,1,2565,2.6890378,19.958672,19.9598,0.1649909,0.2634,148.8395452,1.4677434,0.74142855,t17_f5_c3,19.9744,0.342,True,False,False,23.12.x,0.0,,0.9999936,468120215.0,ZTF24aabmcmd
ztf,60319.455613399856,2565455611515015006,2,2565455611515,20.36723,1,2565,3.061752,19.878628,20.0852,0.14026566,0.3046,148.83946,1.4678106,0.7457143,t17_f5_c3,20.0382,0.3741,True,False,False,23.12.x,0.0,,0.99990845,468120215.0,ZTF24aabmcmd
ztf,60319.45608799998,2565456081515015008,2,2565456081515,20.437847,1,2565,3.0893629,19.823467,19.8774,0.13610508,0.2446,148.8394277,1.4677489,0.7657143,t17_f5_c3,19.7053,0.2675,True,False,False,23.12.x,0.0,,0.99998105,468120215.0,ZTF24aabmcmd
ztf,60319.45655089989,2565456551515015007,2,2565456551515,20.44484,1,2565,3.4491096,20.040482,19.8149,0.164419,0.2313,148.8393408,1.4678086,0.5714286,t17_f5_c3,19.9573,0.3374,True,False,False,23.12.x,0.0,,0.9963764,468120215.0,ZTF24aabmcmd
ztf,60319.457025500014,2565457021515015005,2,2565457021515,20.443468,1,2565,3.4658618,19.86382,19.9088,0.13543096,0.2509,148.8393291,1.4677873,0.7828571,t17_f5_c3,19.9552,0.3354,True,False,False,23.12.x,0.0,,0.99999905,468120215.0,ZTF24aabmcmd
