tid,mjd,candid,fid,pid,diffmaglim,isdiffpos,nid,distnr,magpsf,magap,sigmapsf,sigmagap,ra,dec,rb,rbversion,magapbig,sigmagapbig,has_stamp,corrected,dubious,step_id_corr,phase,parent_candid,drb,rfid,oid
ztf,60319.347951400094,2565347953415015002,2,2565347953415,20.1183,1,2565,10.1282,18.2184,18.2305,0.06802,0.06,90.9157256,19.7877259,0.954286,t17_f5_c3,18.1967,0.074,False,False,True,23.12.x,0.0,2.565349373415015e+18,,,ZTF24aabknbe
ztf,60319.3484259001,2565348423415015000,2,2565348423415,20.1782,1,2565,9.94254,18.206,18.246,0.067776,0.0592,90.9156137,19.7877322,0.964286,t17_f5_c3,18.256,0.0759,False,False,True,23.12.x,0.0,2.565349373415015e+18,,,ZTF24aabknbe
ztf,60319.34890050022,2565348903415015001,2,2565348903415,20.2859,1,2565,9.70219,18.1859,18.1785,0.063835,0.0535,90.9154723,19.7877483,0.964286,t17_f5_c3,18.1772,0.0678,False,False,True,23.12.x,0.0,2.565350313415015e+18,,,ZTF24aabknbe
ztf,60319.34937500022,2565349373415015001,2,2565349373415,20.335068,1,2565,9.509986,18.197287,18.2297,0.05526504,0.0547,90.9153529,19.7877662,0.9657143,t17_f5_c3,18.2519,0.0708,True,False,True,23.12.x,0.0,,0.9999989,562120234.0,ZTF24aabknbe
ztf,60319.34984950023,2565349843415015002,2,2565349843415,20.380997,1,2565,9.239264,18.221664,18.1461,0.05797357,0.0498,90.9152217,19.7878004,0.96,t17_f5_c3,18.0919,0.0601,True,False,True,23.12.x,0.0,,0.99999994,562120234.0,ZTF24aabknbe
ztf,60319.350312499795,2565350313415015001,2,2565350313415,20.33573,1,2565,9.024772,18.230991,18.1801,0.06119542,0.0518,90.9151065,19.7878309,0.96428573,t17_f5_c3,18.1913,0.0664,True,False,True,23.12.x,0.0,,1.0,562120234.0,ZTF24aabknbe
ztf,60319.3507869998,2565350783415015000,2,2565350783415,20.339687,1,2565,8.863298,18.184288,18.1465,0.061935984,0.0505,90.9149844,19.7878495,0.9685714,t17_f5_c3,18.1159,0.0622,True,False,True,23.12.x,0.0,,1.0,562120234.0,ZTF24aabknbe
ztf,60319.35126159992,2565351263415015001,2,2565351263415,20.33995,1,2565,8.745453,18.253548,18.1817,0.06682965,0.0524,90.9148487,19.7878529,0.9671429,t17_f5_c3,18.1566,0.0649,True,False,True,23.12.x,0.0,,0.9999999,562120234.0,ZTF24aabknbe
