tid,mjd,candid,fid,pid,diffmaglim,isdiffpos,nid,distnr,magpsf,magap,sigmapsf,sigmagap,ra,dec,rb,rbversion,magapbig,sigmagapbig,has_stamp,corrected,dubious,step_id_corr,phase,parent_candid,drb,rfid,oid
ztf,60319.21271990007,2565212715915015009,2,2565212715915,20.1998,1,2565,6.17665,18.687,18.6486,0.083051,0.084,87.9085158,21.5811201,0.895714,t17_f5_c3,18.5579,0.0984,False,False,False,23.12.x,0.0,2.565214605915015e+18,,,ZTF24aabhwwm
ztf,60319.21319440007,2565213195915015005,2,2565213195915,20.2181,1,2565,5.85181,18.7278,18.7389,0.089006,0.0908,87.9083912,21.5811078,0.931429,t17_f5_c3,18.7602,0.118,False,False,False,23.12.x,0.0,2.565214605915015e+18,,,ZTF24aabhwwm
ztf,60319.21366900019,2565213665915015007,2,2565213665915,20.1655,1,2565,5.66079,18.7928,18.8819,0.092106,0.1039,87.9082909,21.5811163,0.911429,t17_f5_c3,18.872,0.1313,False,False,False,23.12.x,0.0,2.565215085915015e+18,,,ZTF24aabhwwm
ztf,60319.21413190011,2565214135915015026,2,2565214135915,20.1917,1,2565,5.46171,18.7815,18.8028,0.079074,0.0974,87.9081922,21.5811215,0.905714,t17_f5_c3,18.7239,0.1156,False,False,False,23.12.x,0.0,2.565215555915015e+18,,,ZTF24aabhwwm
ztf,60319.21460650023,2565214605915015010,2,2565214605915,20.194405,1,2565,5.3193307,18.701212,18.7473,0.082725,0.0923,87.9080693,21.5811516,0.92714286,t17_f5_c3,18.6936,0.1119,True,False,False,23.12.x,0.0,,0.9999999,562120259.0,ZTF24aabhwwm
ztf,60319.21508099977,2565215085915015006,2,2565215085915,20.125896,1,2565,5.0487065,18.703508,18.6556,0.09808856,0.0844,87.9079134,21.5811506,0.80285716,t17_f5_c3,18.5795,0.1002,True,False,False,23.12.x,0.0,,0.9999933,562120259.0,ZTF24aabhwwm
ztf,60319.21555559989,2565215555915015005,2,2565215555915,20.032398,1,2565,4.9523687,18.709377,18.7268,0.11159163,0.0959,87.9078083,21.5811694,0.8442857,t17_f5_c3,18.6053,0.1094,True,False,False,23.12.x,0.0,,0.99998945,562120259.0,ZTF24aabhwwm
ztf,60319.21649309993,2565216495915015005,2,2565216495915,20.073198,1,2565,4.777878,18.675657,18.6479,0.08556873,0.089,87.9076118,21.5811871,0.8528572,t17_f5_c3,18.5751,0.106,True,False,False,23.12.x,0.0,,0.99999714,562120259.0,ZTF24aabhwwm
