tid,mjd,candid,fid,pid,diffmaglim,isdiffpos,nid,distnr,magpsf,magap,sigmapsf,sigmagap,ra,dec,rb,rbversion,magapbig,sigmagapbig,has_stamp,corrected,dubious,step_id_corr,phase,parent_candid,drb,rfid,oid
ztf,60318.29371530004,2564293714015015007,2,2564293714015,20.1255,1,2564,14.1333,18.8103,18.7555,0.09425,0.0924,127.2927988,70.4839322,0.885714,t17_f5_c3,18.8111,0.124,False,False,True,23.12.x,0.0,2.564294654015015e+18,,,ZTF24aabecsv
ztf,60318.29418980004,2564294184015015009,2,2564294184015,20.1233,1,2564,14.6954,18.7228,18.8278,0.09732,0.1,127.2922139,70.4839164,0.9,t17_f5_c3,18.8424,0.1294,False,False,True,23.12.x,0.0,2.564294654015015e+18,,,ZTF24aabecsv
ztf,60318.294652800076,2564294654015015012,2,2564294654015,20.150282,1,2564,15.103432,18.68147,18.8716,0.07385229,0.1022,127.291694,70.4838478,0.9357143,t17_f5_c3,18.8375,0.1266,True,False,True,23.12.x,0.0,,0.99999964,840120240.0,ZTF24aabecsv
ztf,60318.29512730008,2564295124015015012,2,2564295124015,20.105606,1,2564,15.511516,18.733982,18.672,0.07025249,0.085,127.2911724,70.4837633,0.8,t17_f5_c3,18.6212,0.1036,True,False,True,23.12.x,0.0,,0.99999785,840120240.0,ZTF24aabecsv
