tid,mjd,candid,fid,pid,diffmaglim,isdiffpos,nid,distnr,magpsf,magap,sigmapsf,sigmagap,ra,dec,rb,rbversion,magapbig,sigmagapbig,has_stamp,corrected,dubious,step_id_corr,phase,parent_candid,drb,rfid,oid
ztf,60317.44188660011,2563441886215015082,2,2563441886215,19.7613,1,2563,6.25353,16.5002,16.5076,0.04087,0.0168,92.1128163,21.1999322,0.791429,t17_f5_c3,16.5079,0.0207,False,False,False,23.12.x,0.0,2.563443296215015e+18,,,ZTF24aabbgyr
ztf,60317.44236110011,2563442366215015070,2,2563442366215,19.634,1,2563,5.8966,16.4812,16.5078,0.031654,0.0174,92.1126846,21.1999498,0.737143,t17_f5_c3,16.4957,0.0213,False,False,False,23.12.x,0.0,2.563442826215015e+18,,,ZTF24aabbgyr
ztf,60317.442824100144,2563442826215015046,2,2563442826215,19.587385,1,2563,5.558411,16.483612,16.5217,0.028209638,0.0175,92.1125634,21.1999765,0.7157143,t17_f5_c3,16.502,0.0214,True,False,False,23.12.x,0.0,,0.999996,563120262.0,ZTF24aabbgyr
ztf,60317.44329860015,2563443296215015071,2,2563443296215,19.547337,1,2563,5.298844,16.490007,16.4806,0.032832388,0.0174,92.1124353,21.1999715,0.67142856,t17_f5_c3,16.4586,0.0212,True,False,False,23.12.x,0.0,,0.9999854,563120262.0,ZTF24aabbgyr
ztf,60317.44377310015,2563443776215015076,2,2563443776215,19.689922,1,2563,4.935447,16.467161,16.4781,0.037249085,0.0168,92.1123152,21.2000149,0.7442857,t17_f5_c3,16.4688,0.0206,True,False,False,23.12.x,0.0,,0.99999547,563120262.0,ZTF24aabbgyr
ztf,60317.44424769981,2563444246215015064,2,2563444246215,19.650911,1,2563,4.68699,16.473522,16.4619,0.03306704,0.0167,92.1121899,21.2000209,0.74142855,t17_f5_c3,16.4285,0.0201,True,False,False,23.12.x,0.0,,0.9999883,563120262.0,ZTF24aabbgyr
ztf,60317.44471060019,2563444716215015064,2,2563444716215,19.760311,1,2563,4.4076934,16.482672,16.5004,0.03291482,0.0169,92.1120589,21.2000417,0.8214286,t17_f5_c3,16.4834,0.0206,True,False,False,23.12.x,0.0,,0.9999994,563120262.0,ZTF24aabbgyr
