tid,mjd,candid,fid,pid,diffmaglim,isdiffpos,nid,distnr,magpsf,magap,sigmapsf,sigmagap,ra,dec,rb,rbversion,magapbig,sigmagapbig,has_stamp,corrected,dubious,step_id_corr,phase,parent_candid,drb,rfid,oid
ztf,60317.42822920019,2563428221415015010,2,2563428221415,19.7726,1,2563,7.92512,18.0033,17.9884,0.058647,0.0609,92.5335207,15.7037013,0.782857,t17_f5_c3,17.9748,0.0764,False,False,True,23.12.x,0.0,2.563430111415015e+18,,,ZTF24aabayvo
ztf,60317.42870370019,2563428701415015009,2,2563428701415,19.7831,1,2563,8.08776,18.0124,18.1164,0.068688,0.0682,92.5334166,15.7037073,0.934286,t17_f5_c3,18.1368,0.0884,False,False,True,23.12.x,0.0,2.563430111415015e+18,,,ZTF24aabayvo
ztf,60317.429166700225,2563429161415015013,2,2563429161415,19.8593,1,2563,8.27554,17.9164,17.9551,0.066946,0.0578,92.5333031,15.7037239,0.95,t17_f5_c3,17.8498,0.0666,False,False,True,23.12.x,0.0,2.563430111415015e+18,,,ZTF24aabayvo
ztf,60317.42964120023,2563429641415015012,2,2563429641415,19.7924,1,2563,8.42576,17.9287,17.9209,0.06503,0.0574,92.5331871,15.7037544,0.924286,t17_f5_c3,17.9091,0.0722,False,False,True,23.12.x,0.0,2.563431521415015e+18,,,ZTF24aabayvo
ztf,60317.43011569977,2563430111415015010,2,2563430111415,19.8305,1,2563,8.685218,17.943392,17.9419,0.062397435,0.0578,92.5331007,15.7037274,0.9285714,t17_f5_c3,17.9466,0.0737,True,False,True,23.12.x,0.0,,0.9999989,563120214.0,ZTF24aabayvo
ztf,60317.4305786998,2563430571415015009,2,2563430571415,19.7944,1,2563,8.8933,18.0087,18.0077,0.072016,0.0618,92.5329818,15.7037547,0.858571,t17_f5_c3,18.0091,0.0787,False,False,True,23.12.x,0.0,2.563431051415015e+18,,,ZTF24aabayvo
ztf,60317.431053199805,2563431051415015011,2,2563431051415,19.7461,1,2563,9.033964,17.934301,18.0165,0.05906547,0.063,92.5328913,15.7037809,0.9185714,t17_f5_c3,18.0751,0.0844,True,False,True,23.12.x,0.0,,0.9999995,563120214.0,ZTF24aabayvo
ztf,60317.43152779993,2563431521415015010,2,2563431521415,19.769327,1,2563,9.333954,17.937054,18.0337,0.06103367,0.064,92.5327801,15.703764,0.9185714,t17_f5_c3,18.0653,0.0837,True,False,True,23.12.x,0.0,,0.99999994,563120214.0,ZTF24aabayvo
ztf,60317.43199069984,2563431991415015008,2,2563431991415,19.71893,1,2563,9.529057,17.988317,18.0334,0.068341225,0.064,92.5326794,15.7037881,0.87,t17_f5_c3,17.9857,0.0779,True,False,True,23.12.x,0.0,,0.9999987,563120214.0,ZTF24aabayvo
