tid,mjd,candid,fid,pid,diffmaglim,isdiffpos,nid,distnr,magpsf,magap,sigmapsf,sigmagap,ra,dec,rb,rbversion,magapbig,sigmagapbig,has_stamp,corrected,dubious,step_id_corr,phase,parent_candid,drb,rfid,oid
ztf,60319.20942129986,2565209425115015021,2,2565209425115,19.9181,1,2565,13.0085,19.7608,19.851,0.219658,0.296,92.2113503,20.9566314,0.335714,t17_f5_c3,19.691,0.328,False,False,True,23.12.x,0.0,2.565210845115015e+18,,,ZTF24aabhymc
ztf,60319.20989579987,2565209895115015019,2,2565209895115,20.0738,1,2565,12.7775,19.5846,19.8004,0.161416,0.2648,92.2112476,20.9566016,0.668571,t17_f5_c3,19.7942,0.3374,False,False,True,23.12.x,0.0,2.565210845115015e+18,,,ZTF24aabhymc
ztf,60319.21037039999,2565210375115015025,2,2565210375115,20.1588,1,2565,12.3854,19.6195,19.7776,0.142375,0.2495,92.2110831,20.9565802,0.761429,t17_f5_c3,19.8331,0.3363,False,False,True,23.12.x,0.0,2.565212255115015e+18,,,ZTF24aabhymc
ztf,60319.21084489999,2565210845115015029,2,2565210845115,20.020525,1,2565,12.243421,19.607912,19.5084,0.1503175,0.2091,92.2109881,20.9565239,0.6628571,t17_f5_c3,19.563,0.2816,True,False,True,23.12.x,0.0,,0.99978226,562120251.0,ZTF24aabhymc
ztf,60319.21178240003,2565211785115015022,2,2565211785115,20.07727,1,2565,11.862039,19.69561,19.677,0.15184453,0.2447,92.2108034,20.9564815,0.75285715,t17_f5_c3,19.6455,0.3048,True,False,True,23.12.x,0.0,,0.99999464,562120251.0,ZTF24aabhymc
ztf,60319.212256900035,2565212255115015025,2,2565212255115,20.042816,1,2565,11.723962,19.756985,19.929,0.17654537,0.2969,92.2107365,20.956471,0.7128571,t17_f5_c3,19.9676,0.3941,True,False,True,23.12.x,0.0,,0.9997189,562120251.0,ZTF24aabhymc
