tid,mjd,candid,fid,pid,diffmaglim,isdiffpos,nid,distnr,magpsf,magap,sigmapsf,sigmagap,ra,dec,rb,rbversion,magapbig,sigmagapbig,has_stamp,corrected,dubious,step_id_corr,phase,parent_candid,drb,rfid,oid
ztf,60317.214803200215,2563214801715015017,2,2563214801715,20.2363,1,2563,9.38039,18.5004,18.6099,0.066485,0.0768,98.2237035,18.1384472,0.952857,t17_f5_c3,18.5616,0.0936,False,False,True,23.12.x,0.0,2.563216221715015e+18,,,ZTF24aaavlaw
ztf,60317.21527779987,2563215271715015014,2,2563215271715,20.1961,1,2563,9.25486,18.4912,18.572,0.081573,0.0764,98.2236153,18.1384811,0.948571,t17_f5_c3,18.5007,0.0911,False,False,True,23.12.x,0.0,2.563216221715015e+18,,,ZTF24aaavlaw
ztf,60317.215752299875,2563215751715015020,2,2563215751715,20.2922,1,2563,9.02474,18.4778,18.4651,0.072477,0.066,98.2234723,18.1385164,0.958571,t17_f5_c3,18.4171,0.0804,False,False,True,23.12.x,0.0,2.563216221715015e+18,,,ZTF24aaavlaw
ztf,60317.2162269,2563216221715015019,2,2563216221715,20.207954,1,2563,8.919999,18.484146,18.4381,0.07109663,0.0669,98.2233966,18.1385403,0.94142854,t17_f5_c3,18.4118,0.0831,True,False,True,23.12.x,0.0,,1.0,563120217.0,ZTF24aaavlaw
ztf,60317.2167014,2563216701715015016,2,2563216701715,20.10141,1,2563,8.8399515,18.49819,18.4648,0.07168851,0.0741,98.2232871,18.1385905,0.9285714,t17_f5_c3,18.4065,0.0896,True,False,True,23.12.x,0.0,,0.99999976,563120217.0,ZTF24aaavlaw
ztf,60317.217164400034,2563217161715015023,2,2563217161715,20.08459,1,2563,8.766813,18.449144,18.4213,0.07140416,0.071,98.2231889,18.138631,0.93857145,t17_f5_c3,18.357,0.0853,True,False,True,23.12.x,0.0,,1.0,563120217.0,ZTF24aaavlaw
ztf,60317.21763890004,2563217631715015030,2,2563217631715,20.268354,1,2563,8.690544,18.48662,18.562,0.08263733,0.0724,98.2230854,18.1386738,0.9557143,t17_f5_c3,18.6075,0.0961,True,False,True,23.12.x,0.0,,1.0,563120217.0,ZTF24aaavlaw
ztf,60317.21811340004,2563218111715015019,2,2563218111715,20.26475,1,2563,8.605524,18.497404,18.5409,0.07367649,0.0706,98.2229677,18.1387126,0.9557143,t17_f5_c3,18.5085,0.0873,True,False,True,23.12.x,0.0,,1.0,563120217.0,ZTF24aaavlaw
