tid,mjd,candid,fid,pid,diffmaglim,isdiffpos,nid,distnr,magpsf,magap,sigmapsf,sigmagap,ra,dec,rb,rbversion,magapbig,sigmagapbig,has_stamp,corrected,dubious,step_id_corr,phase,parent_candid,drb,rfid,oid
ztf,60317.29537039995,2563295370115015014,2,2563295370115,20.1561,1,2563,6.19893,17.917,17.896,0.040198,0.0431,97.6882929,16.6301228,0.948571,t17_f5_c3,17.8392,0.0518,False,False,True,23.12.x,0.0,2.563296790115015e+18,,,ZTF24aaaxuum
ztf,60317.295844899956,2563295840115015007,2,2563295840115,20.1955,1,2563,6.03336,17.908,17.9232,0.043243,0.0432,97.6881575,16.6301155,0.964286,t17_f5_c3,17.9092,0.0538,False,False,True,23.12.x,0.0,2.563297260115015e+18,,,ZTF24aaaxuum
ztf,60317.29631939996,2563296310115015013,2,2563296310115,20.2073,1,2563,5.99042,17.9277,17.9242,0.042961,0.043,97.6880229,16.6301401,0.961429,t17_f5_c3,17.8811,0.0523,False,False,True,23.12.x,0.0,2.563297260115015e+18,,,ZTF24aaaxuum
ztf,60317.29679400008,2563296790115015009,2,2563296790115,20.293083,1,2563,5.96797,17.924082,17.9232,0.0395325,0.0408,97.6879022,16.6301556,0.97,t17_f5_c3,17.8975,0.0503,True,False,True,23.12.x,0.0,,1.0,563120201.0,ZTF24aaaxuum
ztf,60317.297268500086,2563297260115015014,2,2563297260115,20.252377,1,2563,5.8725514,17.927988,17.9634,0.039540563,0.0432,97.6877691,16.6301433,0.97,t17_f5_c3,17.9569,0.0542,True,False,True,23.12.x,0.0,,1.0,563120201.0,ZTF24aaaxuum
ztf,60317.29773150012,2563297730115015010,2,2563297730115,20.1507,1,2563,5.91544,17.9525,17.9959,0.042657,0.0464,97.6876637,16.6301609,0.947143,t17_f5_c3,17.9989,0.0589,False,False,True,23.12.x,0.0,2.563298200115015e+18,,,ZTF24aaaxuum
ztf,60317.29820600012,2563298200115015009,2,2563298200115,20.19159,1,2563,5.9948664,17.913698,17.9477,0.040087517,0.0439,97.6875151,16.6301805,0.9614286,t17_f5_c3,17.901,0.0531,True,False,True,23.12.x,0.0,,1.0,563120201.0,ZTF24aaaxuum
ztf,60317.29868059978,2563298680115015010,2,2563298680115,20.290184,1,2563,6.085141,17.928896,17.9014,0.038630087,0.0401,97.6873835,16.6301949,0.95714283,t17_f5_c3,17.8845,0.0497,True,False,True,23.12.x,0.0,,1.0,563120201.0,ZTF24aaaxuum
ztf,60317.29914350016,2563299140115015011,2,2563299140115,20.130058,1,2563,6.0919843,17.926075,17.9123,0.04814666,0.0432,97.6872758,16.6301783,0.9657143,t17_f5_c3,17.9106,0.0546,True,False,True,23.12.x,0.0,,1.0,563120201.0,ZTF24aaaxuum
