tid,mjd,candid,fid,pid,diffmaglim,isdiffpos,nid,distnr,magpsf,magap,sigmapsf,sigmagap,ra,dec,rb,rbversion,magapbig,sigmagapbig,has_stamp,corrected,dubious,step_id_corr,phase,parent_candid,drb,rfid,oid
ztf,60319.1651504999,2565165153015015001,2,2565165153015,19.7194,1,2565,8.34565,18.7908,18.7288,0.108249,0.1349,85.2921106,17.8744547,0.898571,t17_f5_c3,18.708,0.1697,False,False,True,23.12.x,0.0,2.565167033015015e+18,,,ZTF24aabhdnf
ztf,60319.16561339982,2565165613015015001,2,2565165613015,19.9982,1,2565,8.77791,18.8454,19.0117,0.101606,0.133,85.2919789,17.8744928,0.94,t17_f5_c3,19.0395,0.1748,False,False,True,23.12.x,0.0,2.565167033015015e+18,,,ZTF24aabhdnf
ztf,60319.16608799994,2565166083015015001,2,2565166083015,20.1039,1,2565,8.87554,18.825,18.8073,0.094987,0.1023,85.2918944,17.874435,0.932857,t17_f5_c3,18.8098,0.1312,False,False,True,23.12.x,0.0,2.565167983015015e+18,,,ZTF24aabhdnf
ztf,60319.166562499944,2565166563015015001,2,2565166563015,20.0528,1,2565,9.11382,18.8289,18.9677,0.105662,0.1186,85.2917961,17.8744125,0.824286,t17_f5_c3,18.9042,0.1432,False,False,True,23.12.x,0.0,2.565167983015015e+18,,,ZTF24aabhdnf
ztf,60319.16703699995,2565167033015015001,2,2565167033015,19.925032,1,2565,9.3600645,18.786749,18.8785,0.10003136,0.112,85.2917029,17.8744184,0.73142856,t17_f5_c3,18.9128,0.1478,True,False,True,23.12.x,0.0,,1.0,562120230.0,ZTF24aabhdnf
ztf,60319.16751160007,2565167513015015001,2,2565167513015,19.881985,1,2565,9.533051,18.901537,18.997,0.10740321,0.1278,85.2916274,17.8743949,0.6471428,t17_f5_c3,19.0776,0.1762,True,False,True,23.12.x,0.0,,1.0,562120230.0,ZTF24aabhdnf
ztf,60319.167986100074,2565167983015015002,2,2565167983015,19.95208,1,2565,9.8534155,18.837454,18.7726,0.09970062,0.1059,85.2915376,17.8744277,0.76285714,t17_f5_c3,18.7578,0.1336,True,False,True,23.12.x,0.0,,0.9999999,562120230.0,ZTF24aabhdnf
ztf,60319.16844910011,2565168443015015001,2,2565168443015,19.923437,1,2565,10.056724,18.750706,18.7413,0.1112181,0.0988,85.2914335,17.874372,0.7885714,t17_f5_c3,18.8385,0.138,True,False,True,23.12.x,0.0,,1.0,562120230.0,ZTF24aabhdnf
