tid,mjd,candid,fid,pid,diffmaglim,isdiffpos,nid,distnr,magpsf,magap,sigmapsf,sigmagap,ra,dec,rb,rbversion,magapbig,sigmagapbig,has_stamp,corrected,dubious,step_id_corr,phase,parent_candid,drb,rfid,oid
ztf,60319.16844910011,2565168443015015001,2,2565168443015,19.9234,1,2565,10.0567,18.7507,18.7413,0.111218,0.0988,85.2914335,17.874372,0.788571,t17_f5_c3,18.8385,0.138,False,False,True,23.12.x,0.0,2.565170333015015e+18,,,ZTF24aabhdwq
ztf,60319.16892360011,2565168923015015001,2,2565168923015,19.972364,1,2565,10.524001,18.77693,18.7435,0.09059689,0.0981,85.2912796,17.874374,0.73571426,t17_f5_c3,18.6165,0.112,True,False,True,23.12.x,0.0,,1.0,562120230.0,ZTF24aabhdwq
ztf,60319.169398100115,2565169393015015001,2,2565169393015,20.012598,1,2565,10.464779,18.749353,18.8739,0.095094115,0.1111,85.2912195,17.8743469,0.87857145,t17_f5_c3,18.8851,0.1438,True,False,True,23.12.x,0.0,,1.0,562120230.0,ZTF24aabhdwq
ztf,60319.16986110015,2565169863015015002,2,2565169863015,20.04033,1,2565,10.267119,18.787828,18.7165,0.099725984,0.0949,85.2911459,17.8743811,0.8371429,t17_f5_c3,18.6122,0.1106,True,False,True,23.12.x,0.0,,1.0,562120230.0,ZTF24aabhdwq
ztf,60319.17033560015,2565170333015015001,2,2565170333015,20.01942,1,2565,10.003418,18.78147,18.7684,0.09039283,0.1009,85.2910669,17.8743716,0.80714285,t17_f5_c3,18.6894,0.1202,True,False,True,23.12.x,0.0,,1.0,562120230.0,ZTF24aabhdwq
ztf,60319.170798600186,2565170793015015001,2,2565170793015,19.968927,1,2565,9.618442,18.872553,18.8362,0.10500594,0.1123,85.2909602,17.87433,0.81,t17_f5_c3,18.7988,0.1395,True,False,True,23.12.x,0.0,,1.0,562120230.0,ZTF24aabhdwq
ztf,60319.17127310019,2565171273015015001,2,2565171273015,20.030815,1,2565,9.354862,18.77936,18.868,0.10047019,0.1115,85.2908516,17.8743789,0.91714287,t17_f5_c3,18.8816,0.1452,True,False,True,23.12.x,0.0,,1.0,562120230.0,ZTF24aabhdwq
ztf,60319.171747699846,2565171743015015001,2,2565171743015,20.0255,1,2565,8.89558,18.7557,18.7628,0.077606,0.1006,85.2907451,17.8743019,0.91,t17_f5_c3,18.9568,0.1548,False,False,True,23.12.x,0.0,2.565172223015015e+18,,,ZTF24aabhdwq
ztf,60319.17222219985,2565172223015015001,2,2565172223015,20.032352,1,2565,8.739062,18.749365,18.7415,0.08294893,0.0984,85.2906951,17.8742977,0.89428574,t17_f5_c3,18.6761,0.1196,True,False,True,23.12.x,0.0,,1.0,562120230.0,ZTF24aabhdwq
