tid,mjd,candid,fid,pid,diffmaglim,isdiffpos,nid,distnr,magpsf,magap,sigmapsf,sigmagap,ra,dec,rb,rbversion,magapbig,sigmagapbig,has_stamp,corrected,dubious,step_id_corr,phase,parent_candid,drb,rfid,oid
ztf,60319.29708330007,2565297085415015030,2,2565297085415,20.1409,1,2565,4.65437,18.9759,18.9897,0.131316,0.1203,89.0956104,21.2236617,0.82,t17_f5_c3,19.0383,0.1612,False,False,False,23.12.x,0.0,2.565298965415015e+18,,,ZTF24aabjnag
ztf,60319.297557900194,2565297555415015053,2,2565297555415,20.1698,1,2565,4.3209,18.9763,18.9325,0.093652,0.1141,89.0955029,21.2236757,0.945714,t17_f5_c3,19.0046,0.1561,False,False,False,23.12.x,0.0,2.565299435415015e+18,,,ZTF24aabjnag
ztf,60319.29802080011,2565298025415015020,2,2565298025415,20.235,1,2565,4.14449,19.0444,19.1442,0.112188,0.1335,89.0954432,21.2236759,0.897143,t17_f5_c3,19.1184,0.1675,False,False,False,23.12.x,0.0,2.565299905415015e+18,,,ZTF24aabjnag
ztf,60319.29849540023,2565298495415015041,2,2565298495415,20.2227,1,2565,3.72391,18.9458,18.9683,0.105567,0.1165,89.0953084,21.2236938,0.96,t17_f5_c3,18.9425,0.1461,False,False,False,23.12.x,0.0,2.565299905415015e+18,,,ZTF24aabjnag
ztf,60319.29896989977,2565298965415015049,2,2565298965415,20.322346,1,2565,3.4100065,18.960827,18.8684,0.086294115,0.0965,89.095207,21.2237088,0.9514286,t17_f5_c3,18.7756,0.1137,True,False,False,23.12.x,0.0,,0.9999999,562120254.0,ZTF24aabjnag
ztf,60319.2994328998,2565299435415015031,2,2565299435415,20.230694,1,2565,3.130902,18.966692,18.8736,0.10681011,0.1059,89.0951277,21.2237384,0.9442857,t17_f5_c3,18.9195,0.1417,True,False,False,23.12.x,0.0,,0.999998,562120254.0,ZTF24aabjnag
ztf,60319.29990739981,2565299905415015035,2,2565299905415,19.86407,1,2565,2.7979236,19.047445,19.0748,0.14593597,0.1544,89.095029,21.2237722,0.82714283,t17_f5_c3,19.0281,0.1899,True,False,False,23.12.x,0.0,,1.0,562120254.0,ZTF24aabjnag
ztf,60319.30037039984,2565300375415015022,2,2565300375415,20.206633,1,2565,2.4607377,18.944777,18.8806,0.08906063,0.1029,89.0948813,21.2237548,0.87285715,t17_f5_c3,18.8727,0.1307,True,False,False,23.12.x,0.0,,1.0,562120254.0,ZTF24aabjnag
ztf,60319.300844899844,2565300845415015029,2,2565300845415,20.19027,1,2565,2.2042928,18.957552,18.8707,0.09635566,0.1071,89.094798,21.2237785,0.9242857,t17_f5_c3,18.8593,0.1357,True,False,False,23.12.x,0.0,,1.0,562120254.0,ZTF24aabjnag
