tid,mjd,candid,fid,pid,diffmaglim,isdiffpos,nid,distnr,magpsf,magap,sigmapsf,sigmagap,ra,dec,rb,rbversion,magapbig,sigmagapbig,has_stamp,corrected,dubious,step_id_corr,phase,parent_candid,drb,rfid,oid
ztf,60319.32298609987,2565322983815015016,2,2565322983815,20.3054,1,2565,7.33921,19.5318,19.4831,0.124965,0.1936,88.9989842,19.4242823,0.71,t17_f5_c3,19.5682,0.2686,False,False,False,23.12.x,0.0,2.565324873815015e+18,,,ZTF24aabjzgn
ztf,60319.32346059987,2565323463815015019,2,2565323463815,20.2464,1,2565,7.10364,19.6153,19.6386,0.096994,0.224,88.9988841,19.4243209,0.764286,t17_f5_c3,19.6864,0.3002,False,False,False,23.12.x,0.0,2.565324873815015e+18,,,ZTF24aabjzgn
ztf,60319.323935199995,2565323933815015016,2,2565323933815,20.3189,1,2565,6.89074,19.5408,19.5248,0.098187,0.1938,88.9987823,19.424364,0.797143,t17_f5_c3,19.5738,0.26,False,False,False,23.12.x,0.0,2.565325823815015e+18,,,ZTF24aabjzgn
ztf,60319.3244097,2565324403815015025,2,2565324403815,20.3794,1,2565,6.6986,19.472,19.4691,0.100085,0.1792,88.9987077,19.4243722,0.841429,t17_f5_c3,19.408,0.2174,False,False,False,23.12.x,0.0,2.565325823815015e+18,,,ZTF24aabjzgn
ztf,60319.32487270003,2565324873815015019,2,2565324873815,20.324652,1,2565,6.527641,19.515133,19.3197,0.1012713,0.1595,88.9986158,19.4244147,0.76,t17_f5_c3,19.4059,0.221,True,False,False,23.12.x,0.0,,0.9999591,562120238.0,ZTF24aabjzgn
ztf,60319.325347200036,2565325343815015018,2,2565325343815,20.253853,1,2565,6.1814246,19.506252,19.2459,0.09675981,0.1564,88.9984897,19.424412,0.73571426,t17_f5_c3,19.1898,0.1905,True,False,False,23.12.x,0.0,,0.9999927,562120238.0,ZTF24aabjzgn
ztf,60319.32582180016,2565325823815015021,2,2565325823815,20.327887,1,2565,5.929558,19.499441,19.6623,0.096527725,0.2209,88.9983852,19.4244228,0.8157143,t17_f5_c3,19.7628,0.3105,True,False,False,23.12.x,0.0,,0.99999964,562120238.0,ZTF24aabjzgn
ztf,60319.32628470007,2565326283815015020,2,2565326283815,20.381134,1,2565,5.8411674,19.4544,19.5073,0.085234575,0.1835,88.9983024,19.4244713,0.8442857,t17_f5_c3,19.3148,0.1972,True,False,False,23.12.x,0.0,,0.99931,562120238.0,ZTF24aabjzgn
