tid,mjd,candid,fid,pid,diffmaglim,isdiffpos,nid,distnr,magpsf,magap,sigmapsf,sigmagap,ra,dec,rb,rbversion,magapbig,sigmagapbig,has_stamp,corrected,dubious,step_id_corr,phase,parent_candid,drb,rfid,oid
ztf,60319.27774310019,2565277742915015012,2,2565277742915,20.1906,1,2565,12.2378,19.595,19.8232,0.163514,0.2284,84.5889649,18.001156,0.574286,t17_f5_c3,19.9324,0.3237,False,False,True,23.12.x,0.0,2.565279152915015e+18,,,ZTF24aabjboo
ztf,60319.27821760019,2565278212915015011,2,2565278212915,20.2062,1,2565,11.8766,19.7742,19.8456,0.153742,0.2305,84.5887987,18.0011818,0.755714,t17_f5_c3,19.8644,0.3008,False,False,True,23.12.x,0.0,2.565279152915015e+18,,,ZTF24aabjboo
ztf,60319.278680600226,2565278682915015016,2,2565278682915,20.1509,1,2565,11.6337,19.6276,20.0024,0.166219,0.271,84.5887639,18.0012387,0.671429,t17_f5_c3,19.7214,0.2688,False,False,True,23.12.x,0.0,2.565279152915015e+18,,,ZTF24aabjboo
ztf,60319.27915510023,2565279152915015015,2,2565279152915,20.227907,1,2565,11.565085,19.664743,19.6409,0.14590037,0.1906,84.5886111,18.0011364,0.70285714,t17_f5_c3,19.5782,0.2308,True,False,True,23.12.x,0.0,,0.9999654,562120229.0,ZTF24aabjboo
ztf,60319.27962959977,2565279622915015012,2,2565279622915,20.207165,1,2565,11.210172,19.598558,19.6925,0.15250447,0.2036,84.5885022,18.0012064,0.72571427,t17_f5_c3,19.6148,0.243,True,False,True,23.12.x,0.0,,0.9999945,562120229.0,ZTF24aabjboo
ztf,60319.28010419989,2565280102915015019,2,2565280102915,20.283922,1,2565,10.778872,19.636389,19.613,0.16270497,0.1815,84.5884287,18.0013088,0.7814286,t17_f5_c3,19.6482,0.2402,True,False,True,23.12.x,0.0,,0.9999707,562120229.0,ZTF24aabjboo
ztf,60319.28104169993,2565281042915015018,2,2565281042915,20.311205,1,2565,10.357683,19.636724,19.593,0.14211278,0.1794,84.5882025,18.0013151,0.79571426,t17_f5_c3,19.5007,0.2113,True,False,True,23.12.x,0.0,,0.9999892,562120229.0,ZTF24aabjboo
ztf,60319.28151619993,2565281512915015018,2,2565281512915,20.33913,1,2565,10.134488,19.895042,19.7121,0.16223834,0.1977,84.588121,18.0013423,0.5971429,t17_f5_c3,19.9935,0.3281,True,False,True,23.12.x,0.0,,0.99779975,562120229.0,ZTF24aabjboo
