tid,mjd,candid,fid,pid,diffmaglim,isdiffpos,nid,distnr,magpsf,magap,sigmapsf,sigmagap,ra,dec,rb,rbversion,magapbig,sigmagapbig,has_stamp,corrected,dubious,step_id_corr,phase,parent_candid,drb,rfid,oid
ztf,60319.149131900165,2565149131915015000,2,2565149131915,19.8215,1,2565,9.16522,17.5511,17.5724,0.045214,0.0385,91.9843492,17.8047487,0.914286,t17_f5_c3,17.552,0.0478,False,False,True,23.12.x,0.0,2.565151011915015e+18,,,ZTF24aabgvmc
ztf,60319.1495949002,2565149591915015001,2,2565149591915,19.6432,1,2565,8.80082,17.541,17.5453,0.049455,0.0431,91.9842209,17.8047357,0.902857,t17_f5_c3,17.5087,0.053,False,False,True,23.12.x,0.0,2.565151481915015e+18,,,ZTF24aabgvmc
ztf,60319.1500694002,2565150061915015000,2,2565150061915,19.704,1,2565,8.54294,17.5701,17.5923,0.059069,0.0425,91.9841279,17.8047169,0.902857,t17_f5_c3,17.6227,0.0554,False,False,True,23.12.x,0.0,2.565151481915015e+18,,,ZTF24aabgvmc
ztf,60319.15054399986,2565150541915015000,2,2565150541915,19.8434,1,2565,8.34727,17.5306,17.5915,0.061369,0.0408,91.984069,17.8047283,0.957143,t17_f5_c3,17.6139,0.0527,False,False,True,23.12.x,0.0,2.565151481915015e+18,,,ZTF24aabgvmc
ztf,60319.15101849986,2565151011915015000,2,2565151011915,19.751516,1,2565,8.111551,17.527922,17.626,0.054829266,0.0449,91.9839714,17.8047017,0.95714283,t17_f5_c3,17.6555,0.0585,True,False,True,23.12.x,0.0,,0.99997234,562120219.0,ZTF24aabgvmc
ztf,60319.151481499895,2565151481915015003,2,2565151481915,19.742876,1,2565,7.721309,17.546246,17.5644,0.052570187,0.0429,91.9838441,17.8047091,0.9457143,t17_f5_c3,17.5024,0.0514,True,False,True,23.12.x,0.0,,0.9999689,562120219.0,ZTF24aabgvmc
ztf,60319.1519559999,2565151951915015002,2,2565151951915,19.657408,1,2565,7.535023,17.552448,17.6187,0.066716716,0.0511,91.9837665,17.8046901,0.9785714,t17_f5_c3,17.5963,0.0636,True,False,True,23.12.x,0.0,,0.99990785,562120219.0,ZTF24aabgvmc
