tid,mjd,candid,fid,pid,diffmaglim,isdiffpos,nid,distnr,magpsf,magap,sigmapsf,sigmagap,ra,dec,rb,rbversion,magapbig,sigmagapbig,has_stamp,corrected,dubious,step_id_corr,phase,parent_candid,drb,rfid,oid
ztf,60319.44547449984,2565445476215015001,2,2565445476215,19.5116,1,2565,4.10935,19.3322,19.3897,0.203881,0.2583,85.0653484,21.696567,0.557143,t17_f5_c3,19.2589,0.2938,False,False,False,23.12.x,0.0,2.565447366215015e+18,,,ZTF24aabmbgb
ztf,60319.44593749987,2565445936215015002,2,2565445936215,19.4693,1,2565,3.91763,19.0952,18.9829,0.185897,0.1775,85.0653323,21.6964744,0.618571,t17_f5_c3,18.9373,0.2182,False,False,False,23.12.x,0.0,2.565447366215015e+18,,,ZTF24aabmbgb
ztf,60319.446411999874,2565446416215015002,2,2565446416215,19.5738,1,2565,4.17892,19.3552,19.2654,0.149367,0.2263,85.0652456,21.6964942,0.6,t17_f5_c3,19.4078,0.3307,False,False,False,23.12.x,0.0,2.565447366215015e+18,,,ZTF24aabmbgb
ztf,60319.4473611,2565447366215015001,2,2565447366215,19.542688,1,2565,4.66086,19.231228,19.2635,0.15366706,0.2317,85.0650222,21.6964481,0.64857143,t17_f5_c3,18.9205,0.2168,True,False,False,23.12.x,0.0,,0.99905694,562120262.0,ZTF24aabmbgb
ztf,60319.44782410003,2565447826215015002,2,2565447826215,19.537317,1,2565,5.1216154,19.172272,19.6578,0.17678384,0.3345,85.0648776,21.6964718,0.7271429,t17_f5_c3,19.5322,0.3824,True,False,False,23.12.x,0.0,,0.99970853,562120262.0,ZTF24aabmbgb
