tid,mjd,candid,fid,pid,diffmaglim,isdiffpos,nid,distnr,magpsf,magpsf_corr,magap,sigmapsf,sigmapsf_corr,sigmapsf_corr_ext,sigmagap,ra,dec,rb,rbversion,drb,magapbig,sigmagapbig,rfid,has_stamp,corrected,dubious,step_id_corr,phase,parent_candid,oid
ztf,61057.56950230012,3303569501715015003,2,3303569501715,19.076107,1,3303,0.37206733,13.950428,12.260785,14.0667,0.03339591,100.0,0.007044274,0.0047,245.1886695,-21.1072295,0.68142855,t17_f5_c3,0.9290339,14.0457,0.005,1320120217.0,True,True,False,27.5.7a32.dev1,0.0,,ZTF23aajejga
ztf,61069.562372699846,3315562371715015005,2,3315562371715,19.749,1,3315,0.528394,13.9674,12.264343,14.8737,0.006001,100.0,0.0012502621,0.0069,245.1887172,-21.1072376,0.372857,t17_f5_c3,,14.7158,0.0069,,False,True,False,27.5.7a32.dev1,0.0,3.327554051715015e+18,ZTF23aajejga
ztf,61069.562372699846,3315562371715015006,2,3315562371715,19.749,1,3315,0.334999,13.955,12.261748,13.9871,0.044995,100.0,0.009459399,0.0043,245.1885647,-21.1071457,0.63,t17_f5_c3,,13.984,0.0045,,False,True,False,27.5.7a32.dev1,0.0,3.327554051715015e+18,ZTF23aajejga
ztf,61070.56201389991,3316562011715015008,2,3316562011715,19.340034,1,3316,0.2405674,13.880727,12.245707,13.9563,0.036061592,100.0,0.007999018,0.0041,245.1885858,-21.1073023,0.67,t17_f5_c3,0.9914434,13.9376,0.0043,1320120217.0,True,True,False,27.5.7a32.dev1,0.0,,ZTF23aajejga
ztf,61075.558032399975,3321558031715015009,2,3321558031715,19.20214,1,3321,0.11844864,13.832575,12.234839,13.934,0.040262524,100.0,0.009242871,0.0042,245.1885867,-21.1072594,0.68714285,t17_f5_c3,0.9991424,13.9205,0.0046,1320120217.0,True,True,False,27.5.7a32.dev1,0.0,,ZTF23aajejga
ztf,61076.5578240999,3322557821715015029,2,3322557821715,18.910639,1,3322,0.37518117,13.801367,12.227595,13.9374,0.055946995,100.0,0.013130106,0.0056,245.1886055,-21.1071441,0.6314286,t17_f5_c3,0.99618345,13.9347,0.0063,1320120217.0,True,True,False,27.5.7a32.dev1,0.0,,ZTF23aajejga
ztf,61079.554236100055,3325554231715015011,2,3325554231715,19.20562,1,3325,0.8240408,13.737457,12.2122555,13.8516,0.038444806,100.0,0.009435326,0.0037,245.1887375,-21.1074001,0.6585714,t17_f5_c3,0.95542324,13.8394,0.004,1320120217.0,True,True,False,27.5.7a32.dev1,0.0,,ZTF23aajejga
ztf,61081.55405090004,3327554051715015017,2,3327554051715,18.012577,1,3327,0.3656893,13.870917,12.243523,14.0718,0.045926675,100.0,0.01025905,0.0114,245.1885426,-21.1071379,0.53571427,t17_f5_c3,0.7918532,14.0675,0.0138,1320120217.0,True,True,False,27.5.7a32.dev1,0.0,,ZTF23aajejga
