tid,mjd,candid,fid,pid,diffmaglim,isdiffpos,nid,distnr,magpsf,magap,sigmapsf,sigmagap,ra,dec,rb,rbversion,magapbig,sigmagapbig,has_stamp,corrected,dubious,step_id_corr,phase,parent_candid,drb,rfid,oid
ztf,60319.13168979995,2565131680915015024,2,2565131680915,19.5393,1,2565,4.08413,18.4366,18.5502,0.117469,0.1262,87.0599431,16.4527822,0.871429,t17_f5_c3,18.5993,0.1691,False,False,False,23.12.x,0.0,2.565133570915015e+18,,,ZTF24aabghnx
ztf,60319.13216440007,2565132160915015187,2,2565132160915,19.3458,1,2565,4.12626,18.5601,18.5753,0.095639,0.1477,87.0598179,16.4527663,0.615714,t17_f5_c3,18.4523,0.1691,False,False,False,23.12.x,0.0,2.565134050915015e+18,,,ZTF24aabghnx
ztf,60319.132638900075,2565132630915015028,2,2565132630915,19.4937,1,2565,4.30418,18.4948,18.6002,0.088897,0.1322,87.059713,16.4527225,0.8,t17_f5_c3,18.5009,0.1545,False,False,False,23.12.x,0.0,2.565134050915015e+18,,,ZTF24aabghnx
ztf,60319.13310190011,2565133100915015024,2,2565133100915,19.8959,1,2565,4.3439,18.5264,18.5042,0.092275,0.0933,87.0596498,16.4527193,0.908571,t17_f5_c3,18.4497,0.1131,False,False,False,23.12.x,0.0,2.565134050915015e+18,,,ZTF24aabghnx
ztf,60319.13357640011,2565133570915015034,2,2565133570915,19.821995,1,2565,4.310148,18.512592,18.5144,0.08455311,0.1001,87.059555,16.4527473,0.9357143,t17_f5_c3,18.7361,0.1562,True,False,False,23.12.x,0.0,,0.9999999,562120209.0,ZTF24aabghnx
ztf,60319.13405090012,2565134050915015028,2,2565134050915,19.845655,1,2565,4.403431,18.496025,18.4449,0.07718635,0.0945,87.0594644,16.4527442,0.93142855,t17_f5_c3,18.3987,0.1152,True,False,False,23.12.x,0.0,,0.9999988,562120209.0,ZTF24aabghnx
ztf,60319.13451390015,2565134510915015025,2,2565134510915,19.491953,1,2565,4.4138384,18.506153,18.5868,0.10674104,0.1329,87.0593641,16.4527731,0.8357143,t17_f5_c3,18.654,0.1805,True,False,False,23.12.x,0.0,,0.99999297,562120209.0,ZTF24aabghnx
ztf,60319.134988400154,2565134980915015015,2,2565134980915,19.475924,1,2565,4.512104,18.576385,18.6404,0.1075639,0.1563,87.0592339,16.4528015,0.8814286,t17_f5_c3,18.7785,0.2268,True,False,False,23.12.x,0.0,,0.99999976,562120209.0,ZTF24aabghnx
ztf,60319.13546299981,2565135460915015014,2,2565135460915,19.08335,1,2565,4.776044,18.488138,18.4351,0.11878205,0.1823,87.059168,16.4527509,0.8485714,t17_f5_c3,18.1946,0.187,True,False,False,23.12.x,0.0,,0.99999046,562120209.0,ZTF24aabghnx
