tid,mjd,candid,fid,pid,diffmaglim,isdiffpos,nid,distnr,magpsf,magap,sigmapsf,sigmagap,ra,dec,rb,rbversion,magapbig,sigmagapbig,has_stamp,corrected,dubious,step_id_corr,phase,parent_candid,drb,rfid,oid
ztf,60318.49344909983,2564493440815015009,2,2564493440815,20.368,1,2564,15.0041,19.9436,19.794,0.141666,0.2208,128.0657738,67.0822896,0.688571,t17_f5_c3,19.483,0.2126,False,False,True,23.12.x,0.0,2.564495330815015e+18,,,ZTF24aabemds
ztf,60318.49392359983,2564493920815015002,2,2564493920815,20.4072,1,2564,15.0988,20.0709,19.9173,0.185016,0.2411,128.0657889,67.0822632,0.35,t17_f5_c3,19.6978,0.2524,False,False,True,23.12.x,0.0,2.564495330815015e+18,,,ZTF24aabemds
ztf,60318.494398099836,2564494390815015003,2,2564494390815,20.360123,1,2564,14.871086,19.811237,19.4767,0.119381055,0.1651,128.0652833,67.0822745,0.5642857,t17_f5_c3,19.4486,0.2059,True,False,True,23.12.x,0.0,,0.99995637,840120208.0,ZTF24aabemds
ztf,60318.49487269996,2564494870815015001,2,2564494870815,20.421951,1,2564,14.602669,20.04405,20.0761,0.13156061,0.2779,128.0650698,67.0823289,0.78571427,t17_f5_c3,20.066,0.3532,True,False,True,23.12.x,0.0,,0.99999714,840120208.0,ZTF24aabemds
ztf,60318.49533559987,2564495330815015004,2,2564495330815,20.450268,1,2564,14.626304,19.917929,19.6127,0.13132763,0.1786,128.0648582,67.0823063,0.64857143,t17_f5_c3,19.509,0.2079,True,False,True,23.12.x,0.0,,0.99874127,840120208.0,ZTF24aabemds
