tid,mjd,candid,fid,pid,diffmaglim,isdiffpos,nid,distnr,magpsf,magap,sigmapsf,sigmagap,ra,dec,rb,rbversion,magapbig,sigmagapbig,has_stamp,corrected,dubious,step_id_corr,phase,parent_candid,drb,rfid,oid
ztf,60318.291828699876,2564291824015015006,2,2564291824015,20.1406,1,2564,12.9074,18.6661,18.7388,0.098903,0.0898,127.2946731,70.4841828,0.827143,t17_f5_c3,18.7235,0.1129,False,False,True,23.12.x,0.0,2.564292774015015e+18,,,ZTF24aabecqy
ztf,60318.29230319988,2564292304015015006,2,2564292304015,20.1577,1,2564,13.2535,18.6894,18.6491,0.077665,0.0836,127.2941519,70.4841303,0.834286,t17_f5_c3,18.5776,0.0999,False,False,True,23.12.x,0.0,2.564292774015015e+18,,,ZTF24aabecqy
ztf,60318.2927778,2564292774015015006,2,2564292774015,20.20002,1,2564,13.566435,18.707159,18.7857,0.08046435,0.0925,127.2936392,70.4840538,0.9028571,t17_f5_c3,18.7762,0.1171,True,False,True,23.12.x,0.0,,0.9999941,840120240.0,ZTF24aabecqy
ztf,60318.29324069992,2564293244015015011,2,2564293244015,20.060328,1,2564,13.872122,18.681192,18.8174,0.09426198,0.0983,127.2932121,70.4840038,0.86285716,t17_f5_c3,18.8216,0.1259,True,False,True,23.12.x,0.0,,0.9999995,840120240.0,ZTF24aabecqy
ztf,60318.29371530004,2564293714015015007,2,2564293714015,20.125544,1,2564,14.1333065,18.810314,18.7555,0.09425048,0.0924,127.2927988,70.4839322,0.8857143,t17_f5_c3,18.8111,0.124,True,False,True,23.12.x,0.0,,0.9999988,840120240.0,ZTF24aabecqy
ztf,60318.29418980004,2564294184015015009,2,2564294184015,20.123344,1,2564,14.695442,18.722807,18.8278,0.097320035,0.1,127.2922139,70.4839164,0.9,t17_f5_c3,18.8424,0.1294,True,False,True,23.12.x,0.0,,0.9999603,840120240.0,ZTF24aabecqy
