tid,mjd,candid,fid,pid,diffmaglim,isdiffpos,nid,distnr,magpsf,magap,sigmapsf,sigmagap,ra,dec,rb,rbversion,magapbig,sigmagapbig,has_stamp,corrected,dubious,step_id_corr,phase,parent_candid,drb,rfid,oid
ztf,60319.26267360011,2565262671515015011,2,2565262671515,20.4029,1,2565,7.58268,18.5741,18.5678,0.064045,0.0738,85.9921431,15.660052,0.955714,t17_f5_c3,18.5467,0.092,False,False,True,23.12.x,0.0,2.565264541515015e+18,,,ZTF24aabitvi
ztf,60319.263136600144,2565263131515015016,2,2565263131515,20.414,1,2565,7.68915,18.5984,18.521,0.056294,0.0703,85.9920592,15.6600693,0.944286,t17_f5_c3,18.6067,0.0967,False,False,True,23.12.x,0.0,2.565264541515015e+18,,,ZTF24aabitvi
ztf,60319.26361110015,2565263611515015020,2,2565263611515,20.4135,1,2565,7.83594,18.5177,18.6368,0.053936,0.0782,85.9919352,15.6601013,0.957143,t17_f5_c3,18.7679,0.112,False,False,True,23.12.x,0.0,2.565265491515015e+18,,,ZTF24aabitvi
ztf,60319.26408560015,2565264081515015013,2,2565264081515,20.4279,1,2565,7.89245,18.5352,18.5867,0.064221,0.0745,85.9918476,15.6601414,0.95,t17_f5_c3,18.6687,0.102,False,False,True,23.12.x,0.0,2.565265491515015e+18,,,ZTF24aabitvi
ztf,60319.264548600186,2565264541515015011,2,2565264541515,20.450954,1,2565,8.061208,18.54628,18.6527,0.06697818,0.0783,85.9917316,15.6601759,0.9557143,t17_f5_c3,18.6268,0.0972,True,False,True,23.12.x,0.0,,0.9999995,562120215.0,ZTF24aabitvi
ztf,60319.26502310019,2565265021515015007,2,2565265021515,20.421839,1,2565,8.182829,18.532576,18.5792,0.06764157,0.0741,85.9916296,15.660221,0.9557143,t17_f5_c3,18.5856,0.0947,True,False,True,23.12.x,0.0,,0.99999666,562120215.0,ZTF24aabitvi
ztf,60319.265497699846,2565265491515015013,2,2565265491515,20.389107,1,2565,8.403015,18.56411,18.6527,0.0797704,0.0799,85.9915324,15.6602286,0.95,t17_f5_c3,18.694,0.1055,True,False,True,23.12.x,0.0,,0.99999976,562120215.0,ZTF24aabitvi
ztf,60319.26596060023,2565265961515015008,2,2565265961515,20.277634,1,2565,8.550907,18.518839,18.5177,0.08163163,0.0738,85.9914274,15.6602705,0.93285716,t17_f5_c3,18.5328,0.0951,True,False,True,23.12.x,0.0,,1.0,562120215.0,ZTF24aabitvi
ztf,60319.26643519988,2565266431515015009,2,2565266431515,20.319714,1,2565,8.751092,18.519682,18.5145,0.07700556,0.0725,85.9913161,15.6603112,0.9342857,t17_f5_c3,18.443,0.0863,True,False,True,23.12.x,0.0,,0.99999976,562120215.0,ZTF24aabitvi
