tid,mjd,candid,fid,pid,diffmaglim,isdiffpos,nid,distnr,magpsf,magpsf_corr,magap,sigmapsf,sigmapsf_corr,sigmapsf_corr_ext,sigmagap,ra,dec,rb,rbversion,drb,magapbig,sigmagapbig,rfid,has_stamp,corrected,dubious,step_id_corr,phase,oid
ztf,61037.57060190011,3283570604115010041,2,3283570604115,17.723078,-1,3283,0.4814645,16.913668,15.483743,16.9962,0.12530927,0.028498499,0.03357478,0.087,238.9422784,-11.8162407,0.5214286,t17_f5_c3,0.7255751,16.9222,0.1038,1371120241,True,True,False,27.5.7a32.dev1,0.0,ZTF25aatyoxg
ztf,61054.567546300124,3300567544115015004,2,3300567544115,19.495565,1,3300,0.25570098,17.233152,15.0672455,17.2905,0.059379194,100.0,0.008077399,0.0425,238.9423675,-11.8161258,0.8742857,t17_f5_c3,0.99999964,17.2617,0.051,1371120241,True,True,False,27.5.7a32.dev1,0.0,ZTF25aatyoxg
ztf,61057.56804399984,3303568044115015005,2,3303568044115,19.450453,1,3303,0.32942292,18.034397,15.1472025,18.2516,0.13568307,100.0,0.009498344,0.0989,238.9423369,-11.8161893,0.67142856,t17_f5_c3,0.9999912,18.1927,0.1156,1371120241,True,True,False,27.5.7a32.dev1,0.0,ZTF25aatyoxg
ztf,61060.56709490018,3306567094115010000,2,3306567094115,20.07516,-1,3306,0.305076,17.65111,15.349043,17.5528,0.11986935,100.0,0.014384056,0.0459,238.9422406,-11.816039,0.69,t17_f5_c3,0.99780834,17.595,0.0584,1371120241,True,True,False,27.5.7a32.dev1,0.0,ZTF25aatyoxg
ztf,61070.56056710007,3316560564115010003,2,3316560564115,19.589643,-1,3316,0.49503744,17.046541,15.45074,17.1519,0.04839566,100.0,0.011129764,0.0321,238.9422427,-11.8162356,0.81714284,t17_f5_c3,0.9999943,17.1775,0.0404,1371120241,True,True,False,27.5.7a32.dev1,0.0,ZTF25aatyoxg
ztf,61074.55697919987,3320556974115010000,2,3320556974115,19.322748,-1,3320,0.42191646,16.907854,15.485306,16.8901,0.04558092,100.0,0.012295995,0.0358,238.9422225,-11.8162012,0.8442857,t17_f5_c3,0.999998,16.8789,0.0446,1371120241,True,True,False,27.5.7a32.dev1,0.0,ZTF25aatyoxg
ztf,61075.55707179988,3321557074115010001,2,3321557074115,19.380205,-1,3321,0.5403733,17.565641,15.359766,17.6883,0.06066188,100.0,0.007953635,0.0664,238.9421655,-11.8161905,0.88285714,t17_f5_c3,0.99997556,17.6651,0.0813,1371120241,True,True,False,27.5.7a32.dev1,0.0,ZTF25aatyoxg
