tid,mjd,candid,fid,pid,diffmaglim,isdiffpos,nid,distnr,magpsf,magap,sigmapsf,sigmagap,ra,dec,rb,rbversion,magapbig,sigmagapbig,has_stamp,corrected,dubious,step_id_corr,phase,parent_candid,drb,rfid,oid
ztf,60319.332881900016,2565332881615015007,2,2565332881615,20.2805,1,2565,4.73558,18.9174,18.9714,0.095679,0.1117,91.5639869,18.6678814,0.957143,t17_f5_c3,18.8319,0.1254,False,False,False,23.12.x,0.0,2.565334291615015e+18,,,ZTF24aabkgxk
ztf,60319.33335650014,2565333351615015005,2,2565333351615,20.1034,1,2565,4.46943,18.8552,18.841,0.074374,0.1094,91.5639169,18.6678452,0.951429,t17_f5_c3,18.7504,0.1287,False,False,False,23.12.x,0.0,2.565334291615015e+18,,,ZTF24aabkgxk
ztf,60319.33381940005,2565333811615015006,2,2565333811615,20.2797,1,2565,4.21073,18.9264,18.9474,0.087125,0.1067,91.5637884,18.6678861,0.962857,t17_f5_c3,19.0117,0.1444,False,False,False,23.12.x,0.0,2.565334291615015e+18,,,ZTF24aabkgxk
ztf,60319.334294000175,2565334291615015004,2,2565334291615,20.191727,1,2565,3.9877234,18.960955,18.8961,0.0926623,0.1068,91.5636661,18.6679157,0.93857145,t17_f5_c3,18.8845,0.1349,True,False,False,23.12.x,0.0,,0.9999989,562120216.0,ZTF24aabkgxk
ztf,60319.33476850018,2565334761615015007,2,2565334761615,20.175728,1,2565,3.7291446,18.922209,18.9226,0.09476968,0.1095,91.5635385,18.667926,0.94142854,t17_f5_c3,18.8028,0.1252,True,False,False,23.12.x,0.0,,0.99999875,562120216.0,ZTF24aabkgxk
ztf,60319.33523150021,2565335231615015005,2,2565335231615,20.319715,1,2565,3.683343,18.889849,18.863,0.0881112,0.099,91.5634675,18.6679609,0.95857143,t17_f5_c3,18.7964,0.1188,True,False,False,23.12.x,0.0,,0.99988115,562120216.0,ZTF24aabkgxk
ztf,60319.335706000216,2565335701615015006,2,2565335701615,20.241802,1,2565,3.5797236,18.987316,19.0227,0.076116115,0.1166,91.5633574,18.6679941,0.9614286,t17_f5_c3,19.096,0.1591,True,False,False,23.12.x,0.0,,0.99998915,562120216.0,ZTF24aabkgxk
ztf,60319.33618059987,2565336181615015007,2,2565336181615,20.16311,1,2565,3.4571192,19.031109,18.9237,0.09636023,0.1093,91.5632415,18.6680093,0.93142855,t17_f5_c3,18.9769,0.1464,True,False,False,23.12.x,0.0,,0.99999607,562120216.0,ZTF24aabkgxk
ztf,60319.33664349979,2565336641615015007,2,2565336641615,20.17276,1,2565,3.4116988,18.941566,18.8922,0.10277245,0.1059,91.5631103,18.6680394,0.9357143,t17_f5_c3,18.8186,0.1264,True,False,False,23.12.x,0.0,,0.9999995,562120216.0,ZTF24aabkgxk
