tid,mjd,candid,fid,pid,diffmaglim,isdiffpos,nid,distnr,magpsf,magap,sigmapsf,sigmagap,ra,dec,rb,rbversion,magapbig,sigmagapbig,has_stamp,corrected,dubious,step_id_corr,phase,parent_candid,drb,rfid,oid
ztf,60319.21460650023,2565214601115015020,2,2565214601115,20.2041,1,2565,9.67711,18.1639,18.1938,0.050855,0.0589,87.520719,15.6144061,0.941429,t17_f5_c3,18.2063,0.0756,False,False,True,23.12.x,0.0,2.565216491115015e+18,,,ZTF24aabhzfn
ztf,60319.21508099977,2565215081115015021,2,2565215081115,20.0993,1,2565,10.0011,18.2049,18.1345,0.058725,0.0558,87.5206133,15.6144273,0.898571,t17_f5_c3,18.0408,0.0651,False,False,True,23.12.x,0.0,2.565216491115015e+18,,,ZTF24aabhzfn
ztf,60319.21555559989,2565215551115015018,2,2565215551115,20.0966,1,2565,10.2095,18.2126,18.2169,0.045171,0.0602,87.520507,15.6144531,0.907143,t17_f5_c3,18.2619,0.0797,False,False,True,23.12.x,0.0,2.565216491115015e+18,,,ZTF24aabhzfn
ztf,60319.21601849981,2565216011115015018,2,2565216011115,20.1412,1,2565,9.99352,18.2168,18.2021,0.056672,0.0588,87.520414,15.6144644,0.927143,t17_f5_c3,18.2387,0.0771,False,False,True,23.12.x,0.0,2.565216491115015e+18,,,ZTF24aabhzfn
ztf,60319.21649309993,2565216491115015019,2,2565216491115,20.149084,1,2565,9.729674,18.20557,18.1876,0.047880847,0.0584,87.5202935,15.6144765,0.93714285,t17_f5_c3,18.199,0.075,True,False,True,23.12.x,0.0,,0.99999774,562120211.0,ZTF24aabhzfn
ztf,60319.21790509997,2565217901115015021,2,2565217901115,20.210615,1,2565,9.0075655,18.248314,18.2789,0.060424104,0.0628,87.5200214,15.6145535,0.94,t17_f5_c3,18.326,0.0834,True,False,True,23.12.x,0.0,,0.9999999,562120211.0,ZTF24aabhzfn
