tid,mjd,candid,fid,pid,diffmaglim,isdiffpos,nid,distnr,magpsf,magap,sigmapsf,sigmagap,ra,dec,rb,rbversion,magapbig,sigmagapbig,has_stamp,corrected,dubious,step_id_corr,phase,parent_candid,drb,rfid,oid
ztf,60319.14865740016,2565148650215015019,2,2565148650215,19.9122,1,2565,25.758,19.6235,19.4162,0.15695,0.214,90.9473718,15.2817543,0.657143,t17_f5_c3,19.0136,0.1897,False,False,True,23.12.x,0.0,2.565150540215015e+18,,,ZTF24aabgvjp
ztf,60319.149131900165,2565149130215015024,2,2565149130215,19.792,1,2565,25.2588,19.2936,19.1536,0.145999,0.1648,90.9472878,15.2818715,0.632857,t17_f5_c3,18.9636,0.1774,False,False,True,23.12.x,0.0,2.565150540215015e+18,,,ZTF24aabgvjp
ztf,60319.1495949002,2565149590215015023,2,2565149590215,19.7341,1,2565,25.3832,19.2772,19.3111,0.146239,0.1987,90.9472071,15.2817654,0.668571,t17_f5_c3,19.1056,0.211,False,False,True,23.12.x,0.0,2.565150540215015e+18,,,ZTF24aabgvjp
ztf,60319.1500694002,2565150060215015022,2,2565150060215,19.7123,1,2565,24.7314,19.3108,19.0698,0.16948,0.1628,90.9470671,15.2818905,0.617143,t17_f5_c3,18.7443,0.1547,False,False,True,23.12.x,0.0,2.565151480215015e+18,,,ZTF24aabgvjp
ztf,60319.15054399986,2565150540215015023,2,2565150540215,19.836626,1,2565,24.547297,19.449085,19.3806,0.20726202,0.2127,90.9470148,15.2819193,0.55285716,t17_f5_c3,19.4285,0.2848,True,False,True,23.12.x,0.0,,0.9993123,562120202.0,ZTF24aabgvjp
ztf,60319.15101849986,2565151010215015015,2,2565151010215,19.808,1,2565,24.1478,19.3023,19.1622,0.138347,0.1758,90.9469329,15.2819972,0.747143,t17_f5_c3,19.0434,0.2018,False,False,True,23.12.x,0.0,2.565151480215015e+18,,,ZTF24aabgvjp
ztf,60319.151481499895,2565151480215015019,2,2565151480215,19.766054,1,2565,23.815163,19.316929,19.238,0.17346594,0.1905,90.9468689,15.2820712,0.75142854,t17_f5_c3,19.2819,0.2542,True,False,True,23.12.x,0.0,,0.9999864,562120202.0,ZTF24aabgvjp
ztf,60319.1519559999,2565151950215015021,2,2565151950215,19.73927,1,2565,23.439034,19.285912,19.2703,0.14243157,0.2138,90.9467089,15.2820786,0.81714284,t17_f5_c3,19.3734,0.3013,True,False,True,23.12.x,0.0,,0.99992585,562120202.0,ZTF24aabgvjp
