tid,mjd,candid,fid,pid,diffmaglim,isdiffpos,nid,distnr,magpsf,magap,sigmapsf,sigmagap,ra,dec,rb,rbversion,magapbig,sigmagapbig,has_stamp,corrected,dubious,step_id_corr,phase,parent_candid,drb,rfid,oid
ztf,60319.161851900164,2565161852115015022,2,2565161852115,20.0207,1,2565,8.47522,19.6121,19.4524,0.130747,0.1948,88.8796751,18.0528103,0.641429,t17_f5_c3,19.364,0.2303,False,False,True,23.12.x,0.0,2.565163262115015e+18,,,ZTF24aabhbzo
ztf,60319.16232640017,2565162322115015025,2,2565162322115,20.0773,1,2565,7.98991,19.6187,19.569,0.170959,0.2087,88.8794696,18.0528186,0.765714,t17_f5_c3,19.3131,0.2116,False,False,True,23.12.x,0.0,2.565163732115015e+18,,,ZTF24aabhbzo
ztf,60319.1627894002,2565162782115015018,2,2565162782115,20.0186,1,2565,7.86266,19.6381,19.6188,0.15387,0.2227,88.8793894,18.0528372,0.748571,t17_f5_c3,19.5229,0.2615,False,False,True,23.12.x,0.0,2.565163732115015e+18,,,ZTF24aabhbzo
ztf,60319.163263900205,2565163262115015017,2,2565163262115,20.055073,1,2565,7.5376334,19.644842,19.6516,0.17343788,0.2306,88.8793009,18.0527871,0.70714283,t17_f5_c3,19.5874,0.2789,True,False,True,23.12.x,0.0,,0.9999262,562120221.0,ZTF24aabhbzo
ztf,60319.16373840021,2565163732115015019,2,2565163732115,20.163506,1,2565,7.2359705,19.658241,19.8563,0.16164275,0.2688,88.8791079,18.0528275,0.7457143,t17_f5_c3,19.743,0.3105,True,False,True,23.12.x,0.0,,0.99964225,562120221.0,ZTF24aabhbzo
ztf,60319.16420139978,2565164202115015023,2,2565164202115,20.117092,1,2565,7.0838695,19.633472,19.7083,0.1491331,0.2367,88.879046,18.0528183,0.7885714,t17_f5_c3,19.5148,0.2541,True,False,True,23.12.x,0.0,,0.99999297,562120221.0,ZTF24aabhbzo
