tid,mjd,candid,fid,pid,diffmaglim,isdiffpos,nid,distnr,magpsf,magap,sigmapsf,sigmagap,ra,dec,rb,rbversion,magapbig,sigmagapbig,has_stamp,corrected,dubious,step_id_corr,phase,parent_candid,drb,rfid,oid
ztf,60319.28528939979,2565285281915015015,2,2565285281915,20.4243,1,2565,15.1937,19.3152,19.2531,0.118639,0.129,91.6201865,17.2014723,0.917143,t17_f5_c3,19.2453,0.1635,False,False,True,23.12.x,0.0,2.565286701915015e+18,,,ZTF24aabjgka
ztf,60319.28575230017,2565285751915015021,2,2565285751915,20.4089,1,2565,15.3863,19.4151,19.3748,0.15063,0.1444,91.6200388,17.2014393,0.832857,t17_f5_c3,19.466,0.2008,False,False,True,23.12.x,0.0,2.565286701915015e+18,,,ZTF24aabjgka
ztf,60319.28622689983,2565286221915015020,2,2565286221915,20.4033,1,2565,15.4287,19.4141,19.5838,0.128809,0.1742,91.6199641,17.2014381,0.872857,t17_f5_c3,19.5774,0.2217,False,False,True,23.12.x,0.0,2.565286701915015e+18,,,ZTF24aabjgka
ztf,60319.28670139983,2565286701915015020,2,2565286701915,20.36387,1,2565,15.674495,19.372223,19.2321,0.13036074,0.1323,91.6198084,17.2013975,0.78571427,t17_f5_c3,19.2122,0.1659,True,False,True,23.12.x,0.0,,0.99999964,562120219.0,ZTF24aabjgka
ztf,60319.28717589984,2565287171915015017,2,2565287171915,20.445421,1,2565,15.825884,19.511297,19.4887,0.12117618,0.1581,91.6197017,17.2013785,0.86285716,t17_f5_c3,19.3257,0.1742,True,False,True,23.12.x,0.0,,0.9999996,562120219.0,ZTF24aabjgka
ztf,60319.28765049996,2565287651915015025,2,2565287651915,20.448328,1,2565,16.1073,19.445116,19.6336,0.1194428,0.1801,91.6195902,17.2013191,0.87142855,t17_f5_c3,19.5854,0.2206,True,False,True,23.12.x,0.0,,0.9999956,562120219.0,ZTF24aabjgka
ztf,60319.28812499996,2565288121915015015,2,2565288121915,20.322588,1,2565,16.348114,19.424873,19.303,0.11912973,0.1476,91.6195136,17.2012692,0.8657143,t17_f5_c3,19.2315,0.177,True,False,True,23.12.x,0.0,,0.99999976,562120219.0,ZTF24aabjgka
ztf,60319.28859949997,2565288591915015017,2,2565288591915,20.313211,1,2565,16.466387,19.391777,19.6935,0.11694157,0.2039,91.6194034,17.2012656,0.87714285,t17_f5_c3,19.7637,0.2785,True,False,True,23.12.x,0.0,,0.9999877,562120219.0,ZTF24aabjgka
