tid,mjd,candid,fid,pid,diffmaglim,isdiffpos,nid,distnr,magpsf,magap,sigmapsf,sigmagap,ra,dec,rb,rbversion,magapbig,sigmagapbig,has_stamp,corrected,dubious,step_id_corr,phase,parent_candid,drb,rfid,oid
ztf,60317.43905089982,2563439055315015034,2,2563439055315,19.6081,1,2563,6.98947,18.9786,18.8462,0.100849,0.1492,96.2567929,22.1606593,0.62,t17_f5_c3,18.9242,0.2055,False,False,True,23.12.x,0.0,2.563440005315015e+18,,,ZTF24aabbgpe
ztf,60317.43952549994,2563439525315015025,2,2563439525315,19.624,1,2563,6.7106,18.9537,18.8682,0.098411,0.1513,96.2566411,22.1606503,0.688571,t17_f5_c3,18.8735,0.1951,False,False,True,23.12.x,0.0,2.563440935315015e+18,,,ZTF24aabbgpe
ztf,60317.439999999944,2563440005315015032,2,2563440005315,19.6984,1,2563,6.47552,18.9961,18.9865,0.097297,0.1607,96.2565008,22.1606423,0.71,t17_f5_c3,19.2344,0.2589,False,False,True,23.12.x,0.0,2.563440935315015e+18,,,ZTF24aabbgpe
ztf,60317.44047449995,2563440475315015031,2,2563440475315,19.74141,1,2563,6.5853033,19.020159,19.1985,0.09137129,0.1937,96.256416,22.1607098,0.69142854,t17_f5_c3,19.2291,0.2554,True,False,True,23.12.x,0.0,,0.9999994,563120253.0,ZTF24aabbgpe
ztf,60317.44093749998,2563440935315015030,2,2563440935315,19.748049,1,2563,6.4320946,19.128069,19.1729,0.09716524,0.1865,96.2563197,22.1606971,0.63714284,t17_f5_c3,19.2503,0.257,True,False,True,23.12.x,0.0,,0.99999225,563120253.0,ZTF24aabbgpe
ztf,60317.441411999986,2563441415315015023,2,2563441415315,19.612444,1,2563,6.165859,19.01774,18.9713,0.104777105,0.1691,96.2561211,22.1606738,0.61285716,t17_f5_c3,18.8288,0.1903,True,False,True,23.12.x,0.0,,0.9999942,563120253.0,ZTF24aabbgpe
ztf,60317.44188660011,2563441885315015026,2,2563441885315,19.6966,1,2563,6.16688,18.9937,19.1609,0.099765,0.1944,96.2560336,22.1606918,0.777143,t17_f5_c3,19.0722,0.2299,False,False,True,23.12.x,0.0,2.563442825315015e+18,,,ZTF24aabbgpe
ztf,60317.44236110011,2563442365315015036,2,2563442365315,19.601042,1,2563,6.341022,19.083315,19.0522,0.11761797,0.1771,96.2559366,22.160757,0.6642857,t17_f5_c3,18.9292,0.203,True,False,True,23.12.x,0.0,,0.9999981,563120253.0,ZTF24aabbgpe
ztf,60317.442824100144,2563442825315015030,2,2563442825315,19.527699,1,2563,6.028991,19.021824,19.1397,0.12801234,0.1988,96.2557699,22.1606837,0.58428574,t17_f5_c3,19.1915,0.2675,True,False,True,23.12.x,0.0,,0.999972,563120253.0,ZTF24aabbgpe
