tid,mjd,candid,fid,pid,diffmaglim,isdiffpos,nid,distnr,magpsf,magap,sigmapsf,sigmagap,ra,dec,rb,rbversion,magapbig,sigmagapbig,has_stamp,corrected,dubious,step_id_corr,phase,parent_candid,drb,rfid,oid
ztf,60319.21130790003,2565211303515015046,2,2565211303515,20.191,1,2565,10.2247,19.0824,19.0221,0.104546,0.1149,91.7314523,19.1992897,0.898571,t17_f5_c3,18.9538,0.1381,False,False,True,23.12.x,0.0,2.565212713515015e+18,,,ZTF24aabibbr
ztf,60319.21178240003,2565211783515015033,2,2565211783515,20.2297,1,2565,10.6016,19.138,19.3802,0.115507,0.1607,91.7313253,19.1993373,0.908571,t17_f5_c3,19.365,0.2029,False,False,True,23.12.x,0.0,2.565212713515015e+18,,,ZTF24aabibbr
ztf,60319.212256900035,2565212253515015039,2,2565212253515,20.1428,1,2565,10.2505,19.1316,19.2143,0.112972,0.1388,91.7312161,19.1994078,0.888571,t17_f5_c3,19.1019,0.1603,False,False,True,23.12.x,0.0,2.565212713515015e+18,,,ZTF24aabibbr
ztf,60319.21271990007,2565212713515015024,2,2565212713515,20.221607,1,2565,9.803868,19.15469,19.2464,0.13313468,0.1393,91.7310926,19.1994621,0.89428574,t17_f5_c3,19.1333,0.1608,True,False,True,23.12.x,0.0,,0.99997795,562120235.0,ZTF24aabibbr
ztf,60319.21319440007,2565213193515015047,2,2565213193515,20.227325,1,2565,9.1766,19.198603,19.0854,0.1268745,0.1208,91.7309111,19.1995147,0.8685714,t17_f5_c3,19.0091,0.1442,True,False,True,23.12.x,0.0,,0.9999968,562120235.0,ZTF24aabibbr
ztf,60319.21366900019,2565213663515015024,2,2565213663515,20.096485,1,2565,8.83605,19.222822,19.2063,0.117153816,0.1455,91.7308215,19.1996069,0.8857143,t17_f5_c3,19.2939,0.2019,True,False,True,23.12.x,0.0,,0.99999976,562120235.0,ZTF24aabibbr
