tid,mjd,candid,fid,pid,diffmaglim,isdiffpos,nid,distnr,magpsf,magpsf_corr,magap,sigmapsf,sigmapsf_corr,sigmapsf_corr_ext,sigmagap,ra,dec,rb,rbversion,drb,magapbig,sigmagapbig,rfid,has_stamp,corrected,dubious,step_id_corr,phase,parent_candid,oid
ztf,60353.5503934999,2599550393515015019,2,2599550393515,19.553755,1,2599,0.20450576,17.817732,16.731998,17.8556,0.045477737,100.0,0.01673036,0.0799,282.4826788,-5.5820858,0.73285717,t17_f5_c3,1.0,17.7785,0.0951,1429120235.0,True,True,False,23.12.x,0.0,,ZTF23aaqokoi
ztf,61083.5612269002,3329561224615015056,2,3329561224615,19.517536,1,3329,0.13270569,18.507164,16.896626,18.6834,0.12107812,0.016910272,0.027469486,0.1746,282.4826098,-5.5820424,0.60142857,t17_f5_c3,0.9999988,18.655,0.2177,1430120246.0,True,True,False,27.5.7a32.dev1,0.0,,ZTF23aaqokoi
ztf,61099.54593749996,3345545933515015035,2,3345545933515,19.81034,1,3345,0.06874542,17.58538,16.640638,17.6748,0.06792803,0.02292752,0.0284546,0.0563,282.4826711,-5.5820258,0.72,t17_f5_c3,0.999913,17.6626,0.0708,1429120235.0,True,True,False,27.5.7a32.dev1,0.0,,ZTF23aaqokoi
ztf,61099.54736110009,3345547364615015029,2,3345547364615,19.8356,1,3345,0.15867472,17.75326,16.674135,17.886,0.06334481,0.015448304,0.023445576,0.0673,282.482676,-5.582068,0.7714286,t17_f5_c3,1.0,17.8589,0.0834,1430120246.0,True,True,False,27.5.7a32.dev1,0.0,,ZTF23aaqokoi
ztf,61100.544699099846,3346544693515015045,2,3346544693515,19.3312,1,3346,0.130206,17.5033,16.605497,17.6238,0.081942,0.03191268,0.035841472,0.0766,282.4826898,-5.5820408,0.665714,t17_f5_c3,,17.5995,0.0958,,False,True,False,27.5.7a32.dev1,0.0,3.347545404615015e+18,ZTF23aaqokoi
ztf,61100.546134300064,3346546134615015055,2,3346546134615,19.4932,1,3346,0.197628,17.7138,16.65936,17.7244,0.076248,0.023039224,0.028870413,0.0721,282.4826672,-5.5820874,0.69,t17_f5_c3,,17.6958,0.0896,,False,True,False,27.5.7a32.dev1,0.0,3.347545404615015e+18,ZTF23aaqokoi
ztf,61101.5454051001,3347545404615015083,2,3347545404615,18.329868,1,3347,0.67338496,17.70303,16.655272,17.7123,0.11475276,0.04013522,0.04371794,0.1727,282.4827782,-5.5821706,0.5257143,t17_f5_c3,0.9999974,17.7992,0.24,1430120246.0,True,True,False,27.5.7a32.dev1,0.0,,ZTF23aaqokoi
