tid,mjd,candid,fid,pid,diffmaglim,isdiffpos,nid,distnr,magpsf,magpsf_corr,magap,sigmapsf,sigmapsf_corr,sigmapsf_corr_ext,sigmagap,ra,dec,rb,rbversion,drb,magapbig,sigmagapbig,rfid,has_stamp,corrected,dubious,step_id_corr,phase,parent_candid,oid
ztf,61059.579722200055,3305579724415015002,2,3305579724415,18.39137,1,3305,0.1880095,15.675803,13.728442,15.575,0.047354948,100.0,0.007878093,0.0264,269.7519623,-4.625554,0.75142854,t17_f5_c3,0.9999012,15.5476,0.0325,1428120244.0,True,True,False,27.5.7a32.dev1,0.0,,ZTF25abfevun
ztf,61059.58018520009,3305580184415015001,2,3305580184415,18.375616,1,3305,0.06741067,15.89392,13.761825,15.7673,0.036895428,100.0,0.0051776697,0.0315,269.7519248,-4.6255822,0.79571426,t17_f5_c3,0.9998652,15.7383,0.0387,1428120244.0,True,True,False,27.5.7a32.dev1,0.0,,ZTF25abfevun
ztf,61065.5690394002,3311569034415015001,2,3311569034415,19.215548,1,3311,0.14939818,15.309424,13.658263,15.3036,0.03141587,100.0,0.006865697,0.0106,269.7519217,-4.6255278,0.8042857,t17_f5_c3,0.99980843,15.2919,0.0123,1428120244.0,True,True,False,27.5.7a32.dev1,0.0,,ZTF25abfevun
ztf,61065.579919000156,3311579914415015079,2,3311579914415,17.67128,1,3311,0.1340144,15.295945,13.655303,15.3375,0.038365368,100.0,0.0084660845,0.0293,269.7519385,-4.6255425,0.56285715,t17_f5_c3,0.9970357,15.302,0.0361,1428120244.0,True,True,False,27.5.7a32.dev1,0.0,,ZTF25abfevun
ztf,61072.564317100216,3318564314415015001,2,3318564314415,18.9142,1,3318,0.516792,15.3809,13.673487,15.416,0.05158,100.0,0.010703258,0.0147,269.7517779,-4.6256273,0.784286,t17_f5_c3,,15.4126,0.0179,,False,True,False,27.5.7a32.dev1,0.0,3.318571974415015e+18,ZTF25abfevun
ztf,61072.56766200019,3318567664415015002,2,3318567664415,18.969807,1,3318,0.46008325,15.372794,13.6718,15.4126,0.06390799,100.0,0.013340049,0.0148,269.7519341,-4.6254414,0.80142856,t17_f5_c3,0.99850196,15.4013,0.0179,1428120244.0,True,True,False,27.5.7a32.dev1,0.0,,ZTF25abfevun
ztf,61072.5719792,3318571974415015001,2,3318571974415,18.88735,1,3318,0.3086678,15.42496,13.682484,15.5716,0.043087177,100.0,0.0086568035,0.0186,269.7519505,-4.6254913,0.7828571,t17_f5_c3,0.9996573,15.5038,0.0217,1428120244.0,True,True,False,27.5.7a32.dev1,0.0,,ZTF25abfevun
ztf,61072.5719792,3318571974415015002,2,3318571974415,18.88735,1,3318,0.51105607,15.41371,13.680214,15.3992,0.01788913,100.0,0.0036240239,0.0161,269.751982,-4.6254436,0.8157143,t17_f5_c3,0.9996573,15.382,0.0196,1428120244.0,True,True,False,27.5.7a32.dev1,0.0,,ZTF25abfevun
