tid,mjd,candid,fid,pid,diffmaglim,isdiffpos,nid,distnr,magpsf,magap,sigmapsf,sigmagap,ra,dec,rb,rbversion,drb,magapbig,sigmagapbig,rfid,has_stamp,corrected,dubious,step_id_corr,phase,parent_candid,oid
ztf,60287.28712960007,2533287124815015016,2,2533287124815,19.901653,1,2533,7.898484,18.10142,18.0831,0.061865363,0.063,99.2175714,22.2199046,0.94857144,t17_f5_c3,1.0,18.1011,0.0814,563120248.0,True,False,True,23.12.x,0.0,,ZTF23absgzns
ztf,60317.167708300054,2563167704815015018,2,2563167704815,19.5634,1,2563,9.09194,18.3273,18.3188,0.101548,0.0828,99.2181313,22.2201277,0.565714,t17_f5_c3,,18.3963,0.1135,,False,False,True,23.12.x,0.0,2.563169594815015e+18,ZTF23absgzns
ztf,60317.168182900175,2563168184815015014,2,2563168184815,19.5133,1,2563,9.14445,18.3803,18.4935,0.111633,0.1033,99.2180483,22.2201366,0.701429,t17_f5_c3,,18.5412,0.138,,False,False,True,23.12.x,0.0,2.563169594815015e+18,ZTF23absgzns
ztf,60317.16864580009,2563168644815015017,2,2563168644815,19.4095,1,2563,8.80118,18.3153,18.3107,0.118328,0.0896,99.2179479,22.2201631,0.63,t17_f5_c3,,18.2076,0.1041,,False,False,True,23.12.x,0.0,2.563169594815015e+18,ZTF23absgzns
ztf,60317.16912040021,2563169124815015015,2,2563169124815,19.373537,1,2563,8.095055,18.276897,18.3024,0.108922765,0.0843,99.2177367,22.220203,0.5714286,t17_f5_c3,0.99997056,18.2811,0.1054,563120248.0,True,False,True,23.12.x,0.0,,ZTF23absgzns
ztf,60317.16959490022,2563169594815015023,2,2563169594815,19.490908,1,2563,8.024468,18.317602,18.2595,0.1098939,0.0798,99.2177064,22.2201853,0.5885714,t17_f5_c3,0.99999964,18.2062,0.097,563120248.0,True,False,True,23.12.x,0.0,,ZTF23absgzns
ztf,60317.17006940022,2563170064815015019,2,2563170064815,19.44861,1,2563,7.7242446,18.302647,18.3083,0.13783777,0.0885,99.2176203,22.2202178,0.5885714,t17_f5_c3,0.99999785,18.2233,0.1046,563120248.0,True,False,True,23.12.x,0.0,,ZTF23absgzns
ztf,60317.17053239979,2563170534815015020,2,2563170534815,19.60487,1,2563,7.2265477,18.277617,18.3262,0.0911765,0.0839,99.2174658,22.2202341,0.63285714,t17_f5_c3,1.0,18.3157,0.1061,563120248.0,True,False,True,23.12.x,0.0,,ZTF23absgzns
ztf,60317.17100689979,2563171004815015017,2,2563171004815,19.630207,1,2563,6.9168444,18.3232,18.2705,0.08498023,0.0797,99.2173647,22.2202281,0.7057143,t17_f5_c3,0.9999932,18.1831,0.0939,563120248.0,True,False,True,23.12.x,0.0,,ZTF23absgzns
