tid,mjd,candid,fid,pid,diffmaglim,isdiffpos,nid,distnr,magpsf,magap,sigmapsf,sigmagap,ra,dec,rb,rbversion,magapbig,sigmagapbig,has_stamp,corrected,dubious,step_id_corr,phase,parent_candid,drb,rfid,oid
ztf,60319.42475689994,2565424751215015002,2,2565424751215,19.4861,1,2565,5.4245,17.2055,17.1952,0.043191,0.0319,86.1266148,16.6154907,0.731429,t17_f5_c3,17.1482,0.0386,False,False,False,23.12.x,0.0,2.565426631215015e+18,,,ZTF24aablsdb
ztf,60319.425219899975,2565425211215015003,2,2565425211215,19.512817,1,2565,5.4369636,17.29337,17.2259,0.04094444,0.0332,86.1265383,16.6154658,0.6457143,t17_f5_c3,17.1703,0.0398,True,False,False,23.12.x,0.0,,0.9997883,562120212.0,ZTF24aablsdb
ztf,60319.42569439998,2565425691215015002,2,2565425691215,19.4926,1,2565,5.14255,17.2294,17.1909,0.041833,0.0325,86.126423,16.6154204,0.66,t17_f5_c3,17.1487,0.0394,False,False,False,23.12.x,0.0,2.565427101215015e+18,,,ZTF24aablsdb
ztf,60319.4261690001,2565426161215015007,2,2565426161215,19.594671,1,2565,4.8432536,17.24264,17.2051,0.03853371,0.033,86.1263139,16.6154011,0.69714284,t17_f5_c3,17.2106,0.0418,True,False,False,23.12.x,0.0,,0.99997854,562120212.0,ZTF24aablsdb
ztf,60319.426631900016,2565426631215015005,2,2565426631215,19.493477,1,2565,4.5828424,17.296713,17.3038,0.04023011,0.0357,86.1262047,16.6153718,0.66,t17_f5_c3,17.2332,0.0421,True,False,False,23.12.x,0.0,,0.99937665,562120212.0,ZTF24aablsdb
ztf,60319.42710650014,2565427101215015009,2,2565427101215,19.510933,1,2565,4.376961,17.280872,17.2182,0.051858317,0.0334,86.1261232,16.6153586,0.6342857,t17_f5_c3,17.1697,0.0402,True,False,False,23.12.x,0.0,,0.99958205,562120212.0,ZTF24aablsdb
