tid,mjd,candid,fid,pid,diffmaglim,isdiffpos,nid,distnr,magpsf,magap,sigmapsf,sigmagap,ra,dec,rb,rbversion,magapbig,sigmagapbig,has_stamp,corrected,dubious,step_id_corr,phase,parent_candid,drb,rfid,oid
ztf,60317.4042014,2563404202515015009,2,2563404202515,20.1625,1,2563,12.4446,19.4259,19.383,0.153345,0.1621,94.1247099,18.5897953,0.718571,t17_f5_c3,19.6036,0.2543,False,False,True,23.12.x,0.0,2.563405612515015e+18,,,ZTF24aabakxr
ztf,60317.404675900005,2563404672515015006,2,2563404672515,20.0141,1,2563,12.2264,19.3527,19.4799,0.126074,0.1907,94.1246491,18.5897482,0.77,t17_f5_c3,19.3993,0.227,False,False,True,23.12.x,0.0,2.563406082515015e+18,,,ZTF24aabakxr
ztf,60317.405150500126,2563405152515015010,2,2563405152515,20.0454,1,2563,12.2223,19.4136,19.8159,0.137452,0.257,94.1245236,18.5897908,0.674286,t17_f5_c3,19.8274,0.3333,False,False,True,23.12.x,0.0,2.563406082515015e+18,,,ZTF24aabakxr
ztf,60317.40561340004,2563405612515015011,2,2563405612515,20.058,1,2563,12.4205,19.3458,19.4395,0.124743,0.1818,94.124359,18.5898974,0.798571,t17_f5_c3,19.518,0.2503,False,False,True,23.12.x,0.0,2.563406082515015e+18,,,ZTF24aabakxr
ztf,60317.40608800016,2563406082515015011,2,2563406082515,20.186827,1,2563,12.234287,19.403584,19.3681,0.13335505,0.1587,94.1242371,18.5898742,0.7842857,t17_f5_c3,19.2509,0.1824,True,False,True,23.12.x,0.0,,0.9993073,563120225.0,ZTF24aabakxr
ztf,60317.40655090008,2563406552515015010,2,2563406552515,20.215534,1,2563,12.099755,19.263866,19.2294,0.13237563,0.137,94.124097,18.5898641,0.8385714,t17_f5_c3,19.3579,0.1971,True,False,True,23.12.x,0.0,,0.998211,563120225.0,ZTF24aabakxr
ztf,60317.4070255002,2563407022515015007,2,2563407022515,20.138922,1,2563,12.146988,19.32677,19.103,0.11795044,0.1287,94.1239964,18.5898957,0.7,t17_f5_c3,19.0406,0.1557,True,False,True,23.12.x,0.0,,0.9999486,563120225.0,ZTF24aabakxr
