tid,mjd,candid,fid,pid,diffmaglim,isdiffpos,nid,distnr,magpsf,magap,sigmapsf,sigmagap,ra,dec,rb,rbversion,drb,magapbig,sigmagapbig,rfid,has_stamp,corrected,dubious,step_id_corr,phase,parent_candid,magpsf_corr,sigmapsf_corr,sigmapsf_corr_ext,oid
ztf,58905.5242130002,1151524213315010019,1,1151524213315,19.457315,-1,1151,2.0789652,16.813267,17.4483,0.08355989,0.0393,263.2377691,5.7489945,0.36285713,t17_f5_c3,0.6855506,17.4475,0.0451,484120133.0,True,False,True,bulk_1.0.0,0.0,0.0,,,,ZTF20aareqqc
ztf,60675.57804400008,2921578043315015103,2,2921578043315,17.3357,1,2921,0.473323,15.3478,15.3138,0.030459,0.0399,263.2374716,5.7493758,0.571429,t17_f5_c3,,15.3247,0.0513,,False,True,False,26.0.1,0.0,2.935565943315015e+18,13.466719,100.0,0.0053862045,ZTF20aareqqc
ztf,60676.57640049979,2922576403315025029,2,2922576403315,18.745,1,2922,0.744931,16.0421,16.0057,0.075746,0.0294,263.2375509,5.7494366,0.712857,t17_f5_c3,,15.9846,0.0353,,False,True,False,26.0.1,0.0,2.935565943315015e+18,13.561437,100.0,0.007710705,ZTF20aareqqc
ztf,60677.574560199864,2923574563315020013,2,2923574563315,18.9482,-1,2923,0.467092,15.5875,15.6877,0.044878,0.0202,263.237381,5.7492836,0.787143,t17_f5_c3,,15.6696,0.0243,,False,True,False,26.0.1,0.0,2.935565943315015e+18,13.883274,100.0,0.00933992,ZTF20aareqqc
ztf,60677.5754976999,2923575493315020015,2,2923575493315,18.9002,-1,2923,0.101905,15.5995,15.4968,0.031108,0.0178,263.2373177,5.7493936,0.881429,t17_f5_c3,,15.4816,0.0217,,False,True,False,26.0.1,0.0,2.935565943315015e+18,13.880793,100.0,0.00638836,ZTF20aareqqc
ztf,60684.56533560017,2930565333315015016,2,2930565333315,19.2024,1,2930,0.500152,15.774,15.9388,0.062373,0.0177,263.2374033,5.7492824,0.752857,t17_f5_c3,,15.9246,0.0199,,False,True,False,26.0.1,0.0,2.935565943315015e+18,13.530913,100.0,0.007902452,ZTF20aareqqc
ztf,60689.5630092998,2935563003315015003,2,2935563003315,18.351,1,2935,0.74221,15.5304,15.6161,0.029801,0.0174,263.2372354,5.7492293,0.727143,t17_f5_c3,,15.5434,0.0197,,False,True,False,26.0.1,0.0,2.935565943315015e+18,13.496854,100.0,0.004579437,ZTF20aareqqc
ztf,60689.56594910007,2935565943315015011,2,2935565943315,18.19163,1,2935,1.2618243,15.32111,15.5559,0.04033195,0.0164,263.2376441,5.7492202,0.54142857,t17_f5_c3,0.9238041,15.4356,0.0178,484120233.0,True,True,False,26.0.1,0.0,,13.461949,100.0,0.0072775492,ZTF20aareqqc
