tid,mjd,candid,fid,pid,diffmaglim,isdiffpos,nid,distnr,magpsf,magap,sigmapsf,sigmagap,ra,dec,rb,rbversion,drb,magapbig,sigmagapbig,rfid,has_stamp,corrected,dubious,step_id_corr,phase,parent_candid,oid
ztf,60290.54686339991,2536546864415015017,2,2536546864415,19.929228,1,2536,3.1723306,19.856749,20.0923,0.21152851,0.4845,207.1578789,-8.7608686,0.7557143,t17_f5_c3,0.9989027,19.6265,0.3972,374120244.0,True,False,False,23.12.x,0.0,,ZTF23abtniee
ztf,60290.549305600114,2536549304415015015,2,2536549304415,19.9649,1,2536,2.88116,19.7345,20.475,0.228355,0.6736,207.157794,-8.7609247,0.68,t17_f5_c3,,19.6926,0.4142,,False,False,False,23.12.x,0.0,2.538559454415015e+18,ZTF23abtniee
ztf,60290.554166700225,2536554164415015016,2,2536554164415,19.9534,1,2536,3.22113,19.9395,20.2299,0.247118,0.544,207.1578934,-8.7608803,0.765714,t17_f5_c3,,19.5873,0.3786,,False,False,False,23.12.x,0.0,2.538559454415015e+18,ZTF23abtniee
ztf,60292.551990699954,2538551994415015020,2,2538551994415,19.8805,1,2538,2.9683,19.8752,20.2135,0.237792,0.574,207.1578495,-8.7608046,0.748571,t17_f5_c3,,19.4518,0.3592,,False,False,False,23.12.x,0.0,2.538559454415015e+18,ZTF23abtniee
ztf,60292.55446759984,2538554464415015022,2,2538554464415,20.0191,1,2538,3.1074,19.9562,20.4645,0.24861,0.6924,207.157884,-8.761036,0.748571,t17_f5_c3,,20.0085,0.5733,,False,False,False,23.12.x,0.0,2.538559454415015e+18,ZTF23abtniee
ztf,60292.559456000105,2538559454415015020,2,2538559454415,20.06383,1,2538,3.2629647,19.885328,20.3335,0.21269964,0.6034,207.1578997,-8.7608989,0.7614286,t17_f5_c3,0.9998639,19.8232,0.4745,374120244.0,True,False,False,23.12.x,0.0,,ZTF23abtniee
