tid,mjd,candid,fid,pid,diffmaglim,isdiffpos,nid,distnr,magpsf,magap,sigmapsf,sigmagap,ra,dec,rb,rbversion,magapbig,sigmagapbig,has_stamp,corrected,dubious,step_id_corr,phase,parent_candid,drb,rfid,oid
ztf,60319.31074069999,2565310744815015030,2,2565310744815,20.0332,1,2565,10.4766,18.8974,18.9298,0.096091,0.1307,91.5934908,21.8837972,0.922857,t17_f5_c3,18.9309,0.1675,False,False,True,23.12.x,0.0,2.565312154815015e+18,,,ZTF24aabjysa
ztf,60319.31121530011,2565311214815015042,2,2565311214815,20.0845,1,2565,10.1851,18.8747,18.9128,0.100231,0.1213,91.5933987,21.8838512,0.915714,t17_f5_c3,18.988,0.1661,False,False,True,23.12.x,0.0,2.565312154815015e+18,,,ZTF24aabjysa
ztf,60319.31167820003,2565311674815015042,2,2565311674815,20.030363,1,2565,10.096461,18.970366,18.9417,0.11638359,0.13,91.5932238,21.8838243,0.9057143,t17_f5_c3,19.0168,0.1781,True,False,True,23.12.x,0.0,,0.999996,562120248.0,ZTF24aabjysa
ztf,60319.31215280015,2565312154815015041,2,2565312154815,20.021126,1,2565,9.806731,18.929073,18.9733,0.11626935,0.1321,91.5931118,21.8838282,0.8542857,t17_f5_c3,18.9115,0.1598,True,False,True,23.12.x,0.0,,0.9999989,562120248.0,ZTF24aabjysa
ztf,60319.312615700066,2565312614815015037,2,2565312614815,20.111307,1,2565,9.552722,18.862377,18.8147,0.092202716,0.1139,91.593038,21.8838483,0.93714285,t17_f5_c3,18.7886,0.1423,True,False,True,23.12.x,0.0,,0.9999992,562120248.0,ZTF24aabjysa
ztf,60319.31309030019,2565313094815015038,2,2565313094815,20.197292,1,2565,9.031993,18.895975,18.7979,0.080141544,0.1041,91.5928793,21.8838765,0.9185714,t17_f5_c3,18.6574,0.117,True,False,True,23.12.x,0.0,,0.99999845,562120248.0,ZTF24aabjysa
ztf,60319.31356480019,2565313564815015028,2,2565313564815,20.10825,1,2565,8.659465,18.898102,18.7289,0.096304014,0.1032,91.5927668,21.8838953,0.7771429,t17_f5_c3,18.798,0.1406,True,False,True,23.12.x,0.0,,0.99999934,562120248.0,ZTF24aabjysa
