tid,mjd,candid,fid,pid,diffmaglim,isdiffpos,nid,distnr,magpsf,magap,sigmapsf,sigmagap,ra,dec,rb,rbversion,magapbig,sigmagapbig,has_stamp,corrected,dubious,step_id_corr,phase,parent_candid,drb,rfid,oid
ztf,60319.20142359985,2565201422715015035,2,2565201422715,20.2483,1,2565,10.0388,19.9651,20.0992,0.189701,0.3061,88.0148308,17.4747657,0.504286,t17_f5_c3,20.3524,0.4954,False,False,True,23.12.x,0.0,2.565202832715015e+18,,,ZTF24aabhtdz
ztf,60319.201898099855,2565201892715015041,2,2565201892715,20.1894,1,2565,10.4295,20.0416,20.0536,0.148346,0.2902,88.0146488,17.4746841,0.575714,t17_f5_c3,19.7187,0.2738,False,False,True,23.12.x,0.0,2.565203292715015e+18,,,ZTF24aabhtdz
ztf,60319.20236109989,2565202362715015060,2,2565202362715,20.1932,1,2565,10.4753,20.1646,20.0633,0.178336,0.2968,88.0145415,17.4746938,0.517143,t17_f5_c3,20.3808,0.5103,False,False,True,23.12.x,0.0,2.565204242715015e+18,,,ZTF24aabhtdz
ztf,60319.20283559989,2565202832715015039,2,2565202832715,20.178514,1,2565,10.419165,19.883465,20.1105,0.16724616,0.3082,88.0144449,17.4747312,0.57714283,t17_f5_c3,20.3396,0.4878,True,False,True,23.12.x,0.0,,0.99905443,562120227.0,ZTF24aabhtdz
ztf,60319.203298599925,2565203292715015043,2,2565203292715,20.235693,1,2565,10.252436,20.098175,19.9248,0.16232994,0.2649,88.0143914,17.4747949,0.5228571,t17_f5_c3,19.7261,0.2831,True,False,True,23.12.x,0.0,,0.9999355,562120227.0,ZTF24aabhtdz
ztf,60319.20424770005,2565204242715015048,2,2565204242715,20.282892,1,2565,10.612704,19.983984,20.2842,0.19261293,0.3571,88.0141559,17.4747623,0.5557143,t17_f5_c3,20.0435,0.3677,True,False,True,23.12.x,0.0,,0.9987818,562120227.0,ZTF24aabhtdz
ztf,60319.204722200055,2565204722715015039,2,2565204722715,20.281624,1,2565,10.821231,20.158995,20.094,0.15451762,0.3,88.013882,17.474808,0.56142855,t17_f5_c3,19.9938,0.351,True,False,True,23.12.x,0.0,,0.9999351,562120227.0,ZTF24aabhtdz
ztf,60319.20518520009,2565205182715015063,2,2565205182715,20.317434,1,2565,10.59596,19.899853,19.8171,0.14349566,0.2282,88.0139142,17.4748645,0.5557143,t17_f5_c3,19.8464,0.3007,True,False,True,23.12.x,0.0,,0.9999543,562120227.0,ZTF24aabhtdz
ztf,60319.20565970009,2565205652715015036,2,2565205652715,20.23748,1,2565,10.8376875,19.927565,19.8054,0.14753693,0.2294,88.0137839,17.4748505,0.5742857,t17_f5_c3,19.782,0.2879,True,False,True,23.12.x,0.0,,0.9996912,562120227.0,ZTF24aabhtdz
