tid,mjd,candid,fid,pid,diffmaglim,isdiffpos,nid,distnr,magpsf,magap,sigmapsf,sigmagap,ra,dec,rb,rbversion,magapbig,sigmagapbig,has_stamp,corrected,dubious,step_id_corr,phase,parent_candid,drb,rfid,oid
ztf,60317.46637730021,2563466375815015011,2,2563466375815,19.4703,1,2563,13.2616,17.7946,17.7496,0.069652,0.0526,93.6703434,21.453524,0.651429,t17_f5_c3,17.7743,0.0685,False,False,True,23.12.x,0.0,2.563467785815015e+18,,,ZTF24aabbsdx
ztf,60317.46684029978,2563466845815015013,2,2563466845815,19.4634,1,2563,13.0476,17.857,17.7414,0.086233,0.0535,93.6702809,21.4535567,0.552857,t17_f5_c3,17.6452,0.0624,False,False,True,23.12.x,0.0,2.563468725815015e+18,,,ZTF24aabbsdx
ztf,60317.46731479978,2563467315815015019,2,2563467315815,19.3939,1,2563,12.6392,17.7822,17.8574,0.072762,0.0585,93.670157,21.4535506,0.592857,t17_f5_c3,17.8183,0.0719,False,False,True,23.12.x,0.0,2.563468725815015e+18,,,ZTF24aabbsdx
ztf,60317.4677893999,2563467785815015008,2,2563467785815,19.3773,1,2563,12.3174,17.8344,17.8059,0.076371,0.0564,93.6700492,21.4535448,0.522857,t17_f5_c3,17.6994,0.0652,False,False,True,23.12.x,0.0,2.563468725815015e+18,,,ZTF24aabbsdx
ztf,60317.46826389991,2563468265815015011,2,2563468265815,19.3767,1,2563,12.1012,17.7798,17.8216,0.071251,0.0568,93.6699966,21.4536037,0.631429,t17_f5_c3,17.807,0.0714,False,False,True,23.12.x,0.0,2.563469675815015e+18,,,ZTF24aabbsdx
ztf,60317.46872689994,2563468725815015021,2,2563468725815,19.46205,1,2563,11.713727,17.88094,17.8814,0.08390944,0.0608,93.669877,21.4535522,0.6185714,t17_f5_c3,17.777,0.0704,True,False,True,23.12.x,0.0,,0.9999602,563120258.0,ZTF24aabbsdx
ztf,60317.469201399945,2563469205815015012,2,2563469205815,19.447563,1,2563,11.40028,17.822119,17.7201,0.07046515,0.0536,93.6697831,21.4535734,0.6028572,t17_f5_c3,17.6813,0.0659,True,False,True,23.12.x,0.0,,0.9999502,563120258.0,ZTF24aabbsdx
ztf,60317.46967589995,2563469675815015017,2,2563469675815,19.417994,1,2563,10.99177,17.8225,17.782,0.0918308,0.056,93.6696579,21.4535652,0.6185714,t17_f5_c3,17.739,0.0686,True,False,True,23.12.x,0.0,,0.99998206,563120258.0,ZTF24aabbsdx
