tid,mjd,candid,fid,pid,diffmaglim,isdiffpos,nid,distnr,magpsf,magap,sigmapsf,sigmagap,ra,dec,rb,rbversion,magapbig,sigmagapbig,has_stamp,corrected,dubious,step_id_corr,phase,parent_candid,drb,rfid,oid
ztf,60319.39035880007,2565390350615015021,2,2565390350615,20.1634,1,2565,2.61882,19.35,19.3219,0.112779,0.1653,88.9898225,15.5531825,0.917143,t17_f5_c3,19.3467,0.2165,False,False,False,23.12.x,0.0,2.565392250615015e+18,,,ZTF24aablgqn
ztf,60319.39083330007,2565390830615015022,2,2565390830615,20.1659,1,2565,2.6025,19.3627,19.5079,0.148398,0.1963,88.9896649,15.5531367,0.888571,t17_f5_c3,19.4608,0.2408,False,False,False,23.12.x,0.0,2.565392250615015e+18,,,ZTF24aablgqn
ztf,60319.391307900194,2565391300615015016,2,2565391300615,20.0641,1,2565,2.66476,19.3338,19.4796,0.136581,0.2012,88.9895884,15.5531248,0.905714,t17_f5_c3,19.3411,0.2272,False,False,False,23.12.x,0.0,2.565392250615015e+18,,,ZTF24aablgqn
ztf,60319.3917824002,2565391780615015033,2,2565391780615,19.940771,1,2565,3.0945313,19.45352,19.5891,0.16173701,0.2427,88.9894298,15.5531743,0.77428573,t17_f5_c3,19.4185,0.2661,True,False,False,23.12.x,0.0,,0.99996024,562120206.0,ZTF24aablgqn
ztf,60319.3922569002,2565392250615015057,2,2565392250615,19.84011,1,2565,3.068909,19.292019,19.4895,0.153561,0.2156,88.9894046,15.5531496,0.7114286,t17_f5_c3,19.3533,0.2441,True,False,False,23.12.x,0.0,,0.9998586,562120206.0,ZTF24aablgqn
ztf,60319.39271989977,2565392710615015028,2,2565392710615,19.743683,1,2565,3.7034397,19.31248,19.4441,0.16684677,0.2185,88.9892502,15.5532611,0.67714286,t17_f5_c3,19.3691,0.2617,True,False,False,23.12.x,0.0,,0.99994063,562120206.0,ZTF24aablgqn
ztf,60319.393194399774,2565393190615015043,2,2565393190615,19.85822,1,2565,3.573467,19.505526,19.4808,0.18400905,0.212,88.9891771,15.5531466,0.63857144,t17_f5_c3,19.5019,0.2774,True,False,False,23.12.x,0.0,,0.9996546,562120206.0,ZTF24aablgqn
ztf,60319.393668999895,2565393660615015036,2,2565393660615,19.9316,1,2565,3.8424757,19.33771,19.272,0.12578869,0.1774,88.9890875,15.5531649,0.8257143,t17_f5_c3,19.2705,0.227,True,False,False,23.12.x,0.0,,0.9999995,562120206.0,ZTF24aablgqn
ztf,60319.39413189981,2565394130615015021,2,2565394130615,20.04224,1,2565,4.299468,19.396929,19.3328,0.11985577,0.1797,88.9889428,15.5531982,0.8842857,t17_f5_c3,19.6729,0.3147,True,False,False,23.12.x,0.0,,0.9999995,562120206.0,ZTF24aablgqn
