tid,mjd,candid,fid,pid,diffmaglim,isdiffpos,nid,distnr,magpsf,magpsf_corr,magap,sigmapsf,sigmapsf_corr,sigmapsf_corr_ext,sigmagap,ra,dec,rb,rbversion,magapbig,sigmagapbig,has_stamp,corrected,dubious,step_id_corr,phase,parent_candid,drb,rfid,oid
ztf,61008.47009260021,3254470094715010001,2,3254470094715,20.4138,-1,3254,0.386141,20.6415,20.898867,20.1337,0.250061,0.3015813,0.31695104,0.2635,120.7409582,41.4686753,0.614286,t17_f5_c3,19.9076,0.2743,False,True,False,27.5.7a32.dev1,0.0,3.27743644471501e+18,,,ZTF25ackrzlt
ztf,61020.444513900205,3266444514715010000,2,3266444514715,20.4345,-1,3266,0.191025,20.7809,20.744556,20.3229,0.289822,0.26721343,0.2802812,0.3549,120.7407451,41.4686747,0.638571,t17_f5_c3,19.7418,0.2669,False,True,False,27.5.7a32.dev1,0.0,3.27743644471501e+18,,,ZTF25ackrzlt
ztf,61022.373981500044,3268373984715010000,2,3268373984715,20.6385,-1,3268,0.227684,20.7118,20.815842,20.3875,0.247673,0.2571808,0.27258113,0.3207,120.7408308,41.4686216,0.734286,t17_f5_c3,19.9193,0.2676,False,True,False,27.5.7a32.dev1,0.0,3.27743644471501e+18,,,ZTF25ackrzlt
ztf,61024.386678200215,3270386674715010000,2,3270386674715,20.687,-1,3270,0.367138,20.6992,20.82988,20.3951,0.233934,0.24748203,0.26385525,0.3066,120.740904,41.4686137,0.724286,t17_f5_c3,19.8955,0.2482,False,True,False,27.5.7a32.dev1,0.0,3.27743644471501e+18,,,ZTF25ackrzlt
ztf,61026.470821800176,3272470824715010000,2,3272470824715,20.4872,-1,3272,0.124708,20.7183,20.808733,21.251,0.268366,0.27752942,0.29167607,0.7812,120.7408122,41.4686546,0.774286,t17_f5_c3,20.2585,0.4024,False,True,False,27.5.7a32.dev1,0.0,3.27743644471501e+18,,,ZTF25ackrzlt
ztf,61029.41195600014,3275411954715010000,2,3275411954715,20.6695,-1,3275,0.332079,21.0375,20.543388,21.2462,0.349324,0.21016802,0.22160706,0.651,120.740694,41.4687143,0.801429,t17_f5_c3,20.4432,0.3989,False,True,False,27.5.7a32.dev1,0.0,3.27743644471501e+18,,,ZTF25ackrzlt
ztf,61031.4364467999,3277436444715010000,2,3277436444715,20.684914,-1,3277,0.17446563,20.43132,21.241638,20.5273,0.19341987,0.38544035,0.4079697,0.3493,120.740796,41.4686344,0.7385714,t17_f5_c3,20.1163,0.3072,True,True,False,27.5.7a32.dev1,0.0,,0.5435449,708120247.0,ZTF25ackrzlt
