tid,mjd,candid,fid,pid,diffmaglim,isdiffpos,nid,distnr,magpsf,magap,sigmapsf,sigmagap,ra,dec,rb,rbversion,magapbig,sigmagapbig,has_stamp,corrected,dubious,step_id_corr,phase,parent_candid,drb,rfid,oid
ztf,60319.296134300064,2565296130215015002,2,2565296130215,20.1775,1,2565,13.1233,19.5551,19.7764,0.131122,0.2365,90.4098907,15.8769054,0.832857,t17_f5_c3,19.7676,0.3006,False,False,True,23.12.x,0.0,2.565297550215015e+18,,,ZTF24aabjnnx
ztf,60319.29660880007,2565296600215015005,2,2565296600215,20.2132,1,2565,12.8619,19.5278,19.4333,0.115323,0.1709,90.4097943,15.8769657,0.848571,t17_f5_c3,19.4205,0.2163,False,False,True,23.12.x,0.0,2.565297550215015e+18,,,ZTF24aabjnnx
ztf,60319.29708330007,2565297080215015010,2,2565297080215,20.2371,1,2565,12.7411,19.5492,19.735,0.126622,0.2222,90.4096997,15.8769896,0.85,t17_f5_c3,19.7574,0.2904,False,False,True,23.12.x,0.0,2.565297550215015e+18,,,ZTF24aabjnnx
ztf,60319.297557900194,2565297550215015005,2,2565297550215,20.217422,1,2565,12.316661,19.570997,19.8234,0.17360291,0.245,90.4095434,15.8770931,0.7128571,t17_f5_c3,19.6455,0.2668,True,False,True,23.12.x,0.0,,0.9999995,562120202.0,ZTF24aabjnnx
ztf,60319.29802080011,2565298020215015005,2,2565298020215,20.228615,1,2565,12.437556,19.539925,19.5718,0.12497186,0.1966,90.4094849,15.8770513,0.8642857,t17_f5_c3,19.6614,0.2733,True,False,True,23.12.x,0.0,,0.9999993,562120202.0,ZTF24aabjnnx
ztf,60319.29849540023,2565298490215015005,2,2565298490215,20.273619,1,2565,12.349691,19.567827,19.4183,0.12439621,0.1652,90.4093668,15.8770741,0.81714284,t17_f5_c3,19.4239,0.2125,True,False,True,23.12.x,0.0,,0.9999988,562120202.0,ZTF24aabjnnx
ztf,60319.29896989977,2565298960215015006,2,2565298960215,20.231348,1,2565,12.114968,19.585367,19.6366,0.1415529,0.2052,90.4093393,15.8771402,0.85714287,t17_f5_c3,19.708,0.2805,True,False,True,23.12.x,0.0,,1.0,562120202.0,ZTF24aabjnnx
ztf,60319.2994328998,2565299430215015004,2,2565299430215,20.230097,1,2565,11.961677,19.65708,19.6926,0.17586066,0.2175,90.4092234,15.8771785,0.83428574,t17_f5_c3,19.7294,0.2882,True,False,True,23.12.x,0.0,,1.0,562120202.0,ZTF24aabjnnx
