tid,mjd,candid,fid,pid,diffmaglim,isdiffpos,nid,distnr,magpsf,magpsf_corr,magap,sigmapsf,sigmapsf_corr,sigmapsf_corr_ext,sigmagap,ra,dec,rb,rbversion,drb,magapbig,sigmagapbig,rfid,has_stamp,corrected,dubious,step_id_corr,phase,oid
ztf,59304.178391200025,1550178390215015003,2,1550178390215,20.072636,1,1550,0.7054758,20.024872,17.909132,19.7833,0.18691382,100.0,0.026628416,0.2789,141.60047,73.2279822,0.87857145,t17_f5_c3,0.9995971,20.1849,0.5082,859120202.0,True,True,False,correction_0.0.1,0.0,ZTF21aareaar
ztf,59306.216539400164,1552216530215015001,2,1552216530215,20.254404,1,1552,0.38707167,20.290092,17.943184,20.3331,0.17883001,100.0,0.020590967,0.4374,141.6006378,73.2279057,0.8642857,t17_f5_c3,0.99966586,20.1222,0.4536,859120202.0,True,True,False,correction_0.0.1,0.0,ZTF21aareaar
ztf,59308.22218749998,1554222180215015005,2,1554222180215,20.297283,1,1554,0.504402,20.046846,17.912235,19.7484,0.17970833,100.0,0.025160758,0.2454,141.6007649,73.227956,0.9142857,t17_f5_c3,0.9999001,19.6786,0.2893,859120202.0,True,True,False,correction_0.0.1,0.0,ZTF21aareaar
ztf,59310.30335649988,1556303350215015005,2,1556303350215,20.11827,1,1556,0.89634776,19.900295,17.890488,19.9123,0.18957676,100.0,0.029775681,0.3027,141.6009274,73.228066,0.91571426,t17_f5_c3,0.99981385,19.6486,0.2994,859120202.0,True,True,False,correction_0.0.1,0.0,ZTF21aareaar
ztf,59312.221226899885,1558221220215015005,1,1558221220215,20.23701,1,1558,0.29247007,19.962885,18.804924,19.7063,0.18009937,0.047902144,0.06199084,0.1886,141.6007621,73.2278794,0.79285717,t17_f5_c3,0.99979126,19.761,0.2515,859120102.0,True,True,False,correction_0.0.1,0.0,ZTF21aareaar
ztf,59312.28480320005,1558284800215015002,2,1558284800215,20.1905,1,1558,0.449508,20.2672,17.940523,19.6372,0.212719,100.0,0.024953714,0.2343,141.6008417,73.2279415,0.68,t17_f5_c3,,19.5741,0.2784,,False,True,False,correction_0.0.1,0.0,ZTF21aareaar
ztf,59314.23959490005,1560239590215015002,1,1560239590215,20.652876,1,1560,0.42198935,20.256186,18.897205,20.0991,0.20815109,0.04134632,0.059536904,0.2383,141.6008666,73.2279374,0.8642857,t17_f5_c3,0.9984062,20.393,0.3945,859120102.0,True,True,False,correction_0.0.1,0.0,ZTF21aareaar
ztf,60970.41038190015,3216410380215010033,2,3216410380215,18.321932,-1,3216,0.5624912,18.70871,18.963335,18.4099,0.20123538,0.21066855,0.25442192,0.2408,141.6011437,73.227947,0.58,t17_f5_c3,8.956e-05,18.3098,0.2815,859120202.0,True,True,False,27.5.7a32.dev1,0.0,ZTF21aareaar
