tid,mjd,candid,fid,pid,diffmaglim,isdiffpos,nid,distnr,magpsf,magap,sigmapsf,sigmagap,ra,dec,rb,rbversion,magapbig,sigmagapbig,has_stamp,corrected,dubious,step_id_corr,phase,parent_candid,drb,rfid,oid
ztf,60317.36368060019,2563363685815015022,2,2563363685815,19.9334,1,2563,3.35528,18.9981,19.0295,0.113886,0.1297,94.1730965,21.4761515,0.712857,t17_f5_c3,18.883,0.1451,False,False,False,23.12.x,0.0,2.563365095815015e+18,,,ZTF24aaazjcg
ztf,60317.36415510019,2563364155815015025,2,2563364155815,19.9505,1,2563,3.34487,18.9534,18.9579,0.100972,0.1196,94.1729236,21.4761466,0.698571,t17_f5_c3,18.96,0.1532,False,False,False,23.12.x,0.0,2.563365095815015e+18,,,ZTF24aaazjcg
ztf,60317.3646296002,2563364625815015012,2,2563364625815,20.0392,1,2563,3.32778,19.0684,19.0653,0.113061,0.1301,94.1728082,21.4761653,0.814286,t17_f5_c3,19.061,0.1657,False,False,False,23.12.x,0.0,2.563366045815015e+18,,,ZTF24aaazjcg
ztf,60317.36509260023,2563365095815015011,2,2563365095815,19.9286,1,2563,3.42809,18.9931,19.1137,0.111206,0.1397,94.1726566,21.4761659,0.755714,t17_f5_c3,18.9518,0.154,False,False,False,23.12.x,0.0,2.563366045815015e+18,,,ZTF24aaazjcg
ztf,60317.36556709977,2563365565815015014,2,2563365565815,19.9067,1,2563,3.55261,19.0073,19.204,0.134526,0.1518,94.1724938,21.4761869,0.771429,t17_f5_c3,19.286,0.2094,False,False,False,23.12.x,0.0,2.563366045815015e+18,,,ZTF24aaazjcg
ztf,60317.36604169989,2563366045815015013,2,2563366045815,20.00366,1,2563,3.8796704,19.046032,19.1593,0.10879876,0.1408,94.1723923,21.4761333,0.75714284,t17_f5_c3,19.0788,0.1673,True,False,False,23.12.x,0.0,,0.99998677,563120258.0,ZTF24aaazjcg
ztf,60317.366504599806,2563366505815015019,2,2563366505815,19.9859,1,2563,3.9288762,18.98692,18.8486,0.11850003,0.1071,94.1723115,21.4761642,0.69,t17_f5_c3,18.7192,0.1217,True,False,False,23.12.x,0.0,,0.9999999,563120258.0,ZTF24aaazjcg
ztf,60317.36697919993,2563366975815015015,2,2563366975815,20.02801,1,2563,4.2575665,18.997402,18.9852,0.1311981,0.1205,94.1721165,21.476187,0.80714285,t17_f5_c3,19.0081,0.1573,True,False,False,23.12.x,0.0,,0.9999996,563120258.0,ZTF24aaazjcg
ztf,60317.36745369993,2563367455815015016,2,2563367455815,19.987968,1,2563,4.469904,18.99701,19.1969,0.12497785,0.15,94.172019,21.4761852,0.8357143,t17_f5_c3,19.0722,0.1713,True,False,False,23.12.x,0.0,,0.99999994,563120258.0,ZTF24aaazjcg
