tid,mjd,candid,fid,pid,diffmaglim,isdiffpos,nid,distnr,magpsf,magpsf_corr,magap,sigmapsf,sigmapsf_corr,sigmapsf_corr_ext,sigmagap,ra,dec,rb,rbversion,drb,magapbig,sigmagapbig,rfid,has_stamp,corrected,dubious,step_id_corr,phase,oid
ztf,61080.56074069999,3326560740015010068,2,3326560740015,19.4491,-1,3326,0.21666104,17.884335,17.892832,17.8314,0.08122191,0.06466363,0.081860036,0.0886,271.4991331,-16.129242,0.80142856,t17_f5_c3,0.9941618,17.9125,0.1203,1375120200,True,True,False,27.5.7a32.dev1,0.0,ZTF26aagcilb
ztf,61081.56089119986,3327560890015010067,2,3327560890015,18.420084,-1,3327,0.07151716,17.8285,17.952168,17.8818,0.11216095,0.11396425,0.1256923,0.2064,271.4991737,-16.1291975,0.74714285,t17_f5_c3,0.9999844,18.2747,0.3781,1375120200,True,True,False,27.5.7a32.dev1,0.0,ZTF26aagcilb
ztf,61085.55681709992,3331556810015010140,2,3331556810015,19.987137,-1,3331,0.06819044,17.906818,17.870632,18.028,0.05899546,0.02893625,0.057061635,0.0725,271.4991697,-16.1292161,0.8457143,t17_f5_c3,0.9980422,18.0468,0.091,1375120200,True,True,False,27.5.7a32.dev1,0.0,ZTF26aagcilb
ztf,61093.56865740009,3339568650015010084,2,3339568650015,18.451773,-1,3339,0.37216112,18.050058,17.748028,17.9126,0.121189535,0.080561325,0.091759935,0.2046,271.499292,-16.129257,0.6471428,t17_f5_c3,0.9955486,18.0713,0.3035,1375120200,True,True,False,27.5.7a32.dev1,0.0,ZTF26aagcilb
ztf,61099.54306709999,3345543060015010061,2,3345543060015,19.77444,-1,3345,0.22011742,18.67275,17.438015,19.0638,0.12085173,0.020297742,0.038757727,0.2099,271.4991361,-16.1292504,0.69285715,t17_f5_c3,0.98507917,19.1826,0.2914,1375120200,True,True,False,27.5.7a32.dev1,0.0,ZTF26aagcilb
ztf,61100.541840299964,3346541840015010070,2,3346541840015,19.703957,-1,3346,0.22463515,18.727457,17.421038,19.1259,0.11088311,0.0071792835,0.03328876,0.2417,271.4991229,-16.1292081,0.70285714,t17_f5_c3,0.87580675,19.2307,0.3326,1375120200,True,True,False,27.5.7a32.dev1,0.0,ZTF26aagcilb
