tid,mjd,candid,fid,pid,diffmaglim,isdiffpos,nid,distnr,magpsf,magap,sigmapsf,sigmagap,ra,dec,rb,rbversion,magapbig,sigmagapbig,has_stamp,corrected,dubious,step_id_corr,phase,parent_candid,drb,rfid,oid
ztf,60319.14253470022,2565142531615015005,2,2565142531615,19.2366,1,2565,4.6756,18.0411,18.118,0.091972,0.1109,91.9827686,18.6152035,0.895714,t17_f5_c3,18.128,0.1432,False,False,False,23.12.x,0.0,2.565143951615015e+18,,,ZTF24aabgqxf
ztf,60319.14300929988,2565143001615015010,2,2565143001615,19.0633,1,2565,4.62836,18.0211,18.0058,0.095184,0.1226,91.9826942,18.6152388,0.945714,t17_f5_c3,17.8995,0.1425,False,False,False,23.12.x,0.0,2.565143951615015e+18,,,ZTF24aabgqxf
ztf,60319.14348379988,2565143481615015015,2,2565143481615,19.4696,1,2565,4.6818,18.0616,18.2105,0.068082,0.1063,91.9825362,18.6152828,0.96,t17_f5_c3,18.1361,0.127,False,False,False,23.12.x,0.0,2.565144891615015e+18,,,ZTF24aabgqxf
ztf,60319.14395829989,2565143951615015008,2,2565143951615,19.863796,1,2565,4.7953477,18.008638,17.9758,0.06699184,0.0604,91.9824495,18.6152875,0.9771429,t17_f5_c3,17.9618,0.0759,True,False,False,23.12.x,0.0,,0.9999997,562120216.0,ZTF24aabgqxf
ztf,60319.14442129992,2565144421615015007,2,2565144421615,19.825624,1,2565,4.9540772,18.044483,17.9033,0.0688366,0.0603,91.9823062,18.6153166,0.94,t17_f5_c3,17.8623,0.0738,True,False,False,23.12.x,0.0,,0.9999993,562120216.0,ZTF24aabgqxf
ztf,60319.144895799924,2565144891615015009,2,2565144891615,19.836668,1,2565,5.1009297,18.139563,18.0863,0.07233037,0.072,91.982191,18.6153474,0.9714286,t17_f5_c3,18.0837,0.0915,True,False,False,23.12.x,0.0,,0.9999996,562120216.0,ZTF24aabgqxf
