tid,mjd,candid,fid,pid,diffmaglim,isdiffpos,nid,distnr,magpsf,magap,sigmapsf,sigmagap,ra,dec,rb,rbversion,magapbig,sigmagapbig,has_stamp,corrected,dubious,step_id_corr,phase,parent_candid,drb,rfid,oid
ztf,60319.260312499944,2565260313515015021,2,2565260313515,20.2037,1,2565,5.65953,20.2049,19.8884,0.228206,0.2582,91.9328037,19.4056301,0.477143,t17_f5_c3,20.0105,0.3704,False,False,True,23.12.x,0.0,2.565262193515015e+18,,,ZTF24aabivpo
ztf,60319.26126160007,2565261263515015031,2,2565261263515,20.3573,1,2565,6.13922,20.1152,19.8493,0.204647,0.2264,91.9326547,19.4056158,0.568571,t17_f5_c3,19.988,0.3296,False,False,True,23.12.x,0.0,2.565262193515015e+18,,,ZTF24aabivpo
ztf,60319.261724499986,2565261723515015030,2,2565261723515,20.319773,1,2565,6.7549486,20.130608,20.2513,0.20981182,0.3364,91.9325106,19.4054991,0.64285713,t17_f5_c3,20.0587,0.3616,True,False,True,23.12.x,0.0,,0.9999997,562120235.0,ZTF24aabivpo
ztf,60319.26219910011,2565262193515015022,2,2565262193515,20.31965,1,2565,6.9069443,20.005827,20.045,0.17975713,0.2776,91.9324529,19.4055147,0.74714285,t17_f5_c3,20.2268,0.4208,True,False,True,23.12.x,0.0,,0.9999975,562120235.0,ZTF24aabivpo
ztf,60319.263136600144,2565263133515015035,2,2565263133515,20.3653,1,2565,8.01618,20.1719,19.7623,0.19443,0.21,91.9321943,19.4052985,0.265714,t17_f5_c3,19.9008,0.3057,False,False,True,23.12.x,0.0,2.565264083515015e+18,,,ZTF24aabivpo
ztf,60319.26361110015,2565263613515015021,2,2565263613515,20.3222,1,2565,8.037588,20.108953,20.1063,0.20772432,0.3028,91.9321209,19.4054432,0.68714285,t17_f5_c3,20.0464,0.368,True,False,True,23.12.x,0.0,,0.9999944,562120235.0,ZTF24aabivpo
ztf,60319.26408560015,2565264083515015033,2,2565264083515,20.351591,1,2565,8.668704,20.250694,20.3621,0.19813713,0.3674,91.9319209,19.4054355,0.67142856,t17_f5_c3,20.3141,0.4511,True,False,True,23.12.x,0.0,,0.999985,562120235.0,ZTF24aabivpo
