tid,mjd,candid,fid,pid,diffmaglim,isdiffpos,nid,distnr,magpsf,magap,sigmapsf,sigmagap,ra,dec,rb,rbversion,magapbig,sigmagapbig,has_stamp,corrected,dubious,step_id_corr,phase,parent_candid,drb,rfid,oid
ztf,60319.14678240009,2565146783015015006,2,2565146783015,19.9532,1,2565,5.65582,17.8156,17.822,0.051676,0.0444,85.2357851,17.6430057,0.895714,t17_f5_c3,17.8304,0.0566,False,False,False,23.12.x,0.0,2.565148653015015e+18,,,ZTF24aabgtnx
ztf,60319.14724540012,2565147243015015006,2,2565147243015,20.0531,1,2565,5.44602,17.7856,17.7916,0.046638,0.0427,85.2357179,17.6429998,0.954286,t17_f5_c3,17.7655,0.0528,False,False,False,23.12.x,0.0,2.565148653015015e+18,,,ZTF24aabgtnx
ztf,60319.147719900124,2565147713015015008,2,2565147713015,20.0129,1,2565,5.18439,17.7548,17.8617,0.050055,0.0462,85.2356286,17.6430104,0.955714,t17_f5_c3,17.9171,0.0616,False,False,False,23.12.x,0.0,2.565148653015015e+18,,,ZTF24aabgtnx
ztf,60319.14818290016,2565148183015015007,2,2565148183015,19.986998,1,2565,4.9552765,17.792452,17.8487,0.05476083,0.046,85.235544,17.6430244,0.94857144,t17_f5_c3,17.8582,0.0588,True,False,False,23.12.x,0.0,,0.9999999,562120230.0,ZTF24aabgtnx
ztf,60319.14865740016,2565148653015015009,2,2565148653015,20.080786,1,2565,4.61067,17.763657,17.8062,0.05075806,0.0431,85.2354307,17.6430106,0.9614286,t17_f5_c3,17.8291,0.0556,True,False,False,23.12.x,0.0,,0.99999976,562120230.0,ZTF24aabgtnx
ztf,60319.149131900165,2565149133015015007,2,2565149133015,19.847136,1,2565,4.389965,17.786947,17.7962,0.058897283,0.0453,85.2353517,17.6430199,0.88,t17_f5_c3,17.809,0.0581,True,False,False,23.12.x,0.0,,0.99999845,562120230.0,ZTF24aabgtnx
ztf,60319.1495949002,2565149593015015006,2,2565149593015,19.795523,1,2565,4.1881604,17.767126,17.8665,0.062279887,0.0497,85.2352709,17.6430317,0.88,t17_f5_c3,17.8336,0.0611,True,False,False,23.12.x,0.0,,0.9999998,562120230.0,ZTF24aabgtnx
ztf,60319.1500694002,2565150063015015007,2,2565150063015,19.82836,1,2565,3.9375265,17.782316,17.8372,0.05528875,0.0475,85.2351814,17.6430238,0.8542857,t17_f5_c3,17.8513,0.0609,True,False,False,23.12.x,0.0,,0.9999983,562120230.0,ZTF24aabgtnx
ztf,60319.15054399986,2565150543015015006,2,2565150543015,19.91616,1,2565,3.7689981,17.797941,17.8875,0.049158275,0.0501,85.2350956,17.6430473,0.94142854,t17_f5_c3,17.8377,0.0607,True,False,False,23.12.x,0.0,,0.99999964,562120230.0,ZTF24aabgtnx
