tid,mjd,candid,fid,pid,diffmaglim,isdiffpos,nid,distnr,magpsf,magap,sigmapsf,sigmagap,ra,dec,rb,rbversion,magapbig,sigmagapbig,has_stamp,corrected,dubious,step_id_corr,phase,parent_candid,drb,rfid,oid
ztf,60317.40655090008,2563406550215015003,2,2563406550215,20.2316,1,2563,2.76718,19.5368,19.7146,0.135326,0.2244,98.0945737,15.8391277,0.907143,t17_f5_c3,19.6626,0.2767,False,False,False,23.12.x,0.0,2.563407500215015e+18,,,ZTF24aabakkx
ztf,60317.4070255002,2563407020215015003,2,2563407020215,20.0859,1,2563,3.19194,19.6628,19.735,0.158183,0.2502,98.0944484,15.8390536,0.794286,t17_f5_c3,20.0382,0.4267,False,False,False,23.12.x,0.0,2.563407500215015e+18,,,ZTF24aabakkx
ztf,60317.407500000205,2563407500215015002,2,2563407500215,20.046797,1,2563,3.2517183,19.5115,19.7996,0.18415736,0.2687,98.0942977,15.8391315,0.69714284,t17_f5_c3,20.0636,0.4426,True,False,False,23.12.x,0.0,,0.99998915,563120202.0,ZTF24aabakkx
ztf,60317.40797450021,2563407970215015002,2,2563407970215,20.009289,1,2563,3.4632769,19.41409,19.4011,0.13467665,0.1906,98.0941835,15.839151,0.88857144,t17_f5_c3,19.3288,0.2301,True,False,False,23.12.x,0.0,,0.9999995,563120202.0,ZTF24aabakkx
ztf,60317.40843749978,2563408430215015004,2,2563408430215,20.096888,1,2563,3.5808008,19.457108,19.3319,0.12459642,0.1714,98.0941051,15.8391825,0.8857143,t17_f5_c3,19.3497,0.2247,True,False,False,23.12.x,0.0,,0.99999356,563120202.0,ZTF24aabakkx
ztf,60317.40891199978,2563408910215015003,2,2563408910215,19.984194,1,2563,4.108559,19.514496,19.5144,0.13526556,0.2152,98.0939412,15.8391425,0.66571426,t17_f5_c3,19.6374,0.3107,True,False,False,23.12.x,0.0,,0.99998033,563120202.0,ZTF24aabakkx
ztf,60317.4093865999,2563409380215015003,2,2563409380215,20.00796,1,2563,4.459599,19.449797,19.5183,0.1597688,0.2154,98.0938078,15.8391541,0.8371429,t17_f5_c3,19.4781,0.2673,True,False,False,23.12.x,0.0,,0.9999927,563120202.0,ZTF24aabakkx
ztf,60317.40984949982,2563409840215015003,2,2563409840215,20.048624,1,2563,4.4475656,19.408842,19.5666,0.12888953,0.2189,98.0937303,15.839292,0.8742857,t17_f5_c3,19.5726,0.2828,True,False,False,23.12.x,0.0,,0.9999964,563120202.0,ZTF24aabakkx
