tid,mjd,candid,fid,pid,diffmaglim,isdiffpos,nid,distnr,magpsf,magap,sigmapsf,sigmagap,ra,dec,rb,rbversion,magapbig,sigmagapbig,has_stamp,corrected,dubious,step_id_corr,phase,parent_candid,drb,rfid,oid
ztf,60317.268055600114,2563268053115015013,2,2563268053115,20.033,1,2563,12.2123,19.5644,19.5252,0.093443,0.214,93.2835405,17.8648731,0.675714,t17_f5_c3,19.5259,0.2745,False,False,True,23.12.x,0.0,2.563269463115015e+18,,,ZTF24aaaxfdx
ztf,60317.26853010012,2563268533115015016,2,2563268533115,20.048,1,2563,12.3403,19.5032,19.2957,0.096827,0.1721,93.2834678,17.8648959,0.69,t17_f5_c3,19.2152,0.2048,False,False,True,23.12.x,0.0,2.563269463115015e+18,,,ZTF24aaaxfdx
ztf,60317.26900460012,2563269003115015015,2,2563269003115,19.9956,1,2563,12.605,19.6858,19.5276,0.124499,0.2154,93.2833591,17.8649634,0.577143,t17_f5_c3,19.549,0.2816,False,False,True,23.12.x,0.0,2.563269463115015e+18,,,ZTF24aaaxfdx
ztf,60317.269467600156,2563269463115015010,2,2563269463115,19.987486,1,2563,12.71999,19.735687,19.4202,0.12797707,0.1939,93.2831818,17.8649665,0.4842857,t17_f5_c3,19.3209,0.227,True,False,True,23.12.x,0.0,,0.9999307,563120231.0,ZTF24aaaxfdx
ztf,60317.26994210016,2563269943115015015,2,2563269943115,19.982409,1,2563,12.587973,19.619734,19.636,0.10797369,0.2377,93.2831207,17.864917,0.7157143,t17_f5_c3,19.5189,0.2739,True,False,True,23.12.x,0.0,,0.99993634,563120231.0,ZTF24aaaxfdx
