tid,mjd,candid,fid,pid,diffmaglim,isdiffpos,nid,distnr,magpsf,magap,sigmapsf,sigmagap,ra,dec,rb,rbversion,magapbig,sigmagapbig,has_stamp,corrected,dubious,step_id_corr,phase,parent_candid,drb,rfid,oid
ztf,60318.474131899886,2564474132515015009,2,2564474132515,20.3309,1,2564,5.00976,19.1271,19.1773,0.12603,0.1239,125.5016346,68.7812475,0.868571,t17_f5_c3,19.0833,0.1454,False,False,False,23.12.x,0.0,2.564475082515015e+18,,,ZTF24aabeinu
ztf,60318.47460650001,2564474602515015010,2,2564474602515,20.308,1,2564,4.13115,19.1904,19.465,0.110325,0.1632,125.5015071,68.7814934,0.881429,t17_f5_c3,19.3506,0.188,False,False,False,23.12.x,0.0,2.564475552515015e+18,,,ZTF24aabeinu
ztf,60318.47508100001,2564475082515015009,2,2564475082515,20.295652,1,2564,3.6140478,19.207565,19.1781,0.12225416,0.1265,125.501426,68.781635,0.89285713,t17_f5_c3,19.1764,0.1616,True,False,False,23.12.x,0.0,,0.9998897,840120225.0,ZTF24aabeinu
ztf,60318.47555560013,2564475552515015005,2,2564475552515,20.280104,1,2564,2.7362065,19.228537,19.2488,0.13353527,0.1346,125.5014128,68.7818971,0.87285715,t17_f5_c3,19.4017,0.1979,True,False,False,23.12.x,0.0,,0.999851,840120225.0,ZTF24aabeinu
ztf,60318.47601850005,2564476012515015005,2,2564476012515,20.279322,1,2564,2.0824692,19.09701,19.0457,0.114015326,0.1129,125.501282,68.7820755,0.87857145,t17_f5_c3,18.9852,0.1364,True,False,False,23.12.x,0.0,,0.99999726,840120225.0,ZTF24aabeinu
