tid,mjd,candid,fid,pid,diffmaglim,isdiffpos,nid,distnr,magpsf,magap,sigmapsf,sigmagap,ra,dec,rb,rbversion,magapbig,sigmagapbig,has_stamp,corrected,dubious,step_id_corr,phase,parent_candid,drb,rfid,oid
ztf,60319.323935199995,2565323931415015026,2,2565323931415,20.3057,1,2565,7.29853,16.569,16.5961,0.043418,0.0147,85.0491185,15.2495374,0.904286,t17_f5_c3,16.5656,0.0174,False,False,True,23.12.x,0.0,2.565325821415015e+18,,,ZTF24aabkcot
ztf,60319.3244097,2565324401415015025,2,2565324401415,20.3571,1,2565,7.22342,16.5414,16.5736,0.052945,0.0142,85.049017,15.2495394,0.904286,t17_f5_c3,16.5592,0.0169,False,False,True,23.12.x,0.0,2.565326281415015e+18,,,ZTF24aabkcot
ztf,60319.32487270003,2565324871415015028,2,2565324871415,20.3232,1,2565,7.16809,16.5858,16.6178,0.041787,0.0148,85.0489211,15.249541,0.901429,t17_f5_c3,16.6188,0.018,False,False,True,23.12.x,0.0,2.565326281415015e+18,,,ZTF24aabkcot
ztf,60319.325347200036,2565325341415015033,2,2565325341415,20.299,1,2565,7.11923,16.5678,16.631,0.046716,0.0151,85.0488253,15.2495506,0.898571,t17_f5_c3,16.607,0.018,False,False,True,23.12.x,0.0,2.565326281415015e+18,,,ZTF24aabkcot
ztf,60319.32582180016,2565325821415015027,2,2565325821415,20.32441,1,2565,7.082663,16.557262,16.6068,0.047160394,0.0148,85.0487285,15.2495499,0.9071429,t17_f5_c3,16.5885,0.0177,True,False,True,23.12.x,0.0,,0.99999976,562120214.0,ZTF24aabkcot
ztf,60319.32628470007,2565326281415015028,2,2565326281415,20.283634,1,2565,7.0546412,16.550573,16.5937,0.049178872,0.0148,85.0486338,15.2495566,0.8957143,t17_f5_c3,16.5824,0.0179,True,False,True,23.12.x,0.0,,0.9999996,562120214.0,ZTF24aabkcot
ztf,60319.326759300195,2565326751415015032,2,2565326751415,20.268707,1,2565,7.0612826,16.529535,16.5656,0.044618025,0.0146,85.0485396,15.2495575,0.9,t17_f5_c3,16.5692,0.0178,True,False,True,23.12.x,0.0,,1.0,562120214.0,ZTF24aabkcot
ztf,60319.32722220011,2565327221415015027,2,2565327221415,20.338594,1,2565,7.101286,16.542545,16.614,0.044964585,0.0148,85.0484362,15.2495597,0.9085714,t17_f5_c3,16.6053,0.0178,True,False,True,23.12.x,0.0,,0.9999999,562120214.0,ZTF24aabkcot
ztf,60319.32769680023,2565327691415015025,2,2565327691415,20.332314,1,2565,7.110749,16.568409,16.616,0.042750455,0.0149,85.0483453,15.2495626,0.9085714,t17_f5_c3,16.5919,0.0178,True,False,True,23.12.x,0.0,,1.0,562120214.0,ZTF24aabkcot
