tid,mjd,candid,fid,pid,diffmaglim,isdiffpos,nid,distnr,magpsf,magpsf_corr,magap,sigmapsf,sigmapsf_corr,sigmapsf_corr_ext,sigmagap,ra,dec,rb,rbversion,drb,magapbig,sigmagapbig,rfid,has_stamp,corrected,dubious,step_id_corr,phase,parent_candid,oid
ztf,61060.56855319999,3306568552315015014,2,3306568552315,19.801882,1,3306,0.34745187,17.969217,16.120613,18.0346,0.07951991,100.0,0.014488858,0.0822,243.5963671,-22.3263055,0.8914286,t17_f5_c3,0.99998856,18.0085,0.1013,1320120223.0,True,True,False,27.5.7a32.dev1,0.0,,ZTF25aayvjwy
ztf,61069.562372699846,3315562372315010007,2,3315562372315,19.7506,-1,3315,0.768847,18.8389,16.453405,19.0495,0.137671,100.0,0.01529836,0.2017,243.5960623,-22.3261938,0.821429,t17_f5_c3,,18.814,0.2055,,False,True,False,27.5.7a32.dev1,0.0,3.32655390231501e+18,ZTF25aayvjwy
ztf,61070.56201389991,3316562012315010011,2,3316562012315,19.300306,-1,3316,0.7936895,18.493076,16.49963,18.4371,0.11954899,100.0,0.019061947,0.115,243.5960489,-22.3262433,0.75714284,t17_f5_c3,0.99839795,18.4343,0.1453,1320120223.0,True,True,False,27.5.7a32.dev1,0.0,,ZTF25aayvjwy
ztf,61076.5578240999,3322557822315010061,2,3322557822315,18.747322,-1,3322,0.8425411,18.386656,16.517605,18.1876,0.13884977,0.012890231,0.02482705,0.207,243.5960845,-22.3260952,0.68857145,t17_f5_c3,0.99901366,18.369,0.3131,1320120223.0,True,True,False,27.5.7a32.dev1,0.0,,ZTF25aayvjwy
ztf,61077.555358800106,3323555352315010009,2,3323555352315,19.50223,-1,3323,0.46834043,18.544731,16.491615,18.4826,0.13773167,0.0017069088,0.020786803,0.1485,243.5962508,-22.3261056,0.9085714,t17_f5_c3,0.9999732,18.5334,0.1984,1320120223.0,True,True,False,27.5.7a32.dev1,0.0,,ZTF25aayvjwy
ztf,61079.554236100055,3325554232315010019,2,3325554232315,19.19894,-1,3325,1.2154549,18.894857,16.447361,18.927,0.19391827,0.0043185526,0.020352628,0.2014,243.5960723,-22.3259603,0.55857146,t17_f5_c3,0.90874827,18.9692,0.2662,1320120223.0,True,True,False,27.5.7a32.dev1,0.0,,ZTF25aayvjwy
ztf,61080.55390049983,3326553902315010017,2,3326553902315,19.69112,-1,3326,0.3011126,18.261663,16.541555,18.5571,0.09352611,100.0,0.019181797,0.1437,243.596326,-22.3261607,0.8157143,t17_f5_c3,0.99999845,18.5561,0.1824,1320120223.0,True,True,False,27.5.7a32.dev1,0.0,,ZTF25aayvjwy
