tid,mjd,candid,fid,pid,diffmaglim,isdiffpos,nid,distnr,magpsf,magap,sigmapsf,sigmagap,ra,dec,rb,rbversion,magapbig,sigmagapbig,has_stamp,corrected,dubious,step_id_corr,phase,parent_candid,drb,rfid,oid
ztf,60319.3587962999,2565358795515015030,2,2565358795515,20.2065,1,2565,10.0726,19.6853,19.4736,0.167592,0.1847,90.2386486,21.2917947,0.572857,t17_f5_c3,19.5299,0.2498,False,False,True,23.12.x,0.0,2.565360215515015e+18,,,ZTF24aabksgu
ztf,60319.359270799905,2565359275515015018,2,2565359275515,20.2134,1,2565,9.79852,19.6969,19.5756,0.13777,0.2075,90.2385118,21.2917563,0.785714,t17_f5_c3,19.4607,0.2401,False,False,True,23.12.x,0.0,2.565360695515015e+18,,,ZTF24aabksgu
ztf,60319.35974540003,2565359745515015023,2,2565359745515,20.2725,1,2565,9.95915,19.6704,19.894,0.145125,0.2652,90.2384234,21.2918251,0.751429,t17_f5_c3,19.7686,0.304,False,False,True,23.12.x,0.0,2.565360695515015e+18,,,ZTF24aabksgu
ztf,60319.36021990003,2565360215515015035,2,2565360215515,20.18114,1,2565,10.117771,19.784857,20.0292,0.14792253,0.3066,90.2382839,21.2919037,0.7185714,t17_f5_c3,20.1126,0.4255,True,False,True,23.12.x,0.0,,0.9957626,562120255.0,ZTF24aabksgu
ztf,60319.360694400035,2565360695515015021,2,2565360695515,20.23344,1,2565,9.689297,19.628649,19.5423,0.14137687,0.192,90.2381264,21.2918088,0.71,t17_f5_c3,19.5801,0.2557,True,False,True,23.12.x,0.0,,0.9999764,562120255.0,ZTF24aabksgu
ztf,60319.36115740007,2565361155515015030,2,2565361155515,20.245096,1,2565,9.883063,19.773,19.7625,0.13955519,0.2349,90.2380733,21.2918712,0.76428574,t17_f5_c3,19.5968,0.2599,True,False,True,23.12.x,0.0,,0.9999776,562120255.0,ZTF24aabksgu
ztf,60319.36163190007,2565361635515015028,2,2565361635515,20.241146,1,2565,9.981463,19.657726,19.6214,0.13967262,0.2087,90.2379769,21.2919099,0.73,t17_f5_c3,19.6853,0.2844,True,False,True,23.12.x,0.0,,0.99998826,562120255.0,ZTF24aabksgu
ztf,60319.36210650019,2565362105515015024,2,2565362105515,20.208868,1,2565,10.089476,19.767073,20.1317,0.13744256,0.3412,90.2377781,21.2919589,0.7214286,t17_f5_c3,19.6676,0.2866,True,False,True,23.12.x,0.0,,0.9998511,562120255.0,ZTF24aabksgu
