tid,mjd,candid,fid,pid,diffmaglim,isdiffpos,nid,distnr,magpsf,magpsf_corr,magap,sigmapsf,sigmapsf_corr,sigmapsf_corr_ext,sigmagap,ra,dec,rb,rbversion,drb,magapbig,sigmagapbig,rfid,has_stamp,corrected,dubious,step_id_corr,phase,oid
ztf,61080.55974540021,3326559742215010087,2,3326559742215,19.29372,-1,3326,0.32568502,17.123434,15.116828,17.413,0.08849462,100.0,0.013940373,0.0684,264.6660289,-22.2872294,0.5857143,t17_f5_c3,0.9986506,17.3598,0.0826,1323120222,True,True,False,27.5.7a32.dev1,0.0,ZTF26aagcjhv
ztf,61081.55989579996,3327559892215010126,2,3327559892215,18.117268,-1,3327,0.5454845,16.903536,15.155921,16.9934,0.06948161,100.0,0.013893888,0.1246,264.6659654,-22.2872033,0.6614286,t17_f5_c3,0.99997115,16.9936,0.1597,1323120222,True,True,False,27.5.7a32.dev1,0.0,ZTF26aagcjhv
ztf,61085.55582180014,3331555822215010142,2,3331555822215,19.679258,-1,3331,0.1376199,17.010725,15.1357,17.186,0.08789468,100.0,0.01562977,0.0426,264.6660711,-22.2872953,0.64285713,t17_f5_c3,0.99991393,17.1844,0.0534,1323120222,True,True,False,27.5.7a32.dev1,0.0,ZTF26aagcjhv
ztf,61099.541631899774,3345541632215015131,2,3345541632215,19.74718,1,3345,0.26825106,16.767475,14.770144,16.8248,0.05987243,100.0,0.009512502,0.0297,264.6661897,-22.2873007,0.7014286,t17_f5_c3,0.9999822,16.786,0.0354,1323120222,True,True,False,27.5.7a32.dev1,0.0,ZTF26aagcjhv
ztf,61100.54039350012,3346540392215015099,2,3346540392215,19.336884,1,3346,0.56778413,16.971987,14.800172,17.0332,0.060241524,100.0,0.008150234,0.0467,264.666233,-22.2873922,0.7014286,t17_f5_c3,0.99999905,16.9892,0.0564,1323120222,True,True,False,27.5.7a32.dev1,0.0,ZTF26aagcjhv
ztf,61101.53968749987,3347539682215015172,2,3347539682215,18.462545,1,3347,0.32194328,17.007568,14.804918,16.926,0.07952858,100.0,0.010458351,0.0839,264.6661616,-22.2871999,0.57857144,t17_f5_c3,1.0,16.9953,0.1141,1323120222,True,True,False,27.5.7a32.dev1,0.0,ZTF26aagcjhv
