tid,mjd,candid,fid,pid,diffmaglim,isdiffpos,nid,distnr,magpsf,magap,sigmapsf,sigmagap,ra,dec,rb,rbversion,magapbig,sigmagapbig,has_stamp,corrected,dubious,step_id_corr,phase,parent_candid,drb,rfid,oid
ztf,60317.20114579983,2563201142615015023,2,2563201142615,20.0805,1,2563,7.96588,19.5888,19.6745,0.1447,0.2228,93.8764608,17.4783222,0.768571,t17_f5_c3,19.5544,0.2558,False,False,True,23.12.x,0.0,2.563202552615015e+18,,,ZTF24aaavdpt
ztf,60317.20162039995,2563201622615015030,2,2563201622615,20.0636,1,2563,7.79272,19.5891,19.5518,0.16217,0.1987,93.876287,17.4783304,0.724286,t17_f5_c3,19.5692,0.2589,False,False,True,23.12.x,0.0,2.563203032615015e+18,,,ZTF24aaavdpt
ztf,60317.202094899956,2563202092615015025,2,2563202092615,20.0135,1,2563,7.71177,19.5173,19.6044,0.155907,0.2101,93.8761679,17.4783364,0.561429,t17_f5_c3,19.5964,0.2674,False,False,True,23.12.x,0.0,2.563203502615015e+18,,,ZTF24aaavdpt
ztf,60317.20255789999,2563202552615015029,2,2563202552615,20.0645,1,2563,7.22476,19.6931,20.0672,0.171237,0.3192,93.8760761,17.4784597,0.675714,t17_f5_c3,20.0484,0.4025,False,False,True,23.12.x,0.0,2.563203032615015e+18,,,ZTF24aaavdpt
ztf,60317.20303239999,2563203032615015025,2,2563203032615,20.046026,1,2563,7.381391,19.594826,19.6533,0.16211618,0.2181,93.875965,17.4784073,0.7771429,t17_f5_c3,19.7032,0.2925,True,False,True,23.12.x,0.0,,0.9999346,563120226.0,ZTF24aaavdpt
ztf,60317.2035069,2563203502615015035,2,2563203502615,20.057974,1,2563,7.0973277,19.682192,19.6319,0.1517453,0.2182,93.8758791,17.4784828,0.7285714,t17_f5_c3,19.8677,0.3472,True,False,True,23.12.x,0.0,,0.9999826,563120226.0,ZTF24aaavdpt
ztf,60317.20396990003,2563203962615015035,2,2563203962615,20.141,1,2563,6.97614,19.6186,19.6276,0.171301,0.2094,93.875764,17.4785169,0.717143,t17_f5_c3,19.8303,0.323,False,False,True,23.12.x,0.0,2.563204442615015e+18,,,ZTF24aaavdpt
ztf,60317.204444400035,2563204442615015025,2,2563204442615,20.157104,1,2563,6.7305717,19.706257,19.8868,0.18509057,0.2605,93.8756717,17.4785922,0.70714283,t17_f5_c3,19.7807,0.303,True,False,True,23.12.x,0.0,,0.99996674,563120226.0,ZTF24aaavdpt
