tid,mjd,candid,fid,pid,diffmaglim,isdiffpos,nid,distnr,magpsf,magap,sigmapsf,sigmagap,ra,dec,rb,rbversion,magapbig,sigmagapbig,has_stamp,corrected,dubious,step_id_corr,phase,parent_candid,drb,rfid,oid
ztf,60317.445185199846,2563445182315015010,2,2563445182315,19.7435,1,2563,11.3318,18.2994,18.2185,0.059882,0.0764,96.9127907,17.6694137,0.865714,t17_f5_c3,18.2832,0.1036,False,False,True,23.12.x,0.0,2.563447072315015e+18,,,ZTF24aabbixs
ztf,60317.44565969985,2563445652315015006,2,2563445652315,19.7951,1,2563,11.7165,18.2724,18.2314,0.053713,0.0757,96.9126756,17.6694288,0.895714,t17_f5_c3,18.3605,0.1087,False,False,True,23.12.x,0.0,2.563447072315015e+18,,,ZTF24aabbixs
ztf,60317.44613429997,2563446132315015008,2,2563446132315,19.8444,1,2563,12.0978,18.2463,18.2909,0.079328,0.077,96.9125655,17.6694535,0.927143,t17_f5_c3,18.3924,0.1078,False,False,True,23.12.x,0.0,2.563447072315015e+18,,,ZTF24aabbixs
ztf,60317.446608799975,2563446602315015008,2,2563446602315,19.8118,1,2563,12.3647,18.2423,18.188,0.080477,0.0715,96.9124901,17.6695035,0.932857,t17_f5_c3,18.3061,0.1016,False,False,True,23.12.x,0.0,2.563447072315015e+18,,,ZTF24aabbixs
ztf,60317.44707180001,2563447072315015006,2,2563447072315,19.743137,1,2563,12.637117,18.285637,18.2846,0.075089835,0.0795,96.9124077,17.6694822,0.80142856,t17_f5_c3,18.3987,0.1128,True,False,True,23.12.x,0.0,,1.0,563120223.0,ZTF24aabbixs
ztf,60317.44754630001,2563447542315015009,2,2563447542315,19.7471,1,2563,13.155393,18.389517,18.1924,0.07290856,0.0728,96.9122546,17.6694878,0.6857143,t17_f5_c3,18.1891,0.0927,True,False,True,23.12.x,0.0,,0.9999999,563120223.0,ZTF24aabbixs
ztf,60317.448009300046,2563448002315015013,2,2563448002315,19.6967,1,2563,13.4064,18.282,18.1875,0.079409,0.0718,96.9121825,17.6694949,0.714286,t17_f5_c3,18.1757,0.0907,False,False,True,23.12.x,0.0,2.563448482315015e+18,,,ZTF24aabbixs
ztf,60317.44848380005,2563448482315015016,2,2563448482315,19.672384,1,2563,13.8493395,18.25548,18.2075,0.07580053,0.0746,96.9120537,17.669552,0.79285717,t17_f5_c3,18.2823,0.1021,True,False,True,23.12.x,0.0,,0.9999992,563120223.0,ZTF24aabbixs
ztf,60317.448958300054,2563448952315015012,2,2563448952315,19.56777,1,2563,14.00227,18.267473,18.2148,0.083953045,0.0758,96.9120111,17.6695802,0.6471428,t17_f5_c3,18.1903,0.0947,True,False,True,23.12.x,0.0,,0.9999895,563120223.0,ZTF24aabbixs
