tid,mjd,candid,fid,pid,diffmaglim,isdiffpos,nid,distnr,magpsf,magap,sigmapsf,sigmagap,ra,dec,rb,rbversion,magapbig,sigmagapbig,has_stamp,corrected,dubious,step_id_corr,phase,parent_candid,drb,rfid,oid
ztf,60317.4334028,2563433403115015035,2,2563433403115,19.7184,1,2563,14.0801,17.7284,17.7836,0.038116,0.0523,92.6989167,17.5468356,0.868571,t17_f5_c3,17.8275,0.0692,False,False,True,23.12.x,0.0,2.563434813115015e+18,,,ZTF24aabbdtr
ztf,60317.433877300005,2563433873115015026,2,2563433873115,19.7211,1,2563,13.959,17.7077,17.7512,0.029947,0.0505,92.6987794,17.5468364,0.864286,t17_f5_c3,17.731,0.0631,False,False,True,23.12.x,0.0,2.563435283115015e+18,,,ZTF24aabbdtr
ztf,60317.43435190013,2563434353115015032,2,2563434353115,19.7143,1,2563,13.7926,17.7501,17.7497,0.02816,0.0507,92.6986677,17.5468607,0.835714,t17_f5_c3,17.7192,0.0627,False,False,True,23.12.x,0.0,2.563434813115015e+18,,,ZTF24aabbdtr
ztf,60317.43481480004,2563434813115015038,2,2563434813115,19.7223,1,2563,13.6496,17.7057,17.7415,0.04054,0.0502,92.6985284,17.5468769,0.875714,t17_f5_c3,17.7469,0.0641,False,False,True,23.12.x,0.0,2.563436223115015e+18,,,ZTF24aabbdtr
ztf,60317.435289400164,2563435283115015031,2,2563435283115,19.7331,1,2563,13.2797,17.7128,17.6939,0.03153,0.0484,92.6984164,17.5468973,0.898571,t17_f5_c3,17.6968,0.0616,False,False,True,23.12.x,0.0,2.563436223115015e+18,,,ZTF24aabbdtr
ztf,60317.43576390017,2563435763115015030,2,2563435763115,19.718,1,2563,12.8414,17.7005,17.6919,0.028854,0.048,92.6982943,17.5469368,0.901429,t17_f5_c3,17.6863,0.0607,False,False,True,23.12.x,0.0,2.563436223115015e+18,,,ZTF24aabbdtr
ztf,60317.4362269002,2563436223115015030,2,2563436223115,19.690985,1,2563,12.434382,17.694294,17.707,0.03268419,0.0486,92.6981593,17.5469444,0.88,t17_f5_c3,17.6934,0.061,True,False,True,23.12.x,0.0,,0.9999918,563120231.0,ZTF24aabbdtr
ztf,60317.436701400205,2563436703115015033,2,2563436703115,19.737286,1,2563,11.9737215,17.716667,17.7476,0.03397634,0.0501,92.6980208,17.5469621,0.92285717,t17_f5_c3,17.7942,0.0665,True,False,True,23.12.x,0.0,,0.99999857,563120231.0,ZTF24aabbdtr
