tid,mjd,candid,fid,pid,diffmaglim,isdiffpos,nid,distnr,magpsf,magap,sigmapsf,sigmagap,ra,dec,rb,rbversion,magapbig,sigmagapbig,has_stamp,corrected,dubious,step_id_corr,phase,parent_candid,drb,rfid,oid
ztf,60319.27020830009,2565270205615015022,2,2565270205615,20.3054,1,2565,12.6418,18.7151,18.6958,0.078357,0.085,88.0406305,22.1641253,0.96,t17_f5_c3,18.753,0.1139,False,False,True,23.12.x,0.0,2.565271625615015e+18,,,ZTF24aabiwqg
ztf,60319.27068290021,2565270685615015039,2,2565270685615,20.2945,1,2565,12.7062,18.6718,18.6603,0.081027,0.0829,88.0405338,22.1641362,0.945714,t17_f5_c3,18.6434,0.104,False,False,True,23.12.x,0.0,2.565271625615015e+18,,,ZTF24aabiwqg
ztf,60319.27114580013,2565271145615015031,2,2565271145615,20.2915,1,2565,12.7216,18.7723,18.8612,0.072751,0.098,88.040426,22.1641509,0.947143,t17_f5_c3,18.7435,0.1123,False,False,True,23.12.x,0.0,2.565272565615015e+18,,,ZTF24aabiwqg
ztf,60319.271620399784,2565271625615015030,2,2565271625615,20.267338,1,2565,12.7578335,18.66982,18.7007,0.08492044,0.0863,88.0402856,22.1641678,0.95857143,t17_f5_c3,18.7239,0.1123,True,False,True,23.12.x,0.0,,0.9999285,562120256.0,ZTF24aabiwqg
ztf,60319.27209489979,2565272095615015030,2,2565272095615,20.388042,1,2565,12.752941,18.675936,18.8551,0.07626666,0.0936,88.0401754,22.1641654,0.96428573,t17_f5_c3,18.8391,0.1174,True,False,True,23.12.x,0.0,,0.999997,562120256.0,ZTF24aabiwqg
ztf,60319.27256939979,2565272565615015047,2,2565272565615,20.414469,1,2565,12.770882,18.65753,18.7201,0.07804634,0.0817,88.0400477,22.1641708,0.9714286,t17_f5_c3,18.7397,0.1057,True,False,True,23.12.x,0.0,,0.99998176,562120256.0,ZTF24aabiwqg
ztf,60319.273032399826,2565273035615015028,2,2565273035615,20.4438,1,2565,12.8304,18.671,18.7382,0.06554,0.0819,88.0399231,22.164182,0.972857,t17_f5_c3,18.6877,0.0994,False,False,True,23.12.x,0.0,2.565273965615015e+18,,,ZTF24aabiwqg
ztf,60319.27350689983,2565273505615015043,2,2565273505615,20.433035,1,2565,12.931182,18.64118,18.6038,0.06646395,0.0733,88.0397982,22.1642021,0.9714286,t17_f5_c3,18.6182,0.0944,True,False,True,23.12.x,0.0,,0.99997383,562120256.0,ZTF24aabiwqg
ztf,60319.27396989986,2565273965615015029,2,2565273965615,20.359793,1,2565,12.973068,18.648657,18.7241,0.06726863,0.0844,88.0396813,22.164203,0.9671429,t17_f5_c3,18.7734,0.1123,True,False,True,23.12.x,0.0,,0.9999945,562120256.0,ZTF24aabiwqg
