tid,mjd,candid,fid,pid,diffmaglim,isdiffpos,nid,distnr,magpsf,magap,sigmapsf,sigmagap,ra,dec,rb,rbversion,magapbig,sigmagapbig,has_stamp,corrected,dubious,step_id_corr,phase,parent_candid,drb,rfid,oid
ztf,60318.535370400175,2564535370815015005,2,2564535370815,20.251,1,2564,6.11029,19.9986,20.028,0.161796,0.3,128.0431362,67.0837911,0.8,t17_f5_c3,20.091,0.408,False,False,True,23.12.x,0.0,2.564537250815015e+18,,,ZTF24aabfary
ztf,60318.536319400184,2564536310815015004,2,2564536310815,20.2599,1,2564,6.10772,20.0352,20.1103,0.178923,0.3235,128.0425313,67.0838041,0.561429,t17_f5_c3,20.1369,0.4256,False,False,True,23.12.x,0.0,2.564538190815015e+18,,,ZTF24aabfary
ztf,60318.53679399984,2564536790815015002,2,2564536790815,20.297527,1,2564,6.018501,19.903074,19.7963,0.14299841,0.2415,128.0424088,67.083836,0.8371429,t17_f5_c3,19.8125,0.3144,True,False,True,23.12.x,0.0,,0.9999472,840120208.0,ZTF24aabfary
ztf,60318.53725690022,2564537250815015002,2,2564537250815,20.252226,1,2564,6.0002503,19.860407,20.0283,0.18472773,0.3018,128.0421331,67.0838605,0.7785714,t17_f5_c3,20.4207,0.5554,True,False,True,23.12.x,0.0,,0.9999737,840120208.0,ZTF24aabfary
ztf,60318.53819439979,2564538190815015003,2,2564538190815,20.287441,1,2564,6.2582607,20.172913,20.1826,0.17825477,0.3459,128.0414772,67.0838609,0.75,t17_f5_c3,20.3871,0.5357,True,False,True,23.12.x,0.0,,0.9999919,840120208.0,ZTF24aabfary
ztf,60318.538668999914,2564538660815015003,2,2564538660815,20.262222,1,2564,6.3856587,19.967411,19.9256,0.13860624,0.2733,128.0413713,67.0838372,0.8057143,t17_f5_c3,20.2104,0.4552,True,False,True,23.12.x,0.0,,0.999799,840120208.0,ZTF24aabfary
