tid,mjd,candid,fid,pid,diffmaglim,isdiffpos,nid,distnr,magpsf,magap,sigmapsf,sigmagap,ra,dec,rb,rbversion,magapbig,sigmagapbig,has_stamp,corrected,dubious,step_id_corr,phase,parent_candid,drb,rfid,oid
ztf,60317.39900460001,2563399003115015030,2,2563399003115,19.9554,1,2563,7.40025,17.4958,17.532,0.027455,0.0372,93.2650273,17.4988485,0.951429,t17_f5_c3,17.5659,0.0485,False,False,True,23.12.x,0.0,2.563400423115015e+18,,,ZTF24aabahdf
ztf,60317.39947920013,2563399473115015026,2,2563399473115,19.9605,1,2563,7.70194,17.4877,17.5275,0.023699,0.0369,93.264887,17.4989003,0.964286,t17_f5_c3,17.5331,0.0468,False,False,True,23.12.x,0.0,2.563400423115015e+18,,,ZTF24aabahdf
ztf,60317.39995370014,2563399953115015034,2,2563399953115,19.9192,1,2563,7.94092,17.4771,17.4956,0.024613,0.0359,93.2647389,17.4989244,0.962857,t17_f5_c3,17.4678,0.0443,False,False,True,23.12.x,0.0,2.563401363115015e+18,,,ZTF24aabahdf
ztf,60317.40042820014,2563400423115015037,2,2563400423115,19.8949,1,2563,8.19795,17.52,17.5231,0.026328,0.0373,93.2646279,17.4989622,0.951429,t17_f5_c3,17.5061,0.0464,False,False,True,23.12.x,0.0,2.563401363115015e+18,,,ZTF24aabahdf
ztf,60317.400902799796,2563400903115015042,2,2563400903115,19.898,1,2563,8.46952,17.5561,17.6023,0.028546,0.0403,93.2644984,17.4989903,0.958571,t17_f5_c3,17.6074,0.0513,False,False,True,23.12.x,0.0,2.563401363115015e+18,,,ZTF24aabahdf
ztf,60317.40136570018,2563401363115015031,2,2563401363115,19.875809,1,2563,8.818937,17.512344,17.5267,0.02351957,0.038,93.2643776,17.4990468,0.96,t17_f5_c3,17.5314,0.0483,True,False,True,23.12.x,0.0,,0.9999999,563120231.0,ZTF24aabahdf
ztf,60317.40184029983,2563401843115015036,2,2563401843115,19.908932,1,2563,9.103652,17.500002,17.5208,0.02558333,0.0377,93.2642515,17.4990725,0.95428574,t17_f5_c3,17.4431,0.0444,True,False,True,23.12.x,0.0,,0.9999982,563120231.0,ZTF24aabahdf
ztf,60317.40231479984,2563402313115015030,2,2563402313115,19.968706,1,2563,9.473763,17.498058,17.5175,0.0251517,0.0372,93.2641106,17.499116,0.96,t17_f5_c3,17.5001,0.0463,True,False,True,23.12.x,0.0,,0.99999994,563120231.0,ZTF24aabahdf
ztf,60317.40278939996,2563402783115015033,2,2563402783115,19.937881,1,2563,9.785804,17.486399,17.4903,0.026778808,0.0369,93.2639874,17.4991467,0.95,t17_f5_c3,17.4573,0.0453,True,False,True,23.12.x,0.0,,1.0,563120231.0,ZTF24aabahdf
