tid,mjd,candid,fid,pid,diffmaglim,isdiffpos,nid,distnr,magpsf,magap,sigmapsf,sigmagap,ra,dec,rb,rbversion,magapbig,sigmagapbig,has_stamp,corrected,dubious,step_id_corr,phase,parent_candid,drb,rfid,oid
ztf,60319.33806709992,2565338062115015006,2,2565338062115,20.1265,1,2565,8.35421,19.6959,19.6849,0.145368,0.2241,88.4940307,18.687243,0.702857,t17_f5_c3,20.0253,0.3926,False,False,False,23.12.x,0.0,2.565339952115015e+18,,,ZTF24aabkjba
ztf,60319.33853009995,2565338532115015008,2,2565338532115,20.299,1,2565,8.278,19.8209,19.8276,0.152411,0.2379,88.4939649,18.6873065,0.765714,t17_f5_c3,20.1128,0.3963,False,False,False,23.12.x,0.0,2.565339952115015e+18,,,ZTF24aabkjba
ztf,60319.339004599955,2565339002115015004,2,2565339002115,20.0947,1,2565,7.58652,19.6233,19.5627,0.140241,0.1985,88.4937662,18.6872401,0.655714,t17_f5_c3,19.6109,0.2662,False,False,False,23.12.x,0.0,2.565340892115015e+18,,,ZTF24aabkjba
ztf,60319.33995370008,2565339952115015004,2,2565339952115,20.15016,1,2565,7.385202,19.677195,20.0207,0.1521698,0.2976,88.4936704,18.68727,0.69857144,t17_f5_c3,19.9727,0.3652,True,False,False,23.12.x,0.0,,0.9999853,562120221.0,ZTF24aabkjba
ztf,60319.34041670011,2565340412115015006,2,2565340412115,19.9827,1,2565,6.82854,19.761,19.7099,0.245094,0.233,88.4934854,18.6872496,0.37,t17_f5_c3,20.0814,0.4205,False,False,False,23.12.x,0.0,2.565341362115015e+18,,,ZTF24aabkjba
ztf,60319.34089120012,2565340892115015005,2,2565340892115,20.206068,1,2565,6.6621046,19.584387,19.4166,0.13380192,0.1686,88.4934052,18.6872671,0.7228571,t17_f5_c3,19.7755,0.3001,True,False,False,23.12.x,0.0,,0.99996626,562120221.0,ZTF24aabkjba
ztf,60319.34136570012,2565341362115015007,2,2565341362115,20.055248,1,2565,6.350732,19.659405,19.487,0.16594188,0.1944,88.4933135,18.6872332,0.6614286,t17_f5_c3,19.5013,0.2527,True,False,False,23.12.x,0.0,,0.9999504,562120221.0,ZTF24aabkjba
ztf,60319.341828700155,2565341822115015007,2,2565341822115,20.15177,1,2565,6.30487,19.656935,19.5348,0.14950375,0.1962,88.4932123,18.6873161,0.7014286,t17_f5_c3,19.7258,0.2997,True,False,False,23.12.x,0.0,,0.9999926,562120221.0,ZTF24aabkjba
ztf,60319.34230320016,2565342302115015006,2,2565342302115,20.105385,1,2565,6.043613,19.696644,19.8105,0.17442685,0.2692,88.4931293,18.6872938,0.7285714,t17_f5_c3,19.9032,0.376,True,False,False,23.12.x,0.0,,0.9999989,562120221.0,ZTF24aabkjba
