tid,mjd,candid,fid,pid,diffmaglim,isdiffpos,nid,distnr,magpsf,magap,sigmapsf,sigmagap,ra,dec,rb,rbversion,magapbig,sigmagapbig,has_stamp,corrected,dubious,step_id_corr,phase,parent_candid,drb,rfid,oid
ztf,60317.30009259982,2563300093115015036,2,2563300093115,20.0401,1,2563,7.14344,18.8864,18.8164,0.068271,0.1054,93.504877,17.350885,0.891429,t17_f5_c3,18.7515,0.127,False,False,True,23.12.x,0.0,2.563301503115015e+18,,,ZTF24aaayboy
ztf,60317.30055559985,2563300553115015050,2,2563300553115,19.9969,1,2563,6.7224,18.8836,18.8312,0.059364,0.1072,93.5047399,17.3509113,0.818571,t17_f5_c3,18.7028,0.1219,False,False,True,23.12.x,0.0,2.563301963115015e+18,,,ZTF24aaayboy
ztf,60317.30103009986,2563301033115015037,2,2563301033115,20.0105,1,2563,6.16657,18.9639,18.9043,0.06692,0.1145,93.504581,17.3508746,0.852857,t17_f5_c3,18.9903,0.1584,False,False,False,23.12.x,0.0,2.563302443115015e+18,,,ZTF24aaayboy
ztf,60317.30150459986,2563301503115015043,2,2563301503115,20.0461,1,2563,5.85002,18.9139,18.7137,0.059304,0.0961,93.5044768,17.3508848,0.765714,t17_f5_c3,18.6469,0.1155,False,False,False,23.12.x,0.0,2.563302443115015e+18,,,ZTF24aaayboy
ztf,60317.301967599895,2563301963115015035,2,2563301963115,20.0849,1,2563,5.50423,18.9406,19.0082,0.059366,0.1231,93.5043704,17.3508864,0.948571,t17_f5_c3,18.9081,0.1436,False,False,False,23.12.x,0.0,2.563302443115015e+18,,,ZTF24aaayboy
ztf,60317.3024420999,2563302443115015040,2,2563302443115,20.034393,1,2563,5.2218394,18.991571,19.0871,0.064730324,0.1345,93.5042735,17.350909,0.8957143,t17_f5_c3,19.0306,0.1633,True,False,False,23.12.x,0.0,,0.9999381,563120231.0,ZTF24aaayboy
ztf,60317.30291670002,2563302913115015044,2,2563302913115,19.980495,1,2563,4.8555937,19.009907,18.9209,0.07493889,0.1162,93.5041607,17.3509068,0.7785714,t17_f5_c3,18.8751,0.1426,True,False,False,23.12.x,0.0,,0.99999464,563120231.0,ZTF24aaayboy
ztf,60317.303379599936,2563303373115015044,2,2563303373115,19.986433,1,2563,4.6573143,18.871183,18.8459,0.0728761,0.1061,93.5040734,17.3509487,0.8814286,t17_f5_c3,18.8764,0.1394,True,False,False,23.12.x,0.0,,0.9999763,563120231.0,ZTF24aaayboy
