tid,mjd,candid,fid,pid,diffmaglim,isdiffpos,nid,distnr,magpsf,magap,sigmapsf,sigmagap,ra,dec,rb,rbversion,magapbig,sigmagapbig,has_stamp,corrected,dubious,step_id_corr,phase,parent_candid,drb,rfid,oid
ztf,60319.216955999844,2565216951115015017,2,2565216951115,20.1612,1,2565,9.51096,18.1881,18.1954,0.041074,0.0584,87.5202233,15.6145025,0.934286,t17_f5_c3,18.1754,0.0728,False,False,True,23.12.x,0.0,2.565218851115015e+18,,,ZTF24aabiadl
ztf,60319.217430599965,2565217431115015019,2,2565217431115,20.2192,1,2565,9.25755,18.1897,18.1441,0.057092,0.0563,87.5201158,15.6145238,0.945714,t17_f5_c3,18.121,0.07,False,False,True,23.12.x,0.0,2.565219311115015e+18,,,ZTF24aabiadl
ztf,60319.21790509997,2565217901115015021,2,2565217901115,20.2106,1,2565,9.00756,18.2483,18.2789,0.060424,0.0628,87.5200214,15.6145535,0.94,t17_f5_c3,18.326,0.0834,False,False,True,23.12.x,0.0,2.565219311115015e+18,,,ZTF24aabiadl
ztf,60319.21837959997,2565218371115015024,2,2565218371115,20.037857,1,2565,8.913706,18.204172,18.1751,0.059631776,0.0578,87.5199363,15.6145386,0.8542857,t17_f5_c3,18.2027,0.0754,True,False,True,23.12.x,0.0,,0.99999833,562120211.0,ZTF24aabiadl
ztf,60319.218854200095,2565218851115015011,2,2565218851115,19.994226,1,2565,8.661893,18.232456,18.177,0.060035527,0.058,87.5198113,15.6145578,0.80857146,t17_f5_c3,18.1332,0.0709,True,False,True,23.12.x,0.0,,0.9999865,562120211.0,ZTF24aabiadl
ztf,60319.21931710001,2565219311115015017,2,2565219311115,20.005651,1,2565,8.304652,18.224928,18.1947,0.060977526,0.0583,87.5196981,15.6146191,0.8257143,t17_f5_c3,18.1659,0.0722,True,False,True,23.12.x,0.0,,0.9999992,562120211.0,ZTF24aabiadl
ztf,60319.2198032001,2565219801115015012,2,2565219801115,20.0354,1,2565,8.18717,18.1825,18.1495,0.063956,0.0561,87.5196243,15.6146236,0.844286,t17_f5_c3,18.1212,0.0695,False,False,True,23.12.x,0.0,2.565220741115015e+18,,,ZTF24aabiadl
ztf,60319.22026620014,2565220261115015022,2,2565220261115,20.062538,1,2565,8.029558,18.193773,18.2048,0.058216,0.0592,87.5195126,15.6146321,0.88,t17_f5_c3,18.1668,0.0728,True,False,True,23.12.x,0.0,,0.99999905,562120211.0,ZTF24aabiadl
ztf,60319.22074070014,2565220741115015017,2,2565220741115,20.07412,1,2565,7.8179874,18.243536,18.1784,0.06659421,0.0576,87.5194168,15.6146618,0.86142856,t17_f5_c3,18.1952,0.0745,True,False,True,23.12.x,0.0,,0.99999964,562120211.0,ZTF24aabiadl
