tid,mjd,candid,fid,pid,diffmaglim,isdiffpos,nid,distnr,magpsf,magpsf_corr,magap,sigmapsf,sigmapsf_corr,sigmapsf_corr_ext,sigmagap,ra,dec,rb,rbversion,magapbig,sigmagapbig,has_stamp,corrected,dubious,step_id_corr,phase,parent_candid,drb,rfid,oid
ztf,61094.55545140011,3340555452815015009,2,3340555452815,19.2845,1,3340,0.430447,17.4403,15.847396,17.8518,0.07787,0.010426257,0.017955959,0.1038,291.9866754,-10.7192786,0.807143,t17_f5_c3,17.7557,0.1207,False,True,False,27.5.7a32.dev1,0.0,3.352540385115015e+18,,,ZTF23absjqij
ztf,61094.558379599825,3340558372815015010,2,3340558372815,18.9942,1,3340,0.080032,17.666,15.895434,17.6324,0.074382,100.0,0.01456268,0.1117,291.9866542,-10.7191826,0.828571,t17_f5_c3,17.6264,0.1418,False,True,False,27.5.7a32.dev1,0.0,3.352540385115015e+18,,,ZTF23absjqij
ztf,61096.55096059991,3342550962815015020,2,3342550962815,18.5612,1,3342,0.360111,17.2972,15.812686,17.2758,0.073772,0.01236327,0.018796902,0.1106,291.986712,-10.7192383,0.794286,t17_f5_c3,17.3762,0.1545,False,True,False,27.5.7a32.dev1,0.0,3.352540385115015e+18,,,ZTF23absjqij
ztf,61096.55408560019,3342554082815015012,2,3342554082815,18.6559,1,3342,0.413945,17.3177,15.817873,17.3022,0.084435,0.015734438,0.021212501,0.0893,291.9866383,-10.7192794,0.828571,t17_f5_c3,17.2864,0.1121,False,True,False,27.5.7a32.dev1,0.0,3.352540385115015e+18,,,ZTF23absjqij
ztf,61096.55817130022,3342558172815015104,2,3342558172815,18.441,1,3342,0.684401,17.4425,15.847902,17.385,0.091142,0.01504667,0.0209836,0.0987,291.9867133,-10.7193428,0.475714,t17_f5_c3,17.2522,0.1115,False,True,False,27.5.7a32.dev1,0.0,3.352540385115015e+18,,,ZTF23absjqij
ztf,61100.54709490016,3346547095115010005,2,3346547095115,19.1383,-1,3346,0.257096,17.6193,16.265217,17.5536,0.073251,100.0,0.021046503,0.0774,291.9866221,-10.7192379,0.86,t17_f5_c3,17.6275,0.1054,False,True,False,27.5.7a32.dev1,0.0,3.352540385115015e+18,,,ZTF23absjqij
ztf,61105.54167820001,3351541675115010005,2,3351541675115,19.3075,-1,3351,0.195056,17.2591,16.395452,17.4183,0.053255,100.0,0.024038155,0.0652,291.9866593,-10.7192325,0.92,t17_f5_c3,17.3886,0.0805,False,True,False,27.5.7a32.dev1,0.0,3.352540385115015e+18,,,ZTF23absjqij
ztf,61106.540381900035,3352540385115015010,2,3352540385115,18.571619,1,3352,1.2808881,17.84567,15.810201,17.7862,0.16908462,0.017133644,0.025936788,0.0923,291.9870234,-10.7191229,0.43142858,t17_f5_c3,17.7474,0.1129,True,True,False,27.5.7a32.dev1,0.0,,0.7085473,1378120251.0,ZTF23absjqij
