tid,mjd,candid,fid,pid,diffmaglim,isdiffpos,nid,distnr,magpsf,magap,sigmapsf,sigmagap,ra,dec,rb,rbversion,magapbig,sigmagapbig,has_stamp,corrected,dubious,step_id_corr,phase,parent_candid,drb,rfid,oid
ztf,60319.39743060013,2565397435415015022,2,2565397435415,19.8132,1,2565,7.72183,19.1474,19.0855,0.133499,0.1565,88.9688702,21.2738486,0.854286,t17_f5_c3,18.9988,0.1853,False,False,True,23.12.x,0.0,2.565398855415015e+18,,,ZTF24aabliib
ztf,60319.39790510014,2565397905415015031,2,2565397905415,19.7332,1,2565,7.41607,19.104,19.1335,0.133835,0.1682,88.9687436,21.2738088,0.768571,t17_f5_c3,19.0244,0.1951,False,False,True,23.12.x,0.0,2.565398855415015e+18,,,ZTF24aabliib
ztf,60319.39837960014,2565398375415015010,2,2565398375415,19.485338,1,2565,7.468881,19.037296,19.1432,0.19411014,0.1835,88.9685541,21.2738999,0.61142856,t17_f5_c3,19.3046,0.273,True,False,True,23.12.x,0.0,,0.99972165,562120254.0,ZTF24aabliib
ztf,60319.3988541998,2565398855415015026,2,2565398855415,19.737436,1,2565,7.3708897,19.27573,19.5331,0.15629329,0.2404,88.9685177,21.2738816,0.71,t17_f5_c3,19.411,0.2757,True,False,True,23.12.x,0.0,,0.9999918,562120254.0,ZTF24aabliib
ztf,60319.39931710018,2565399315415015019,2,2565399315415,19.730816,1,2565,7.308093,19.192104,18.985,0.15827252,0.1386,88.9684541,21.2738816,0.6028572,t17_f5_c3,19.0818,0.194,True,False,True,23.12.x,0.0,,0.9999986,562120254.0,ZTF24aabliib
ztf,60319.399791699834,2565399795415015025,2,2565399795415,19.717758,1,2565,7.1718655,19.195782,19.5426,0.15737183,0.2417,88.968309,21.2738772,0.69714284,t17_f5_c3,19.5171,0.3029,True,False,True,23.12.x,0.0,,0.99999595,562120254.0,ZTF24aabliib
ztf,60319.40026619984,2565400265415015015,2,2565400265415,19.691946,1,2565,7.3785033,19.076126,19.2355,0.1632703,0.2008,88.9682507,21.2739492,0.8142857,t17_f5_c3,19.0946,0.2261,True,False,True,23.12.x,0.0,,0.9999877,562120254.0,ZTF24aabliib
ztf,60319.40072919987,2565400725415015019,2,2565400725415,19.851349,1,2565,7.4015594,19.187943,18.9886,0.1342921,0.1455,88.9680726,21.2739839,0.72571427,t17_f5_c3,18.9914,0.1869,True,False,True,23.12.x,0.0,,0.9999819,562120254.0,ZTF24aabliib
ztf,60319.401203699876,2565401205415015033,2,2565401205415,19.842947,1,2565,7.1498456,19.256796,19.0403,0.13660689,0.1435,88.967957,21.2739227,0.62,t17_f5_c3,19.0484,0.1852,True,False,True,23.12.x,0.0,,0.9999169,562120254.0,ZTF24aabliib
