tid,mjd,candid,fid,pid,diffmaglim,isdiffpos,nid,distnr,magpsf,magap,sigmapsf,sigmagap,ra,dec,rb,rbversion,magapbig,sigmagapbig,has_stamp,corrected,dubious,step_id_corr,phase,parent_candid,drb,rfid,oid
ztf,60319.41957180016,2565419570615015007,2,2565419570615,19.9432,1,2565,3.85121,18.5308,18.6047,0.078006,0.101,88.9056097,15.8533088,0.97,t17_f5_c3,18.6159,0.1304,False,False,False,23.12.x,0.0,2.565420990615015e+18,,,ZTF24aablrxh
ztf,60319.42004630016,2565420040615015005,2,2565420040615,19.929,1,2565,3.60603,18.4638,18.4599,0.078766,0.0891,88.9055074,15.8533744,0.97,t17_f5_c3,18.517,0.1199,False,False,False,23.12.x,0.0,2.565421450615015e+18,,,ZTF24aablrxh
ztf,60319.420520800166,2565420520615015006,2,2565420520615,19.9408,1,2565,3.36299,18.4926,18.4904,0.066489,0.091,88.9054156,15.8533997,0.968571,t17_f5_c3,18.5473,0.1226,False,False,False,23.12.x,0.0,2.565421450615015e+18,,,ZTF24aablrxh
ztf,60319.42099539982,2565420990615015006,2,2565420990615,19.892538,1,2565,3.0899446,18.603346,18.6291,0.074086584,0.1049,88.9052936,15.8534451,0.96,t17_f5_c3,18.569,0.127,True,False,False,23.12.x,0.0,,0.9999989,562120206.0,ZTF24aablrxh
ztf,60319.4214583002,2565421450615015004,2,2565421450615,19.87169,1,2565,2.885861,18.458014,18.5277,0.074230105,0.096,88.9051819,15.8534941,0.9628571,t17_f5_c3,18.5245,0.1223,True,False,False,23.12.x,0.0,,1.0,562120206.0,ZTF24aablrxh
ztf,60319.42193289986,2565421930615015003,2,2565421930615,19.821884,1,2565,2.723578,18.551374,18.563,0.084617704,0.1006,88.9050919,15.8535174,0.95428574,t17_f5_c3,18.5035,0.1218,True,False,False,23.12.x,0.0,,0.9999932,562120206.0,ZTF24aablrxh
ztf,60319.42240739986,2565422400615015007,2,2565422400615,19.769384,1,2565,2.5392747,18.460499,18.4326,0.07684186,0.0906,88.9049719,15.8535466,0.9,t17_f5_c3,18.4591,0.1187,True,False,False,23.12.x,0.0,,0.9999984,562120206.0,ZTF24aablrxh
