tid,mjd,candid,fid,pid,diffmaglim,isdiffpos,nid,distnr,magpsf,magap,sigmapsf,sigmagap,ra,dec,rb,rbversion,magapbig,sigmagapbig,has_stamp,corrected,dubious,step_id_corr,phase,parent_candid,drb,rfid,oid
ztf,60319.43745370023,2565437454715015011,2,2565437454715,19.8626,1,2565,11.8831,19.2586,19.6664,0.143498,0.2891,86.0995829,19.3478358,0.632857,t17_f5_c3,19.8203,0.4275,False,False,True,23.12.x,0.0,2.565439344715015e+18,,,ZTF24aablxcd
ztf,60319.43792819977,2565437924715015007,2,2565437924715,19.811,1,2565,11.9916,19.4056,19.4632,0.128574,0.2407,86.0994147,19.3477195,0.745714,t17_f5_c3,19.464,0.3091,False,False,True,23.12.x,0.0,2.565439814715015e+18,,,ZTF24aablxcd
ztf,60319.43840279989,2565438404715015018,2,2565438404715,19.7845,1,2565,11.9754,19.1859,19.2041,0.107582,0.1925,86.0993874,19.3476876,0.791429,t17_f5_c3,19.408,0.2977,False,False,True,23.12.x,0.0,2.565439814715015e+18,,,ZTF24aablxcd
ztf,60319.438877299894,2565438874715015009,2,2565438874715,19.8679,1,2565,12.2489,19.2114,19.2265,0.103643,0.1938,86.0993038,19.3477138,0.867143,t17_f5_c3,19.3213,0.2712,False,False,True,23.12.x,0.0,2.565439814715015e+18,,,ZTF24aablxcd
ztf,60319.43934029993,2565439344715015010,2,2565439344715,19.825022,1,2565,12.436838,19.150808,19.1419,0.11970094,0.1816,86.0992007,19.3476848,0.82,t17_f5_c3,19.3203,0.2742,True,False,True,23.12.x,0.0,,0.99997425,562120247.0,ZTF24aablxcd
ztf,60319.43981479993,2565439814715015006,2,2565439814715,19.841022,1,2565,12.610275,19.248915,19.1655,0.13313374,0.1864,86.0990918,19.3476372,0.60714287,t17_f5_c3,19.4779,0.3183,True,False,True,23.12.x,0.0,,0.99689627,562120247.0,ZTF24aablxcd
ztf,60319.44028940005,2565440284715015006,2,2565440284715,19.820076,1,2565,12.64656,19.293036,19.4177,0.12636773,0.2343,86.0990885,19.3476512,0.7542857,t17_f5_c3,19.5703,0.3457,True,False,True,23.12.x,0.0,,0.99860907,562120247.0,ZTF24aablxcd
ztf,60319.44076390006,2565440764715015010,2,2565440764715,19.772139,1,2565,13.170934,19.241089,19.0303,0.109363265,0.1667,86.0989085,19.3476768,0.70428574,t17_f5_c3,18.9254,0.1941,True,False,True,23.12.x,0.0,,0.9998899,562120247.0,ZTF24aablxcd
ztf,60319.44122690009,2565441224715015011,2,2565441224715,19.758045,1,2565,13.130141,19.363121,19.3991,0.17095312,0.2316,86.098861,19.3475993,0.51285714,t17_f5_c3,19.7597,0.4139,True,False,True,23.12.x,0.0,,0.99380237,562120247.0,ZTF24aablxcd
