tid,mjd,candid,fid,pid,diffmaglim,isdiffpos,nid,distnr,magpsf,magap,sigmapsf,sigmagap,ra,dec,rb,rbversion,magapbig,sigmagapbig,has_stamp,corrected,dubious,step_id_corr,phase,parent_candid,drb,rfid,oid
ztf,60319.14442129992,2565144424215015010,2,2565144424215,19.7557,1,2565,1.913,17.9598,17.9488,0.050554,0.0677,87.2189522,19.6722222,0.92,t17_f5_c3,17.8735,0.0809,False,False,False,23.12.x,0.0,2.565145374215015e+18,,,ZTF24aabgopp
ztf,60319.145370400045,2565145374215015004,2,2565145374215,19.937954,1,2565,2.5504193,17.961159,17.9051,0.04728426,0.0524,87.2186853,19.6719359,0.9185714,t17_f5_c3,17.9217,0.0678,True,False,False,23.12.x,0.0,,0.99999964,562120242.0,ZTF24aabgopp
ztf,60319.14583329996,2565145834215015002,2,2565145834215,19.894743,1,2565,2.9620929,17.955385,17.9947,0.04592638,0.0557,87.218571,19.6718289,0.9014286,t17_f5_c3,18.067,0.0757,True,False,False,23.12.x,0.0,,0.9999957,562120242.0,ZTF24aabgopp
ztf,60319.14630790008,2565146304215015003,2,2565146304215,19.975014,1,2565,3.507335,17.94698,17.9371,0.054225873,0.0521,87.2184336,19.6717022,0.92285717,t17_f5_c3,17.9704,0.0683,True,False,False,23.12.x,0.0,,0.99999714,562120242.0,ZTF24aabgopp
ztf,60319.14678240009,2565146784215015004,2,2565146784215,19.881756,1,2565,4.1650047,17.954239,17.9127,0.06200317,0.0505,87.2182778,19.6715572,0.8457143,t17_f5_c3,17.8813,0.0623,True,False,False,23.12.x,0.0,,0.9999785,562120242.0,ZTF24aabgopp
ztf,60319.14724540012,2565147244215015006,2,2565147244215,19.98615,1,2565,3.9401217,17.975637,17.9066,0.0472882,0.049,87.2181678,19.6714519,0.9057143,t17_f5_c3,17.9917,0.0672,True,False,False,23.12.x,0.0,,0.9999974,562120242.0,ZTF24aabgopp
ztf,61026.381817100104,3272381814215015007,1,3272381814215,19.522942,1,3272,5.810568,17.8113,17.8308,0.085988104,0.0869,87.2186369,19.6714966,0.9357143,t17_f5_c3,17.8317,0.111,True,False,True,27.5.7a32.dev1,0.0,,1.0,562120142.0,ZTF24aabgopp
