tid,mjd,candid,fid,pid,diffmaglim,isdiffpos,nid,distnr,magpsf,magpsf_corr,magap,sigmapsf,sigmapsf_corr,sigmapsf_corr_ext,sigmagap,ra,dec,rb,rbversion,magapbig,sigmagapbig,has_stamp,corrected,dubious,step_id_corr,phase,parent_candid,drb,rfid,oid
ztf,61085.55681709992,3331556815415015020,2,3331556815415,19.9966,1,3331,0.304149,19.4826,17.397888,19.6132,0.246026,0.030793699,0.03606591,0.2959,268.3850396,-10.9371594,0.625714,t17_f5_c3,19.7905,0.4449,False,True,False,27.5.7a32.dev1,0.0,3.351536435415015e+18,,,ZTF25acanjxf
ztf,61093.56865740009,3339568655415015012,2,3339568655415,18.786304,1,3339,0.18671577,18.810888,17.269476,18.9535,0.20094019,0.04563173,0.048584968,0.4324,268.385021,-10.937107,0.79571426,t17_f5_c3,19.0005,0.5799,True,True,False,27.5.7a32.dev1,0.0,,0.99999154,1375120254.0,ZTF25acanjxf
ztf,61099.54306709999,3345543065415015023,2,3345543065415,19.888416,1,3345,0.17989857,18.361027,17.142439,18.4494,0.08721903,0.024204163,0.028390681,0.1074,268.384982,-10.9371632,0.8957143,t17_f5_c3,18.2831,0.1174,True,True,False,27.5.7a32.dev1,0.0,,0.9999989,1375120254.0,ZTF25acanjxf
ztf,61099.54306709999,3345543065415025023,2,3345543065415,19.8884,1,3345,0.179899,18.361,17.14243,18.4494,0.087219,0.024204778,0.028391143,0.1074,268.384982,-10.9371632,0.895714,t17_f5_c3,18.2831,0.1174,False,True,False,27.5.7a32.dev1,0.0,3.351536435415015e+18,,,ZTF25acanjxf
ztf,61100.541840299964,3346541845415015017,2,3346541845415,19.713354,1,3346,0.27150625,18.293896,17.120127,18.1672,0.068898715,0.018301556,0.023372428,0.0981,268.3850363,-10.9371511,0.8842857,t17_f5_c3,18.1992,0.1289,True,True,False,27.5.7a32.dev1,0.0,,1.0,1375120254.0,ZTF25acanjxf
ztf,61101.54112270009,3347541125415015011,2,3347541125415,18.94874,1,3347,0.3666743,18.257664,17.1077,18.1017,0.11228449,0.036184993,0.03893449,0.1541,268.3849377,-10.937214,0.8585714,t17_f5_c3,18.0358,0.1859,True,True,False,27.5.7a32.dev1,0.0,,0.99996746,1375120254.0,ZTF25acanjxf
ztf,61105.5364351999,3351536435415015010,2,3351536435415,19.577816,1,3351,0.04878281,18.131659,17.062334,18.1834,0.098671466,0.03417734,0.036852036,0.1056,268.3849818,-10.9371259,0.89,t17_f5_c3,18.1786,0.1344,True,True,False,27.5.7a32.dev1,0.0,,1.0,1375120254.0,ZTF25acanjxf
