tid,mjd,candid,fid,pid,diffmaglim,isdiffpos,nid,distnr,magpsf,magap,sigmapsf,sigmagap,ra,dec,rb,rbversion,magapbig,sigmagapbig,has_stamp,corrected,dubious,step_id_corr,phase,parent_candid,drb,rfid,oid
ztf,60319.30791669991,2565307914815015030,2,2565307914815,19.9294,1,2565,11.7878,18.9285,18.9156,0.107646,0.1328,91.5942514,21.8837376,0.882857,t17_f5_c3,18.9483,0.175,False,False,True,23.12.x,0.0,2.565309324815015e+18,,,ZTF24aabjyko
ztf,60319.30839119991,2565308394815015040,2,2565308394815,19.9706,1,2565,11.7153,18.9099,18.9068,0.118948,0.1251,91.5941624,21.8837128,0.857143,t17_f5_c3,18.7565,0.1395,False,False,True,23.12.x,0.0,2.565309804815015e+18,,,ZTF24aabjyko
ztf,60319.308854199946,2565308854815015060,2,2565308854815,19.9283,1,2565,11.4245,18.9193,19.0884,0.111946,0.1522,91.5940249,21.8837313,0.861429,t17_f5_c3,19.0865,0.1945,False,False,True,23.12.x,0.0,2.565309804815015e+18,,,ZTF24aabjyko
ztf,60319.30932869995,2565309324815015044,2,2565309324815,20.025667,1,2565,11.148722,18.890345,18.7805,0.087878436,0.114,91.5938877,21.8837523,0.8971428,t17_f5_c3,18.7688,0.1442,True,False,True,23.12.x,0.0,,0.9999998,562120248.0,ZTF24aabjyko
ztf,60319.309803199954,2565309804815015036,2,2565309804815,19.916546,1,2565,10.839641,18.881632,18.9955,0.09061222,0.1461,91.5937626,21.8837941,0.9028571,t17_f5_c3,18.958,0.1806,True,False,True,23.12.x,0.0,,0.99999976,562120248.0,ZTF24aabjyko
ztf,60319.31026619999,2565310264815015041,2,2565310264815,20.053638,1,2565,10.70637,18.911703,18.8479,0.10268422,0.1156,91.593645,21.8837867,0.8485714,t17_f5_c3,18.8363,0.1462,True,False,True,23.12.x,0.0,,0.9999985,562120248.0,ZTF24aabjyko
ztf,60319.31074069999,2565310744815015030,2,2565310744815,20.033232,1,2565,10.476594,18.897406,18.9298,0.09609128,0.1307,91.5934908,21.8837972,0.92285717,t17_f5_c3,18.9309,0.1675,True,False,True,23.12.x,0.0,,0.9999896,562120248.0,ZTF24aabjyko
ztf,60319.31121530011,2565311214815015042,2,2565311214815,20.084461,1,2565,10.185138,18.874743,18.9128,0.10023138,0.1213,91.5933987,21.8838512,0.91571426,t17_f5_c3,18.988,0.1661,True,False,True,23.12.x,0.0,,0.99999595,562120248.0,ZTF24aabjyko
