tid,mjd,candid,fid,pid,diffmaglim,isdiffpos,nid,distnr,magpsf,magap,sigmapsf,sigmagap,ra,dec,rb,rbversion,magapbig,sigmagapbig,has_stamp,corrected,dubious,step_id_corr,phase,parent_candid,drb,rfid,oid
ztf,60319.39743060013,2565397431615015006,2,2565397431615,19.7315,1,2565,11.0982,18.0244,18.0721,0.072212,0.0609,91.9166188,18.6254926,0.881429,t17_f5_c3,18.0819,0.0782,False,False,True,23.12.x,0.0,2.565398851615015e+18,,,ZTF24aablkcg
ztf,60319.39790510014,2565397901615015004,2,2565397901615,19.8171,1,2565,11.1375,18.0484,17.9988,0.056604,0.0544,91.9164954,18.6255088,0.882857,t17_f5_c3,17.9929,0.0688,False,False,True,23.12.x,0.0,2.565398851615015e+18,,,ZTF24aablkcg
ztf,60319.39837960014,2565398371615015005,2,2565398371615,19.7134,1,2565,11.0553,18.141,18.0907,0.091753,0.0586,91.9163853,18.625488,0.765714,t17_f5_c3,18.0605,0.0725,False,False,True,23.12.x,0.0,2.565399791615015e+18,,,ZTF24aablkcg
ztf,60319.3988541998,2565398851615015006,2,2565398851615,19.79606,1,2565,11.176425,18.062557,18.0417,0.06579287,0.0552,91.9162029,18.6255144,0.85,t17_f5_c3,18.0098,0.0682,True,False,True,23.12.x,0.0,,0.9999981,562120216.0,ZTF24aablkcg
ztf,60319.39931710018,2565399311615015004,2,2565399311615,19.803312,1,2565,11.24016,18.019075,18.0715,0.066098616,0.0572,91.9161081,18.6255288,0.8657143,t17_f5_c3,18.0333,0.0703,True,False,True,23.12.x,0.0,,0.99999875,562120216.0,ZTF24aablkcg
ztf,60319.399791699834,2565399791615015007,2,2565399791615,19.7372,1,2565,11.4845,18.049,18.069,0.072926,0.0608,91.9160217,18.6255868,0.877143,t17_f5_c3,18.0322,0.0749,False,False,True,23.12.x,0.0,2.565400261615015e+18,,,ZTF24aablkcg
ztf,60319.40026619984,2565400261615015004,2,2565400261615,19.747177,1,2565,11.451749,18.08284,18.1138,0.07974761,0.0648,91.9158671,18.6255567,0.8914286,t17_f5_c3,18.1626,0.0863,True,False,True,23.12.x,0.0,,0.99999654,562120216.0,ZTF24aablkcg
ztf,60319.40072919987,2565400721615015004,2,2565400721615,19.862276,1,2565,11.755307,18.096312,18.1367,0.06557447,0.0626,91.9157555,18.6256285,0.92714286,t17_f5_c3,18.1593,0.0813,True,False,True,23.12.x,0.0,,1.0,562120216.0,ZTF24aablkcg
ztf,60319.401203699876,2565401201615015003,2,2565401201615,19.841108,1,2565,11.676776,18.047579,17.9748,0.06382341,0.0526,91.915639,18.6255795,0.8814286,t17_f5_c3,17.9505,0.0654,True,False,True,23.12.x,0.0,,0.9999981,562120216.0,ZTF24aablkcg
