tid,mjd,candid,fid,pid,diffmaglim,isdiffpos,nid,distnr,magpsf,magap,sigmapsf,sigmagap,ra,dec,rb,rbversion,magapbig,sigmagapbig,has_stamp,corrected,dubious,step_id_corr,phase,parent_candid,drb,rfid,oid
ztf,60319.14207179984,2565142071815015002,2,2565142071815,19.2469,1,2565,9.05397,18.4157,18.2651,0.112297,0.1213,91.1239587,17.8890632,0.575714,t17_f5_c3,18.1163,0.136,False,False,True,23.12.x,0.0,2.565143481815015e+18,,,ZTF24aabgoks
ztf,60319.14253470022,2565142531815015001,2,2565142531815,19.2509,1,2565,9.1925,18.4508,18.5415,0.112437,0.1613,91.1238824,17.8890563,0.868571,t17_f5_c3,18.5264,0.2042,False,False,True,23.12.x,0.0,2.565143481815015e+18,,,ZTF24aabgoks
ztf,60319.14300929988,2565143001815015001,2,2565143001815,19.1195,1,2565,9.62461,18.4305,18.2532,0.118426,0.1489,91.1237377,17.8890943,0.811429,t17_f5_c3,18.2861,0.197,False,False,True,23.12.x,0.0,2.565143481815015e+18,,,ZTF24aabgoks
ztf,60319.14348379988,2565143481815015001,2,2565143481815,19.385931,1,2565,9.820167,18.507908,18.607,0.12116204,0.1662,91.1236413,17.8890974,0.9085714,t17_f5_c3,18.5578,0.204,True,False,True,23.12.x,0.0,,0.99999976,562120218.0,ZTF24aabgoks
ztf,60319.14395829989,2565143951815015002,2,2565143951815,19.827948,1,2565,9.729102,18.442158,18.4268,0.06931342,0.0939,91.1235442,17.8890692,0.9657143,t17_f5_c3,18.3991,0.1172,True,False,True,23.12.x,0.0,,0.99999964,562120218.0,ZTF24aabgoks
ztf,60319.14442129992,2565144421815015002,2,2565144421815,19.912373,1,2565,9.526725,18.41883,18.3358,0.072522886,0.0841,91.1234114,17.8890668,0.8157143,t17_f5_c3,18.2279,0.0972,True,False,True,23.12.x,0.0,,0.94379014,562120218.0,ZTF24aabgoks
ztf,60319.144895799924,2565144891815015004,2,2565144891815,19.779497,1,2565,9.367642,18.44272,18.2886,0.07334565,0.0932,91.1233035,17.8890665,0.94285715,t17_f5_c3,18.3211,0.1227,True,False,True,23.12.x,0.0,,0.9999999,562120218.0,ZTF24aabgoks
ztf,60319.145370400045,2565145371815015001,2,2565145371815,19.818235,1,2565,9.218093,18.416494,18.3969,0.07455204,0.0943,91.1231661,17.8890605,0.95857143,t17_f5_c3,18.3481,0.1153,True,False,True,23.12.x,0.0,,0.9999999,562120218.0,ZTF24aabgoks
