tid,mjd,candid,fid,pid,diffmaglim,isdiffpos,nid,distnr,magpsf,magpsf_corr,magap,sigmapsf,sigmapsf_corr,sigmapsf_corr_ext,sigmagap,ra,dec,rb,rbversion,drb,magapbig,sigmagapbig,rfid,has_stamp,corrected,dubious,step_id_corr,phase,parent_candid,oid
ztf,61065.570462999865,3311570462315015039,2,3311570462315,18.62707,1,3311,0.14583452,14.514764,13.880998,14.5038,0.022009129,0.0028619987,0.012277122,0.0073,269.7439056,-15.2118562,0.5642857,t17_f5_c3,0.9999961,14.5159,0.0091,1375120223.0,True,True,False,27.5.7a32.dev1,0.0,,ZTF24aarwsmu
ztf,61079.56107639987,3325561072315015052,2,3325561072315,18.973667,1,3325,0.21660556,14.184628,13.68465,14.1382,0.020078493,0.007824648,0.012668945,0.0041,269.7438878,-15.2118878,0.5285714,t17_f5_c3,0.9999319,14.1387,0.0049,1375120223.0,True,True,False,27.5.7a32.dev1,0.0,,ZTF24aarwsmu
ztf,61080.56074069999,3326560742315015037,2,3326560742315,19.495052,1,3326,0.17210351,14.211698,13.701653,14.2151,0.023445532,0.010601379,0.014656898,0.0043,269.7438922,-15.2118735,0.7157143,t17_f5_c3,0.9999999,14.2336,0.0053,1375120223.0,True,True,False,27.5.7a32.dev1,0.0,,ZTF24aarwsmu
ztf,61081.56089119986,3327560892315015024,2,3327560892315,18.64018,1,3327,0.073962554,14.214409,13.703346,14.2303,0.026518263,0.013097847,0.016562283,0.0076,269.7438923,-15.2118398,0.72,t17_f5_c3,0.9999946,14.2281,0.0093,1375120223.0,True,True,False,27.5.7a32.dev1,0.0,,ZTF24aarwsmu
ztf,61085.55681709992,3331556812315015037,2,3331556812315,19.8531,1,3331,0.027587,14.2405,13.719569,14.3097,0.037177,0.02058037,0.023009216,0.004,269.743873,-15.2118358,0.607143,t17_f5_c3,,14.2988,0.0048,,False,True,False,27.5.7a32.dev1,0.0,3.347541122315015e+18,ZTF24aarwsmu
ztf,61096.546157400124,3342546152315015042,2,3342546152315,19.032833,1,3342,0.08700889,14.792686,14.027192,14.8342,0.023974415,100.0,0.011845413,0.0103,269.7438933,-15.2118457,0.7714286,t17_f5_c3,0.99999976,14.8593,0.0128,1375120223.0,True,True,False,27.5.7a32.dev1,0.0,,ZTF24aarwsmu
ztf,61101.54112270009,3347541122315015027,2,3347541122315,18.607399,1,3347,0.103797026,15.360962,14.271286,15.4997,0.028285563,100.0,0.010367983,0.0202,269.7438854,-15.2118559,0.67,t17_f5_c3,0.99999166,15.5664,0.0267,1375120223.0,True,True,False,27.5.7a32.dev1,0.0,,ZTF24aarwsmu
