tid,mjd,candid,fid,pid,diffmaglim,isdiffpos,nid,distnr,magpsf,magap,sigmapsf,sigmagap,ra,dec,rb,rbversion,magapbig,sigmagapbig,has_stamp,corrected,dubious,step_id_corr,phase,parent_candid,drb,rfid,oid
ztf,60319.14064810006,2565140644915015019,2,2565140644915,19.441,1,2565,6.47139,18.6287,18.6493,0.116476,0.1454,90.8879569,22.5478214,0.664286,t17_f5_c3,18.5982,0.1777,False,False,True,23.12.x,0.0,2.565142074915015e+18,,,ZTF24aabgpdq
ztf,60319.14112270018,2565141124915015015,2,2565141124915,19.5516,1,2565,6.64272,18.7268,18.7481,0.142421,0.1449,90.8879037,22.5478169,0.69,t17_f5_c3,18.7465,0.1853,False,False,True,23.12.x,0.0,2.565142074915015e+18,,,ZTF24aabgpdq
ztf,60319.141597200185,2565141594915015011,2,2565141594915,19.4866,1,2565,7.04815,18.6772,18.699,0.12563,0.1527,90.8877817,22.5478298,0.785714,t17_f5_c3,18.9231,0.2402,False,False,True,23.12.x,0.0,2.565143484915015e+18,,,ZTF24aabgpdq
ztf,60319.14207179984,2565142074915015003,2,2565142074915,18.982107,1,2565,7.3445807,18.896753,19.1406,0.1839676,0.3366,90.8877154,22.5479299,0.6342857,t17_f5_c3,19.0271,0.3891,True,False,True,23.12.x,0.0,,0.99980354,562120249.0,ZTF24aabgpdq
ztf,60319.14253470022,2565142534915015009,2,2565142534915,18.88868,1,2565,7.7873125,18.704355,18.6844,0.16242307,0.2531,90.8875805,22.5479519,0.5957143,t17_f5_c3,18.7382,0.3412,True,False,True,23.12.x,0.0,,0.9999659,562120249.0,ZTF24aabgpdq
ztf,60319.14300929988,2565143004915015054,2,2565143004915,19.45168,1,2565,8.253873,18.555122,18.5574,0.1233411,0.1439,90.8874196,22.5479041,0.7785714,t17_f5_c3,18.5114,0.1768,True,False,True,23.12.x,0.0,,0.99999416,562120249.0,ZTF24aabgpdq
ztf,60319.14348379988,2565143484915015008,2,2565143484915,19.699144,1,2565,8.395875,18.616577,18.7841,0.10518559,0.1447,90.8873758,22.5478891,0.9014286,t17_f5_c3,18.6036,0.1571,True,False,True,23.12.x,0.0,,0.99998975,562120249.0,ZTF24aabgpdq
ztf,60319.14395829989,2565143954915015004,2,2565143954915,19.4891,1,2565,8.80493,18.6938,18.7245,0.103504,0.1679,90.8872529,22.547925,0.891429,t17_f5_c3,18.9005,0.2531,False,False,True,23.12.x,0.0,2.565144424915015e+18,,,ZTF24aabgpdq
ztf,60319.14442129992,2565144424915015021,2,2565144424915,19.807688,1,2565,9.097018,18.576624,18.7411,0.0839959,0.13,90.8871732,22.5479688,0.91,t17_f5_c3,18.8299,0.1804,True,False,True,23.12.x,0.0,,0.99999976,562120249.0,ZTF24aabgpdq
