tid,mjd,candid,fid,pid,diffmaglim,isdiffpos,nid,distnr,magpsf,magap,sigmapsf,sigmagap,ra,dec,rb,rbversion,magapbig,sigmagapbig,has_stamp,corrected,dubious,step_id_corr,phase,parent_candid,magpsf_corr,sigmapsf_corr,sigmapsf_corr_ext,drb,rfid,oid
ztf,60317.288310199976,2563288310815015011,2,2563288310815,20.0875,1,2563,2.48416,18.7951,18.7944,0.105083,0.0928,95.23257,16.5410075,0.79,t17_f5_c3,18.7677,0.1154,False,False,False,23.12.x,0.0,2.563290190815015e+18,,,,,,ZTF24aaaxqnw
ztf,60317.28878469998,2563288780815015014,2,2563288780815,20.1053,1,2563,2.20819,18.7837,18.7286,0.111318,0.0876,95.2324913,16.5410403,0.834286,t17_f5_c3,18.7554,0.1145,False,False,True,23.12.x,0.0,2.563290670815015e+18,,,,,,ZTF24aaaxqnw
ztf,60317.2892593001,2563289250815015013,2,2563289250815,20.1072,1,2563,2.00399,18.7154,18.7423,0.095045,0.0882,95.2323925,16.541032,0.848571,t17_f5_c3,18.7957,0.118,False,False,False,23.12.x,0.0,2.563291130815015e+18,,,,,,ZTF24aaaxqnw
ztf,60317.28972220002,2563289720815015013,2,2563289720815,20.0621,1,2563,1.64941,18.7853,18.8368,0.091956,0.0965,95.2322839,16.5410784,0.831429,t17_f5_c3,18.8508,0.1246,False,False,False,23.12.x,0.0,2.563291130815015e+18,,,,,,ZTF24aaaxqnw
ztf,60317.29019680014,2563290190815015014,2,2563290190815,20.0375,1,2563,1.47883,18.6727,18.692,0.096498,0.0849,95.2321742,16.5410767,0.764286,t17_f5_c3,18.7563,0.1146,False,False,True,23.12.x,0.0,2.563290670815015e+18,,,,,,ZTF24aaaxqnw
ztf,60317.29067130014,2563290670815015016,2,2563290670815,20.01145,1,2563,1.2409782,18.645512,18.7883,0.08854979,0.0925,95.2321143,16.5411304,0.76285714,t17_f5_c3,18.8268,0.122,True,True,False,23.12.x,0.0,,18.415993,0.07127069,0.071677074,0.9999969,563120208.0,ZTF24aaaxqnw
ztf,60317.291134300176,2563291130815015013,2,2563291130815,20.025036,1,2563,1.4797832,18.76454,18.6882,0.10330915,0.0841,95.2319867,16.5410525,0.64,t17_f5_c3,18.6918,0.1075,True,False,False,23.12.x,0.0,,,,,0.9999997,563120208.0,ZTF24aaaxqnw
ztf,60317.29160880018,2563291600815015014,2,2563291600815,20.0705,1,2563,1.26719,18.6818,18.6939,0.097961,0.085,95.2319179,16.541125,0.805714,t17_f5_c3,18.6669,0.1056,False,True,False,23.12.x,0.0,2.563292070815015e+18,18.445274,0.07839472,0.078784786,,,ZTF24aaaxqnw
ztf,60317.29207180021,2563292070815015007,2,2563292070815,20.189974,1,2563,1.3168529,18.757132,18.7994,0.08563843,0.0909,95.2318189,16.5411529,0.9085714,t17_f5_c3,18.8351,0.1196,True,True,False,23.12.x,0.0,,18.505442,0.06741305,0.06791919,0.99999976,563120208.0,ZTF24aaaxqnw
