tid,mjd,candid,fid,pid,diffmaglim,isdiffpos,nid,distnr,magpsf,magap,sigmapsf,sigmagap,ra,dec,rb,rbversion,magapbig,sigmagapbig,has_stamp,corrected,dubious,step_id_corr,phase,parent_candid,drb,rfid,oid
ztf,60319.212256900035,2565212252215015018,2,2565212252215,20.1833,1,2565,4.13451,19.046,19.0519,0.104183,0.1188,89.0382373,17.3752086,0.832857,t17_f5_c3,18.8699,0.1285,False,False,False,23.12.x,0.0,2.565213662215015e+18,,,ZTF24aabhxpp
ztf,60319.21271990007,2565212712215015022,2,2565212712215,20.2553,1,2565,4.07602,19.0068,19.0588,0.069912,0.1163,89.0381656,17.3752221,0.92,t17_f5_c3,19.04,0.1461,False,False,False,23.12.x,0.0,2.565213662215015e+18,,,ZTF24aabhxpp
ztf,60319.21319440007,2565213192215015019,2,2565213192215,20.2804,1,2565,4.0472,19.0362,18.9823,0.084258,0.1082,89.0380062,17.3752367,0.684286,t17_f5_c3,18.9988,0.1405,False,False,False,23.12.x,0.0,2.565214602215015e+18,,,ZTF24aabhxpp
ztf,60319.21366900019,2565213662215015021,2,2565213662215,20.22799,1,2565,4.0033493,19.00915,18.908,0.0804399,0.103,89.0378793,17.3752691,0.9014286,t17_f5_c3,18.8841,0.1287,True,False,False,23.12.x,0.0,,0.9999798,562120222.0,ZTF24aabhxpp
ztf,60319.21413190011,2565214132215015020,2,2565214132215,20.271086,1,2565,4.0127215,19.063023,19.0502,0.06556066,0.1162,89.0377796,17.3752904,0.8685714,t17_f5_c3,18.907,0.1303,True,False,False,23.12.x,0.0,,0.9999994,562120222.0,ZTF24aabhxpp
ztf,60319.21460650023,2565214602215015027,2,2565214602215,20.261625,1,2565,4.071591,19.069609,19.0257,0.10098423,0.1135,89.0376429,17.3753216,0.8442857,t17_f5_c3,19.0467,0.148,True,False,False,23.12.x,0.0,,0.9999994,562120222.0,ZTF24aabhxpp
ztf,60319.21508099977,2565215082215015010,2,2565215082215,20.208492,1,2565,4.1526995,19.038733,19.1059,0.090036035,0.1215,89.0375302,17.3753507,0.8842857,t17_f5_c3,19.116,0.1568,True,False,False,23.12.x,0.0,,0.9999222,562120222.0,ZTF24aabhxpp
