tid,mjd,candid,fid,pid,diffmaglim,isdiffpos,nid,distnr,magpsf,magap,sigmapsf,sigmagap,ra,dec,rb,rbversion,magapbig,sigmagapbig,has_stamp,corrected,dubious,step_id_corr,phase,parent_candid,drb,rfid,oid
ztf,60319.16091440013,2565160915415015002,2,2565160915415,19.9314,1,2565,8.69694,19.4108,19.433,0.172306,0.1969,88.5262181,21.6612171,0.777143,t17_f5_c3,19.6191,0.2997,False,False,True,23.12.x,0.0,2.565162785415015e+18,,,ZTF24aabhapw
ztf,60319.16137730004,2565161375415015002,2,2565161375415,19.82,1,2565,8.8367,19.5796,19.2549,0.215407,0.192,88.5262516,21.6611735,0.431429,t17_f5_c3,19.409,0.2838,False,False,True,23.12.x,0.0,2.565162785415015e+18,,,ZTF24aabhapw
ztf,60319.161851900164,2565161855415015001,2,2565161855415,19.9069,1,2565,8.44192,19.4696,19.5983,0.176041,0.2421,88.5260777,21.6613032,0.747143,t17_f5_c3,19.658,0.3279,False,False,True,23.12.x,0.0,2.565163265415015e+18,,,ZTF24aabhapw
ztf,60319.16232640017,2565162325415015004,2,2565162325415,19.9884,1,2565,8.55192,19.435,19.5732,0.15781,0.2257,88.5259537,21.6612877,0.761429,t17_f5_c3,19.9989,0.428,False,False,True,23.12.x,0.0,2.565164205415015e+18,,,ZTF24aabhapw
ztf,60319.1627894002,2565162785415015003,2,2565162785415,19.91654,1,2565,8.40051,19.469885,19.9627,0.17575073,0.3314,88.5258819,21.6613412,0.67,t17_f5_c3,19.9569,0.423,True,False,True,23.12.x,0.0,,0.9999989,562120254.0,ZTF24aabhapw
ztf,60319.163263900205,2565163265415015001,2,2565163265415,19.929543,1,2565,8.902521,19.513998,19.4318,0.20481272,0.2097,88.5256953,21.6612373,0.6242857,t17_f5_c3,19.2324,0.2241,True,False,True,23.12.x,0.0,,0.9999975,562120254.0,ZTF24aabhapw
ztf,60319.16373840021,2565163735415015002,2,2565163735415,20.038584,1,2565,8.835107,19.468388,19.6824,0.14296277,0.2525,88.5255772,21.6612914,0.8414286,t17_f5_c3,19.8333,0.372,True,False,True,23.12.x,0.0,,0.9999952,562120254.0,ZTF24aabhapw
ztf,60319.16420139978,2565164205415015002,2,2565164205415,20.034975,1,2565,9.208825,19.394468,19.3528,0.11821949,0.1786,88.5255222,21.6611986,0.82285714,t17_f5_c3,19.3815,0.2351,True,False,True,23.12.x,0.0,,0.99999803,562120254.0,ZTF24aabhapw
