tid,mjd,candid,fid,pid,diffmaglim,isdiffpos,nid,distnr,magpsf,magap,sigmapsf,sigmagap,ra,dec,rb,rbversion,magapbig,sigmagapbig,has_stamp,corrected,dubious,step_id_corr,phase,parent_candid,drb,rfid,oid
ztf,60319.15807869984,2565158076215015007,2,2565158076215,19.8037,1,2565,7.76523,19.3534,19.5223,0.172469,0.2295,85.0851064,21.560329,0.707143,t17_f5_c3,19.4389,0.2727,False,False,True,23.12.x,0.0,2.565159966215015e+18,,,ZTF24aabgxdn
ztf,60319.15855319984,2565158556215015004,2,2565158556215,19.8367,1,2565,7.64867,19.5601,19.5611,0.181142,0.2232,85.0849965,21.5603136,0.497143,t17_f5_c3,19.5358,0.2796,False,False,True,23.12.x,0.0,2.565160436215015e+18,,,ZTF24aabgxdn
ztf,60319.159027799964,2565159026215015005,2,2565159026215,19.8512,1,2565,7.31573,19.3159,19.0471,0.152005,0.1367,85.0849499,21.5602251,0.478571,t17_f5_c3,18.9266,0.1568,False,False,True,23.12.x,0.0,2.565160436215015e+18,,,ZTF24aabgxdn
ztf,60319.15949069988,2565159496215015005,2,2565159496215,19.8531,1,2565,7.00491,19.5389,19.3054,0.16359,0.1742,85.084936,21.5601389,0.455714,t17_f5_c3,19.1341,0.1907,False,False,True,23.12.x,0.0,2.565160436215015e+18,,,ZTF24aabgxdn
ztf,60319.1599653,2565159966215015007,2,2565159966215,19.854324,1,2565,7.5510516,19.518919,19.4561,0.1825393,0.2121,85.0847134,21.5603091,0.6685714,t17_f5_c3,19.5914,0.3078,True,False,True,23.12.x,0.0,,0.99942696,562120262.0,ZTF24aabgxdn
ztf,60319.160439800005,2565160436215015010,2,2565160436215,19.910542,1,2565,7.0841045,19.643171,19.6752,0.17404239,0.2421,85.08467,21.5601767,0.65,t17_f5_c3,19.903,0.3828,True,False,True,23.12.x,0.0,,0.99984443,562120262.0,ZTF24aabgxdn
ztf,60319.16091440013,2565160916215015007,2,2565160916215,19.81298,1,2565,7.501219,19.593811,19.6842,0.19043562,0.2563,85.0845978,21.5602913,0.58,t17_f5_c3,19.4558,0.2668,True,False,True,23.12.x,0.0,,0.9950851,562120262.0,ZTF24aabgxdn
