tid,mjd,candid,fid,pid,diffmaglim,isdiffpos,nid,distnr,magpsf,magpsf_corr,magap,sigmapsf,sigmapsf_corr,sigmapsf_corr_ext,sigmagap,ra,dec,rb,rbversion,drb,magapbig,sigmagapbig,rfid,has_stamp,corrected,dubious,step_id_corr,phase,parent_candid,oid
ztf,61096.547106499784,3342547105315010004,2,3342547105315,19.112844,-1,3342,0.46200046,17.644905,15.834745,17.8611,0.089575715,100.0,0.016909327,0.1255,271.4137115,-16.9260087,0.7385714,t17_f5_c3,0.99999094,17.9419,0.1713,1324120253.0,True,True,False,27.5.7a32.dev1,0.0,,ZTF20abfammy
ztf,61096.547106499784,3342547105315020004,2,3342547105315,19.1128,-1,3342,0.462,17.6449,15.834747,17.8611,0.089576,100.0,0.016909504,0.1255,271.4137115,-16.9260087,0.738571,t17_f5_c3,,17.9419,0.1713,,False,True,False,27.5.7a32.dev1,0.0,3.35253560531501e+18,ZTF20abfammy
ztf,61099.54354170011,3345543545315010003,2,3345543545315,19.906126,-1,3345,0.36465177,17.610249,15.8414135,17.6989,0.062116098,100.0,0.0121806385,0.0559,271.4137488,-16.9259662,0.8057143,t17_f5_c3,0.99999905,17.6861,0.0688,1324120253.0,True,True,False,27.5.7a32.dev1,0.0,,ZTF20abfammy
ztf,61100.54230319988,3346542305315010003,2,3346542305315,19.338055,-1,3346,0.37128636,17.386671,15.891221,17.4625,0.09311964,0.014103178,0.023488833,0.068,271.4137424,-16.9259953,0.8414286,t17_f5_c3,0.9999999,17.4691,0.0868,1324120253.0,True,True,False,27.5.7a32.dev1,0.0,,ZTF20abfammy
ztf,61101.54159720009,3347541595315010002,2,3347541595315,18.248783,-1,3347,0.5686771,17.52589,15.858753,17.3697,0.12816085,0.020721665,0.027599446,0.1287,271.4136839,-16.9260117,0.70428574,t17_f5_c3,0.9997305,17.439,0.1756,1324120253.0,True,True,False,27.5.7a32.dev1,0.0,,ZTF20abfammy
ztf,61105.53689809982,3351536895315010004,2,3351536895315,19.348093,-1,3351,0.2787578,17.20758,15.941481,17.2416,0.0515492,100.0,0.016061347,0.0552,271.4138078,-16.9260709,0.82285714,t17_f5_c3,1.0,17.2431,0.0701,1324120253.0,True,True,False,27.5.7a32.dev1,0.0,,ZTF20abfammy
ztf,61106.53560189996,3352535605315010004,2,3352535605315,18.743475,-1,3352,0.60293984,17.177454,15.95104,17.3245,0.08057097,0.016854325,0.02603834,0.0627,271.4137913,-16.9261664,0.58285713,t17_f5_c3,0.99999464,17.3642,0.0825,1324120253.0,True,True,False,27.5.7a32.dev1,0.0,,ZTF20abfammy
