tid,mjd,candid,fid,pid,diffmaglim,isdiffpos,nid,distnr,magpsf,magap,sigmapsf,sigmagap,ra,dec,rb,rbversion,magapbig,sigmagapbig,has_stamp,corrected,dubious,step_id_corr,phase,parent_candid,drb,rfid,oid
ztf,60317.47155090002,2563471553515015018,2,2563471553515,19.4824,1,2563,6.82275,16.7998,16.8424,0.040165,0.0235,98.847455,19.1046039,0.65,t17_f5_c3,16.802,0.0285,False,False,True,23.12.x,0.0,2.563472963515015e+18,,,ZTF24aabbvsv
ztf,60317.472025500145,2563472023515015022,2,2563472023515,19.5163,1,2563,7.05918,16.7927,16.8318,0.04015,0.0235,98.8473017,19.1046039,0.665714,t17_f5_c3,16.8289,0.0295,False,False,True,23.12.x,0.0,2.563473433515015e+18,,,ZTF24aabbvsv
ztf,60317.47250000015,2563472503515015048,2,2563472503515,19.4166,1,2563,6.90719,16.7966,16.8277,0.038681,0.0233,98.8472072,19.1047038,0.582857,t17_f5_c3,16.7896,0.0284,False,False,True,23.12.x,0.0,2.563473433515015e+18,,,ZTF24aabbvsv
ztf,60317.47296300018,2563472963515015033,2,2563472963515,19.402527,1,2563,7.180254,16.788326,16.8457,0.04581815,0.0252,98.8470341,19.1047258,0.65,t17_f5_c3,16.8408,0.0316,True,False,True,23.12.x,0.0,,0.9999963,563120235.0,ZTF24aabbvsv
ztf,60317.473437500186,2563473433515015044,2,2563473433515,19.472918,1,2563,6.892676,16.792791,16.8132,0.04560346,0.0237,98.8469265,19.1047943,0.66,t17_f5_c3,16.7984,0.0295,True,False,True,23.12.x,0.0,,0.99999595,563120235.0,ZTF24aabbvsv
ztf,60317.47391200019,2563473913515015022,2,2563473913515,19.4028,1,2563,6.46175,16.8267,16.8553,0.040361,0.0243,98.8467943,19.1048442,0.678571,t17_f5_c3,16.8501,0.0304,False,False,True,23.12.x,0.0,2.563475323515015e+18,,,ZTF24aabbvsv
ztf,60317.474386599846,2563474383515015038,2,2563474383515,19.458328,1,2563,6.0373096,16.790915,16.8223,0.036391333,0.0231,98.8466658,19.1048698,0.67142856,t17_f5_c3,16.8035,0.0286,True,False,True,23.12.x,0.0,,0.9999306,563120235.0,ZTF24aabbvsv
ztf,60317.47484950023,2563474843515015045,2,2563474843515,19.2604,1,2563,5.61983,16.8194,16.8512,0.048936,0.0244,98.846533,19.1049382,0.501429,t17_f5_c3,16.8209,0.03,False,False,True,23.12.x,0.0,2.563475323515015e+18,,,ZTF24aabbvsv
ztf,60317.47532409988,2563475323515015021,2,2563475323515,19.25953,1,2563,5.214405,16.827663,16.8672,0.041899644,0.0251,98.8464035,19.1049862,0.55857146,t17_f5_c3,16.8468,0.0311,True,False,True,23.12.x,0.0,,0.9998193,563120235.0,ZTF24aabbvsv
