tid,mjd,candid,fid,pid,diffmaglim,isdiffpos,nid,distnr,magpsf,magap,sigmapsf,sigmagap,ra,dec,rb,rbversion,magapbig,sigmagapbig,has_stamp,corrected,dubious,step_id_corr,phase,parent_candid,drb,rfid,oid
ztf,60317.17194439983,2563171945115015015,2,2563171945115,19.5825,1,2563,7.98629,18.3556,18.5487,0.093457,0.1057,98.6082615,21.3512553,0.687143,t17_f5_c3,18.531,0.1371,False,False,True,23.12.x,0.0,2.563173835115015e+18,,,ZTF24aaaujge
ztf,60317.17241899995,2563172415115015014,2,2563172415115,19.6149,1,2563,7.83376,18.3596,18.3384,0.096164,0.0898,98.6081891,21.3512603,0.768571,t17_f5_c3,18.2751,0.1115,False,False,True,23.12.x,0.0,2.563173835115015e+18,,,ZTF24aaaujge
ztf,60317.172893499956,2563172895115015012,2,2563172895115,19.6785,1,2563,7.47075,18.3753,18.438,0.083919,0.0941,98.6080556,21.3512422,0.76,t17_f5_c3,18.5338,0.1352,False,False,True,23.12.x,0.0,2.563173835115015e+18,,,ZTF24aaaujge
ztf,60317.17336810008,2563173365115015016,2,2563173365115,19.737,1,2563,7.33857,18.3722,18.4155,0.076027,0.0893,98.6079664,21.3512677,0.85,t17_f5_c3,18.4973,0.1273,False,False,True,23.12.x,0.0,2.563174305115015e+18,,,ZTF24aaaujge
ztf,60317.17383099999,2563173835115015017,2,2563173835115,19.8068,1,2563,7.19521,18.344,18.3669,0.086641,0.0839,98.6078628,21.3512886,0.895714,t17_f5_c3,18.2472,0.0999,False,False,True,23.12.x,0.0,2.563174305115015e+18,,,ZTF24aaaujge
ztf,60317.174305600114,2563174305115015017,2,2563174305115,19.790178,1,2563,6.9807644,18.337158,18.2705,0.0750247,0.0772,98.6077443,21.3512991,0.76,t17_f5_c3,18.3417,0.1089,True,False,True,23.12.x,0.0,,0.99999523,563120251.0,ZTF24aaaujge
