tid,mjd,candid,fid,pid,diffmaglim,isdiffpos,nid,distnr,magpsf,magap,sigmapsf,sigmagap,ra,dec,rb,rbversion,magapbig,sigmagapbig,has_stamp,corrected,dubious,step_id_corr,phase,parent_candid,drb,rfid,oid
ztf,60251.528750000056,2497528741415015011,2,2497528741415,19.6016,1,2497,6.32587,19.23,19.1867,0.159897,0.2631,164.4070222,-13.2115191,0.862857,t17_f5_c3,19.3894,0.4099,False,False,False,1.2.1,0.0,2.497533731415015e+18,,,ZTF23abonmwk
ztf,60251.53125,2497531251415015007,2,2497531251415,19.495,1,2497,6.10028,19.136,19.7991,0.167557,0.4741,164.4070229,-13.2116066,0.657143,t17_f5_c3,19.6391,0.5282,False,False,False,1.2.1,0.0,2.497533731415015e+18,,,ZTF23abonmwk
ztf,60251.533738399856,2497533731415015009,2,2497533731415,19.60499,1,2497,6.2942243,19.067577,18.975,0.14431995,0.2179,164.4070267,-13.2115276,0.82714283,t17_f5_c3,18.8841,0.2592,True,False,False,1.2.1,0.0,,0.9919578,368120214.0,ZTF23abonmwk
ztf,60252.534027799964,2498534021415015013,2,2498534021415,19.59796,1,2498,6.3740354,19.141823,19.5089,0.16598958,0.337,164.4070041,-13.2115179,0.7657143,t17_f5_c3,19.6679,0.5045,True,False,False,1.2.1,0.0,,0.9710504,368120214.0,ZTF23abonmwk
ztf,60252.53651619982,2498536511415015004,2,2498536511415,19.374332,1,2498,6.581916,19.143562,19.2144,0.19897646,0.2614,164.4069904,-13.2114501,0.67285717,t17_f5_c3,18.9937,0.276,True,False,False,1.2.1,0.0,,0.99953055,368120214.0,ZTF23abonmwk
ztf,60253.53469910007,2499534691415015004,2,2499534691415,19.800156,1,2499,6.350257,19.224531,19.3301,0.13874714,0.2621,164.4070025,-13.2115305,0.87857145,t17_f5_c3,19.4775,0.3884,True,False,False,1.2.1,0.0,,0.9992486,368120214.0,ZTF23abonmwk
ztf,60253.53723380016,2499537231415015012,2,2499537231415,19.783154,1,2499,6.3837776,19.129166,19.1695,0.13933025,0.2279,164.4070073,-13.2115119,0.8457143,t17_f5_c3,19.1252,0.2831,True,False,False,1.2.1,0.0,,0.9982742,368120214.0,ZTF23abonmwk
