tid,mjd,candid,fid,pid,diffmaglim,isdiffpos,nid,distnr,magpsf,magap,sigmapsf,sigmagap,ra,dec,rb,rbversion,magapbig,sigmagapbig,has_stamp,corrected,dubious,step_id_corr,phase,parent_candid,drb,rfid,oid
ztf,60319.430405099876,2565430400615015006,2,2565430400615,19.8781,1,2565,6.45471,18.5094,18.481,0.086378,0.0954,88.9031477,15.8541844,0.947143,t17_f5_c3,18.5232,0.1269,False,False,True,23.12.x,0.0,2.565431810615015e+18,,,ZTF24aablvvx
ztf,60319.43087959988,2565430870615015005,2,2565430870615,19.8633,1,2565,6.71179,18.5343,18.4486,0.086602,0.0931,88.903039,15.854238,0.938571,t17_f5_c3,18.3659,0.1103,False,False,True,23.12.x,0.0,2.565431810615015e+18,,,ZTF24aablvvx
ztf,60319.43134259991,2565431340615015005,2,2565431340615,19.8127,1,2565,6.5533,18.4965,18.499,0.091241,0.1011,88.9029596,15.8542541,0.87,t17_f5_c3,18.5143,0.1311,False,False,True,23.12.x,0.0,2.565431810615015e+18,,,ZTF24aablvvx
ztf,60319.43181709992,2565431810615015004,2,2565431810615,19.851522,1,2565,6.507449,18.501923,18.3573,0.07852121,0.0863,88.902856,15.8543311,0.9,t17_f5_c3,18.3469,0.1092,True,False,True,23.12.x,0.0,,0.99999976,562120206.0,ZTF24aablvvx
ztf,60319.43228009995,2565432280615015006,2,2565432280615,19.868542,1,2565,6.3558674,18.439259,18.4252,0.08529908,0.0918,88.9027466,15.8543666,0.9514286,t17_f5_c3,18.4772,0.1229,True,False,True,23.12.x,0.0,,0.99999976,562120206.0,ZTF24aablvvx
ztf,60319.432754599955,2565432750615015005,2,2565432750615,19.868559,1,2565,6.1851707,18.521793,18.4586,0.07392018,0.0951,88.9026324,15.854385,0.9357143,t17_f5_c3,18.422,0.1175,True,False,True,23.12.x,0.0,,0.9999996,562120206.0,ZTF24aablvvx
ztf,60319.433229200076,2565433220615015004,2,2565433220615,19.917597,1,2565,6.159184,18.502905,18.4717,0.07939519,0.0943,88.9025317,15.8544387,0.9514286,t17_f5_c3,18.4557,0.1186,True,False,True,23.12.x,0.0,,0.99999255,562120206.0,ZTF24aablvvx
ztf,60319.43369209999,2565433690615015005,2,2565433690615,19.972548,1,2565,6.080012,18.531517,18.4105,0.076398596,0.0865,88.9024178,15.8544775,0.93285716,t17_f5_c3,18.4184,0.1111,True,False,True,23.12.x,0.0,,0.99999964,562120206.0,ZTF24aablvvx
ztf,60319.43416670011,2565434160615015006,2,2565434160615,20.092587,1,2565,5.9314246,18.51946,18.4138,0.06734436,0.0808,88.9023095,15.8545022,0.9771429,t17_f5_c3,18.4161,0.1031,True,False,True,23.12.x,0.0,,0.9999999,562120206.0,ZTF24aablvvx
