tid,mjd,candid,fid,pid,diffmaglim,isdiffpos,nid,distnr,magpsf,magap,sigmapsf,sigmagap,ra,dec,rb,rbversion,magapbig,sigmagapbig,has_stamp,corrected,dubious,step_id_corr,phase,parent_candid,drb,rfid,oid
ztf,60317.19219909981,2563192193215015000,2,2563192193215,19.9882,1,2563,17.7018,18.7951,18.7735,0.090024,0.1047,99.2339773,20.7333251,0.867143,t17_f5_c3,18.7662,0.133,False,False,True,23.12.x,0.0,2.563193613215015e+18,,,ZTF24aaauwub
ztf,60317.19267359981,2563192673215015000,2,2563192673215,19.956,1,2563,17.3088,18.8991,18.7644,0.111947,0.1042,99.2338478,20.7333317,0.734286,t17_f5_c3,18.6253,0.1173,False,False,True,23.12.x,0.0,2.563193613215015e+18,,,ZTF24aaauwub
ztf,60317.19314809982,2563193143215015000,2,2563193143215,20.1261,1,2563,17.0202,18.8388,18.9283,0.107842,0.1101,99.2337095,20.7334254,0.894286,t17_f5_c3,18.759,0.1205,False,False,True,23.12.x,0.0,2.563193613215015e+18,,,ZTF24aaauwub
ztf,60317.19361109985,2563193613215015000,2,2563193613215,20.08947,1,2563,16.566359,18.923883,18.8594,0.09697356,0.1062,99.2335935,20.7333513,0.8142857,t17_f5_c3,18.8252,0.1315,True,False,True,23.12.x,0.0,,0.9999987,563120232.0,ZTF24aaauwub
ztf,60317.194085599855,2563194083215015000,2,2563194083215,20.0386,1,2563,16.1586,18.8854,18.7697,0.094746,0.0999,99.2334626,20.7333539,0.76,t17_f5_c3,18.7204,0.1222,False,False,True,23.12.x,0.0,2.563195023215015e+18,,,ZTF24aaauwub
ztf,60317.19454859989,2563194543215015000,2,2563194543215,19.9677,1,2563,15.7445,18.9312,18.9604,0.129195,0.1245,99.2333124,20.7333691,0.798571,t17_f5_c3,18.84,0.1427,False,False,True,23.12.x,0.0,2.563195023215015e+18,,,ZTF24aaauwub
ztf,60317.19502309989,2563195023215015000,2,2563195023215,19.981674,1,2563,15.5119295,18.990261,19.0847,0.101568766,0.1371,99.2332176,20.7334025,0.7942857,t17_f5_c3,19.0822,0.175,True,False,True,23.12.x,0.0,,1.0,563120232.0,ZTF24aaauwub
ztf,60317.19549770001,2563195493215015000,2,2563195493215,19.98124,1,2563,15.121993,18.888605,18.8924,0.091820106,0.1169,99.2331024,20.7333727,0.80142856,t17_f5_c3,18.8765,0.1475,True,False,True,23.12.x,0.0,,0.9999977,563120232.0,ZTF24aaauwub
ztf,60317.19596059993,2563195963215015000,2,2563195963215,20.01526,1,2563,14.5704155,18.897749,18.7408,0.09610176,0.0981,99.2329175,20.7333768,0.72,t17_f5_c3,18.6675,0.1173,True,False,True,23.12.x,0.0,,0.99996126,563120232.0,ZTF24aaauwub
