tid,mjd,candid,fid,pid,diffmaglim,isdiffpos,nid,distnr,magpsf,magap,sigmapsf,sigmagap,ra,dec,rb,rbversion,magapbig,sigmagapbig,has_stamp,corrected,dubious,step_id_corr,phase,parent_candid,drb,rfid,oid
ztf,60317.208217599895,2563208212215015013,2,2563208212215,20.1448,1,2563,3.9092,18.5796,18.6627,0.071335,0.0853,96.1476876,17.5891919,0.945714,t17_f5_c3,18.6419,0.1068,False,False,False,23.12.x,0.0,2.563209622215015e+18,,,ZTF24aaavfrf
ztf,60317.20868059993,2563208682215015006,2,2563208682215,19.9796,1,2563,4.16893,18.6183,18.5883,0.085633,0.0903,96.1475873,17.5891982,0.901429,t17_f5_c3,18.6039,0.1171,False,False,False,23.12.x,0.0,2.563210092215015e+18,,,ZTF24aaavfrf
ztf,60317.20915509993,2563209152215015006,2,2563209152215,20.0233,1,2563,4.41059,18.6078,18.603,0.069754,0.086,96.1474811,17.5892353,0.928571,t17_f5_c3,18.5884,0.1085,False,False,True,23.12.x,0.0,2.563210562215015e+18,,,ZTF24aaavfrf
ztf,60317.209629599936,2563209622215015010,2,2563209622215,20.0881,1,2563,4.8382,18.7052,18.6782,0.084248,0.089,96.1473435,17.5892153,0.93,t17_f5_c3,18.5983,0.1057,False,False,True,23.12.x,0.0,2.563210562215015e+18,,,ZTF24aaavfrf
ztf,60317.21009259997,2563210092215015009,2,2563210092215,20.1613,1,2563,5.17886,18.6302,18.6756,0.067489,0.0855,96.1472119,17.5892539,0.964286,t17_f5_c3,18.6646,0.1083,False,False,True,23.12.x,0.0,2.563210562215015e+18,,,ZTF24aaavfrf
ztf,60317.21056709997,2563210562215015006,2,2563210562215,20.150133,1,2563,5.4612007,18.653234,18.6711,0.078116946,0.0865,96.1471202,17.5892556,0.9342857,t17_f5_c3,18.7266,0.1163,True,False,True,23.12.x,0.0,,0.9999998,563120222.0,ZTF24aaavfrf
ztf,60317.211041700095,2563211042215015008,2,2563211042215,20.097015,1,2563,5.796786,18.64408,18.7328,0.066422716,0.0938,96.1470074,17.5892633,0.92142856,t17_f5_c3,18.8159,0.1296,True,False,True,23.12.x,0.0,,0.99999994,563120222.0,ZTF24aaavfrf
ztf,60317.21150460001,2563211502215015010,2,2563211502215,20.213152,1,2563,6.2708683,18.703255,18.6871,0.073511176,0.0842,96.1468675,17.5892464,0.92285717,t17_f5_c3,18.8318,0.1229,True,False,True,23.12.x,0.0,,0.9999999,563120222.0,ZTF24aaavfrf
