tid,mjd,candid,fid,pid,diffmaglim,isdiffpos,nid,distnr,magpsf,magap,sigmapsf,sigmagap,ra,dec,rb,rbversion,magapbig,sigmagapbig,has_stamp,corrected,dubious,step_id_corr,phase,parent_candid,drb,rfid,oid
ztf,60319.151481499895,2565151483115015003,2,2565151483115,19.7869,1,2565,16.5249,18.5263,18.593,0.087595,0.1044,85.9166354,17.7678058,0.905714,t17_f5_c3,18.6086,0.1354,False,False,True,23.12.x,0.0,2.565153363115015e+18,,,ZTF24aabgwho
ztf,60319.1519559999,2565151953115015005,2,2565151953115,19.4268,1,2565,16.5906,18.5062,18.4431,0.089973,0.1335,85.9165613,17.7678596,0.881429,t17_f5_c3,18.4648,0.1743,False,False,True,23.12.x,0.0,2.565153843115015e+18,,,ZTF24aabgwho
ztf,60319.15241899993,2565152413115015003,2,2565152413115,19.311928,1,2565,16.3905,18.499664,18.5977,0.107348695,0.1783,85.9164708,17.7678919,0.86,t17_f5_c3,18.853,0.2887,True,False,True,23.12.x,0.0,,0.9999996,562120231.0,ZTF24aabgwho
ztf,60319.15289349994,2565152893115015003,2,2565152893115,18.928205,1,2565,16.303352,18.547651,18.8949,0.16474332,0.2998,85.9164203,17.7679607,0.6642857,t17_f5_c3,18.8571,0.3716,True,False,True,23.12.x,0.0,,0.9999962,562120231.0,ZTF24aabgwho
ztf,60319.15336810006,2565153363115015004,2,2565153363115,18.982433,1,2565,15.845281,18.52538,18.73,0.16075347,0.254,85.9162753,17.7679653,0.6614286,t17_f5_c3,18.5347,0.2725,True,False,True,23.12.x,0.0,,0.99999976,562120231.0,ZTF24aabgwho
ztf,60319.15384260006,2565153843115015004,2,2565153843115,19.0023,1,2565,15.432134,18.67661,18.6747,0.13538009,0.2357,85.9161413,17.7679716,0.74142855,t17_f5_c3,18.8458,0.3542,True,False,True,23.12.x,0.0,,0.9999975,562120231.0,ZTF24aabgwho
