tid,mjd,candid,fid,pid,diffmaglim,isdiffpos,nid,distnr,magpsf,magap,sigmapsf,sigmagap,ra,dec,rb,rbversion,magapbig,sigmagapbig,has_stamp,corrected,dubious,step_id_corr,phase,parent_candid,drb,rfid,oid
ztf,60317.4070255002,2563407024915015000,2,2563407024915,19.8997,1,2563,4.31093,19.3792,19.3659,0.152108,0.206,97.8621584,22.6495539,0.757143,t17_f5_c3,19.6064,0.3297,False,False,False,23.12.x,0.0,2.563408914915015e+18,,,ZTF24aabamwb
ztf,60317.407500000205,2563407504915015000,2,2563407504915,19.9255,1,2563,4.41816,19.2468,19.4114,0.141114,0.2011,97.8621683,22.6495849,0.801429,t17_f5_c3,19.4359,0.2641,False,False,False,23.12.x,0.0,2.563408914915015e+18,,,ZTF24aabamwb
ztf,60317.40797450021,2563407974915015000,2,2563407974915,19.8842,1,2563,4.01985,19.3157,19.1986,0.196349,0.1763,97.8619582,22.6495084,0.542857,t17_f5_c3,19.2181,0.2302,False,False,False,23.12.x,0.0,2.563408914915015e+18,,,ZTF24aabamwb
ztf,60317.40843749978,2563408434915015001,2,2563408434915,19.9658,1,2563,4.03522,19.4284,19.2748,0.151073,0.1726,97.8619074,22.6495211,0.622857,t17_f5_c3,18.9801,0.1691,False,False,False,23.12.x,0.0,2.563408914915015e+18,,,ZTF24aabamwb
ztf,60317.40891199978,2563408914915015001,2,2563408914915,19.912113,1,2563,3.806271,19.34494,19.4934,0.16871148,0.2214,97.861745,22.6494606,0.62285715,t17_f5_c3,19.406,0.2624,True,False,False,23.12.x,0.0,,0.99999994,563120249.0,ZTF24aabamwb
ztf,60317.4093865999,2563409384915015000,2,2563409384915,19.9344,1,2563,3.9007769,19.341888,19.4283,0.14483538,0.2117,97.8615895,22.6494722,0.6957143,t17_f5_c3,19.3975,0.264,True,False,False,23.12.x,0.0,,0.9999999,563120249.0,ZTF24aabamwb
ztf,60317.40984949982,2563409844915015001,2,2563409844915,19.824492,1,2563,3.7258515,19.273348,19.0104,0.17305605,0.1569,97.8615638,22.6494184,0.5385714,t17_f5_c3,19.0006,0.1995,True,False,False,23.12.x,0.0,,0.9999996,563120249.0,ZTF24aabamwb
ztf,60317.41032409994,2563410324915015002,2,2563410324915,19.914492,1,2563,3.815791,19.41948,19.4149,0.18340169,0.2011,97.8614158,22.6494057,0.63714284,t17_f5_c3,19.6349,0.3156,True,False,False,23.12.x,0.0,,0.9999748,563120249.0,ZTF24aabamwb
ztf,60317.41079859994,2563410794915015001,2,2563410794915,19.763376,1,2563,4.1368747,19.232117,19.3758,0.18742551,0.2257,97.8613261,22.6494706,0.70714283,t17_f5_c3,19.4361,0.3062,True,False,False,23.12.x,0.0,,1.0,563120249.0,ZTF24aabamwb
