tid,mjd,candid,fid,pid,diffmaglim,isdiffpos,nid,distnr,magpsf,magap,sigmapsf,sigmagap,ra,dec,rb,rbversion,magapbig,sigmagapbig,has_stamp,corrected,dubious,step_id_corr,phase,parent_candid,drb,rfid,oid
ztf,60319.23111109994,2565231110615015003,2,2565231110615,20.0316,1,2565,8.85196,19.6526,19.3684,0.179911,0.1663,88.904872,15.8573721,0.512857,t17_f5_c3,19.3759,0.2146,False,False,True,23.12.x,0.0,2.565232520615015e+18,,,ZTF24aabifuo
ztf,60319.23158559995,2565231580615015002,2,2565231580615,20.099,1,2565,9.33855,19.8457,19.7569,0.200849,0.2352,88.9047362,15.857434,0.662857,t17_f5_c3,19.7225,0.2922,False,False,True,23.12.x,0.0,2.565232520615015e+18,,,ZTF24aabifuo
ztf,60319.23206020007,2565232060615015003,2,2565232060615,20.08451,1,2565,9.597537,19.752838,20.2373,0.18794505,0.3756,88.9045916,15.8574297,0.57714283,t17_f5_c3,19.9571,0.3727,True,False,True,23.12.x,0.0,,0.9999044,562120206.0,ZTF24aabifuo
ztf,60319.232523099985,2565232520615015004,2,2565232520615,20.170237,1,2565,9.858535,19.7181,19.7911,0.14898041,0.2374,88.9045569,15.8574943,0.7814286,t17_f5_c3,19.789,0.3039,True,False,True,23.12.x,0.0,,0.9999966,562120206.0,ZTF24aabifuo
ztf,60319.232997700106,2565232990615015004,2,2565232990615,20.086922,1,2565,10.047229,19.622927,19.7537,0.17396411,0.2383,88.9044392,15.8574975,0.7385714,t17_f5_c3,19.7649,0.3085,True,False,True,23.12.x,0.0,,0.9998708,562120206.0,ZTF24aabifuo
