tid,mjd,candid,fid,pid,diffmaglim,isdiffpos,nid,distnr,magpsf,magpsf_corr,magap,sigmapsf,sigmapsf_corr,sigmapsf_corr_ext,sigmagap,ra,dec,rb,rbversion,drb,magapbig,sigmagapbig,rfid,has_stamp,corrected,dubious,step_id_corr,phase,parent_candid,oid
ztf,61079.560080999974,3325560084515015022,2,3325560084515,18.921463,1,3325,0.19896206,16.61086,14.556576,16.6407,0.07797287,100.0,0.011755182,0.0324,260.6223294,-19.240113,0.70714283,t17_f5_c3,0.9996228,16.5844,0.0379,1323120245.0,True,True,False,27.5.7a32.dev1,0.0,,ZTF26aaftpvx
ztf,61081.55989579996,3327559894515015015,2,3327559894515,18.488668,1,3327,0.32160863,16.771343,14.579303,16.5632,0.07817699,100.0,0.0103815645,0.0584,260.6223493,-19.2399702,0.75142854,t17_f5_c3,0.99997747,16.5627,0.0737,1323120245.0,True,True,False,27.5.7a32.dev1,0.0,,ZTF26aaftpvx
ztf,61093.56766200019,3339567664515015020,2,3339567664515,18.880726,1,3339,0.041385498,16.11105,14.464867,15.9877,0.06314919,100.0,0.013864193,0.0256,260.6223142,-19.2400623,0.56714284,t17_f5_c3,0.9999999,15.956,0.0311,1323120245.0,True,True,False,27.5.7a32.dev1,0.0,,ZTF26aaftpvx
ztf,61096.54516200023,3342545164515015024,2,3342545164515,19.43149,1,3342,0.40835208,16.067417,14.455136,16.0116,0.045089565,100.0,0.01021324,0.0187,260.6223248,-19.2401722,0.72,t17_f5_c3,0.9999988,15.962,0.0215,1323120245.0,True,True,False,27.5.7a32.dev1,0.0,,ZTF26aaftpvx
ztf,61100.54039350012,3346540394515015025,2,3346540394515,19.7983,1,3346,0.217712,16.1027,14.463029,16.0683,0.048055,100.0,0.010613785,0.0147,260.6223299,-19.2401182,0.714286,t17_f5_c3,,16.0746,0.0175,,False,True,False,27.5.7a32.dev1,0.0,3.347539684515015e+18,ZTF26aaftpvx
ztf,61101.53968749987,3347539684515015017,2,3347539684515,18.69408,1,3347,0.5307986,16.108856,14.464385,16.1249,0.04169002,100.0,0.009167343,0.0326,260.6223877,-19.2401938,0.8485714,t17_f5_c3,1.0,16.1,0.0399,1323120245.0,True,True,False,27.5.7a32.dev1,0.0,,ZTF26aaftpvx
