tid,mjd,candid,fid,pid,diffmaglim,isdiffpos,nid,distnr,magpsf,magpsf_corr,magap,sigmapsf,sigmapsf_corr,sigmapsf_corr_ext,sigmagap,ra,dec,rb,rbversion,drb,magapbig,sigmagapbig,rfid,has_stamp,corrected,dubious,step_id_corr,phase,parent_candid,oid
ztf,59048.424918999895,1294424914515015003,2,1294424914515,20.358122,1,1294,0.30258143,20.334564,18.424784,20.0438,0.17860237,100.0,0.030759212,0.3078,26.9263435,-1.1351269,0.9085714,t17_f5_c3,0.9999323,20.0031,0.3762,400120245.0,False,True,False,bulk_1.0.0,0.0,1298437654515015006,ZTF20abmtbap
ztf,59050.4596644002,1296459664515015004,2,1296459664515,20.3914,1,1296,0.255401,20.4229,18.439495,20.5636,0.226475,100.0,0.0364467,0.4617,26.9263304,-1.1351328,0.874286,t17_f5_c3,,20.6815,0.6522,,False,True,False,bulk_1.0.0,0.0,1298437654515015006,ZTF20abmtbap
ztf,59051.423750000075,1297423754515015001,2,1297423754515,20.233383,1,1297,0.21566324,20.168371,18.394287,19.8712,0.2143542,100.0,0.041831035,0.2573,26.9263398,-1.135207,0.91571426,t17_f5_c3,0.9890189,19.731,0.2868,400120245.0,False,True,False,bulk_1.0.0,0.0,1298437654515015006,ZTF20abmtbap
ztf,59052.437650499865,1298437654515015006,2,1298437654515,20.575874,1,1298,0.6213116,20.245707,18.408953,20.2534,0.14229102,100.0,0.026210554,0.3118,26.9264266,-1.1352859,0.93714285,t17_f5_c3,0.9999418,19.994,0.3103,400120245.0,False,True,False,bulk_1.0.0,0.0,1307431944515015005,ZTF20abmtbap
ztf,59054.41952549992,1300419524515015006,2,1300419524515,20.3894,1,1300,0.84956,20.3521,18.427784,20.1631,0.253046,100.0,0.043000452,0.3089,26.926516,-1.1351342,0.897143,t17_f5_c3,,19.9898,0.3332,,False,True,False,bulk_1.0.0,0.0,1307431944515015005,ZTF20abmtbap
ztf,59057.46241899999,1303462414515015004,2,1303462414515,20.299425,1,1303,0.15714599,20.346552,18.42684,20.4211,0.2166889,100.0,0.0369787,0.3873,26.9263286,-1.1352047,0.91,t17_f5_c3,0.9999931,19.9085,0.3066,400120245.0,False,True,False,bulk_1.0.0,0.0,1307431944515015005,ZTF20abmtbap
ztf,59061.43194440007,1307431944515015005,2,1307431944515,20.408228,1,1307,0.49057305,20.266232,18.412704,20.3137,0.2031334,100.0,0.036844335,0.3635,26.9264108,-1.135136,0.95428574,t17_f5_c3,0.9999932,19.996,0.3437,400120245.0,True,True,False,bulk_1.0.0,0.0,0,ZTF20abmtbap
