tid,mjd,candid,fid,pid,diffmaglim,isdiffpos,nid,distnr,magpsf,magpsf_corr,magap,sigmapsf,sigmapsf_corr,sigmapsf_corr_ext,sigmagap,ra,dec,rb,rbversion,drb,magapbig,sigmagapbig,rfid,has_stamp,corrected,dubious,step_id_corr,phase,parent_candid,oid
ztf,61096.54857640015,3342548570715015022,2,3342548570715,19.280092,1,3342,0.25014028,16.066862,15.01052,16.111,0.039774306,0.010032517,0.015033692,0.02,279.5446643,-24.2661913,0.79142857,t17_f5_c3,0.9999996,16.1138,0.0249,1325120207.0,True,True,False,27.5.7a32.dev1,0.0,,ZTF25accidkh
ztf,61099.54545139987,3345545450715015043,2,3345545450715,19.725681,1,3345,0.40801048,16.291218,15.08997,16.3585,0.037228476,0.0025496348,0.012313345,0.0187,279.5447078,-24.2662136,0.7657143,t17_f5_c3,0.99999976,16.358,0.0228,1325120207.0,True,True,False,27.5.7a32.dev1,0.0,,ZTF25accidkh
ztf,61100.54422450019,3346544220715015038,2,3346544220715,19.187992,1,3346,0.21251693,16.260057,15.079564,16.2961,0.05433066,0.013897462,0.018316718,0.0252,279.544662,-24.2661286,0.75,t17_f5_c3,0.9999994,16.2875,0.0314,1325120207.0,True,True,False,27.5.7a32.dev1,0.0,,ZTF25accidkh
ztf,61100.54422450019,3346544220715025038,2,3346544220715,19.188,1,3346,0.212517,16.2601,15.079578,16.2961,0.054331,0.013896862,0.018316364,0.0252,279.544662,-24.2661286,0.75,t17_f5_c3,,16.2875,0.0314,,False,True,False,27.5.7a32.dev1,0.0,3.356531590715015e+18,ZTF25accidkh
ztf,61101.54349539988,3347543490715015278,2,3347543490715,17.973211,1,3347,0.2720831,16.033216,14.99768,16.1614,0.06438214,0.022201132,0.024805654,0.0527,279.5446542,-24.2662115,0.5871429,t17_f5_c3,0.9461771,16.152,0.0667,1325120207.0,True,True,False,27.5.7a32.dev1,0.0,,ZTF25accidkh
ztf,61108.5400231001,3354540020715015020,2,3354540020715,19.138523,1,3354,0.21235734,16.83393,15.24131,16.9383,0.053951442,100.0,0.012443876,0.0471,279.5446648,-24.2661669,0.78571427,t17_f5_c3,0.99996126,16.9004,0.0574,1325120207.0,True,True,False,27.5.7a32.dev1,0.0,,ZTF25accidkh
ztf,61110.53159719985,3356531590715015057,2,3356531590715,18.905416,1,3356,0.3252363,16.857233,15.246641,16.9803,0.059815966,100.0,0.013570019,0.0514,279.5446851,-24.2661965,0.6257143,t17_f5_c3,0.996951,16.9103,0.0609,1325120207.0,True,True,False,27.5.7a32.dev1,0.0,,ZTF25accidkh
