tid,mjd,candid,fid,pid,diffmaglim,isdiffpos,nid,distnr,magpsf,magap,sigmapsf,sigmagap,ra,dec,rb,rbversion,magapbig,sigmagapbig,has_stamp,corrected,dubious,step_id_corr,phase,parent_candid,drb,rfid,oid
ztf,60319.130740699824,2565130740615015068,2,2565130740615,18.6421,1,2565,4.45117,16.3526,16.3626,0.049151,0.0348,88.7566273,15.56187,0.778571,t17_f5_c3,16.3405,0.0432,False,False,False,23.12.x,0.0,2.565132630615015e+18,,,ZTF24aabgkee
ztf,60319.131215299945,2565131210615015223,2,2565131210615,19.152,1,2565,4.18902,16.3845,16.4172,0.034786,0.0263,88.7565273,15.5618545,0.817143,t17_f5_c3,16.4204,0.0332,False,False,False,23.12.x,0.0,2.565132630615015e+18,,,ZTF24aabgkee
ztf,60319.13168979995,2565131680615015142,2,2565131680615,19.4237,1,2565,3.93418,16.357,16.395,0.033595,0.0206,88.7564258,15.5618389,0.842857,t17_f5_c3,16.3708,0.0252,False,False,False,23.12.x,0.0,2.565132630615015e+18,,,ZTF24aabgkee
ztf,60319.132638900075,2565132630615015036,2,2565132630615,19.397026,1,2565,3.507856,16.344276,16.3509,0.046599276,0.019,88.7562275,15.5618061,0.82857144,t17_f5_c3,16.3227,0.0232,True,False,False,23.12.x,0.0,,0.99999774,562120206.0,ZTF24aabgkee
ztf,60319.13310190011,2565133100615015033,2,2565133100615,19.789915,1,2565,3.267331,16.348692,16.3666,0.032831065,0.0152,88.7561118,15.5617954,0.8842857,t17_f5_c3,16.3499,0.0186,True,False,False,23.12.x,0.0,,1.0,562120206.0,ZTF24aabgkee
ztf,60319.13357640011,2565133570615015022,2,2565133570615,19.82234,1,2565,3.1050816,16.372595,16.3816,0.030287823,0.0151,88.7560222,15.5617881,0.88,t17_f5_c3,16.3784,0.0187,True,False,False,23.12.x,0.0,,0.99999976,562120206.0,ZTF24aabgkee
ztf,60319.13405090012,2565134050615015026,2,2565134050615,19.780668,1,2565,2.9482293,16.34644,16.3579,0.037611984,0.0155,88.755922,15.5617814,0.88,t17_f5_c3,16.3459,0.019,True,False,False,23.12.x,0.0,,0.99999976,562120206.0,ZTF24aabgkee
ztf,60319.13451390015,2565134510615015060,2,2565134510615,19.57878,1,2565,2.8500586,16.362091,16.4048,0.028089264,0.0175,88.7558229,15.5617677,0.8257143,t17_f5_c3,16.3993,0.0217,True,False,False,23.12.x,0.0,,0.9999999,562120206.0,ZTF24aabgkee
ztf,60319.134988400154,2565134980615015038,2,2565134980615,19.49382,1,2565,2.7385895,16.360172,16.3969,0.03216312,0.0203,88.755718,15.5617665,0.9014286,t17_f5_c3,16.4104,0.0257,True,False,False,23.12.x,0.0,,1.0,562120206.0,ZTF24aabgkee
