tid,mjd,candid,fid,pid,diffmaglim,isdiffpos,nid,distnr,magpsf,magap,sigmapsf,sigmagap,ra,dec,rb,rbversion,magapbig,sigmagapbig,has_stamp,corrected,dubious,step_id_corr,phase,parent_candid,drb,rfid,oid
ztf,60319.22357639996,2565223572615015002,2,2565223572615,20.0293,1,2565,7.04132,19.2728,19.3427,0.131218,0.1592,87.3504637,17.8036413,0.761429,t17_f5_c3,19.5167,0.2394,False,False,True,23.12.x,0.0,2.565224982615015e+18,,,ZTF24aabickt
ztf,60319.2240394,2565224032615015002,2,2565224032615,19.9618,1,2565,7.13681,19.3602,19.2884,0.121783,0.1511,87.3503662,17.803584,0.627143,t17_f5_c3,19.2521,0.1871,False,False,True,23.12.x,0.0,2.565225462615015e+18,,,ZTF24aabickt
ztf,60319.2245139,2565224512615015004,2,2565224512615,20.1108,1,2565,6.62464,19.2863,19.0948,0.131548,0.1236,87.3501877,17.8036862,0.682857,t17_f5_c3,19.1447,0.1654,False,False,True,23.12.x,0.0,2.565225922615015e+18,,,ZTF24aabickt
ztf,60319.224988400005,2565224982615015005,2,2565224982615,20.012934,1,2565,6.7631106,19.350521,19.2884,0.117474444,0.1482,87.3501473,17.8036426,0.6414286,t17_f5_c3,19.3398,0.1989,True,False,True,23.12.x,0.0,,0.9999599,562120226.0,ZTF24aabickt
ztf,60319.225463000126,2565225462615015003,2,2565225462615,19.953075,1,2565,6.8363767,19.305256,19.3157,0.12766902,0.1549,87.349987,17.8035972,0.5657143,t17_f5_c3,19.1059,0.1636,True,False,True,23.12.x,0.0,,0.9987211,562120226.0,ZTF24aabickt
ztf,60319.22592590004,2565225922615015005,2,2565225922615,19.97541,1,2565,6.802064,19.397226,19.3832,0.1300846,0.1595,87.3498888,17.8035998,0.5928571,t17_f5_c3,19.6085,0.2514,True,False,True,23.12.x,0.0,,0.9999468,562120226.0,ZTF24aabickt
ztf,60319.22640050016,2565226402615015002,2,2565226402615,19.9473,1,2565,6.646145,19.319122,19.3975,0.13325413,0.1664,87.3497976,17.8036415,0.5228571,t17_f5_c3,19.6385,0.266,True,False,True,23.12.x,0.0,,0.9992373,562120226.0,ZTF24aabickt
