tid,mjd,candid,fid,pid,diffmaglim,isdiffpos,nid,distnr,magpsf,magap,sigmapsf,sigmagap,ra,dec,rb,rbversion,magapbig,sigmagapbig,has_stamp,corrected,dubious,step_id_corr,phase,parent_candid,drb,rfid,oid
ztf,60319.29283560021,2565292835515015024,2,2565292835515,20.3622,1,2565,8.80023,17.4154,17.4061,0.041826,0.0267,89.958845,21.0341543,0.948571,t17_f5_c3,17.3771,0.0327,False,False,True,23.12.x,0.0,2.565294245515015e+18,,,ZTF24aabjjkq
ztf,60319.293310199864,2565293315515015024,2,2565293315515,20.411911,1,2565,8.911705,17.421144,17.3978,0.041895304,0.0255,89.9587283,21.0341224,0.94142854,t17_f5_c3,17.3715,0.0312,True,False,True,23.12.x,0.0,,0.99999976,562120255.0,ZTF24aabjjkq
ztf,60319.29378469987,2565293785515015017,2,2565293785515,20.3125,1,2565,8.99023,17.3996,17.431,0.042382,0.0275,89.9586247,21.0340829,0.945714,t17_f5_c3,17.3943,0.0336,False,False,True,23.12.x,0.0,2.565294245515015e+18,,,ZTF24aabjjkq
ztf,60319.2942476999,2565294245515015016,2,2565294245515,20.27006,1,2565,9.105062,17.392033,17.4315,0.04897434,0.0278,89.9585118,21.0340458,0.9342857,t17_f5_c3,17.4235,0.0348,True,False,True,23.12.x,0.0,,0.99999964,562120255.0,ZTF24aabjjkq
ztf,60319.294722199906,2565294725515015024,2,2565294725515,20.372711,1,2565,9.213547,17.393372,17.4178,0.035617318,0.0267,89.9584009,21.0340002,0.94714284,t17_f5_c3,17.3912,0.0328,True,False,True,23.12.x,0.0,,1.0,562120255.0,ZTF24aabjjkq
ztf,60319.29519680003,2565295195515015015,2,2565295195515,20.2805,1,2565,9.35316,17.4124,17.4483,0.037362,0.0277,89.9582941,21.0339648,0.942857,t17_f5_c3,17.4169,0.0339,False,False,True,23.12.x,0.0,2.565295655515015e+18,,,ZTF24aabjjkq
ztf,60319.29565969994,2565295655515015022,2,2565295655515,20.183685,1,2565,9.49063,17.443972,17.397,0.038603477,0.0275,89.9581762,21.0339128,0.9085714,t17_f5_c3,17.3834,0.0342,True,False,True,23.12.x,0.0,,0.9999999,562120255.0,ZTF24aabjjkq
