tid,mjd,candid,fid,pid,diffmaglim,isdiffpos,nid,distnr,magpsf,magap,sigmapsf,sigmagap,ra,dec,rb,rbversion,magapbig,sigmagapbig,has_stamp,corrected,dubious,step_id_corr,phase,parent_candid,drb,rfid,oid
ztf,60319.23393520014,2565233932615015001,2,2565233932615,20.1136,1,2565,5.70752,16.8685,16.8403,0.033011,0.0173,87.1658155,17.9079087,0.871429,t17_f5_c3,16.8295,0.0212,False,False,True,23.12.x,0.0,2.565235342615015e+18,,,ZTF24aabigxs
ztf,60319.23440970015,2565234402615015001,2,2565234402615,20.1264,1,2565,6.0249,16.8581,16.8562,0.034275,0.0176,87.1657096,17.9079077,0.86,t17_f5_c3,16.8613,0.0219,False,False,True,23.12.x,0.0,2.565235822615015e+18,,,ZTF24aabigxs
ztf,60319.2348842998,2565234882615015001,2,2565234882615,20.1276,1,2565,6.38362,16.8475,16.8666,0.034594,0.0175,87.1655945,17.9079078,0.858571,t17_f5_c3,16.8565,0.0214,False,False,True,23.12.x,0.0,2.565235822615015e+18,,,ZTF24aabigxs
ztf,60319.235347200185,2565235342615015002,2,2565235342615,20.190702,1,2565,6.7553015,16.858734,16.8333,0.03197837,0.017,87.1654843,17.9079053,0.8685714,t17_f5_c3,16.8019,0.0205,True,False,True,23.12.x,0.0,,0.9999995,562120226.0,ZTF24aabigxs
ztf,60319.23582179984,2565235822615015001,2,2565235822615,20.1074,1,2565,7.12641,16.860668,16.8125,0.038947634,0.017,87.1653711,17.9078976,0.85,t17_f5_c3,16.7829,0.0204,True,False,True,23.12.x,0.0,,0.99999815,562120226.0,ZTF24aabigxs
ztf,60319.236296299845,2565236292615015001,2,2565236292615,20.134287,1,2565,7.458874,16.848274,16.8443,0.034154456,0.0173,87.1652651,17.907893,0.8642857,t17_f5_c3,16.8488,0.0215,True,False,True,23.12.x,0.0,,0.9999999,562120226.0,ZTF24aabigxs
ztf,60319.23677079985,2565236772615015001,2,2565236772615,20.136442,1,2565,7.7806077,16.84741,16.8146,0.028706415,0.0168,87.1651634,17.9079002,0.86,t17_f5_c3,16.8018,0.0206,True,False,True,23.12.x,0.0,,0.99999976,562120226.0,ZTF24aabigxs
