tid,mjd,candid,fid,pid,diffmaglim,isdiffpos,nid,distnr,magpsf,magap,sigmapsf,sigmagap,ra,dec,rb,rbversion,magapbig,sigmagapbig,has_stamp,corrected,dubious,step_id_corr,phase,parent_candid,drb,rfid,oid
ztf,60319.155729200225,2565155725515015001,2,2565155725515,19.7553,1,2565,6.57406,17.778,17.8515,0.062363,0.0539,89.8848088,21.7328397,0.88,t17_f5_c3,17.7885,0.065,False,False,True,23.12.x,0.0,2.565157615515015e+18,,,ZTF24aabgyqf
ztf,60319.15620370023,2565156205515015000,2,2565156205515,19.706,1,2565,6.89236,17.7785,17.8609,0.064858,0.0644,89.8847235,21.7327983,0.967143,t17_f5_c3,17.817,0.079,False,False,True,23.12.x,0.0,2.565157615515015e+18,,,ZTF24aabgyqf
ztf,60319.1566666998,2565156665515015007,2,2565156665515,19.9001,1,2565,7.21106,17.8066,17.7994,0.050713,0.0495,89.8846247,21.7327839,0.927143,t17_f5_c3,17.783,0.0621,False,False,True,23.12.x,0.0,2.565158555515015e+18,,,ZTF24aabgyqf
ztf,60319.1571411998,2565157145515015001,2,2565157145515,19.7972,1,2565,7.50061,17.7353,17.7713,0.052419,0.0527,89.8845269,21.7327919,0.944286,t17_f5_c3,17.7641,0.0666,False,False,True,23.12.x,0.0,2.565158555515015e+18,,,ZTF24aabgyqf
ztf,60319.157615699805,2565157615515015001,2,2565157615515,19.9316,1,2565,7.88314,17.7936,17.7746,0.053514,0.0455,89.8844155,21.7327587,0.914286,t17_f5_c3,17.7504,0.0565,False,False,True,23.12.x,0.0,2.565158555515015e+18,,,ZTF24aabgyqf
ztf,60319.15807869984,2565158075515015001,2,2565158075515,19.8829,1,2565,8.1096,17.7792,17.7414,0.053454,0.0464,89.8843439,21.7327578,0.91,t17_f5_c3,17.6845,0.056,False,False,True,23.12.x,0.0,2.565158555515015e+18,,,ZTF24aabgyqf
ztf,60319.15855319984,2565158555515015001,2,2565158555515,19.930368,1,2565,8.445334,17.748953,17.72,0.05229291,0.042,89.884244,21.7327404,0.8842857,t17_f5_c3,17.7226,0.0534,True,False,True,23.12.x,0.0,,1.0,562120255.0,ZTF24aabgyqf
ztf,60319.159027799964,2565159025515015000,2,2565159025515,19.934982,1,2565,8.683375,17.798586,17.7578,0.054669484,0.0431,89.8841608,21.7327575,0.88,t17_f5_c3,17.7349,0.0536,True,False,True,23.12.x,0.0,,0.9999999,562120255.0,ZTF24aabgyqf
ztf,60319.15949069988,2565159495515015001,2,2565159495515,19.90022,1,2565,9.0464,17.817852,17.7385,0.07241566,0.0429,89.8840521,21.7327256,0.8542857,t17_f5_c3,17.7277,0.054,True,False,True,23.12.x,0.0,,0.9999982,562120255.0,ZTF24aabgyqf
