tid,mjd,candid,fid,pid,diffmaglim,isdiffpos,nid,distnr,magpsf,magap,sigmapsf,sigmagap,ra,dec,rb,rbversion,magapbig,sigmagapbig,has_stamp,corrected,dubious,step_id_corr,phase,parent_candid,drb,rfid,oid
ztf,60318.234826399945,2564234823315015004,2,2564234823315,20.0087,1,2564,2.32752,19.3801,19.4596,0.136472,0.1965,136.1690133,70.4213465,0.854286,t17_f5_c3,19.1979,0.1981,False,False,True,23.12.x,0.0,2.564237173315015e+18,,,ZTF24aabdzij
ztf,60318.23530089995,2564235303315015005,2,2564235303315,20.0035,1,2564,2.48639,19.4187,19.4233,0.173839,0.1908,136.1688876,70.4213648,0.737143,t17_f5_c3,19.3981,0.2389,False,False,True,23.12.x,0.0,2.564236713315015e+18,,,ZTF24aabdzij
ztf,60318.23576389998,2564235763315015005,2,2564235763315,20.0514,1,2564,2.70093,19.4357,19.5293,0.120677,0.2059,136.1687375,70.4214202,0.845714,t17_f5_c3,19.5271,0.2634,False,False,True,23.12.x,0.0,2.564236233315015e+18,,,ZTF24aabdzij
ztf,60318.236238399986,2564236233315015006,2,2564236233315,20.051008,1,2564,3.3282013,19.33807,19.4129,0.14198756,0.1872,136.1682595,70.4215026,0.87714285,t17_f5_c3,19.4405,0.2461,True,False,True,23.12.x,0.0,,0.9997614,840120233.0,ZTF24aabdzij
ztf,60318.23671300011,2564236713315015008,2,2564236713315,20.1174,1,2564,3.25407,19.5715,19.5384,0.179262,0.2066,136.168274,70.4214375,0.832857,t17_f5_c3,19.5432,0.2659,False,False,True,23.12.x,0.0,2.564237173315015e+18,,,ZTF24aabdzij
ztf,60318.23717590002,2564237173315015009,2,2564237173315,20.120049,1,2564,3.6379151,19.37511,19.4479,0.13580218,0.1909,136.1679987,70.4215144,0.91,t17_f5_c3,19.4163,0.2377,True,False,True,23.12.x,0.0,,0.99662614,840120233.0,ZTF24aabdzij
ztf,60318.237650500145,2564237653315015002,2,2564237653315,20.072563,1,2564,3.8164716,19.449001,19.2259,0.11133266,0.1559,136.1678204,70.4214829,0.68,t17_f5_c3,19.3658,0.2271,True,False,True,23.12.x,0.0,,0.99950707,840120233.0,ZTF24aabdzij
ztf,60318.23812500015,2564238123315015008,2,2564238123315,20.060572,1,2564,4.178475,19.475721,19.6135,0.12219987,0.2263,136.1675991,70.4215993,0.8657143,t17_f5_c3,19.5647,0.2776,True,False,True,23.12.x,0.0,,0.99915683,840120233.0,ZTF24aabdzij
ztf,60318.23858800018,2564238583315015011,2,2564238583315,20.139904,1,2564,4.7465897,19.489492,19.5627,0.14834677,0.21,136.1671153,70.4216153,0.87142855,t17_f5_c3,19.412,0.2344,True,False,True,23.12.x,0.0,,0.998653,840120233.0,ZTF24aabdzij
