tid,mjd,candid,fid,pid,diffmaglim,isdiffpos,nid,distnr,magpsf,magpsf_corr,magap,sigmapsf,sigmapsf_corr,sigmapsf_corr_ext,sigmagap,ra,dec,rb,rbversion,drb,magapbig,sigmagapbig,rfid,has_stamp,corrected,dubious,step_id_corr,phase,parent_candid,oid
ztf,61080.56848380016,3326568484115010020,2,3326568484115,18.86961,-1,3326,0.4705554,18.16446,16.581072,18.4697,0.117475025,100.0,0.027326925,0.2538,280.9788918,-11.8360555,0.76285714,t17_f5_c3,0.97513723,18.5473,0.35,1377120241.0,True,True,False,27.5.7a32.dev1,0.0,,ZTF24abtaejm
ztf,61080.57052080007,3326570524115010018,2,3326570524115,18.729006,-1,3326,0.24676865,18.15306,16.58374,18.3466,0.10754775,100.0,0.025343895,0.2614,280.9789038,-11.8358585,0.66714287,t17_f5_c3,0.99999166,18.2123,0.297,1377120241.0,True,True,False,27.5.7a32.dev1,0.0,,ZTF24abtaejm
ztf,61096.5500115999,3342550014115015015,2,3342550014115,19.553411,1,3342,0.56441647,18.686289,16.234156,18.8394,0.13992326,100.0,0.014622999,0.2039,280.9789054,-11.8360845,0.73142856,t17_f5_c3,1.0,18.7214,0.2343,1377120241.0,True,True,False,27.5.7a32.dev1,0.0,,ZTF24abtaejm
ztf,61096.5500115999,3342550014115025015,2,3342550014115,19.5534,1,3342,0.564416,18.6863,16.234156,18.8394,0.139923,100.0,0.014622835,0.2039,280.9789054,-11.8360845,0.731429,t17_f5_c3,,18.7214,0.2343,,False,True,False,27.5.7a32.dev1,0.0,3.351540254115015e+18,ZTF24abtaejm
ztf,61099.54688660009,3345546884115015020,2,3345546884115,19.91187,1,3345,0.31398806,18.224499,16.175615,18.1216,0.08723909,100.0,0.013217748,0.0802,280.978962,-11.8359993,0.81714284,t17_f5_c3,0.9999969,18.2192,0.1118,1377120241.0,True,True,False,27.5.7a32.dev1,0.0,,ZTF24abtaejm
ztf,61099.54688660009,3345546884115025020,2,3345546884115,19.9119,1,3345,0.313988,18.2245,16.175615,18.1216,0.087239,100.0,0.013217715,0.0802,280.978962,-11.8359993,0.817143,t17_f5_c3,,18.2192,0.1118,,False,True,False,27.5.7a32.dev1,0.0,3.351540254115015e+18,ZTF24abtaejm
ztf,61100.54565969994,3346545654115015026,2,3346545654115,19.486612,1,3346,0.3524797,18.285957,16.184706,18.274,0.09059619,100.0,0.013080046,0.1229,280.9789989,-11.835989,0.79714286,t17_f5_c3,0.9999989,18.2943,0.1605,1377120241.0,True,True,False,27.5.7a32.dev1,0.0,,ZTF24abtaejm
ztf,61105.54025459988,3351540254115015032,2,3351540254115,19.61889,1,3351,0.46594402,18.406256,16.201273,18.3315,0.14932889,100.0,0.019595232,0.1197,280.9790425,-11.8358724,0.70857143,t17_f5_c3,0.9999989,18.4064,0.1644,1377120241.0,True,True,False,27.5.7a32.dev1,0.0,,ZTF24abtaejm
