tid,mjd,candid,fid,pid,diffmaglim,isdiffpos,nid,distnr,magpsf,magap,sigmapsf,sigmagap,ra,dec,rb,rbversion,drb,magapbig,sigmagapbig,rfid,has_stamp,corrected,dubious,step_id_corr,phase,parent_candid,oid
ztf,60319.20613430021,2565206132715015053,2,2565206132715,20.195648,1,2565,10.966171,20.006836,19.6842,0.17463346,0.2086,88.0136942,17.4748516,0.46714285,t17_f5_c3,0.9996822,19.6965,0.2706,562120227.0,True,False,True,23.12.x,0.0,,ZTF24aabhuun
ztf,60319.20659720013,2565206592715015049,2,2565206592715,20.1848,1,2565,10.735,20.2782,20.4871,0.225049,0.4309,88.0136111,17.4749151,0.49,t17_f5_c3,,20.2972,0.4645,,False,False,True,23.12.x,0.0,2.565208482715015e+18,ZTF24aabhuun
ztf,60319.207071799785,2565207072715015052,2,2565207072715,20.273315,1,2565,10.935909,20.122028,20.2196,0.17867629,0.3348,88.0135081,17.4748547,0.6085714,t17_f5_c3,0.9999773,19.8007,0.2922,562120227.0,True,False,True,23.12.x,0.0,,ZTF24aabhuun
ztf,60319.20753470017,2565207532715015036,2,2565207532715,20.278318,1,2565,10.532607,20.012638,19.7004,0.15888488,0.2079,88.013376,17.4748647,0.4157143,t17_f5_c3,0.99998224,19.5056,0.2228,562120227.0,True,False,True,23.12.x,0.0,,ZTF24aabhuun
ztf,60319.208483799826,2565208482715015062,2,2565208482715,20.147148,1,2565,10.101843,19.985271,20.1614,0.173435,0.316,88.0132485,17.4748759,0.53,t17_f5_c3,0.9996735,20.208,0.4232,562120227.0,True,False,True,23.12.x,0.0,,ZTF24aabhuun
