tid,mjd,candid,fid,pid,diffmaglim,isdiffpos,nid,distnr,magpsf,magap,sigmapsf,sigmagap,ra,dec,rb,rbversion,magapbig,sigmagapbig,has_stamp,corrected,dubious,step_id_corr,phase,parent_candid,drb,rfid,oid
ztf,60319.317812500056,2565317813015015035,2,2565317813015,20.3835,1,2565,3.24214,19.1476,19.137,0.098853,0.12,84.9616019,17.1473071,0.947143,t17_f5_c3,19.1315,0.1541,False,False,False,23.12.x,0.0,2.565319693015015e+18,,,ZTF24aabkaji
ztf,60319.31828700006,2565318283015015027,2,2565318283015,20.4146,1,2565,2.9866,19.1629,19.2739,0.092089,0.134,84.9615001,17.147317,0.968571,t17_f5_c3,19.1929,0.1613,False,False,False,23.12.x,0.0,2.565319693015015e+18,,,ZTF24aabkaji
ztf,60319.31875000009,2565318743015015024,2,2565318743015,20.3558,1,2565,2.76012,19.1347,19.1025,0.089417,0.1182,84.9614024,17.1473299,0.955714,t17_f5_c3,19.0381,0.1443,False,False,False,23.12.x,0.0,2.565319693015015e+18,,,ZTF24aabkaji
ztf,60319.3192245001,2565319223015015019,2,2565319223015,20.4111,1,2565,2.4861,19.1464,19.224,0.099561,0.1286,84.9613103,17.1473641,0.962857,t17_f5_c3,19.1727,0.1595,False,False,False,23.12.x,0.0,2.565319693015015e+18,,,ZTF24aabkaji
ztf,60319.31969910022,2565319693015015025,2,2565319693015,20.391258,1,2565,2.4108393,19.14822,19.241,0.10258723,0.1317,84.961203,17.1473388,0.9442857,t17_f5_c3,19.2672,0.1755,True,False,False,23.12.x,0.0,,0.9996418,562120230.0,ZTF24aabkaji
