tid,mjd,candid,fid,pid,diffmaglim,isdiffpos,nid,distnr,magpsf,magap,sigmapsf,sigmagap,ra,dec,rb,rbversion,magapbig,sigmagapbig,has_stamp,corrected,dubious,step_id_corr,phase,parent_candid,drb,rfid,oid
ztf,60319.25842589978,2565258423015015002,2,2565258423015,20.196,1,2565,1.57747,18.8145,18.8785,0.098271,0.1007,85.2732425,17.8723626,0.942857,t17_f5_c3,18.8316,0.1232,False,False,False,23.12.x,0.0,2.565260313015015e+18,,,ZTF24aabitax
ztf,60319.2589004999,2565258903015015001,2,2565258903015,20.2498,1,2565,1.57999,18.8143,18.6801,0.087331,0.0822,85.2731938,17.8723514,0.902857,t17_f5_c3,18.6543,0.1025,False,False,False,23.12.x,0.0,2.565260313015015e+18,,,ZTF24aabitax
ztf,60319.25937499991,2565259373015015001,2,2565259373015,20.2706,1,2565,1.75475,18.8354,18.8044,0.083401,0.0908,85.2730757,17.8723476,0.924286,t17_f5_c3,18.8358,0.1193,False,False,False,23.12.x,0.0,2.565261263015015e+18,,,ZTF24aabitax
ztf,60319.25983799994,2565259833015015003,2,2565259833015,20.2908,1,2565,1.89115,18.8475,18.8669,0.083298,0.0948,85.2729846,17.87233,0.948571,t17_f5_c3,18.8605,0.1204,False,False,False,23.12.x,0.0,2.565261263015015e+18,,,ZTF24aabitax
ztf,60319.260312499944,2565260313015015002,2,2565260313015,20.289227,1,2565,2.0747159,18.839914,18.8369,0.0815933,0.0931,85.2729115,17.872336,0.95714283,t17_f5_c3,18.8667,0.1223,True,False,False,23.12.x,0.0,,0.9999945,562120230.0,ZTF24aabitax
ztf,60319.26078699995,2565260783015015003,2,2565260783015,20.35105,1,2565,2.336786,18.830362,18.7129,0.08988862,0.0809,85.2727965,17.8723218,0.94285715,t17_f5_c3,18.7449,0.1064,True,False,False,23.12.x,0.0,,0.9999999,562120230.0,ZTF24aabitax
ztf,60319.26126160007,2565261263015015002,2,2565261263015,20.364202,1,2565,2.574324,18.803999,18.8708,0.07956473,0.0934,85.2727037,17.8723062,0.97,t17_f5_c3,18.9619,0.1298,True,False,False,23.12.x,0.0,,0.99999505,562120230.0,ZTF24aabitax
ztf,60319.261724499986,2565261723015015001,2,2565261723015,20.398508,1,2565,2.8364437,18.885658,19.0136,0.09094988,0.1041,85.2726102,17.8722944,0.9714286,t17_f5_c3,19.0528,0.1381,True,False,False,23.12.x,0.0,,0.99999696,562120230.0,ZTF24aabitax
ztf,60319.26219910011,2565262193015015002,2,2565262193015,20.373882,1,2565,3.155903,18.828419,18.8658,0.07167214,0.0927,85.2725088,17.8723042,0.9771429,t17_f5_c3,18.7771,0.1093,True,False,False,23.12.x,0.0,,0.99999726,562120230.0,ZTF24aabitax
