tid,mjd,candid,fid,pid,diffmaglim,isdiffpos,nid,distnr,magpsf,magpsf_corr,magap,sigmapsf,sigmapsf_corr,sigmapsf_corr_ext,sigmagap,ra,dec,rb,rbversion,drb,magapbig,sigmagapbig,rfid,has_stamp,corrected,dubious,step_id_corr,phase,oid
ztf,61065.570462999865,3311570464015015003,2,3311570464015,18.821218,1,3311,0.2993469,17.761395,16.098518,17.9551,0.13425529,0.024428373,0.02902558,0.1271,267.6453584,-11.7042606,0.5871429,t17_f5_c3,0.99999946,17.9262,0.1581,1375120240,True,True,False,27.5.7a32.dev1,0.0,ZTF25acanjlj
ztf,61065.57750000013,3311577494015015004,2,3311577494015,18.090435,1,3311,0.22852705,17.757805,16.097742,17.6368,0.15600099,0.029967103,0.033814415,0.183,267.6453457,-11.7041502,0.62857145,t17_f5_c3,0.99885243,17.6618,0.2403,1375120240,True,True,False,27.5.7a32.dev1,0.0,ZTF25acanjlj
ztf,61079.56107639987,3325561074015015003,2,3325561074015,19.243612,1,3325,0.3523417,18.22887,16.183912,17.9778,0.10065792,100.0,0.015306112,0.0856,267.6453952,-11.7041604,0.61714286,t17_f5_c3,0.99978495,17.9506,0.106,1375120240,True,True,False,27.5.7a32.dev1,0.0,ZTF25acanjlj
ztf,61080.56074069999,3326560744015015002,2,3326560744015,19.694595,1,3326,0.49337393,18.0732,16.158754,17.9704,0.099849276,0.0043131276,0.017122474,0.0815,267.6452922,-11.704059,0.78571427,t17_f5_c3,0.9999983,17.9053,0.0973,1375120240,True,True,False,27.5.7a32.dev1,0.0,ZTF25acanjlj
ztf,61085.55681709992,3331556814015015000,2,3331556814015,20.188175,1,3331,0.48325112,18.11249,16.165392,18.2517,0.16575034,0.02197216,0.027581325,0.0751,267.6454284,-11.7042521,0.5057143,t17_f5_c3,0.9973382,18.2097,0.0905,1375120240,True,True,False,27.5.7a32.dev1,0.0,ZTF25acanjlj
ztf,61096.546157400124,3342546154015015019,2,3342546154015,19.167995,1,3342,0.20520578,18.58238,16.230791,18.3757,0.16171566,0.005495702,0.018540291,0.1876,267.6453592,-11.7042066,0.6842857,t17_f5_c3,0.9968016,18.4205,0.249,1375120240,True,True,False,27.5.7a32.dev1,0.0,ZTF25acanjlj
ztf,61099.54306709999,3345543064015015009,2,3345543064015,20.020414,1,3345,0.5265375,19.203575,16.286425,19.1257,0.1819859,100.0,0.012393041,0.1791,267.6453828,-11.7043229,0.6785714,t17_f5_c3,0.99974585,19.1036,0.2215,1375120240,True,True,False,27.5.7a32.dev1,0.0,ZTF25acanjlj
