tid,mjd,candid,fid,pid,diffmaglim,isdiffpos,nid,distnr,magpsf,magap,sigmapsf,sigmagap,ra,dec,rb,rbversion,magapbig,sigmagapbig,has_stamp,corrected,dubious,step_id_corr,phase,parent_candid,drb,rfid,oid
ztf,60317.17478010012,2563174784715015017,2,2563174784715,20.1826,1,2563,6.21219,18.6476,18.6731,0.080069,0.0869,93.4564004,19.5260969,0.91,t17_f5_c3,18.7016,0.1133,False,False,True,23.12.x,0.0,2.563176184715015e+18,,,ZTF24aaaungs
ztf,60317.17524310015,2563175244715015014,2,2563175244715,20.089,1,2563,6.24904,18.7772,18.7922,0.092393,0.1003,93.4562471,19.526098,0.871429,t17_f5_c3,18.7441,0.1222,False,False,True,23.12.x,0.0,2.563176654715015e+18,,,ZTF24aaaungs
ztf,60317.175717600156,2563175714715015014,2,2563175714715,20.1207,1,2563,6.24506,18.6698,18.7365,0.080929,0.0949,93.4561539,19.5261116,0.871429,t17_f5_c3,18.7856,0.1262,False,False,True,23.12.x,0.0,2.563176654715015e+18,,,ZTF24aaaungs
ztf,60317.17618060019,2563176184715015021,2,2563176184715,20.128052,1,2563,6.2863383,18.679642,18.7031,0.086656615,0.0916,93.4560121,19.5261279,0.8757143,t17_f5_c3,18.7311,0.1195,True,False,True,23.12.x,0.0,,0.99999994,563120247.0,ZTF24aaaungs
ztf,60317.17665510019,2563176654715015015,2,2563176654715,20.136257,1,2563,6.2168603,18.696934,18.7948,0.07997511,0.0987,93.4559363,19.5261666,0.88285714,t17_f5_c3,18.7443,0.1199,True,False,True,23.12.x,0.0,,0.9999975,563120247.0,ZTF24aaaungs
ztf,60317.1771296002,2563177124715015019,2,2563177124715,20.135551,1,2563,5.965228,18.64494,18.6456,0.07697475,0.0859,93.4557873,19.5261971,0.89428574,t17_f5_c3,18.6218,0.1071,True,False,True,23.12.x,0.0,,0.99999785,563120247.0,ZTF24aaaungs
ztf,60317.17760419985,2563177604715015016,2,2563177604715,20.091125,1,2563,5.622165,18.70118,18.731,0.095943585,0.0948,93.4556792,19.5262019,0.9071429,t17_f5_c3,18.6541,0.1125,True,False,True,23.12.x,0.0,,0.99999386,563120247.0,ZTF24aaaungs
ztf,60317.17806709977,2563178064715015012,2,2563178064715,19.959082,1,2563,5.2340517,18.66288,18.5876,0.087393366,0.084,93.4555643,19.5262069,0.7171429,t17_f5_c3,18.4652,0.0962,True,False,False,23.12.x,0.0,,0.9999854,563120247.0,ZTF24aaaungs
