tid,mjd,candid,fid,pid,diffmaglim,isdiffpos,nid,distnr,magpsf,magpsf_corr,magap,sigmapsf,sigmapsf_corr,sigmapsf_corr_ext,sigmagap,ra,dec,rb,rbversion,drb,magapbig,sigmagapbig,rfid,has_stamp,corrected,dubious,step_id_corr,phase,oid
ztf,59979.55028939992,2225550281915015000,2,2225550281915,19.150583,1,2225,0.50727415,17.078642,16.726408,17.136,0.03538487,0.020339446,0.025581386,0.0595,285.0667013,17.9557162,0.91571426,t17_f5_c3,1.0,17.1535,0.0773,589120219,True,True,False,1.1.6,0.0,ZTF23aabuuwp
ztf,59979.55280089984,2225552801915015000,2,2225552801915,19.160776,1,2225,0.5111834,17.33535,16.905708,17.3503,0.04199908,0.021551877,0.028273743,0.0709,285.0667084,17.9557301,0.8971428,t17_f5_c3,1.0,17.3112,0.0876,589120219,True,True,False,1.1.6,0.0,ZTF23aabuuwp
ztf,59979.55531249987,2225555311915015000,2,2225555311915,19.146982,1,2225,0.5651002,17.609955,17.082724,17.5532,0.04899239,0.021089563,0.030146452,0.0841,285.0667202,17.9557518,0.8914286,t17_f5_c3,1.0,17.6596,0.1187,589120219,True,True,False,1.1.6,0.0,ZTF23aabuuwp
ztf,59979.5578240999,2225557821915015000,2,2225557821915,19.230513,1,2225,0.49709252,17.844221,17.220804,17.9837,0.059977517,0.023290573,0.03377702,0.1205,285.0667044,17.955725,0.91,t17_f5_c3,1.0,18.1045,0.1725,589120219,True,True,False,1.1.6,0.0,ZTF23aabuuwp
ztf,59979.56033559982,2225560331915015000,2,2225560331915,19.320347,1,2225,0.5002075,17.917503,17.261463,17.9525,0.06092715,0.021532714,0.033296205,0.111,285.0667106,17.9557259,0.9128571,t17_f5_c3,1.0,17.9844,0.1464,589120219,True,True,False,1.1.6,0.0,ZTF23aabuuwp
ztf,60138.371111100074,2384371111915015000,2,2384371111915,20.571875,1,2384,0.5313016,18.820087,17.661993,18.7384,0.07601043,100.0,0.026159862,0.0782,285.066413,17.9556565,0.89285713,t17_f5_c3,0.9993707,18.6219,0.0888,589120219,True,True,False,1.2.0,0.0,ZTF23aabuuwp
ztf,60147.27562499978,2393275621915015000,2,2393275621915,20.721138,1,2393,0.47522753,19.600346,17.872719,19.4586,0.1460983,100.0,0.029757375,0.1313,285.0666964,17.9557126,0.7614286,t17_f5_c3,0.9723067,19.1992,0.1311,589120219,True,True,False,1.2.0,0.0,ZTF23aabuuwp
