tid,mjd,candid,fid,pid,diffmaglim,isdiffpos,nid,distnr,magpsf,magpsf_corr,magap,sigmapsf,sigmapsf_corr,sigmapsf_corr_ext,sigmagap,ra,dec,rb,rbversion,drb,magapbig,sigmagapbig,rfid,has_stamp,corrected,dubious,step_id_corr,phase,parent_candid,oid
ztf,60649.56274309987,2895562743215015030,2,2895562743215,19.025427,1,2895,0.6448443,19.1995,18.196667,18.9764,0.20700957,0.07990088,0.08219732,0.2877,237.9750329,16.4048843,0.83,t17_f5_c3,0.9977224,18.8042,0.3152,1578120232.0,True,True,False,25.0.0,0.0,,ZTF22aamvhmc
ztf,60653.55215279991,2899552153215015007,2,2899552153215,19.5359,1,2899,0.285563,19.3238,18.244333,19.198,0.18969,0.06722975,0.07018726,0.2389,237.9749437,16.4049385,0.795714,t17_f5_c3,,19.0542,0.2681,,False,True,False,25.0.0,0.0,2.905557344515015e+18,ZTF22aamvhmc
ztf,60653.55552079994,2899555523215015009,2,2899555523215,19.5623,1,2899,0.136555,19.2958,18.233889,19.0793,0.16732,0.05966716,0.0629193,0.2162,237.974899,16.4049521,0.935714,t17_f5_c3,,19.0091,0.2596,,False,True,False,25.0.0,0.0,2.905557344515015e+18,ZTF22aamvhmc
ztf,60653.558888900094,2899558883215015006,2,2899558883215,19.4389,1,2899,0.186471,19.4205,18.279118,19.3738,0.165469,0.05395526,0.057831444,0.3029,237.9748219,16.4049611,0.902857,t17_f5_c3,,19.1413,0.3136,,False,True,False,25.0.0,0.0,2.905557344515015e+18,ZTF22aamvhmc
ztf,60659.55398150021,2905553984515015012,2,2905553984515,18.7926,1,2905,0.212774,18.8843,18.099098,18.8337,0.150007,0.07101202,0.07278318,0.3474,237.9749174,16.4050454,0.83,t17_f5_c3,,18.943,0.4935,,False,True,False,25.0.0,0.0,2.905557344515015e+18,ZTF22aamvhmc
ztf,60659.55734949978,2905557344515015009,2,2905557344515,18.755293,1,2905,0.30905774,19.198662,18.240332,19.2682,0.1935647,0.07798431,0.08007442,0.602,237.9749246,16.4049115,0.7828571,t17_f5_c3,0.9386367,18.5081,0.3842,1579120245.0,True,True,False,25.0.0,0.0,,ZTF22aamvhmc
ztf,61020.56422450021,3266564224515015003,2,3266564224515,19.437653,1,3266,0.15063174,18.944906,18.128082,18.5928,0.12917708,0.05862939,0.060877398,0.19,237.9749319,16.4049707,0.87,t17_f5_c3,0.9999956,18.3253,0.1906,1579120245.0,True,True,False,27.5.7a32.dev1,0.0,,ZTF22aamvhmc
ztf,61020.56886570016,3266568864515015006,2,3266568864515,18.919086,1,3266,0.30952787,18.92564,18.118961,18.7587,0.1383698,0.06378345,0.06582176,0.3527,237.9748258,16.4049372,0.8542857,t17_f5_c3,0.99999356,18.8142,0.4769,1579120245.0,True,True,False,27.5.7a32.dev1,0.0,,ZTF22aamvhmc
