tid,mjd,candid,fid,pid,diffmaglim,isdiffpos,nid,distnr,magpsf,magap,sigmapsf,sigmagap,ra,dec,rb,rbversion,magapbig,sigmagapbig,has_stamp,corrected,dubious,step_id_corr,phase,parent_candid,drb,rfid,oid
ztf,60319.15336810006,2565153362615015006,2,2565153362615,18.8995,1,2565,2.76005,19.1283,19.4452,0.22993,0.5322,86.6040558,17.6947109,0.637143,t17_f5_c3,19.1578,0.5248,False,False,False,23.12.x,0.0,2.565157612615015e+18,,,ZTF24aabgxvd
ztf,60319.154305600096,2565154302615015004,2,2565154302615,18.9874,1,2565,2.9414,19.4306,19.6188,0.291577,0.5741,86.6041887,17.6948875,0.53,t17_f5_c3,19.5988,0.724,False,False,False,23.12.x,0.0,2.565156662615015e+18,,,ZTF24aabgxvd
ztf,60319.1566666998,2565156662615015008,2,2565156662615,19.836367,1,2565,2.063323,19.456448,19.1813,0.13618778,0.1861,86.6038024,17.6947075,0.6085714,t17_f5_c3,19.0919,0.2197,True,False,False,23.12.x,0.0,,0.99998367,562120226.0,ZTF24aabgxvd
ztf,60319.157615699805,2565157612615015007,2,2565157612615,19.906216,1,2565,1.7222447,19.537996,19.9945,0.16778074,0.3558,86.6036675,17.6947183,0.5885714,t17_f5_c3,19.8166,0.3878,True,False,False,23.12.x,0.0,,0.99999833,562120226.0,ZTF24aabgxvd
ztf,60319.15855319984,2565158552615015010,2,2565158552615,19.901999,1,2565,1.437066,19.46293,19.2169,0.1693701,0.1697,86.6035807,17.6947581,0.54571426,t17_f5_c3,19.0496,0.1866,True,False,False,23.12.x,0.0,,0.99985385,562120226.0,ZTF24aabgxvd
