tid,mjd,candid,fid,pid,diffmaglim,isdiffpos,nid,distnr,magpsf,magap,sigmapsf,sigmagap,ra,dec,rb,rbversion,magapbig,sigmagapbig,has_stamp,corrected,dubious,step_id_corr,phase,parent_candid,drb,rfid,oid
ztf,60317.42398149986,2563423983215015014,2,2563423983215,20.0206,1,2563,6.33031,19.4319,19.5721,0.1328,0.2145,98.7545588,20.4653533,0.785714,t17_f5_c3,19.4637,0.2495,False,False,True,23.12.x,0.0,2.563425393215015e+18,,,ZTF24aabazsc
ztf,60317.42445599986,2563424453215015020,2,2563424453215,20.0508,1,2563,5.91343,19.2366,19.2038,0.130082,0.1499,98.7544328,20.4653577,0.837143,t17_f5_c3,19.3035,0.2106,False,False,True,23.12.x,0.0,2.563426343215015e+18,,,ZTF24aabazsc
ztf,60317.424930599984,2563424933215015011,2,2563424933215,20.0272,1,2563,5.62403,19.2215,19.1091,0.125005,0.1404,98.7543452,20.4653721,0.835714,t17_f5_c3,18.9998,0.1629,False,False,True,23.12.x,0.0,2.563426343215015e+18,,,ZTF24aabazsc
ztf,60317.4253934999,2563425393215015010,2,2563425393215,20.025179,1,2563,5.146234,19.375189,19.2742,0.13594934,0.1656,98.7542001,20.4653655,0.7271429,t17_f5_c3,19.1498,0.19,True,False,True,23.12.x,0.0,,1.0,563120232.0,ZTF24aabazsc
ztf,60317.42586810002,2563425863215015013,2,2563425863215,20.033749,1,2563,4.762837,19.260157,19.4003,0.11952326,0.1843,98.7540762,20.465419,0.82714283,t17_f5_c3,19.4949,0.2591,True,False,True,23.12.x,0.0,,1.0,563120232.0,ZTF24aabazsc
ztf,60317.426342600025,2563426343215015014,2,2563426343215,20.006807,1,2563,4.526784,19.238874,19.3545,0.11671147,0.1774,98.7540133,20.4653768,0.81285715,t17_f5_c3,19.2866,0.2151,True,False,True,23.12.x,0.0,,0.9999999,563120232.0,ZTF24aabazsc
ztf,60317.42680560006,2563426803215015014,2,2563426803215,19.9497,1,2563,4.09573,19.2007,19.1225,0.128681,0.1494,98.7538859,20.4653516,0.685714,t17_f5_c3,19.3203,0.2314,False,False,True,23.12.x,0.0,2.563427283215015e+18,,,ZTF24aabazsc
ztf,60317.42728010006,2563427283215015014,2,2563427283215,19.967762,1,2563,3.7256997,19.236609,19.0086,0.122673586,0.1344,98.7537659,20.4653865,0.7228571,t17_f5_c3,19.2387,0.2146,True,False,True,23.12.x,0.0,,0.99999976,563120232.0,ZTF24aabazsc
