tid,mjd,candid,fid,pid,diffmaglim,isdiffpos,nid,distnr,magpsf,magap,sigmapsf,sigmagap,ra,dec,rb,rbversion,magapbig,sigmagapbig,has_stamp,corrected,dubious,step_id_corr,phase,parent_candid,drb,rfid,oid
ztf,60319.37906249985,2565379065115015029,2,2565379065115,19.9773,1,2565,7.35649,17.5609,17.5541,0.065407,0.0389,91.9793382,20.9963397,0.932857,t17_f5_c3,17.5598,0.0494,False,False,True,23.12.x,0.0,2.565380475115015e+18,,,ZTF24aablffy
ztf,60319.379525499884,2565379525115015037,2,2565379525115,19.9087,1,2565,7.41898,17.5432,17.5231,0.053885,0.0369,91.9792121,20.9963514,0.898571,t17_f5_c3,17.4878,0.045,False,False,True,23.12.x,0.0,2.565380475115015e+18,,,ZTF24aablffy
ztf,60319.37999999989,2565379995115015026,2,2565379995115,20.0765,1,2565,7.46781,17.5874,17.5653,0.050711,0.0367,91.9790935,20.9963716,0.937143,t17_f5_c3,17.5938,0.0475,False,False,True,23.12.x,0.0,2.565380475115015e+18,,,ZTF24aablffy
ztf,60319.38047449989,2565380475115015031,2,2565380475115,19.95323,1,2565,7.5835524,17.583244,17.5769,0.045542844,0.0402,91.9789522,20.9963789,0.93857145,t17_f5_c3,17.5381,0.0491,True,False,True,23.12.x,0.0,,0.9999995,562120251.0,ZTF24aablffy
ztf,60319.380937499925,2565380935115015029,2,2565380935115,20.078917,1,2565,7.715115,17.534576,17.5492,0.051344816,0.0363,91.9788224,20.9963896,0.9357143,t17_f5_c3,17.5251,0.0448,True,False,True,23.12.x,0.0,,0.99999976,562120251.0,ZTF24aablffy
ztf,60319.38141199993,2565381415115015023,2,2565381415115,19.991446,1,2565,7.8608894,17.553238,17.5637,0.047221083,0.0393,91.9786926,20.9964009,0.93857145,t17_f5_c3,17.6098,0.0518,True,False,True,23.12.x,0.0,,1.0,562120251.0,ZTF24aablffy
ztf,60319.38188660005,2565381885115015036,2,2565381885115,20.084269,1,2565,8.068701,17.569609,17.5502,0.0447403,0.0366,91.9785549,20.9964114,0.92714286,t17_f5_c3,17.5074,0.0444,True,False,True,23.12.x,0.0,,0.99999994,562120251.0,ZTF24aablffy
ztf,60319.38234949997,2565382345115015027,2,2565382345115,20.16393,1,2565,8.201512,17.555048,17.5176,0.044593677,0.0348,91.9784395,20.9964305,0.94285715,t17_f5_c3,17.4818,0.0425,True,False,True,23.12.x,0.0,,1.0,562120251.0,ZTF24aablffy
