tid,mjd,candid,fid,pid,diffmaglim,isdiffpos,nid,distnr,magpsf,magap,sigmapsf,sigmagap,ra,dec,rb,rbversion,magapbig,sigmagapbig,has_stamp,corrected,dubious,step_id_corr,phase,parent_candid,drb,rfid,oid
ztf,60317.15971060004,2563159713215015009,2,2563159713215,19.8078,1,2563,6.04887,19.1977,19.1995,0.136238,0.1705,98.8171553,20.4605323,0.668571,t17_f5_c3,19.0941,0.1985,False,False,True,23.12.x,0.0,2.563161583215015e+18,,,ZTF24aaauesp
ztf,60317.160173600074,2563160173215015009,2,2563160173215,19.8267,1,2563,5.73523,19.2603,19.1223,0.109739,0.1569,98.8170049,20.4605128,0.624286,t17_f5_c3,18.9315,0.1687,False,False,True,23.12.x,0.0,2.563162063215015e+18,,,ZTF24aaauesp
ztf,60317.16064810008,2563160643215015009,2,2563160643215,19.8292,1,2563,5.3528,19.0977,19.0511,0.120793,0.1452,98.8168865,20.4605583,0.664286,t17_f5_c3,19.0666,0.1886,False,False,True,23.12.x,0.0,2.563162533215015e+18,,,ZTF24aaauesp
ztf,60317.1611227002,2563161123215015011,2,2563161123215,19.8212,1,2563,5.10047,19.1414,18.9953,0.111911,0.1415,98.8167846,20.4605699,0.64,t17_f5_c3,19.0073,0.1833,False,False,True,23.12.x,0.0,2.563162063215015e+18,,,ZTF24aaauesp
ztf,60317.161585600115,2563161583215015010,2,2563161583215,19.8083,1,2563,4.92418,19.1631,19.2329,0.137423,0.1707,98.8167157,20.4605794,0.715714,t17_f5_c3,19.1976,0.2117,False,False,True,23.12.x,0.0,2.563162063215015e+18,,,ZTF24aaauesp
ztf,60317.16206019977,2563162063215015006,2,2563162063215,19.891085,1,2563,4.6080165,19.245089,19.129,0.13515663,0.1552,98.8165931,20.4606064,0.7557143,t17_f5_c3,19.1656,0.2056,True,False,True,23.12.x,0.0,,0.99999905,563120232.0,ZTF24aaauesp
ztf,60317.162534699775,2563162533215015011,2,2563162533215,19.82565,1,2563,4.465913,19.32419,19.1969,0.13691035,0.1675,98.8164748,20.460583,0.5928571,t17_f5_c3,19.161,0.2077,True,False,True,23.12.x,0.0,,0.99999106,563120232.0,ZTF24aaauesp
ztf,60317.16299769981,2563162993215015010,2,2563162993215,19.778503,1,2563,4.268041,19.336094,19.3331,0.124768615,0.1885,98.8163132,20.4605699,0.50142854,t17_f5_c3,19.5377,0.2917,True,False,True,23.12.x,0.0,,0.9999969,563120232.0,ZTF24aaauesp
ztf,60317.16347219981,2563163473215015008,2,2563163473215,19.6248,1,2563,4.1999197,19.220274,19.336,0.21653485,0.1915,98.8162184,20.4605556,0.40714285,t17_f5_c3,19.3766,0.255,True,False,True,23.12.x,0.0,,0.99967575,563120232.0,ZTF24aaauesp
