tid,mjd,candid,fid,pid,diffmaglim,isdiffpos,nid,distnr,magpsf,magap,sigmapsf,sigmagap,ra,dec,rb,rbversion,magapbig,sigmagapbig,has_stamp,corrected,dubious,step_id_corr,phase,parent_candid,drb,rfid,oid
ztf,60319.149131900165,2565149132615015001,2,2565149132615,19.8635,1,2565,2.88746,16.8527,16.8695,0.03358,0.0206,87.1853121,17.9081637,0.782857,t17_f5_c3,16.8593,0.0254,False,False,False,23.12.x,0.0,2.565151012615015e+18,,,ZTF24aabgunx
ztf,60319.1495949002,2565149592615015000,2,2565149592615,19.7968,1,2565,2.98154,16.8577,16.8443,0.035498,0.021,87.1851982,17.9081526,0.794286,t17_f5_c3,16.8239,0.0258,False,False,False,23.12.x,0.0,2.565151012615015e+18,,,ZTF24aabgunx
ztf,60319.1500694002,2565150062615015000,2,2565150062615,19.7841,1,2565,3.14161,16.8352,16.8702,0.039846,0.0217,87.1850965,17.9081541,0.81,t17_f5_c3,16.8602,0.0269,False,False,False,23.12.x,0.0,2.565151012615015e+18,,,ZTF24aabgunx
ztf,60319.15101849986,2565151012615015002,2,2565151012615,19.869799,1,2565,3.5725684,16.835783,16.8325,0.042032134,0.0209,87.1848875,17.9081627,0.86,t17_f5_c3,16.8286,0.026,True,False,False,23.12.x,0.0,,0.9999984,562120226.0,ZTF24aabgunx
ztf,60319.151481499895,2565151482615015000,2,2565151482615,19.814583,1,2565,3.82713,16.842205,16.8393,0.039624933,0.0217,87.1847705,17.9081576,0.8485714,t17_f5_c3,16.8303,0.0269,True,False,False,23.12.x,0.0,,0.9999999,562120226.0,ZTF24aabgunx
