tid,mjd,candid,fid,pid,diffmaglim,isdiffpos,nid,distnr,magpsf,magap,sigmapsf,sigmagap,ra,dec,rb,rbversion,magapbig,sigmagapbig,has_stamp,corrected,dubious,step_id_corr,phase,parent_candid,drb,rfid,oid
ztf,60319.309803199954,2565309802315015001,2,2565309802315,20.1526,1,2565,2.18161,19.2062,19.0886,0.128768,0.1346,90.094199,17.8062207,0.778571,t17_f5_c3,19.1697,0.1857,False,False,False,23.12.x,0.0,2.565311212315015e+18,,,ZTF24aabjroz
ztf,60319.31026619999,2565310262315015001,2,2565310262315,20.2785,1,2565,2.12638,19.2154,19.1826,0.095266,0.1347,90.0940578,17.806269,0.918571,t17_f5_c3,19.1748,0.1711,False,False,False,23.12.x,0.0,2.565311672315015e+18,,,ZTF24aabjroz
ztf,60319.31074069999,2565310742315015001,2,2565310742315,20.3127,1,2565,2.13467,19.2054,19.0554,0.091531,0.1189,90.0939538,17.806314,0.847143,t17_f5_c3,19.0316,0.1488,False,False,False,23.12.x,0.0,2.565311672315015e+18,,,ZTF24aabjroz
ztf,60319.31121530011,2565311212315015001,2,2565311212315,20.346945,1,2565,2.2508368,19.251303,19.2306,0.09435864,0.1377,90.0938696,17.8063242,0.89285713,t17_f5_c3,19.1145,0.1585,True,False,False,23.12.x,0.0,,0.9993143,562120223.0,ZTF24aabjroz
ztf,60319.31167820003,2565311672315015002,2,2565311672315,20.273909,1,2565,2.3557336,19.220337,19.2164,0.09451079,0.1399,90.0937826,17.8063562,0.91571426,t17_f5_c3,19.2201,0.1796,True,False,False,23.12.x,0.0,,0.9999957,562120223.0,ZTF24aabjroz
ztf,60319.31215280015,2565312152315015001,2,2565312152315,20.260128,1,2565,2.5383134,19.141409,19.0632,0.08558583,0.1191,90.0936563,17.8064168,0.88,t17_f5_c3,19.0296,0.1477,True,False,False,23.12.x,0.0,,0.9999767,562120223.0,ZTF24aabjroz
ztf,60319.312615700066,2565312612315015005,2,2565312612315,20.358406,1,2565,2.789988,19.227678,19.2005,0.070641235,0.1358,90.0935538,17.8064453,0.9242857,t17_f5_c3,19.1555,0.1669,True,False,False,23.12.x,0.0,,0.99997616,562120223.0,ZTF24aabjroz
ztf,60319.31309030019,2565313092315015003,2,2565313092315,20.369175,1,2565,3.0076065,19.337475,19.4583,0.093243234,0.1688,90.0934459,17.8065158,0.89285713,t17_f5_c3,19.3446,0.195,True,False,False,23.12.x,0.0,,0.9999972,562120223.0,ZTF24aabjroz
ztf,60319.31356480019,2565313562315015001,2,2565313562315,20.312864,1,2565,3.3357387,19.245678,19.3611,0.08483459,0.1593,90.0933381,17.8065258,0.91714287,t17_f5_c3,19.3233,0.1971,True,False,False,23.12.x,0.0,,0.99999464,562120223.0,ZTF24aabjroz
