tid,mjd,candid,fid,pid,diffmaglim,isdiffpos,nid,distnr,magpsf,magpsf_corr,magap,sigmapsf,sigmapsf_corr,sigmapsf_corr_ext,sigmagap,ra,dec,rb,rbversion,drb,magapbig,sigmagapbig,rfid,has_stamp,corrected,dubious,step_id_corr,phase,parent_candid,oid
ztf,61096.547106499784,3342547102615015025,2,3342547102615,19.34673,1,3342,0.27160284,15.738229,14.374214,15.5777,0.06397948,0.01212806,0.018215233,0.0138,269.7279627,-22.280093,0.7542857,t17_f5_c3,0.9999999,15.5571,0.0163,1324120226.0,True,True,False,27.5.7a32.dev1,0.0,,ZTF26aaiewsy
ztf,61096.547106499784,3342547102615025025,2,3342547102615,19.3467,1,3342,0.271603,15.7382,14.374206,15.5777,0.063979,0.012128485,0.01821544,0.0138,269.7279627,-22.280093,0.754286,t17_f5_c3,,15.5571,0.0163,,False,True,False,27.5.7a32.dev1,0.0,3.353534322615015e+18,ZTF26aaiewsy
ztf,61099.54354170011,3345543542615015035,2,3345543542615,19.90147,1,3345,0.16601041,15.68962,14.360152,15.6336,0.031144762,100.0,0.009153722,0.0098,269.7279595,-22.2800509,0.7828571,t17_f5_c3,0.9999996,15.6178,0.0112,1324120226.0,True,True,False,27.5.7a32.dev1,0.0,,ZTF26aaiewsy
ztf,61100.54230319988,3346542302615015038,2,3346542302615,19.483389,1,3346,0.18220139,15.810537,14.394315,15.6826,0.06614482,0.011421244,0.017947618,0.0123,269.7279585,-22.2800615,0.75857145,t17_f5_c3,0.9999999,15.6575,0.0146,1324120226.0,True,True,False,27.5.7a32.dev1,0.0,,ZTF26aaiewsy
ztf,61101.54159720009,3347541592615015021,2,3347541592615,18.384104,1,3347,0.14849843,15.684552,14.35866,15.5745,0.040613525,100.0,0.011976054,0.022,269.7279475,-22.2800591,0.76,t17_f5_c3,0.9999974,15.5355,0.0267,1324120226.0,True,True,False,27.5.7a32.dev1,0.0,,ZTF26aaiewsy
ztf,61105.53689809982,3351536892615015032,2,3351536892615,19.4475,1,3351,0.391389,15.8278,14.398972,15.6629,0.075814,0.014837091,0.020333784,0.0125,269.7279503,-22.2801408,0.657143,t17_f5_c3,,15.6497,0.015,,False,True,False,27.5.7a32.dev1,0.0,3.353534322615015e+18,ZTF26aaiewsy
ztf,61106.53560189996,3352535602615015020,2,3352535602615,18.926012,1,3352,0.62969834,15.576972,14.325814,15.5716,0.043656148,0.0046075713,0.013790567,0.0131,269.7280658,-22.2801389,0.7885714,t17_f5_c3,0.99990046,15.546,0.0156,1324120226.0,True,True,False,27.5.7a32.dev1,0.0,,ZTF26aaiewsy
ztf,61107.53432870004,3353534322615015021,2,3353534322615,18.526567,1,3353,0.3369208,15.492362,14.2983675,15.5325,0.029101321,100.0,0.009689799,0.0132,269.7279788,-22.280105,0.49571428,t17_f5_c3,0.9961496,15.4871,0.0155,1324120226.0,True,True,False,27.5.7a32.dev1,0.0,,ZTF26aaiewsy
