tid,mjd,candid,fid,pid,diffmaglim,isdiffpos,nid,distnr,magpsf,magap,sigmapsf,sigmagap,ra,dec,rb,rbversion,magapbig,sigmagapbig,has_stamp,corrected,dubious,step_id_corr,phase,parent_candid,drb,rfid,oid
ztf,60319.37435190007,2565374355515015026,2,2565374355515,20.2076,1,2565,15.1289,19.6074,19.8139,0.127481,0.2534,90.2348415,21.2924809,0.787143,t17_f5_c3,19.948,0.3673,False,False,True,23.12.x,0.0,2.565375765515015e+18,,,ZTF24aabkzdb
ztf,60319.37481479999,2565374815515015028,2,2565374815515,20.1415,1,2565,15.5849,19.6665,20.1159,0.16858,0.3485,90.2347186,21.2925551,0.698571,t17_f5_c3,20.0531,0.4222,False,False,True,23.12.x,0.0,2.565376225515015e+18,,,ZTF24aabkzdb
ztf,60319.37528940011,2565375285515015022,2,2565375285515,20.0897,1,2565,15.6987,19.7544,19.8998,0.167962,0.2885,90.2346234,21.2925801,0.778571,t17_f5_c3,19.773,0.3295,False,False,True,23.12.x,0.0,2.565376225515015e+18,,,ZTF24aabkzdb
ztf,60319.37576390011,2565375765515015027,2,2565375765515,20.145,1,2565,15.522927,19.626162,19.933,0.14914602,0.2963,90.2344784,21.2925577,0.79571426,t17_f5_c3,19.7006,0.3072,True,False,True,23.12.x,0.0,,0.9999323,562120255.0,ZTF24aabkzdb
ztf,60319.376226900145,2565376225515015024,2,2565376225515,20.11112,1,2565,15.860349,19.586662,19.5111,0.16518848,0.2013,90.2343589,21.2926707,0.81714284,t17_f5_c3,19.2831,0.2094,True,False,True,23.12.x,0.0,,0.9999306,562120255.0,ZTF24aabkzdb
ztf,60319.37670140015,2565376705515015021,2,2565376705515,20.018528,1,2565,15.893248,19.617563,19.5798,0.16246374,0.2285,90.2342578,21.2926937,0.82857144,t17_f5_c3,19.5901,0.296,True,False,True,23.12.x,0.0,,0.99977565,562120255.0,ZTF24aabkzdb
ztf,60319.377175900154,2565377175515015026,2,2565377175515,19.992298,1,2565,15.60764,19.495064,19.4585,0.16676284,0.1989,90.2340957,21.2926328,0.6314286,t17_f5_c3,19.5113,0.2675,True,False,True,23.12.x,0.0,,0.99977744,562120255.0,ZTF24aabkzdb
