tid,mjd,candid,fid,pid,diffmaglim,isdiffpos,nid,distnr,magpsf,magap,sigmapsf,sigmagap,ra,dec,rb,rbversion,magapbig,sigmagapbig,has_stamp,corrected,dubious,step_id_corr,phase,parent_candid,drb,rfid,oid
ztf,60318.29418980004,2564294181915015001,2,2564294181915,20.1168,1,2564,2.9093,17.1193,17.1171,0.035845,0.023,137.9371619,68.0058138,0.931429,t17_f5_c3,17.0881,0.0279,False,False,True,23.12.x,0.0,2.564295591915015e+18,,,ZTF24aabecut
ztf,60318.294652800076,2564294651915015000,2,2564294651915,20.0937,1,2564,3.13981,17.1484,17.138,0.043,0.0232,137.9369082,68.0058659,0.925714,t17_f5_c3,17.1338,0.0288,False,False,True,23.12.x,0.0,2.564296061915015e+18,,,ZTF24aabecut
ztf,60318.29512730008,2564295121915015001,2,2564295121915,20.1333,1,2564,3.50089,17.1277,17.1534,0.040257,0.0234,137.9365887,68.005902,0.898571,t17_f5_c3,17.1296,0.0285,False,False,True,23.12.x,0.0,2.564296061915015e+18,,,ZTF24aabecut
ztf,60318.29559030011,2564295591915015001,2,2564295591915,19.978256,1,2564,3.7974796,17.147438,17.1696,0.04513031,0.0268,137.9363194,68.0059549,0.9357143,t17_f5_c3,17.1635,0.0334,True,False,True,23.12.x,0.0,,0.9999999,840120219.0,ZTF24aabecut
ztf,60318.29606480012,2564296061915015000,2,2564296061915,20.114693,1,2564,4.1350102,17.150827,17.1453,0.04051519,0.0237,137.9360436,68.0059862,0.93857145,t17_f5_c3,17.1033,0.0284,True,False,True,23.12.x,0.0,,0.99999964,840120219.0,ZTF24aabecut
ztf,60318.29653939977,2564296531915015001,2,2564296531915,20.146776,1,2564,4.511855,17.147839,17.1431,0.03738482,0.0232,137.9357341,68.0060466,0.92,t17_f5_c3,17.136,0.0288,True,False,True,23.12.x,0.0,,0.99999845,840120219.0,ZTF24aabecut
ztf,60318.297002300154,2564297001915015000,2,2564297001915,20.08138,1,2564,4.8242154,17.150728,17.1589,0.037836026,0.0238,137.9354928,68.0060683,0.93,t17_f5_c3,17.1116,0.0284,True,False,True,23.12.x,0.0,,0.9999992,840120219.0,ZTF24aabecut
ztf,60318.29747689981,2564297471915015001,2,2564297471915,20.140556,1,2564,5.1608233,17.157763,17.1503,0.038479265,0.0232,137.9352278,68.0061329,0.93142855,t17_f5_c3,17.1353,0.0285,True,False,True,23.12.x,0.0,,0.9999989,840120219.0,ZTF24aabecut
