tid,mjd,candid,fid,pid,diffmaglim,isdiffpos,nid,distnr,magpsf,magap,sigmapsf,sigmagap,ra,dec,rb,rbversion,magapbig,sigmagapbig,has_stamp,corrected,dubious,step_id_corr,phase,parent_candid,drb,rfid,oid
ztf,60319.293310199864,2565293310415015021,2,2565293310415,20.4505,1,2565,4.75855,19.821,20.0727,0.133906,0.3212,90.0409975,16.4963399,0.657143,t17_f5_c3,19.9535,0.3626,False,False,False,23.12.x,0.0,2.565295190415015e+18,,,ZTF24aabjled
ztf,60319.29378469987,2565293780415015016,2,2565293780415,20.407,1,2565,4.61095,19.7628,19.5755,0.146633,0.2051,90.0409474,16.496338,0.621429,t17_f5_c3,19.3901,0.2204,False,False,False,23.12.x,0.0,2.565295190415015e+18,,,ZTF24aabjled
ztf,60319.29519680003,2565295190415015019,2,2565295190415,20.32365,1,2565,3.6392908,19.798185,20.3454,0.14768256,0.3969,90.0406206,16.4963022,0.68857145,t17_f5_c3,20.1661,0.4595,True,False,False,23.12.x,0.0,,0.83359814,562120204.0,ZTF24aabjled
ztf,60319.29565969994,2565295650415015015,2,2565295650415,20.23476,1,2565,3.299649,19.743664,19.7813,0.13442151,0.2451,90.0405154,16.496275,0.80142856,t17_f5_c3,19.8182,0.3437,True,False,False,23.12.x,0.0,,0.9697075,562120204.0,ZTF24aabjled
ztf,60319.296134300064,2565296130415015018,2,2565296130415,20.218296,1,2565,3.2786222,19.778915,19.6554,0.13823171,0.2126,90.0404493,16.4963317,0.67714286,t17_f5_c3,19.4482,0.2421,True,False,False,23.12.x,0.0,,0.9923427,562120204.0,ZTF24aabjled
ztf,60319.29660880007,2565296600415015019,2,2565296600415,20.287075,1,2565,2.707482,19.933947,20.3688,0.13558774,0.3897,90.0402346,16.4962848,0.66571426,t17_f5_c3,19.9895,0.3808,True,False,False,23.12.x,0.0,,0.97945094,562120204.0,ZTF24aabjled
