tid,mjd,candid,fid,pid,diffmaglim,isdiffpos,nid,distnr,magpsf,magap,sigmapsf,sigmagap,ra,dec,rb,rbversion,magapbig,sigmagapbig,has_stamp,corrected,dubious,step_id_corr,phase,parent_candid,drb,rfid,oid
ztf,60319.13168979995,2565131684215015026,2,2565131684215,19.5801,1,2565,6.27534,19.1039,19.0958,0.123453,0.1942,86.9293359,19.2200394,0.637143,t17_f5_c3,19.3075,0.3023,False,False,True,23.12.x,0.0,2.565133574215015e+18,,,ZTF24aabggns
ztf,60319.13216440007,2565132164215015029,2,2565132164215,19.5235,1,2565,6.06067,19.003,19.0431,0.131064,0.1885,86.9292047,19.2201428,0.642857,t17_f5_c3,19.219,0.2838,False,False,True,23.12.x,0.0,2.565133574215015e+18,,,ZTF24aabggns
ztf,60319.132638900075,2565132634215015024,2,2565132634215,19.7458,1,2565,6.07219,19.0505,19.0358,0.11176,0.149,86.9292012,19.2201402,0.66,t17_f5_c3,19.023,0.1886,False,False,True,23.12.x,0.0,2.565133574215015e+18,,,ZTF24aabggns
ztf,60319.13310190011,2565133104215015031,2,2565133104215,19.7827,1,2565,6.46023,18.8985,18.9274,0.110064,0.141,86.9290278,19.2200885,0.802857,t17_f5_c3,18.9135,0.1783,False,False,True,23.12.x,0.0,2.565133574215015e+18,,,ZTF24aabggns
ztf,60319.13357640011,2565133574215015024,2,2565133574215,19.797356,1,2565,6.221198,18.934307,18.8331,0.114711806,0.1284,86.9289961,19.2201772,0.6757143,t17_f5_c3,18.9046,0.1755,True,False,True,23.12.x,0.0,,0.99974054,562120242.0,ZTF24aabggns
ztf,60319.13405090012,2565134054215015025,2,2565134054215,19.69716,1,2565,6.6314654,19.01464,19.1651,0.12923494,0.1943,86.9288375,19.2201253,0.72571427,t17_f5_c3,19.4111,0.3123,True,False,True,23.12.x,0.0,,0.9982527,562120242.0,ZTF24aabggns
ztf,60319.13451390015,2565134514215015018,2,2565134514215,19.332264,1,2565,6.5212617,18.979467,19.0915,0.18999657,0.2321,86.9287554,19.2202081,0.51857144,t17_f5_c3,19.1455,0.3128,True,False,True,23.12.x,0.0,,0.9553358,562120242.0,ZTF24aabggns
ztf,60319.134988400154,2565134984215015015,2,2565134984215,19.369404,1,2565,6.816022,18.77817,18.9112,0.13883615,0.2091,86.9286503,19.2201552,0.7728571,t17_f5_c3,18.8353,0.2504,True,False,True,23.12.x,0.0,,0.9995115,562120242.0,ZTF24aabggns
