tid,mjd,candid,fid,pid,diffmaglim,isdiffpos,nid,distnr,magpsf,magap,sigmapsf,sigmagap,ra,dec,rb,rbversion,magapbig,sigmagapbig,has_stamp,corrected,dubious,step_id_corr,phase,parent_candid,drb,rfid,oid
ztf,60317.3104514,2563310451915015019,2,2563310451915,19.9989,1,2563,6.31881,19.3232,19.2552,0.145448,0.1457,98.7312038,17.4713894,0.715714,t17_f5_c3,19.2841,0.1914,False,False,True,23.12.x,0.0,2.563311861915015e+18,,,ZTF24aaayeze
ztf,60317.310914400034,2563310911915015017,2,2563310911915,19.9411,1,2563,6.45391,19.1414,19.2784,0.125169,0.1582,98.7309869,17.4714083,0.684286,t17_f5_c3,19.2404,0.1955,False,False,True,23.12.x,0.0,2.563312801915015e+18,,,ZTF24aaayeze
ztf,60317.31138890004,2563311381915015019,2,2563311381915,20.0874,1,2563,6.67277,19.399,19.2215,0.145391,0.141,98.730914,17.4713319,0.617143,t17_f5_c3,19.2051,0.1777,False,False,True,23.12.x,0.0,2.563312801915015e+18,,,ZTF24aaayeze
ztf,60317.31186340004,2563311861915015020,2,2563311861915,20.043604,1,2563,6.690395,19.254515,19.5463,0.16165979,0.1943,98.7307872,17.4713066,0.7385714,t17_f5_c3,19.748,0.2994,True,False,True,23.12.x,0.0,,0.99999917,563120219.0,ZTF24aaayeze
ztf,60317.312326400075,2563312321915015019,2,2563312321915,20.0748,1,2563,6.46753,19.2898,19.2222,0.10745,0.1428,98.7306774,17.4713602,0.758571,t17_f5_c3,19.235,0.1848,False,False,True,23.12.x,0.0,2.563312801915015e+18,,,ZTF24aaayeze
ztf,60317.31280090008,2563312801915015017,2,2563312801915,20.057564,1,2563,6.697602,19.2795,19.1051,0.15271589,0.1263,98.7305819,17.4712898,0.61285716,t17_f5_c3,19.1639,0.1705,True,False,True,23.12.x,0.0,,0.9995425,563120219.0,ZTF24aaayeze
ztf,60317.3132755002,2563313271915015027,2,2563313271915,20.024572,1,2563,6.677163,19.22182,19.2466,0.12624967,0.1542,98.7304644,17.4712965,0.7985714,t17_f5_c3,19.3532,0.2178,True,False,True,23.12.x,0.0,,0.99999785,563120219.0,ZTF24aaayeze
ztf,60317.31373840012,2563313731915015020,2,2563313731915,20.08459,1,2563,6.971524,19.247896,19.5192,0.11099798,0.1876,98.7302876,17.4712271,0.7542857,t17_f5_c3,19.6959,0.2828,True,False,True,23.12.x,0.0,,0.9999994,563120219.0,ZTF24aaayeze
ztf,60317.31421299977,2563314211915015023,2,2563314211915,20.012398,1,2563,7.2364273,19.378908,19.5388,0.13209097,0.198,98.7301938,17.4711647,0.6557143,t17_f5_c3,19.9088,0.3573,True,False,True,23.12.x,0.0,,0.9999994,563120219.0,ZTF24aaayeze
