tid,mjd,candid,fid,pid,diffmaglim,isdiffpos,nid,distnr,magpsf,magap,sigmapsf,sigmagap,ra,dec,rb,rbversion,drb,magapbig,sigmagapbig,rfid,has_stamp,corrected,dubious,step_id_corr,phase,parent_candid,magpsf_corr,sigmapsf_corr,sigmapsf_corr_ext,oid
ztf,59188.558252300136,1434558255615015010,2,1434558255615,19.432165,1,1434,1.6537951,19.444328,19.7402,0.21149763,0.4516,198.4541598,-14.0259361,0.7457143,t17_f5_c3,0.9997947,19.5527,0.4873,322120256.0,True,False,False,bulk_1.0.0,0.0,0.0,,,,ZTF20acvfcql
ztf,59215.52267359989,1461522675615015001,2,1461522675615,18.8526,1,1461,2.3513,19.2743,19.1537,0.322072,0.2864,198.4539835,-14.0258301,0.365714,t17_f5_c3,,19.2475,0.4,,False,False,False,bulk_1.0.0,0.0,1.468477255615015e+18,,,,ZTF20acvfcql
ztf,59222.477256900165,1468477255615015014,2,1468477255615,19.862972,1,1468,1.5687295,19.500872,19.9155,0.18368153,0.3928,198.4541509,-14.0259789,0.8314286,t17_f5_c3,0.9761692,19.5621,0.3626,322120256.0,True,False,False,bulk_1.0.0,0.0,0.0,,,,ZTF20acvfcql
ztf,59251.479583300184,1497479585615015015,2,1497479585615,19.8274,1,1497,2.01591,19.9188,19.7295,0.203374,0.2807,198.4541029,-14.0258487,0.572857,t17_f5_c3,,19.7732,0.3723,,False,False,False,correction_0.0.1,0.0,,,,,ZTF20acvfcql
ztf,59253.481875000056,1499481875615015022,2,1499481875615,20.241491,1,1499,2.1138098,19.859653,20.3006,0.18789062,0.405,198.4540809,-14.0258321,0.8314286,t17_f5_c3,0.99999785,20.2446,0.4885,322120256.0,True,False,False,correction_0.0.1,0.0,,,,,ZTF20acvfcql
ztf,59255.41890050005,1501418905615015021,2,1501418905615,20.318178,1,1501,1.8606946,19.77152,20.3877,0.14438032,0.3768,198.45412,-14.0258941,0.82857144,t17_f5_c3,0.99998856,20.3729,0.4702,322120256.0,True,False,False,correction_0.0.1,0.0,,,,,ZTF20acvfcql
ztf,59262.374259300064,1508374255615015033,2,1508374255615,19.999975,1,1508,1.3992418,19.702791,19.727,0.18099855,0.2617,198.4541563,-14.0260543,0.88285714,t17_f5_c3,0.99996233,19.8819,0.3835,322120256.0,True,True,True,correction_0.0.1,0.0,,18.36188,0.015351079,0.05263937,ZTF20acvfcql
ztf,60409.41396989999,2655413965615010142,3,2655413965615,20.19687,-1,2655,0.6347823,19.980585,19.7024,0.16053975,0.2114,198.4541422,-14.0259948,0.37,t17_f5_c3,0.98545766,19.344,0.1944,322120356.0,True,True,False,24.4.1,0.0,,18.696156,100.0,0.049182486,ZTF20acvfcql
