tid,mjd,candid,fid,pid,diffmaglim,isdiffpos,nid,distnr,magpsf,magpsf_corr,magap,sigmapsf,sigmapsf_corr,sigmapsf_corr_ext,sigmagap,ra,dec,rb,rbversion,magapbig,sigmagapbig,has_stamp,corrected,dubious,step_id_corr,phase,parent_candid,drb,rfid,oid
ztf,61003.56021990022,3249560210515015008,2,3249560210515,18.9404,1,3249,1.12753,19.5859,18.801933,19.4986,0.266675,0.12920651,0.12953766,0.5945,210.2719554,5.5258202,0.607143,t17_f5_c3,19.0694,0.5145,False,True,False,27.5.7a32.dev1,0.0,3.275558760515015e+18,,,ZTF23aakkvpf
ztf,61020.560601899866,3266560600515015007,2,3266560600515,20.072927,1,3266,0.3964827,19.787785,18.895327,19.8201,0.1714272,0.07467394,0.07535227,0.3494,210.2719896,5.526075,0.8142857,t17_f5_c3,19.6373,0.379,True,True,False,27.5.7a32.dev1,0.0,,0.9997219,1523120205.0,ZTF23aakkvpf
ztf,61021.56096060015,3267560960515015003,2,3267560960515,19.991943,1,3267,0.19615282,19.899197,18.942896,19.8442,0.20810255,0.08560324,0.08624964,0.3604,210.2719294,5.5260899,0.81142855,t17_f5_c3,19.3788,0.3012,True,True,False,27.5.7a32.dev1,0.0,,0.9643432,1523120205.0,ZTF23aakkvpf
ztf,61022.55900460016,3268559000515015006,2,3268559000515,20.18687,1,3268,0.25108826,20.139627,19.036177,20.8579,0.19360636,0.06912353,0.07007121,0.7879,210.2719631,5.5261202,0.8257143,t17_f5_c3,20.6468,0.8319,True,True,False,27.5.7a32.dev1,0.0,,0.9999702,1523120205.0,ZTF23aakkvpf
ztf,61026.56019680016,3272560190515015007,2,3272560190515,20.224943,1,3272,0.11782967,19.879442,18.934666,20.0063,0.1504617,0.06215126,0.06302535,0.3487,210.2719254,5.5261244,0.92285717,t17_f5_c3,20.4073,0.6458,True,True,False,27.5.7a32.dev1,0.0,,0.99997425,1523120205.0,ZTF23aakkvpf
ztf,61028.5595602002,3274559560515015004,2,3274559560515,20.358948,1,3274,0.2847636,19.766035,18.885712,19.6911,0.13456064,0.05897037,0.05981208,0.2275,210.2719466,5.5260717,0.93714285,t17_f5_c3,19.5253,0.25,True,True,False,27.5.7a32.dev1,0.0,,0.9999925,1523120205.0,ZTF23aakkvpf
ztf,61029.55876159994,3275558760515015011,2,3275558760515,20.457508,1,3275,0.15553375,19.858067,18.925661,19.8812,0.13212703,0.05500992,0.05597952,0.2418,210.2719334,5.5261144,0.9442857,t17_f5_c3,19.7126,0.2646,True,True,False,27.5.7a32.dev1,0.0,,0.99990606,1523120205.0,ZTF23aakkvpf
