tid,mjd,candid,fid,pid,diffmaglim,isdiffpos,nid,distnr,magpsf,magap,sigmapsf,sigmagap,ra,dec,rb,rbversion,magapbig,sigmagapbig,has_stamp,corrected,dubious,step_id_corr,phase,parent_candid,drb,rfid,oid
ztf,60319.13828699989,2565138285615015027,2,2565138285615,18.7212,1,2565,8.75701,18.3024,18.1983,0.147876,0.1911,87.3983923,22.2104429,0.501429,t17_f5_c3,18.1074,0.2255,False,False,True,23.12.x,0.0,2.565140175615015e+18,,,ZTF24aabgmao
ztf,60319.138761600014,2565138765615015048,2,2565138765615,18.9319,1,2565,9.06106,18.2727,18.2573,0.126896,0.1638,87.3982682,22.2104588,0.698571,t17_f5_c3,18.2012,0.1994,False,False,True,23.12.x,0.0,2.565140175615015e+18,,,ZTF24aabgmao
ztf,60319.13923610002,2565139235615015077,2,2565139235615,18.8138,1,2565,9.66715,18.3287,18.1806,0.156172,0.1546,87.3980892,22.2103974,0.602857,t17_f5_c3,18.2569,0.2127,False,False,True,23.12.x,0.0,2.565140645615015e+18,,,ZTF24aabgmao
ztf,60319.13971060002,2565139715615015024,2,2565139715615,19.295452,1,2565,9.534588,18.372335,18.423,0.13074027,0.1256,87.3980528,22.2105088,0.8057143,t17_f5_c3,18.3768,0.1542,True,False,True,23.12.x,0.0,,0.9999994,562120256.0,ZTF24aabgmao
ztf,60319.140173600055,2565140175615015011,2,2565140175615,19.56097,1,2565,9.797255,18.48603,18.4313,0.08602015,0.108,87.3979755,22.2104914,0.69714284,t17_f5_c3,18.2716,0.1194,True,False,True,23.12.x,0.0,,0.9999537,562120256.0,ZTF24aabgmao
ztf,60319.14064810006,2565140645615015010,2,2565140645615,19.550087,1,2565,10.16206,18.356794,18.2923,0.093519226,0.0927,87.3978207,22.2105322,0.81857145,t17_f5_c3,18.2006,0.1089,True,False,True,23.12.x,0.0,,0.99999404,562120256.0,ZTF24aabgmao
ztf,60319.14112270018,2565141125615015019,2,2565141125615,19.712757,1,2565,10.692015,18.39498,18.3313,0.08817623,0.0844,87.3976391,22.2105278,0.76857144,t17_f5_c3,18.3273,0.1075,True,False,True,23.12.x,0.0,,0.9999974,562120256.0,ZTF24aabgmao
ztf,60319.141597200185,2565141595615015014,2,2565141595615,19.47229,1,2565,10.681325,18.44846,18.4974,0.1007931,0.1277,87.3976078,22.2105908,0.84,t17_f5_c3,18.3468,0.1425,True,False,True,23.12.x,0.0,,0.9999919,562120256.0,ZTF24aabgmao
