tid,mjd,candid,fid,pid,diffmaglim,isdiffpos,nid,distnr,magpsf,magap,sigmapsf,sigmagap,ra,dec,rb,rbversion,magapbig,sigmagapbig,has_stamp,corrected,dubious,step_id_corr,phase,parent_candid,drb,rfid,oid
ztf,60319.284814800136,2565284811615015000,2,2565284811615,20.2075,1,2565,3.83718,18.5581,18.4876,0.085956,0.0768,91.930864,18.6918303,0.967143,t17_f5_c3,18.4906,0.0981,False,False,False,23.12.x,0.0,2.565286221615015e+18,,,ZTF24aabjgyz
ztf,60319.28528939979,2565285281615015003,2,2565285281615,20.3907,1,2565,3.46873,18.5265,18.4869,0.071136,0.0668,91.9307357,18.6918303,0.978571,t17_f5_c3,18.418,0.0798,False,False,False,23.12.x,0.0,2.565286701615015e+18,,,ZTF24aabjgyz
ztf,60319.28575230017,2565285751615015001,2,2565285751615,20.3764,1,2565,3.22029,18.5512,18.5048,0.093466,0.0681,91.9306221,18.6918594,0.975714,t17_f5_c3,18.496,0.0859,False,False,False,23.12.x,0.0,2.565286701615015e+18,,,ZTF24aabjgyz
ztf,60319.28622689983,2565286221615015000,2,2565286221615,20.364777,1,2565,2.8597755,18.54895,18.5805,0.071335636,0.0723,91.9304706,18.6918684,0.98285717,t17_f5_c3,18.6185,0.0952,True,False,False,23.12.x,0.0,,0.99999833,562120216.0,ZTF24aabjgyz
ztf,60319.28670139983,2565286701615015002,2,2565286701615,20.299608,1,2565,2.624804,18.526983,18.6141,0.089390226,0.0796,91.9303647,18.6918711,0.9742857,t17_f5_c3,18.4628,0.0884,True,False,False,23.12.x,0.0,,0.9999841,562120216.0,ZTF24aabjgyz
ztf,60319.28717589984,2565287171615015003,2,2565287171615,20.406534,1,2565,2.5072422,18.536043,18.5881,0.0763038,0.0723,91.9302412,18.6919094,0.9842857,t17_f5_c3,18.4834,0.0837,True,False,False,23.12.x,0.0,,0.99996114,562120216.0,ZTF24aabjgyz
ztf,60319.28765049996,2565287651615015002,2,2565287651615,20.419231,1,2565,2.3115103,18.526089,18.5453,0.06738611,0.0693,91.9300891,18.691917,0.98142856,t17_f5_c3,18.5004,0.0846,True,False,False,23.12.x,0.0,,0.9999898,562120216.0,ZTF24aabjgyz
ztf,60319.28812499996,2565288121615015002,2,2565288121615,20.253105,1,2565,2.1619353,18.506859,18.5556,0.0833282,0.0799,91.9299866,18.6918985,0.98285717,t17_f5_c3,18.4755,0.0947,True,False,False,23.12.x,0.0,,0.9999999,562120216.0,ZTF24aabjgyz
ztf,60319.28859949997,2565288591615015002,2,2565288591615,20.262957,1,2565,2.0975227,18.49374,18.4812,0.07969389,0.0705,91.9298363,18.6918911,0.97571427,t17_f5_c3,18.4388,0.0863,True,False,False,23.12.x,0.0,,0.99999964,562120216.0,ZTF24aabjgyz
