tid,mjd,candid,fid,pid,diffmaglim,isdiffpos,nid,distnr,magpsf,magap,sigmapsf,sigmagap,ra,dec,rb,rbversion,magapbig,sigmagapbig,has_stamp,corrected,dubious,step_id_corr,phase,parent_candid,drb,rfid,oid
ztf,60319.261724499986,2565261725015015030,2,2565261725015,20.3059,1,2565,2.98641,18.3078,18.3163,0.068228,0.0608,90.495741,21.2074059,0.955714,t17_f5_c3,18.3227,0.0774,False,False,False,23.12.x,0.0,2.565263615015015e+18,,,ZTF24aabismf
ztf,60319.26219910011,2565262195015015026,2,2565262195015,20.2161,1,2565,2.85432,18.341,18.242,0.061643,0.0605,90.4956452,21.2073982,0.957143,t17_f5_c3,18.2343,0.0761,False,False,False,23.12.x,0.0,2.565264085015015e+18,,,ZTF24aabismf
ztf,60319.26267360011,2565262675015015038,2,2565262675015,20.3327,1,2565,2.62497,18.3078,18.2878,0.057124,0.0592,90.4955383,21.2073479,0.947143,t17_f5_c3,18.2946,0.0753,False,False,False,23.12.x,0.0,2.565264085015015e+18,,,ZTF24aabismf
ztf,60319.263136600144,2565263135015015029,2,2565263135015,20.2959,1,2565,2.63584,18.3007,18.2993,0.053604,0.0603,90.4954585,21.2073643,0.971429,t17_f5_c3,18.2955,0.076,False,False,False,23.12.x,0.0,2.565264085015015e+18,,,ZTF24aabismf
ztf,60319.26361110015,2565263615015015035,2,2565263615015,20.251022,1,2565,2.5784457,18.328287,18.2736,0.061199456,0.0627,90.4953476,21.207343,0.96428573,t17_f5_c3,18.2945,0.081,True,False,False,23.12.x,0.0,,1.0,562120250.0,ZTF24aabismf
ztf,60319.26408560015,2565264085015015036,2,2565264085015,20.315075,1,2565,2.6469035,18.367159,18.3423,0.056684937,0.0626,90.4952496,21.2073534,0.9657143,t17_f5_c3,18.3764,0.0818,True,False,False,23.12.x,0.0,,0.99999964,562120250.0,ZTF24aabismf
ztf,60319.264548600186,2565264545015015038,2,2565264545015,20.31628,1,2565,2.709927,18.309587,18.2853,0.06462364,0.0614,90.4951393,21.2073402,0.9714286,t17_f5_c3,18.2433,0.0749,True,False,False,23.12.x,0.0,,0.9999864,562120250.0,ZTF24aabismf
