tid,mjd,candid,fid,pid,diffmaglim,isdiffpos,nid,distnr,magpsf,magap,sigmapsf,sigmagap,ra,dec,rb,rbversion,magapbig,sigmagapbig,has_stamp,corrected,dubious,step_id_corr,phase,parent_candid,drb,rfid,oid
ztf,60319.12274309993,2565122742615015020,2,2565122742615,19.7751,1,2565,15.8022,18.0603,18.0066,0.062601,0.0631,87.2334448,17.5260197,0.914286,t17_f5_c3,17.9863,0.0791,False,False,True,23.12.x,0.0,2.565124612615015e+18,,,ZTF24aabgbza
ztf,60319.123205999844,2565123202615015011,2,2565123202615,19.6474,1,2565,15.9708,18.0392,18.1117,0.069142,0.0747,87.2333474,17.5260155,0.907143,t17_f5_c3,18.1358,0.0974,False,False,True,23.12.x,0.0,2.565124612615015e+18,,,ZTF24aabgbza
ztf,60319.123680599965,2565123682615015021,2,2565123682615,19.6196,1,2565,16.0602,18.0821,18.1914,0.08171,0.0825,87.2332349,17.5260541,0.88,t17_f5_c3,18.2118,0.1074,False,False,True,23.12.x,0.0,2.565124612615015e+18,,,ZTF24aabgbza
ztf,60319.12415509997,2565124152615015021,2,2565124152615,19.4794,1,2565,16.2725,18.0501,18.0019,0.078863,0.0759,87.2331399,17.526038,0.794286,t17_f5_c3,18.0835,0.1045,False,False,True,23.12.x,0.0,2.565124612615015e+18,,,ZTF24aabgbza
ztf,60319.1246181,2565124612615015015,2,2565124612615,19.45468,1,2565,16.432499,18.074265,18.0821,0.08547118,0.0858,87.2330523,17.5260408,0.85714287,t17_f5_c3,18.1028,0.1118,True,False,True,23.12.x,0.0,,0.99999976,562120226.0,ZTF24aabgbza
ztf,60319.12556710001,2565125562615015007,2,2565125562615,18.719933,1,2565,16.951262,18.144947,18.1387,0.11814938,0.1854,87.2328168,17.5260195,0.76428574,t17_f5_c3,18.0572,0.2205,True,False,True,23.12.x,0.0,,0.99999094,562120226.0,ZTF24aabgbza
ztf,60319.12604170013,2565126042615015011,2,2565126042615,19.003948,1,2565,16.87373,18.05907,17.9337,0.11278079,0.1165,87.2326879,17.5261024,0.7542857,t17_f5_c3,17.9491,0.1514,True,False,True,23.12.x,0.0,,0.99996436,562120226.0,ZTF24aabgbza
ztf,60319.12651620014,2565126512615015016,2,2565126512615,19.26696,1,2565,16.861862,18.15783,18.318,0.10263105,0.1269,87.232621,17.5260638,0.85,t17_f5_c3,18.2264,0.1494,True,False,True,23.12.x,0.0,,0.99996287,562120226.0,ZTF24aabgbza
