tid,mjd,candid,fid,pid,diffmaglim,isdiffpos,nid,distnr,magpsf,magap,sigmapsf,sigmagap,ra,dec,rb,rbversion,magapbig,sigmagapbig,has_stamp,corrected,dubious,step_id_corr,phase,parent_candid,drb,rfid,oid
ztf,60319.13828699989,2565138285115015013,2,2565138285115,18.7737,1,2565,3.23069,18.0859,18.0231,0.127228,0.1533,91.468686,21.1860772,0.76,t17_f5_c3,18.0162,0.1953,False,False,False,23.12.x,0.0,2.565139715115015e+18,,,ZTF24aabgpfu
ztf,60319.138761600014,2565138765115015017,2,2565138765115,18.6158,1,2565,2.95308,18.0038,18.0824,0.115165,0.1804,91.4685786,21.1860336,0.79,t17_f5_c3,18.0459,0.2237,False,False,False,23.12.x,0.0,2.565140175115015e+18,,,ZTF24aabgpfu
ztf,60319.13923610002,2565139235115015019,2,2565139235115,18.7486,1,2565,2.53074,18.1178,18.3172,0.144743,0.1737,91.4684323,21.1860247,0.618571,t17_f5_c3,18.3263,0.2245,False,False,False,23.12.x,0.0,2.565140175115015e+18,,,ZTF24aabgpfu
ztf,60319.13971060002,2565139715115015026,2,2565139715115,18.964718,1,2565,2.0482776,17.94486,17.8796,0.09267851,0.1045,91.4682824,21.1860518,0.68857145,t17_f5_c3,17.8114,0.1256,True,False,False,23.12.x,0.0,,0.9999993,562120251.0,ZTF24aabgpfu
ztf,60319.140173600055,2565140175115015027,2,2565140175115,19.361227,1,2565,1.9964893,18.074062,17.9518,0.088830344,0.0791,91.468173,21.1859565,0.73,t17_f5_c3,17.901,0.0963,True,False,False,23.12.x,0.0,,0.99994683,562120251.0,ZTF24aabgpfu
ztf,60319.14064810006,2565140645115015026,2,2565140645115,19.48321,1,2565,1.6700367,18.011448,17.9844,0.10010807,0.0763,91.4680726,21.1859949,0.7942857,t17_f5_c3,17.9197,0.0918,True,False,False,23.12.x,0.0,,0.99999833,562120251.0,ZTF24aabgpfu
ztf,60319.14112270018,2565141125115015059,2,2565141125115,19.545053,1,2565,1.5380942,18.022326,18.0741,0.07183804,0.0782,91.4679485,21.1859676,0.8485714,t17_f5_c3,18.0523,0.0979,True,False,False,23.12.x,0.0,,0.9999995,562120251.0,ZTF24aabgpfu
