tid,mjd,candid,fid,pid,diffmaglim,isdiffpos,nid,distnr,magpsf,magap,sigmapsf,sigmagap,ra,dec,rb,rbversion,magapbig,sigmagapbig,has_stamp,corrected,dubious,step_id_corr,phase,parent_candid,drb,rfid,oid
ztf,60317.18890050007,2563188905515015001,2,2563188905515,19.9664,1,2563,10.6954,18.6701,18.6724,0.077397,0.0955,97.1526075,21.6931316,0.737143,t17_f5_c3,18.6073,0.115,False,False,True,23.12.x,0.0,2.563190785515015e+18,,,ZTF24aaautga
ztf,60317.189375000075,2563189375515015001,2,2563189375515,19.9612,1,2563,10.9196,18.5489,18.5876,0.08218,0.0867,97.1525425,21.6931513,0.814286,t17_f5_c3,18.5977,0.1116,False,False,True,23.12.x,0.0,2.563191265515015e+18,,,ZTF24aaautga
ztf,60317.18984950008,2563189845515015001,2,2563189845515,19.852,1,2563,11.1525,18.7047,18.6705,0.091776,0.1022,97.1524706,21.6931535,0.607143,t17_f5_c3,18.5821,0.1205,False,False,True,23.12.x,0.0,2.563191265515015e+18,,,ZTF24aaautga
ztf,60317.19031250011,2563190315515015004,2,2563190315515,19.973,1,2563,11.6794,18.7386,18.6774,0.079945,0.0949,97.1523158,21.6931914,0.752857,t17_f5_c3,18.5401,0.1068,False,False,True,23.12.x,0.0,2.563190785515015e+18,,,ZTF24aaautga
ztf,60317.190787000116,2563190785515015001,2,2563190785515,19.95958,1,2563,12.02423,18.698364,18.6027,0.07237746,0.0898,97.1522082,21.6931807,0.73142856,t17_f5_c3,18.5808,0.1123,True,False,True,23.12.x,0.0,,0.9999989,563120255.0,ZTF24aaautga
ztf,60317.19126159977,2563191265515015001,2,2563191265515,20.126364,1,2563,12.359219,18.670395,18.6582,0.065360956,0.0859,97.1521106,21.6932356,0.89857143,t17_f5_c3,18.6175,0.1055,True,False,True,23.12.x,0.0,,0.9999976,563120255.0,ZTF24aaautga
ztf,60317.19172450015,2563191725515015001,2,2563191725515,20.044453,1,2563,12.801779,18.680063,18.6492,0.075868174,0.0898,97.1519661,21.693219,0.87714285,t17_f5_c3,18.7502,0.1256,True,False,True,23.12.x,0.0,,0.99999833,563120255.0,ZTF24aaautga
ztf,60317.19219909981,2563192195515015003,2,2563192195515,20.060352,1,2563,12.925211,18.638607,18.599,0.07105526,0.0854,97.1519024,21.6932535,0.89285713,t17_f5_c3,18.5414,0.1034,True,False,True,23.12.x,0.0,,0.9999987,563120255.0,ZTF24aaautga
